,Unnamed: 0,filepaths,similarity
0,6,exp_a1/112_sq\fg_00ff00_bg_888888.jpg,0.343017578125
1,21,exp_a1/112_sq\fg_ffff00_bg_ffffff.jpg,0.322998046875
2,14,exp_a1/112_sq\fg_921e3e_bg_888888.jpg,0.313720703125
3,9,exp_a1/112_sq\fg_00ffff_bg_888888.jpg,0.307861328125
4,10,exp_a1/112_sq\fg_00ffff_bg_ffffff.jpg,0.30615234375
5,1,exp_a1/112_sq\fg_000000_bg_ffffff.jpg,0.30322265625
6,7,exp_a1/112_sq\fg_00ff00_bg_ffffff.jpg,0.28955078125
7,12,exp_a1/112_sq\fg_888888_bg_ffffff.jpg,0.283935546875
8,4,exp_a1/112_sq\fg_0000ff_bg_ffffff.jpg,0.2802734375
9,3,exp_a1/112_sq\fg_0000ff_bg_888888.jpg,0.27294921875
10,18,exp_a1/112_sq\fg_ff0000_bg_ffffff.jpg,0.263916015625
11,5,exp_a1/112_sq\fg_00ff00_bg_000000.jpg,0.25439453125
12,15,exp_a1/112_sq\fg_921e3e_bg_ffffff.jpg,0.25439453125
13,11,exp_a1/112_sq\fg_888888_bg_000000.jpg,0.2454833984375
14,13,exp_a1/112_sq\fg_921e3e_bg_000000.jpg,0.2437744140625
15,8,exp_a1/112_sq\fg_00ffff_bg_000000.jpg,0.234619140625
16,0,exp_a1/112_sq\fg_000000_bg_888888.jpg,0.2142333984375
17,2,exp_a1/112_sq\fg_0000ff_bg_000000.jpg,0.2080078125
18,19,exp_a1/112_sq\fg_ffff00_bg_000000.jpg,0.207763671875
19,20,exp_a1/112_sq\fg_ffff00_bg_888888.jpg,0.206298828125
20,16,exp_a1/112_sq\fg_ff0000_bg_000000.jpg,0.2034912109375
21,22,exp_a1/112_sq\fg_ffffff_bg_000000.jpg,0.2030029296875
22,23,exp_a1/112_sq\fg_ffffff_bg_888888.jpg,0.1995849609375
23,17,exp_a1/112_sq\fg_ff0000_bg_888888.jpg,0.1951904296875
0,3,exp_a1/12_sq\fg_0000ff_bg_888888.jpg,0.355224609375
1,14,exp_a1/12_sq\fg_921e3e_bg_888888.jpg,0.355224609375
2,23,exp_a1/12_sq\fg_ffffff_bg_888888.jpg,0.35498046875
3,0,exp_a1/12_sq\fg_000000_bg_888888.jpg,0.350830078125
4,6,exp_a1/12_sq\fg_00ff00_bg_888888.jpg,0.34814453125
5,20,exp_a1/12_sq\fg_ffff00_bg_888888.jpg,0.32958984375
6,17,exp_a1/12_sq\fg_ff0000_bg_888888.jpg,0.32958984375
7,9,exp_a1/12_sq\fg_00ffff_bg_888888.jpg,0.3251953125
8,12,exp_a1/12_sq\fg_888888_bg_ffffff.jpg,0.273681640625
9,15,exp_a1/12_sq\fg_921e3e_bg_ffffff.jpg,0.272705078125
10,4,exp_a1/12_sq\fg_0000ff_bg_ffffff.jpg,0.271484375
11,18,exp_a1/12_sq\fg_ff0000_bg_ffffff.jpg,0.270263671875
12,1,exp_a1/12_sq\fg_000000_bg_ffffff.jpg,0.27001953125
13,10,exp_a1/12_sq\fg_00ffff_bg_ffffff.jpg,0.269775390625
14,21,exp_a1/12_sq\fg_ffff00_bg_ffffff.jpg,0.269775390625
15,7,exp_a1/12_sq\fg_00ff00_bg_ffffff.jpg,0.26953125
16,11,exp_a1/12_sq\fg_888888_bg_000000.jpg,0.166015625
17,22,exp_a1/12_sq\fg_ffffff_bg_000000.jpg,0.1651611328125
18,16,exp_a1/12_sq\fg_ff0000_bg_000000.jpg,0.16455078125
19,8,exp_a1/12_sq\fg_00ffff_bg_000000.jpg,0.1634521484375
20,19,exp_a1/12_sq\fg_ffff00_bg_000000.jpg,0.1632080078125
21,5,exp_a1/12_sq\fg_00ff00_bg_000000.jpg,0.1630859375
22,13,exp_a1/12_sq\fg_921e3e_bg_000000.jpg,0.1624755859375
23,2,exp_a1/12_sq\fg_0000ff_bg_000000.jpg,0.161865234375
0,21,exp_a1/148_sq\fg_ffff00_bg_ffffff.jpg,0.321533203125
1,10,exp_a1/148_sq\fg_00ffff_bg_ffffff.jpg,0.31787109375
2,6,exp_a1/148_sq\fg_00ff00_bg_888888.jpg,0.298583984375
3,1,exp_a1/148_sq\fg_000000_bg_ffffff.jpg,0.29833984375
4,7,exp_a1/148_sq\fg_00ff00_bg_ffffff.jpg,0.2978515625
5,4,exp_a1/148_sq\fg_0000ff_bg_ffffff.jpg,0.27734375
6,18,exp_a1/148_sq\fg_ff0000_bg_ffffff.jpg,0.261474609375
7,5,exp_a1/148_sq\fg_00ff00_bg_000000.jpg,0.25927734375
8,12,exp_a1/148_sq\fg_888888_bg_ffffff.jpg,0.24658203125
9,13,exp_a1/148_sq\fg_921e3e_bg_000000.jpg,0.2420654296875
10,11,exp_a1/148_sq\fg_888888_bg_000000.jpg,0.235595703125
11,2,exp_a1/148_sq\fg_0000ff_bg_000000.jpg,0.2344970703125
12,9,exp_a1/148_sq\fg_00ffff_bg_888888.jpg,0.208984375
13,19,exp_a1/148_sq\fg_ffff00_bg_000000.jpg,0.2060546875
14,8,exp_a1/148_sq\fg_00ffff_bg_000000.jpg,0.2044677734375
15,15,exp_a1/148_sq\fg_921e3e_bg_ffffff.jpg,0.196044921875
16,14,exp_a1/148_sq\fg_921e3e_bg_888888.jpg,0.18505859375
17,20,exp_a1/148_sq\fg_ffff00_bg_888888.jpg,0.1849365234375
18,3,exp_a1/148_sq\fg_0000ff_bg_888888.jpg,0.1800537109375
19,0,exp_a1/148_sq\fg_000000_bg_888888.jpg,0.1688232421875
20,17,exp_a1/148_sq\fg_ff0000_bg_888888.jpg,0.1617431640625
21,23,exp_a1/148_sq\fg_ffffff_bg_888888.jpg,0.156494140625
22,22,exp_a1/148_sq\fg_ffffff_bg_000000.jpg,0.12005615234375
23,16,exp_a1/148_sq\fg_ff0000_bg_000000.jpg,0.09637451171875
0,19,exp_a1/200_sq\fg_ffff00_bg_000000.jpg,0.28515625
1,5,exp_a1/200_sq\fg_00ff00_bg_000000.jpg,0.2841796875
2,11,exp_a1/200_sq\fg_888888_bg_000000.jpg,0.27587890625
3,10,exp_a1/200_sq\fg_00ffff_bg_ffffff.jpg,0.271484375
4,18,exp_a1/200_sq\fg_ff0000_bg_ffffff.jpg,0.2685546875
5,13,exp_a1/200_sq\fg_921e3e_bg_000000.jpg,0.251953125
6,21,exp_a1/200_sq\fg_ffff00_bg_ffffff.jpg,0.248046875
7,8,exp_a1/200_sq\fg_00ffff_bg_000000.jpg,0.2413330078125
8,7,exp_a1/200_sq\fg_00ff00_bg_ffffff.jpg,0.2371826171875
9,2,exp_a1/200_sq\fg_0000ff_bg_000000.jpg,0.2293701171875
10,0,exp_a1/200_sq\fg_000000_bg_888888.jpg,0.2225341796875
11,20,exp_a1/200_sq\fg_ffff00_bg_888888.jpg,0.2008056640625
12,22,exp_a1/200_sq\fg_ffffff_bg_000000.jpg,0.1982421875
13,3,exp_a1/200_sq\fg_0000ff_bg_888888.jpg,0.1915283203125
14,6,exp_a1/200_sq\fg_00ff00_bg_888888.jpg,0.189453125
15,16,exp_a1/200_sq\fg_ff0000_bg_000000.jpg,0.1881103515625
16,14,exp_a1/200_sq\fg_921e3e_bg_888888.jpg,0.187255859375
17,17,exp_a1/200_sq\fg_ff0000_bg_888888.jpg,0.1746826171875
18,23,exp_a1/200_sq\fg_ffffff_bg_888888.jpg,0.17138671875
19,1,exp_a1/200_sq\fg_000000_bg_ffffff.jpg,0.169189453125
20,9,exp_a1/200_sq\fg_00ffff_bg_888888.jpg,0.145263671875
21,4,exp_a1/200_sq\fg_0000ff_bg_ffffff.jpg,0.143310546875
22,15,exp_a1/200_sq\fg_921e3e_bg_ffffff.jpg,0.107177734375
23,12,exp_a1/200_sq\fg_888888_bg_ffffff.jpg,0.032012939453125
0,6,exp_a1/4_sq\fg_00ff00_bg_888888.jpg,0.40234375
1,9,exp_a1/4_sq\fg_00ffff_bg_888888.jpg,0.389404296875
2,17,exp_a1/4_sq\fg_ff0000_bg_888888.jpg,0.388427734375
3,0,exp_a1/4_sq\fg_000000_bg_888888.jpg,0.383056640625
4,3,exp_a1/4_sq\fg_0000ff_bg_888888.jpg,0.37939453125
5,23,exp_a1/4_sq\fg_ffffff_bg_888888.jpg,0.375244140625
6,20,exp_a1/4_sq\fg_ffff00_bg_888888.jpg,0.373291015625
7,14,exp_a1/4_sq\fg_921e3e_bg_888888.jpg,0.371337890625
8,10,exp_a1/4_sq\fg_00ffff_bg_ffffff.jpg,0.2705078125
9,15,exp_a1/4_sq\fg_921e3e_bg_ffffff.jpg,0.270263671875
10,7,exp_a1/4_sq\fg_00ff00_bg_ffffff.jpg,0.270263671875
11,12,exp_a1/4_sq\fg_888888_bg_ffffff.jpg,0.270263671875
12,4,exp_a1/4_sq\fg_0000ff_bg_ffffff.jpg,0.270263671875
13,1,exp_a1/4_sq\fg_000000_bg_ffffff.jpg,0.27001953125
14,18,exp_a1/4_sq\fg_ff0000_bg_ffffff.jpg,0.27001953125
15,21,exp_a1/4_sq\fg_ffff00_bg_ffffff.jpg,0.27001953125
16,22,exp_a1/4_sq\fg_ffffff_bg_000000.jpg,0.1624755859375
17,13,exp_a1/4_sq\fg_921e3e_bg_000000.jpg,0.162109375
18,2,exp_a1/4_sq\fg_0000ff_bg_000000.jpg,0.162109375
19,19,exp_a1/4_sq\fg_ffff00_bg_000000.jpg,0.162109375
20,5,exp_a1/4_sq\fg_00ff00_bg_000000.jpg,0.162109375
21,11,exp_a1/4_sq\fg_888888_bg_000000.jpg,0.1619873046875
22,16,exp_a1/4_sq\fg_ff0000_bg_000000.jpg,0.1619873046875
23,8,exp_a1/4_sq\fg_00ffff_bg_000000.jpg,0.1619873046875
0,14,exp_a1/56_sq\fg_921e3e_bg_888888.jpg,0.371337890625
1,6,exp_a1/56_sq\fg_00ff00_bg_888888.jpg,0.3701171875
2,9,exp_a1/56_sq\fg_00ffff_bg_888888.jpg,0.360595703125
3,0,exp_a1/56_sq\fg_000000_bg_888888.jpg,0.355224609375
4,3,exp_a1/56_sq\fg_0000ff_bg_888888.jpg,0.353515625
5,20,exp_a1/56_sq\fg_ffff00_bg_888888.jpg,0.33447265625
6,1,exp_a1/56_sq\fg_000000_bg_ffffff.jpg,0.30859375
7,21,exp_a1/56_sq\fg_ffff00_bg_ffffff.jpg,0.30859375
8,4,exp_a1/56_sq\fg_0000ff_bg_ffffff.jpg,0.2939453125
9,10,exp_a1/56_sq\fg_00ffff_bg_ffffff.jpg,0.29052734375
10,17,exp_a1/56_sq\fg_ff0000_bg_888888.jpg,0.286376953125
11,12,exp_a1/56_sq\fg_888888_bg_ffffff.jpg,0.284912109375
12,7,exp_a1/56_sq\fg_00ff00_bg_ffffff.jpg,0.2822265625
13,15,exp_a1/56_sq\fg_921e3e_bg_ffffff.jpg,0.273193359375
14,18,exp_a1/56_sq\fg_ff0000_bg_ffffff.jpg,0.26171875
15,23,exp_a1/56_sq\fg_ffffff_bg_888888.jpg,0.249267578125
16,11,exp_a1/56_sq\fg_888888_bg_000000.jpg,0.237548828125
17,13,exp_a1/56_sq\fg_921e3e_bg_000000.jpg,0.2320556640625
18,22,exp_a1/56_sq\fg_ffffff_bg_000000.jpg,0.1915283203125
19,16,exp_a1/56_sq\fg_ff0000_bg_000000.jpg,0.187744140625
20,19,exp_a1/56_sq\fg_ffff00_bg_000000.jpg,0.184814453125
21,8,exp_a1/56_sq\fg_00ffff_bg_000000.jpg,0.1822509765625
22,5,exp_a1/56_sq\fg_00ff00_bg_000000.jpg,0.1754150390625
23,2,exp_a1/56_sq\fg_0000ff_bg_000000.jpg,0.1748046875
0,4,exp_a1/colors\bg_888888.jpg,0.381591796875
1,8,exp_a1/colors\bg_ffffff.png,0.270263671875
2,7,exp_a1/colors\bg_ffff00.jpg,0.265869140625
3,6,exp_a1/colors\bg_ff0000.jpg,0.24267578125
4,2,exp_a1/colors\bg_00ff00.jpg,0.2308349609375
5,1,exp_a1/colors\bg_0000ff.jpg,0.2279052734375
6,5,exp_a1/colors\bg_921e3e.jpg,0.222412109375
7,3,exp_a1/colors\bg_00ffff.jpg,0.2154541015625
8,0,exp_a1/colors\bg_000000.jpg,0.1622314453125
