,Unnamed: 0,filepaths,similarity
0,6,exp_a1/112_sq\fg_00ff00_bg_888888.jpg,0.351318359375
1,10,exp_a1/112_sq\fg_00ffff_bg_ffffff.jpg,0.32958984375
2,14,exp_a1/112_sq\fg_921e3e_bg_888888.jpg,0.32470703125
3,21,exp_a1/112_sq\fg_ffff00_bg_ffffff.jpg,0.311767578125
4,9,exp_a1/112_sq\fg_00ffff_bg_888888.jpg,0.31005859375
5,1,exp_a1/112_sq\fg_000000_bg_ffffff.jpg,0.303955078125
6,7,exp_a1/112_sq\fg_00ff00_bg_ffffff.jpg,0.294677734375
7,4,exp_a1/112_sq\fg_0000ff_bg_ffffff.jpg,0.2861328125
8,12,exp_a1/112_sq\fg_888888_bg_ffffff.jpg,0.284423828125
9,18,exp_a1/112_sq\fg_ff0000_bg_ffffff.jpg,0.2783203125
10,3,exp_a1/112_sq\fg_0000ff_bg_888888.jpg,0.270751953125
11,5,exp_a1/112_sq\fg_00ff00_bg_000000.jpg,0.270263671875
12,15,exp_a1/112_sq\fg_921e3e_bg_ffffff.jpg,0.263427734375
13,13,exp_a1/112_sq\fg_921e3e_bg_000000.jpg,0.2626953125
14,11,exp_a1/112_sq\fg_888888_bg_000000.jpg,0.256591796875
15,8,exp_a1/112_sq\fg_00ffff_bg_000000.jpg,0.244140625
16,2,exp_a1/112_sq\fg_0000ff_bg_000000.jpg,0.2235107421875
17,16,exp_a1/112_sq\fg_ff0000_bg_000000.jpg,0.221435546875
18,22,exp_a1/112_sq\fg_ffffff_bg_000000.jpg,0.22021484375
19,19,exp_a1/112_sq\fg_ffff00_bg_000000.jpg,0.216796875
20,23,exp_a1/112_sq\fg_ffffff_bg_888888.jpg,0.2071533203125
21,17,exp_a1/112_sq\fg_ff0000_bg_888888.jpg,0.2032470703125
22,0,exp_a1/112_sq\fg_000000_bg_888888.jpg,0.2025146484375
23,20,exp_a1/112_sq\fg_ffff00_bg_888888.jpg,0.19775390625
0,23,exp_a1/12_sq\fg_ffffff_bg_888888.jpg,0.390380859375
1,14,exp_a1/12_sq\fg_921e3e_bg_888888.jpg,0.38818359375
2,3,exp_a1/12_sq\fg_0000ff_bg_888888.jpg,0.385009765625
3,0,exp_a1/12_sq\fg_000000_bg_888888.jpg,0.383056640625
4,6,exp_a1/12_sq\fg_00ff00_bg_888888.jpg,0.373291015625
5,20,exp_a1/12_sq\fg_ffff00_bg_888888.jpg,0.37255859375
6,9,exp_a1/12_sq\fg_00ffff_bg_888888.jpg,0.371826171875
7,17,exp_a1/12_sq\fg_ff0000_bg_888888.jpg,0.37158203125
8,12,exp_a1/12_sq\fg_888888_bg_ffffff.jpg,0.29248046875
9,15,exp_a1/12_sq\fg_921e3e_bg_ffffff.jpg,0.291015625
10,4,exp_a1/12_sq\fg_0000ff_bg_ffffff.jpg,0.288818359375
11,1,exp_a1/12_sq\fg_000000_bg_ffffff.jpg,0.287109375
12,18,exp_a1/12_sq\fg_ff0000_bg_ffffff.jpg,0.2861328125
13,7,exp_a1/12_sq\fg_00ff00_bg_ffffff.jpg,0.2861328125
14,10,exp_a1/12_sq\fg_00ffff_bg_ffffff.jpg,0.285888671875
15,21,exp_a1/12_sq\fg_ffff00_bg_ffffff.jpg,0.285888671875
16,22,exp_a1/12_sq\fg_ffffff_bg_000000.jpg,0.1864013671875
17,16,exp_a1/12_sq\fg_ff0000_bg_000000.jpg,0.1859130859375
18,11,exp_a1/12_sq\fg_888888_bg_000000.jpg,0.185302734375
19,8,exp_a1/12_sq\fg_00ffff_bg_000000.jpg,0.1845703125
20,19,exp_a1/12_sq\fg_ffff00_bg_000000.jpg,0.184326171875
21,5,exp_a1/12_sq\fg_00ff00_bg_000000.jpg,0.18408203125
22,13,exp_a1/12_sq\fg_921e3e_bg_000000.jpg,0.183349609375
23,2,exp_a1/12_sq\fg_0000ff_bg_000000.jpg,0.182861328125
0,10,exp_a1/148_sq\fg_00ffff_bg_ffffff.jpg,0.3330078125
1,21,exp_a1/148_sq\fg_ffff00_bg_ffffff.jpg,0.32958984375
2,1,exp_a1/148_sq\fg_000000_bg_ffffff.jpg,0.301025390625
3,7,exp_a1/148_sq\fg_00ff00_bg_ffffff.jpg,0.296630859375
4,6,exp_a1/148_sq\fg_00ff00_bg_888888.jpg,0.28955078125
5,4,exp_a1/148_sq\fg_0000ff_bg_ffffff.jpg,0.28125
6,5,exp_a1/148_sq\fg_00ff00_bg_000000.jpg,0.281005859375
7,18,exp_a1/148_sq\fg_ff0000_bg_ffffff.jpg,0.2763671875
8,12,exp_a1/148_sq\fg_888888_bg_ffffff.jpg,0.258056640625
9,13,exp_a1/148_sq\fg_921e3e_bg_000000.jpg,0.256591796875
10,2,exp_a1/148_sq\fg_0000ff_bg_000000.jpg,0.2481689453125
11,8,exp_a1/148_sq\fg_00ffff_bg_000000.jpg,0.2283935546875
12,11,exp_a1/148_sq\fg_888888_bg_000000.jpg,0.2220458984375
13,19,exp_a1/148_sq\fg_ffff00_bg_000000.jpg,0.2193603515625
14,15,exp_a1/148_sq\fg_921e3e_bg_ffffff.jpg,0.2183837890625
15,9,exp_a1/148_sq\fg_00ffff_bg_888888.jpg,0.18603515625
16,14,exp_a1/148_sq\fg_921e3e_bg_888888.jpg,0.1837158203125
17,20,exp_a1/148_sq\fg_ffff00_bg_888888.jpg,0.1748046875
18,3,exp_a1/148_sq\fg_0000ff_bg_888888.jpg,0.17138671875
19,17,exp_a1/148_sq\fg_ff0000_bg_888888.jpg,0.1661376953125
20,23,exp_a1/148_sq\fg_ffffff_bg_888888.jpg,0.161376953125
21,22,exp_a1/148_sq\fg_ffffff_bg_000000.jpg,0.1611328125
22,0,exp_a1/148_sq\fg_000000_bg_888888.jpg,0.1485595703125
23,16,exp_a1/148_sq\fg_ff0000_bg_000000.jpg,0.1424560546875
0,5,exp_a1/200_sq\fg_00ff00_bg_000000.jpg,0.306640625
1,19,exp_a1/200_sq\fg_ffff00_bg_000000.jpg,0.30419921875
2,18,exp_a1/200_sq\fg_ff0000_bg_ffffff.jpg,0.282958984375
3,8,exp_a1/200_sq\fg_00ffff_bg_000000.jpg,0.27783203125
4,11,exp_a1/200_sq\fg_888888_bg_000000.jpg,0.272705078125
5,10,exp_a1/200_sq\fg_00ffff_bg_ffffff.jpg,0.271484375
6,21,exp_a1/200_sq\fg_ffff00_bg_ffffff.jpg,0.255615234375
7,13,exp_a1/200_sq\fg_921e3e_bg_000000.jpg,0.25048828125
8,2,exp_a1/200_sq\fg_0000ff_bg_000000.jpg,0.2398681640625
9,22,exp_a1/200_sq\fg_ffffff_bg_000000.jpg,0.231689453125
10,7,exp_a1/200_sq\fg_00ff00_bg_ffffff.jpg,0.2296142578125
11,16,exp_a1/200_sq\fg_ff0000_bg_000000.jpg,0.22119140625
12,0,exp_a1/200_sq\fg_000000_bg_888888.jpg,0.21875
13,20,exp_a1/200_sq\fg_ffff00_bg_888888.jpg,0.198974609375
14,6,exp_a1/200_sq\fg_00ff00_bg_888888.jpg,0.1982421875
15,14,exp_a1/200_sq\fg_921e3e_bg_888888.jpg,0.1875
16,3,exp_a1/200_sq\fg_0000ff_bg_888888.jpg,0.1871337890625
17,17,exp_a1/200_sq\fg_ff0000_bg_888888.jpg,0.1739501953125
18,1,exp_a1/200_sq\fg_000000_bg_ffffff.jpg,0.172607421875
19,23,exp_a1/200_sq\fg_ffffff_bg_888888.jpg,0.169677734375
20,4,exp_a1/200_sq\fg_0000ff_bg_ffffff.jpg,0.15283203125
21,9,exp_a1/200_sq\fg_00ffff_bg_888888.jpg,0.1416015625
22,15,exp_a1/200_sq\fg_921e3e_bg_ffffff.jpg,0.12322998046875
23,12,exp_a1/200_sq\fg_888888_bg_ffffff.jpg,0.038543701171875
0,0,exp_a1/4_sq\fg_000000_bg_888888.jpg,0.4072265625
1,9,exp_a1/4_sq\fg_00ffff_bg_888888.jpg,0.406005859375
2,3,exp_a1/4_sq\fg_0000ff_bg_888888.jpg,0.403076171875
3,14,exp_a1/4_sq\fg_921e3e_bg_888888.jpg,0.400634765625
4,17,exp_a1/4_sq\fg_ff0000_bg_888888.jpg,0.400146484375
5,6,exp_a1/4_sq\fg_00ff00_bg_888888.jpg,0.398193359375
6,23,exp_a1/4_sq\fg_ffffff_bg_888888.jpg,0.397216796875
7,20,exp_a1/4_sq\fg_ffff00_bg_888888.jpg,0.39697265625
8,10,exp_a1/4_sq\fg_00ffff_bg_ffffff.jpg,0.2861328125
9,15,exp_a1/4_sq\fg_921e3e_bg_ffffff.jpg,0.285888671875
10,4,exp_a1/4_sq\fg_0000ff_bg_ffffff.jpg,0.285888671875
11,18,exp_a1/4_sq\fg_ff0000_bg_ffffff.jpg,0.285888671875
12,7,exp_a1/4_sq\fg_00ff00_bg_ffffff.jpg,0.28564453125
13,1,exp_a1/4_sq\fg_000000_bg_ffffff.jpg,0.28564453125
14,12,exp_a1/4_sq\fg_888888_bg_ffffff.jpg,0.28564453125
15,21,exp_a1/4_sq\fg_ffff00_bg_ffffff.jpg,0.285400390625
16,22,exp_a1/4_sq\fg_ffffff_bg_000000.jpg,0.183349609375
17,5,exp_a1/4_sq\fg_00ff00_bg_000000.jpg,0.1832275390625
18,13,exp_a1/4_sq\fg_921e3e_bg_000000.jpg,0.1829833984375
19,8,exp_a1/4_sq\fg_00ffff_bg_000000.jpg,0.1829833984375
20,16,exp_a1/4_sq\fg_ff0000_bg_000000.jpg,0.1829833984375
21,2,exp_a1/4_sq\fg_0000ff_bg_000000.jpg,0.1829833984375
22,19,exp_a1/4_sq\fg_ffff00_bg_000000.jpg,0.1829833984375
23,11,exp_a1/4_sq\fg_888888_bg_000000.jpg,0.182861328125
0,6,exp_a1/56_sq\fg_00ff00_bg_888888.jpg,0.40087890625
1,14,exp_a1/56_sq\fg_921e3e_bg_888888.jpg,0.392333984375
2,9,exp_a1/56_sq\fg_00ffff_bg_888888.jpg,0.380859375
3,3,exp_a1/56_sq\fg_0000ff_bg_888888.jpg,0.37451171875
4,0,exp_a1/56_sq\fg_000000_bg_888888.jpg,0.37353515625
5,20,exp_a1/56_sq\fg_ffff00_bg_888888.jpg,0.35205078125
6,21,exp_a1/56_sq\fg_ffff00_bg_ffffff.jpg,0.323974609375
7,1,exp_a1/56_sq\fg_000000_bg_ffffff.jpg,0.32177734375
8,10,exp_a1/56_sq\fg_00ffff_bg_ffffff.jpg,0.312744140625
9,4,exp_a1/56_sq\fg_0000ff_bg_ffffff.jpg,0.310791015625
10,7,exp_a1/56_sq\fg_00ff00_bg_ffffff.jpg,0.30615234375
11,12,exp_a1/56_sq\fg_888888_bg_ffffff.jpg,0.302001953125
12,17,exp_a1/56_sq\fg_ff0000_bg_888888.jpg,0.297607421875
13,15,exp_a1/56_sq\fg_921e3e_bg_ffffff.jpg,0.289794921875
14,18,exp_a1/56_sq\fg_ff0000_bg_ffffff.jpg,0.278076171875
15,23,exp_a1/56_sq\fg_ffffff_bg_888888.jpg,0.2548828125
16,13,exp_a1/56_sq\fg_921e3e_bg_000000.jpg,0.250244140625
17,11,exp_a1/56_sq\fg_888888_bg_000000.jpg,0.2437744140625
18,22,exp_a1/56_sq\fg_ffffff_bg_000000.jpg,0.2125244140625
19,16,exp_a1/56_sq\fg_ff0000_bg_000000.jpg,0.2115478515625
20,19,exp_a1/56_sq\fg_ffff00_bg_000000.jpg,0.2069091796875
21,8,exp_a1/56_sq\fg_00ffff_bg_000000.jpg,0.20166015625
22,5,exp_a1/56_sq\fg_00ff00_bg_000000.jpg,0.1962890625
23,2,exp_a1/56_sq\fg_0000ff_bg_000000.jpg,0.1943359375
0,4,exp_a1/colors\bg_888888.jpg,0.406982421875
1,8,exp_a1/colors\bg_ffffff.png,0.285888671875
2,7,exp_a1/colors\bg_ffff00.jpg,0.28173828125
3,6,exp_a1/colors\bg_ff0000.jpg,0.25537109375
4,5,exp_a1/colors\bg_921e3e.jpg,0.24267578125
5,2,exp_a1/colors\bg_00ff00.jpg,0.2354736328125
6,1,exp_a1/colors\bg_0000ff.jpg,0.2255859375
7,3,exp_a1/colors\bg_00ffff.jpg,0.2255859375
8,0,exp_a1/colors\bg_000000.jpg,0.18310546875
