,Unnamed: 0,filepaths,similarity
0,18,exp_a1/112_sq\fg_ff0000_bg_ffffff.jpg,0.26806640625
1,10,exp_a1/112_sq\fg_00ffff_bg_ffffff.jpg,0.266845703125
2,1,exp_a1/112_sq\fg_000000_bg_ffffff.jpg,0.26611328125
3,22,exp_a1/112_sq\fg_ffffff_bg_000000.jpg,0.265380859375
4,13,exp_a1/112_sq\fg_921e3e_bg_000000.jpg,0.261474609375
5,21,exp_a1/112_sq\fg_ffff00_bg_ffffff.jpg,0.26123046875
6,4,exp_a1/112_sq\fg_0000ff_bg_ffffff.jpg,0.259521484375
7,16,exp_a1/112_sq\fg_ff0000_bg_000000.jpg,0.2587890625
8,20,exp_a1/112_sq\fg_ffff00_bg_888888.jpg,0.258056640625
9,19,exp_a1/112_sq\fg_ffff00_bg_000000.jpg,0.25732421875
10,17,exp_a1/112_sq\fg_ff0000_bg_888888.jpg,0.256103515625
11,7,exp_a1/112_sq\fg_00ff00_bg_ffffff.jpg,0.2548828125
12,2,exp_a1/112_sq\fg_0000ff_bg_000000.jpg,0.2548828125
13,8,exp_a1/112_sq\fg_00ffff_bg_000000.jpg,0.254638671875
14,23,exp_a1/112_sq\fg_ffffff_bg_888888.jpg,0.254150390625
15,15,exp_a1/112_sq\fg_921e3e_bg_ffffff.jpg,0.25341796875
16,3,exp_a1/112_sq\fg_0000ff_bg_888888.jpg,0.252685546875
17,5,exp_a1/112_sq\fg_00ff00_bg_000000.jpg,0.250244140625
18,11,exp_a1/112_sq\fg_888888_bg_000000.jpg,0.2490234375
19,9,exp_a1/112_sq\fg_00ffff_bg_888888.jpg,0.2469482421875
20,0,exp_a1/112_sq\fg_000000_bg_888888.jpg,0.2464599609375
21,14,exp_a1/112_sq\fg_921e3e_bg_888888.jpg,0.24365234375
22,12,exp_a1/112_sq\fg_888888_bg_ffffff.jpg,0.2425537109375
23,6,exp_a1/112_sq\fg_00ff00_bg_888888.jpg,0.235595703125
0,22,exp_a1/12_sq\fg_ffffff_bg_000000.jpg,0.268798828125
1,11,exp_a1/12_sq\fg_888888_bg_000000.jpg,0.26806640625
2,13,exp_a1/12_sq\fg_921e3e_bg_000000.jpg,0.267578125
3,8,exp_a1/12_sq\fg_00ffff_bg_000000.jpg,0.26318359375
4,2,exp_a1/12_sq\fg_0000ff_bg_000000.jpg,0.262939453125
5,16,exp_a1/12_sq\fg_ff0000_bg_000000.jpg,0.260986328125
6,1,exp_a1/12_sq\fg_000000_bg_ffffff.jpg,0.2607421875
7,12,exp_a1/12_sq\fg_888888_bg_ffffff.jpg,0.260498046875
8,19,exp_a1/12_sq\fg_ffff00_bg_000000.jpg,0.259033203125
9,18,exp_a1/12_sq\fg_ff0000_bg_ffffff.jpg,0.258544921875
10,10,exp_a1/12_sq\fg_00ffff_bg_ffffff.jpg,0.258544921875
11,5,exp_a1/12_sq\fg_00ff00_bg_000000.jpg,0.25830078125
12,15,exp_a1/12_sq\fg_921e3e_bg_ffffff.jpg,0.25341796875
13,21,exp_a1/12_sq\fg_ffff00_bg_ffffff.jpg,0.2486572265625
14,7,exp_a1/12_sq\fg_00ff00_bg_ffffff.jpg,0.2484130859375
15,9,exp_a1/12_sq\fg_00ffff_bg_888888.jpg,0.2474365234375
16,4,exp_a1/12_sq\fg_0000ff_bg_ffffff.jpg,0.2464599609375
17,17,exp_a1/12_sq\fg_ff0000_bg_888888.jpg,0.2452392578125
18,23,exp_a1/12_sq\fg_ffffff_bg_888888.jpg,0.2415771484375
19,0,exp_a1/12_sq\fg_000000_bg_888888.jpg,0.241455078125
20,14,exp_a1/12_sq\fg_921e3e_bg_888888.jpg,0.2381591796875
21,3,exp_a1/12_sq\fg_0000ff_bg_888888.jpg,0.2381591796875
22,20,exp_a1/12_sq\fg_ffff00_bg_888888.jpg,0.2364501953125
23,6,exp_a1/12_sq\fg_00ff00_bg_888888.jpg,0.23193359375
0,22,exp_a1/148_sq\fg_ffffff_bg_000000.jpg,0.266357421875
1,18,exp_a1/148_sq\fg_ff0000_bg_ffffff.jpg,0.263916015625
2,16,exp_a1/148_sq\fg_ff0000_bg_000000.jpg,0.263427734375
3,15,exp_a1/148_sq\fg_921e3e_bg_ffffff.jpg,0.263427734375
4,13,exp_a1/148_sq\fg_921e3e_bg_000000.jpg,0.261474609375
5,1,exp_a1/148_sq\fg_000000_bg_ffffff.jpg,0.26123046875
6,19,exp_a1/148_sq\fg_ffff00_bg_000000.jpg,0.25927734375
7,10,exp_a1/148_sq\fg_00ffff_bg_ffffff.jpg,0.2587890625
8,21,exp_a1/148_sq\fg_ffff00_bg_ffffff.jpg,0.257568359375
9,7,exp_a1/148_sq\fg_00ff00_bg_ffffff.jpg,0.255615234375
10,4,exp_a1/148_sq\fg_0000ff_bg_ffffff.jpg,0.25390625
11,8,exp_a1/148_sq\fg_00ffff_bg_000000.jpg,0.25390625
12,11,exp_a1/148_sq\fg_888888_bg_000000.jpg,0.2529296875
13,5,exp_a1/148_sq\fg_00ff00_bg_000000.jpg,0.251953125
14,2,exp_a1/148_sq\fg_0000ff_bg_000000.jpg,0.251220703125
15,0,exp_a1/148_sq\fg_000000_bg_888888.jpg,0.249755859375
16,23,exp_a1/148_sq\fg_ffffff_bg_888888.jpg,0.2470703125
17,12,exp_a1/148_sq\fg_888888_bg_ffffff.jpg,0.2421875
18,17,exp_a1/148_sq\fg_ff0000_bg_888888.jpg,0.239990234375
19,20,exp_a1/148_sq\fg_ffff00_bg_888888.jpg,0.2398681640625
20,3,exp_a1/148_sq\fg_0000ff_bg_888888.jpg,0.237060546875
21,9,exp_a1/148_sq\fg_00ffff_bg_888888.jpg,0.235107421875
22,14,exp_a1/148_sq\fg_921e3e_bg_888888.jpg,0.2288818359375
23,6,exp_a1/148_sq\fg_00ff00_bg_888888.jpg,0.202392578125
0,10,exp_a1/200_sq\fg_00ffff_bg_ffffff.jpg,0.27099609375
1,1,exp_a1/200_sq\fg_000000_bg_ffffff.jpg,0.266357421875
2,15,exp_a1/200_sq\fg_921e3e_bg_ffffff.jpg,0.263916015625
3,21,exp_a1/200_sq\fg_ffff00_bg_ffffff.jpg,0.263916015625
4,18,exp_a1/200_sq\fg_ff0000_bg_ffffff.jpg,0.263427734375
5,0,exp_a1/200_sq\fg_000000_bg_888888.jpg,0.2626953125
6,9,exp_a1/200_sq\fg_00ffff_bg_888888.jpg,0.256591796875
7,16,exp_a1/200_sq\fg_ff0000_bg_000000.jpg,0.256103515625
8,4,exp_a1/200_sq\fg_0000ff_bg_ffffff.jpg,0.255859375
9,7,exp_a1/200_sq\fg_00ff00_bg_ffffff.jpg,0.255615234375
10,19,exp_a1/200_sq\fg_ffff00_bg_000000.jpg,0.25537109375
11,17,exp_a1/200_sq\fg_ff0000_bg_888888.jpg,0.25439453125
12,8,exp_a1/200_sq\fg_00ffff_bg_000000.jpg,0.253662109375
13,13,exp_a1/200_sq\fg_921e3e_bg_000000.jpg,0.251953125
14,22,exp_a1/200_sq\fg_ffffff_bg_000000.jpg,0.251220703125
15,5,exp_a1/200_sq\fg_00ff00_bg_000000.jpg,0.25048828125
16,2,exp_a1/200_sq\fg_0000ff_bg_000000.jpg,0.25
17,3,exp_a1/200_sq\fg_0000ff_bg_888888.jpg,0.2498779296875
18,20,exp_a1/200_sq\fg_ffff00_bg_888888.jpg,0.248291015625
19,6,exp_a1/200_sq\fg_00ff00_bg_888888.jpg,0.247802734375
20,23,exp_a1/200_sq\fg_ffffff_bg_888888.jpg,0.24658203125
21,14,exp_a1/200_sq\fg_921e3e_bg_888888.jpg,0.24169921875
22,12,exp_a1/200_sq\fg_888888_bg_ffffff.jpg,0.2303466796875
23,11,exp_a1/200_sq\fg_888888_bg_000000.jpg,0.2171630859375
0,11,exp_a1/4_sq\fg_888888_bg_000000.jpg,0.27099609375
1,13,exp_a1/4_sq\fg_921e3e_bg_000000.jpg,0.270751953125
2,16,exp_a1/4_sq\fg_ff0000_bg_000000.jpg,0.270751953125
3,2,exp_a1/4_sq\fg_0000ff_bg_000000.jpg,0.27001953125
4,22,exp_a1/4_sq\fg_ffffff_bg_000000.jpg,0.269287109375
5,19,exp_a1/4_sq\fg_ffff00_bg_000000.jpg,0.26904296875
6,5,exp_a1/4_sq\fg_00ff00_bg_000000.jpg,0.268798828125
7,8,exp_a1/4_sq\fg_00ffff_bg_000000.jpg,0.2666015625
8,18,exp_a1/4_sq\fg_ff0000_bg_ffffff.jpg,0.26220703125
9,12,exp_a1/4_sq\fg_888888_bg_ffffff.jpg,0.261474609375
10,1,exp_a1/4_sq\fg_000000_bg_ffffff.jpg,0.261474609375
11,15,exp_a1/4_sq\fg_921e3e_bg_ffffff.jpg,0.2578125
12,10,exp_a1/4_sq\fg_00ffff_bg_ffffff.jpg,0.2548828125
13,0,exp_a1/4_sq\fg_000000_bg_888888.jpg,0.25390625
14,7,exp_a1/4_sq\fg_00ff00_bg_ffffff.jpg,0.251953125
15,21,exp_a1/4_sq\fg_ffff00_bg_ffffff.jpg,0.25146484375
16,4,exp_a1/4_sq\fg_0000ff_bg_ffffff.jpg,0.25048828125
17,9,exp_a1/4_sq\fg_00ffff_bg_888888.jpg,0.2491455078125
18,23,exp_a1/4_sq\fg_ffffff_bg_888888.jpg,0.248046875
19,3,exp_a1/4_sq\fg_0000ff_bg_888888.jpg,0.2462158203125
20,20,exp_a1/4_sq\fg_ffff00_bg_888888.jpg,0.238037109375
21,6,exp_a1/4_sq\fg_00ff00_bg_888888.jpg,0.2379150390625
22,14,exp_a1/4_sq\fg_921e3e_bg_888888.jpg,0.2371826171875
23,17,exp_a1/4_sq\fg_ff0000_bg_888888.jpg,0.2308349609375
0,22,exp_a1/56_sq\fg_ffffff_bg_000000.jpg,0.272705078125
1,1,exp_a1/56_sq\fg_000000_bg_ffffff.jpg,0.27001953125
2,11,exp_a1/56_sq\fg_888888_bg_000000.jpg,0.268798828125
3,13,exp_a1/56_sq\fg_921e3e_bg_000000.jpg,0.267578125
4,8,exp_a1/56_sq\fg_00ffff_bg_000000.jpg,0.265869140625
5,10,exp_a1/56_sq\fg_00ffff_bg_ffffff.jpg,0.263427734375
6,2,exp_a1/56_sq\fg_0000ff_bg_000000.jpg,0.262451171875
7,4,exp_a1/56_sq\fg_0000ff_bg_ffffff.jpg,0.26171875
8,18,exp_a1/56_sq\fg_ff0000_bg_ffffff.jpg,0.26171875
9,16,exp_a1/56_sq\fg_ff0000_bg_000000.jpg,0.26123046875
10,5,exp_a1/56_sq\fg_00ff00_bg_000000.jpg,0.260498046875
11,7,exp_a1/56_sq\fg_00ff00_bg_ffffff.jpg,0.259765625
12,12,exp_a1/56_sq\fg_888888_bg_ffffff.jpg,0.25927734375
13,21,exp_a1/56_sq\fg_ffff00_bg_ffffff.jpg,0.259033203125
14,19,exp_a1/56_sq\fg_ffff00_bg_000000.jpg,0.259033203125
15,17,exp_a1/56_sq\fg_ff0000_bg_888888.jpg,0.2568359375
16,15,exp_a1/56_sq\fg_921e3e_bg_ffffff.jpg,0.25634765625
17,20,exp_a1/56_sq\fg_ffff00_bg_888888.jpg,0.2548828125
18,23,exp_a1/56_sq\fg_ffffff_bg_888888.jpg,0.2490234375
19,3,exp_a1/56_sq\fg_0000ff_bg_888888.jpg,0.2484130859375
20,0,exp_a1/56_sq\fg_000000_bg_888888.jpg,0.247314453125
21,14,exp_a1/56_sq\fg_921e3e_bg_888888.jpg,0.2421875
22,6,exp_a1/56_sq\fg_00ff00_bg_888888.jpg,0.238525390625
23,9,exp_a1/56_sq\fg_00ffff_bg_888888.jpg,0.2384033203125
0,0,exp_a1/colors\bg_000000.jpg,0.27001953125
1,8,exp_a1/colors\bg_ffffff.png,0.262451171875
2,5,exp_a1/colors\bg_921e3e.jpg,0.25732421875
3,6,exp_a1/colors\bg_ff0000.jpg,0.25634765625
4,1,exp_a1/colors\bg_0000ff.jpg,0.25390625
5,7,exp_a1/colors\bg_ffff00.jpg,0.25390625
6,3,exp_a1/colors\bg_00ffff.jpg,0.25341796875
7,2,exp_a1/colors\bg_00ff00.jpg,0.24609375
8,4,exp_a1/colors\bg_888888.jpg,0.23046875
