,Unnamed: 0,filepaths,similarity
0,11,exp_a1/112_sq\fg_888888_bg_000000.jpg,0.2353515625
1,10,exp_a1/112_sq\fg_00ffff_bg_ffffff.jpg,0.2353515625
2,18,exp_a1/112_sq\fg_ff0000_bg_ffffff.jpg,0.234619140625
3,13,exp_a1/112_sq\fg_921e3e_bg_000000.jpg,0.2335205078125
4,9,exp_a1/112_sq\fg_00ffff_bg_888888.jpg,0.2330322265625
5,2,exp_a1/112_sq\fg_0000ff_bg_000000.jpg,0.232421875
6,17,exp_a1/112_sq\fg_ff0000_bg_888888.jpg,0.2322998046875
7,1,exp_a1/112_sq\fg_000000_bg_ffffff.jpg,0.23193359375
8,16,exp_a1/112_sq\fg_ff0000_bg_000000.jpg,0.231689453125
9,23,exp_a1/112_sq\fg_ffffff_bg_888888.jpg,0.2315673828125
10,22,exp_a1/112_sq\fg_ffffff_bg_000000.jpg,0.2313232421875
11,0,exp_a1/112_sq\fg_000000_bg_888888.jpg,0.22998046875
12,12,exp_a1/112_sq\fg_888888_bg_ffffff.jpg,0.2296142578125
13,5,exp_a1/112_sq\fg_00ff00_bg_000000.jpg,0.228759765625
14,8,exp_a1/112_sq\fg_00ffff_bg_000000.jpg,0.227783203125
15,20,exp_a1/112_sq\fg_ffff00_bg_888888.jpg,0.2271728515625
16,7,exp_a1/112_sq\fg_00ff00_bg_ffffff.jpg,0.2265625
17,4,exp_a1/112_sq\fg_0000ff_bg_ffffff.jpg,0.225341796875
18,14,exp_a1/112_sq\fg_921e3e_bg_888888.jpg,0.224853515625
19,19,exp_a1/112_sq\fg_ffff00_bg_000000.jpg,0.2239990234375
20,15,exp_a1/112_sq\fg_921e3e_bg_ffffff.jpg,0.2213134765625
21,21,exp_a1/112_sq\fg_ffff00_bg_ffffff.jpg,0.2210693359375
22,3,exp_a1/112_sq\fg_0000ff_bg_888888.jpg,0.220947265625
23,6,exp_a1/112_sq\fg_00ff00_bg_888888.jpg,0.2197265625
0,1,exp_a1/12_sq\fg_000000_bg_ffffff.jpg,0.237548828125
1,18,exp_a1/12_sq\fg_ff0000_bg_ffffff.jpg,0.2373046875
2,12,exp_a1/12_sq\fg_888888_bg_ffffff.jpg,0.23583984375
3,9,exp_a1/12_sq\fg_00ffff_bg_888888.jpg,0.2330322265625
4,22,exp_a1/12_sq\fg_ffffff_bg_000000.jpg,0.2325439453125
5,10,exp_a1/12_sq\fg_00ffff_bg_ffffff.jpg,0.2322998046875
6,8,exp_a1/12_sq\fg_00ffff_bg_000000.jpg,0.2313232421875
7,7,exp_a1/12_sq\fg_00ff00_bg_ffffff.jpg,0.231201171875
8,2,exp_a1/12_sq\fg_0000ff_bg_000000.jpg,0.2298583984375
9,13,exp_a1/12_sq\fg_921e3e_bg_000000.jpg,0.2298583984375
10,16,exp_a1/12_sq\fg_ff0000_bg_000000.jpg,0.2298583984375
11,11,exp_a1/12_sq\fg_888888_bg_000000.jpg,0.2293701171875
12,15,exp_a1/12_sq\fg_921e3e_bg_ffffff.jpg,0.22900390625
13,5,exp_a1/12_sq\fg_00ff00_bg_000000.jpg,0.2286376953125
14,4,exp_a1/12_sq\fg_0000ff_bg_ffffff.jpg,0.228271484375
15,0,exp_a1/12_sq\fg_000000_bg_888888.jpg,0.226318359375
16,3,exp_a1/12_sq\fg_0000ff_bg_888888.jpg,0.22607421875
17,21,exp_a1/12_sq\fg_ffff00_bg_ffffff.jpg,0.2255859375
18,17,exp_a1/12_sq\fg_ff0000_bg_888888.jpg,0.224853515625
19,19,exp_a1/12_sq\fg_ffff00_bg_000000.jpg,0.2247314453125
20,6,exp_a1/12_sq\fg_00ff00_bg_888888.jpg,0.224365234375
21,23,exp_a1/12_sq\fg_ffffff_bg_888888.jpg,0.2239990234375
22,14,exp_a1/12_sq\fg_921e3e_bg_888888.jpg,0.22314453125
23,20,exp_a1/12_sq\fg_ffff00_bg_888888.jpg,0.21826171875
0,22,exp_a1/148_sq\fg_ffffff_bg_000000.jpg,0.23828125
1,11,exp_a1/148_sq\fg_888888_bg_000000.jpg,0.2359619140625
2,0,exp_a1/148_sq\fg_000000_bg_888888.jpg,0.233642578125
3,13,exp_a1/148_sq\fg_921e3e_bg_000000.jpg,0.232666015625
4,16,exp_a1/148_sq\fg_ff0000_bg_000000.jpg,0.2318115234375
5,15,exp_a1/148_sq\fg_921e3e_bg_ffffff.jpg,0.231689453125
6,23,exp_a1/148_sq\fg_ffffff_bg_888888.jpg,0.2314453125
7,10,exp_a1/148_sq\fg_00ffff_bg_ffffff.jpg,0.2303466796875
8,18,exp_a1/148_sq\fg_ff0000_bg_ffffff.jpg,0.2301025390625
9,12,exp_a1/148_sq\fg_888888_bg_ffffff.jpg,0.2294921875
10,1,exp_a1/148_sq\fg_000000_bg_ffffff.jpg,0.229248046875
11,8,exp_a1/148_sq\fg_00ffff_bg_000000.jpg,0.2286376953125
12,5,exp_a1/148_sq\fg_00ff00_bg_000000.jpg,0.2286376953125
13,21,exp_a1/148_sq\fg_ffff00_bg_ffffff.jpg,0.2283935546875
14,7,exp_a1/148_sq\fg_00ff00_bg_ffffff.jpg,0.2275390625
15,17,exp_a1/148_sq\fg_ff0000_bg_888888.jpg,0.2274169921875
16,2,exp_a1/148_sq\fg_0000ff_bg_000000.jpg,0.227294921875
17,4,exp_a1/148_sq\fg_0000ff_bg_ffffff.jpg,0.224609375
18,19,exp_a1/148_sq\fg_ffff00_bg_000000.jpg,0.2242431640625
19,20,exp_a1/148_sq\fg_ffff00_bg_888888.jpg,0.2232666015625
20,9,exp_a1/148_sq\fg_00ffff_bg_888888.jpg,0.22216796875
21,14,exp_a1/148_sq\fg_921e3e_bg_888888.jpg,0.21630859375
22,3,exp_a1/148_sq\fg_0000ff_bg_888888.jpg,0.2130126953125
23,6,exp_a1/148_sq\fg_00ff00_bg_888888.jpg,0.1900634765625
0,10,exp_a1/200_sq\fg_00ffff_bg_ffffff.jpg,0.2410888671875
1,22,exp_a1/200_sq\fg_ffffff_bg_000000.jpg,0.2357177734375
2,17,exp_a1/200_sq\fg_ff0000_bg_888888.jpg,0.2353515625
3,16,exp_a1/200_sq\fg_ff0000_bg_000000.jpg,0.2342529296875
4,13,exp_a1/200_sq\fg_921e3e_bg_000000.jpg,0.2342529296875
5,1,exp_a1/200_sq\fg_000000_bg_ffffff.jpg,0.234130859375
6,9,exp_a1/200_sq\fg_00ffff_bg_888888.jpg,0.2327880859375
7,2,exp_a1/200_sq\fg_0000ff_bg_000000.jpg,0.232421875
8,21,exp_a1/200_sq\fg_ffff00_bg_ffffff.jpg,0.2320556640625
9,23,exp_a1/200_sq\fg_ffffff_bg_888888.jpg,0.2315673828125
10,18,exp_a1/200_sq\fg_ff0000_bg_ffffff.jpg,0.2313232421875
11,19,exp_a1/200_sq\fg_ffff00_bg_000000.jpg,0.23095703125
12,8,exp_a1/200_sq\fg_00ffff_bg_000000.jpg,0.229248046875
13,4,exp_a1/200_sq\fg_0000ff_bg_ffffff.jpg,0.2291259765625
14,0,exp_a1/200_sq\fg_000000_bg_888888.jpg,0.2286376953125
15,15,exp_a1/200_sq\fg_921e3e_bg_ffffff.jpg,0.228271484375
16,20,exp_a1/200_sq\fg_ffff00_bg_888888.jpg,0.227783203125
17,5,exp_a1/200_sq\fg_00ff00_bg_000000.jpg,0.2264404296875
18,7,exp_a1/200_sq\fg_00ff00_bg_ffffff.jpg,0.224609375
19,3,exp_a1/200_sq\fg_0000ff_bg_888888.jpg,0.224609375
20,14,exp_a1/200_sq\fg_921e3e_bg_888888.jpg,0.2232666015625
21,12,exp_a1/200_sq\fg_888888_bg_ffffff.jpg,0.222412109375
22,6,exp_a1/200_sq\fg_00ff00_bg_888888.jpg,0.2200927734375
23,11,exp_a1/200_sq\fg_888888_bg_000000.jpg,0.2098388671875
0,18,exp_a1/4_sq\fg_ff0000_bg_ffffff.jpg,0.2384033203125
1,12,exp_a1/4_sq\fg_888888_bg_ffffff.jpg,0.2354736328125
2,7,exp_a1/4_sq\fg_00ff00_bg_ffffff.jpg,0.235107421875
3,5,exp_a1/4_sq\fg_00ff00_bg_000000.jpg,0.23486328125
4,16,exp_a1/4_sq\fg_ff0000_bg_000000.jpg,0.234375
5,1,exp_a1/4_sq\fg_000000_bg_ffffff.jpg,0.234130859375
6,10,exp_a1/4_sq\fg_00ffff_bg_ffffff.jpg,0.2340087890625
7,2,exp_a1/4_sq\fg_0000ff_bg_000000.jpg,0.2337646484375
8,13,exp_a1/4_sq\fg_921e3e_bg_000000.jpg,0.2337646484375
9,11,exp_a1/4_sq\fg_888888_bg_000000.jpg,0.2335205078125
10,0,exp_a1/4_sq\fg_000000_bg_888888.jpg,0.23291015625
11,19,exp_a1/4_sq\fg_ffff00_bg_000000.jpg,0.232666015625
12,9,exp_a1/4_sq\fg_00ffff_bg_888888.jpg,0.232177734375
13,8,exp_a1/4_sq\fg_00ffff_bg_000000.jpg,0.2320556640625
14,22,exp_a1/4_sq\fg_ffffff_bg_000000.jpg,0.2314453125
15,15,exp_a1/4_sq\fg_921e3e_bg_ffffff.jpg,0.2305908203125
16,21,exp_a1/4_sq\fg_ffff00_bg_ffffff.jpg,0.22998046875
17,20,exp_a1/4_sq\fg_ffff00_bg_888888.jpg,0.2286376953125
18,4,exp_a1/4_sq\fg_0000ff_bg_ffffff.jpg,0.2281494140625
19,6,exp_a1/4_sq\fg_00ff00_bg_888888.jpg,0.2279052734375
20,3,exp_a1/4_sq\fg_0000ff_bg_888888.jpg,0.2259521484375
21,23,exp_a1/4_sq\fg_ffffff_bg_888888.jpg,0.2227783203125
22,17,exp_a1/4_sq\fg_ff0000_bg_888888.jpg,0.22216796875
23,14,exp_a1/4_sq\fg_921e3e_bg_888888.jpg,0.22119140625
0,11,exp_a1/56_sq\fg_888888_bg_000000.jpg,0.2447509765625
1,8,exp_a1/56_sq\fg_00ffff_bg_000000.jpg,0.2445068359375
2,1,exp_a1/56_sq\fg_000000_bg_ffffff.jpg,0.244384765625
3,4,exp_a1/56_sq\fg_0000ff_bg_ffffff.jpg,0.2406005859375
4,12,exp_a1/56_sq\fg_888888_bg_ffffff.jpg,0.239501953125
5,2,exp_a1/56_sq\fg_0000ff_bg_000000.jpg,0.2392578125
6,10,exp_a1/56_sq\fg_00ffff_bg_ffffff.jpg,0.239013671875
7,18,exp_a1/56_sq\fg_ff0000_bg_ffffff.jpg,0.2364501953125
8,22,exp_a1/56_sq\fg_ffffff_bg_000000.jpg,0.2362060546875
9,13,exp_a1/56_sq\fg_921e3e_bg_000000.jpg,0.2352294921875
10,16,exp_a1/56_sq\fg_ff0000_bg_000000.jpg,0.2342529296875
11,7,exp_a1/56_sq\fg_00ff00_bg_ffffff.jpg,0.23193359375
12,5,exp_a1/56_sq\fg_00ff00_bg_000000.jpg,0.2314453125
13,0,exp_a1/56_sq\fg_000000_bg_888888.jpg,0.23046875
14,19,exp_a1/56_sq\fg_ffff00_bg_000000.jpg,0.2296142578125
15,15,exp_a1/56_sq\fg_921e3e_bg_ffffff.jpg,0.2281494140625
16,21,exp_a1/56_sq\fg_ffff00_bg_ffffff.jpg,0.2279052734375
17,23,exp_a1/56_sq\fg_ffffff_bg_888888.jpg,0.2261962890625
18,3,exp_a1/56_sq\fg_0000ff_bg_888888.jpg,0.2225341796875
19,17,exp_a1/56_sq\fg_ff0000_bg_888888.jpg,0.2220458984375
20,9,exp_a1/56_sq\fg_00ffff_bg_888888.jpg,0.2210693359375
21,20,exp_a1/56_sq\fg_ffff00_bg_888888.jpg,0.219970703125
22,14,exp_a1/56_sq\fg_921e3e_bg_888888.jpg,0.2177734375
23,6,exp_a1/56_sq\fg_00ff00_bg_888888.jpg,0.2177734375
0,8,exp_a1/colors\bg_ffffff.png,0.237060546875
1,1,exp_a1/colors\bg_0000ff.jpg,0.23486328125
2,3,exp_a1/colors\bg_00ffff.jpg,0.2335205078125
3,5,exp_a1/colors\bg_921e3e.jpg,0.23193359375
4,0,exp_a1/colors\bg_000000.jpg,0.23095703125
5,6,exp_a1/colors\bg_ff0000.jpg,0.2296142578125
6,7,exp_a1/colors\bg_ffff00.jpg,0.224365234375
7,2,exp_a1/colors\bg_00ff00.jpg,0.2198486328125
8,4,exp_a1/colors\bg_888888.jpg,0.2161865234375
