,Unnamed: 0,filepaths,similarity
0,1,exp_a1/112_sq\fg_000000_bg_ffffff.jpg,0.2705078125
1,22,exp_a1/112_sq\fg_ffffff_bg_000000.jpg,0.26708984375
2,18,exp_a1/112_sq\fg_ff0000_bg_ffffff.jpg,0.266357421875
3,10,exp_a1/112_sq\fg_00ffff_bg_ffffff.jpg,0.263916015625
4,4,exp_a1/112_sq\fg_0000ff_bg_ffffff.jpg,0.2607421875
5,13,exp_a1/112_sq\fg_921e3e_bg_000000.jpg,0.260498046875
6,21,exp_a1/112_sq\fg_ffff00_bg_ffffff.jpg,0.2578125
7,23,exp_a1/112_sq\fg_ffffff_bg_888888.jpg,0.257568359375
8,17,exp_a1/112_sq\fg_ff0000_bg_888888.jpg,0.25732421875
9,3,exp_a1/112_sq\fg_0000ff_bg_888888.jpg,0.25537109375
10,20,exp_a1/112_sq\fg_ffff00_bg_888888.jpg,0.2548828125
11,2,exp_a1/112_sq\fg_0000ff_bg_000000.jpg,0.253662109375
12,16,exp_a1/112_sq\fg_ff0000_bg_000000.jpg,0.25341796875
13,19,exp_a1/112_sq\fg_ffff00_bg_000000.jpg,0.251953125
14,15,exp_a1/112_sq\fg_921e3e_bg_ffffff.jpg,0.251708984375
15,7,exp_a1/112_sq\fg_00ff00_bg_ffffff.jpg,0.250244140625
16,0,exp_a1/112_sq\fg_000000_bg_888888.jpg,0.2493896484375
17,8,exp_a1/112_sq\fg_00ffff_bg_000000.jpg,0.2493896484375
18,9,exp_a1/112_sq\fg_00ffff_bg_888888.jpg,0.2489013671875
19,11,exp_a1/112_sq\fg_888888_bg_000000.jpg,0.248779296875
20,14,exp_a1/112_sq\fg_921e3e_bg_888888.jpg,0.2420654296875
21,12,exp_a1/112_sq\fg_888888_bg_ffffff.jpg,0.240478515625
22,5,exp_a1/112_sq\fg_00ff00_bg_000000.jpg,0.2379150390625
23,6,exp_a1/112_sq\fg_00ff00_bg_888888.jpg,0.232666015625
0,22,exp_a1/12_sq\fg_ffffff_bg_000000.jpg,0.27490234375
1,11,exp_a1/12_sq\fg_888888_bg_000000.jpg,0.271728515625
2,13,exp_a1/12_sq\fg_921e3e_bg_000000.jpg,0.268798828125
3,1,exp_a1/12_sq\fg_000000_bg_ffffff.jpg,0.262939453125
4,8,exp_a1/12_sq\fg_00ffff_bg_000000.jpg,0.26171875
5,16,exp_a1/12_sq\fg_ff0000_bg_000000.jpg,0.261474609375
6,2,exp_a1/12_sq\fg_0000ff_bg_000000.jpg,0.26025390625
7,12,exp_a1/12_sq\fg_888888_bg_ffffff.jpg,0.25927734375
8,18,exp_a1/12_sq\fg_ff0000_bg_ffffff.jpg,0.2587890625
9,10,exp_a1/12_sq\fg_00ffff_bg_ffffff.jpg,0.25830078125
10,19,exp_a1/12_sq\fg_ffff00_bg_000000.jpg,0.254638671875
11,5,exp_a1/12_sq\fg_00ff00_bg_000000.jpg,0.253662109375
12,15,exp_a1/12_sq\fg_921e3e_bg_ffffff.jpg,0.251953125
13,23,exp_a1/12_sq\fg_ffffff_bg_888888.jpg,0.24951171875
14,4,exp_a1/12_sq\fg_0000ff_bg_ffffff.jpg,0.2491455078125
15,7,exp_a1/12_sq\fg_00ff00_bg_ffffff.jpg,0.2469482421875
16,21,exp_a1/12_sq\fg_ffff00_bg_ffffff.jpg,0.24365234375
17,9,exp_a1/12_sq\fg_00ffff_bg_888888.jpg,0.2430419921875
18,17,exp_a1/12_sq\fg_ff0000_bg_888888.jpg,0.2408447265625
19,3,exp_a1/12_sq\fg_0000ff_bg_888888.jpg,0.2373046875
20,0,exp_a1/12_sq\fg_000000_bg_888888.jpg,0.2366943359375
21,14,exp_a1/12_sq\fg_921e3e_bg_888888.jpg,0.229736328125
22,20,exp_a1/12_sq\fg_ffff00_bg_888888.jpg,0.225830078125
23,6,exp_a1/12_sq\fg_00ff00_bg_888888.jpg,0.222900390625
0,22,exp_a1/148_sq\fg_ffffff_bg_000000.jpg,0.27001953125
1,1,exp_a1/148_sq\fg_000000_bg_ffffff.jpg,0.266845703125
2,18,exp_a1/148_sq\fg_ff0000_bg_ffffff.jpg,0.26171875
3,16,exp_a1/148_sq\fg_ff0000_bg_000000.jpg,0.2587890625
4,13,exp_a1/148_sq\fg_921e3e_bg_000000.jpg,0.25830078125
5,23,exp_a1/148_sq\fg_ffffff_bg_888888.jpg,0.2578125
6,15,exp_a1/148_sq\fg_921e3e_bg_ffffff.jpg,0.257568359375
7,10,exp_a1/148_sq\fg_00ffff_bg_ffffff.jpg,0.256591796875
8,4,exp_a1/148_sq\fg_0000ff_bg_ffffff.jpg,0.2548828125
9,0,exp_a1/148_sq\fg_000000_bg_888888.jpg,0.25341796875
10,11,exp_a1/148_sq\fg_888888_bg_000000.jpg,0.2529296875
11,7,exp_a1/148_sq\fg_00ff00_bg_ffffff.jpg,0.250244140625
12,21,exp_a1/148_sq\fg_ffff00_bg_ffffff.jpg,0.250244140625
13,2,exp_a1/148_sq\fg_0000ff_bg_000000.jpg,0.25
14,8,exp_a1/148_sq\fg_00ffff_bg_000000.jpg,0.2491455078125
15,19,exp_a1/148_sq\fg_ffff00_bg_000000.jpg,0.2491455078125
16,17,exp_a1/148_sq\fg_ff0000_bg_888888.jpg,0.2454833984375
17,5,exp_a1/148_sq\fg_00ff00_bg_000000.jpg,0.2396240234375
18,12,exp_a1/148_sq\fg_888888_bg_ffffff.jpg,0.2392578125
19,9,exp_a1/148_sq\fg_00ffff_bg_888888.jpg,0.2379150390625
20,3,exp_a1/148_sq\fg_0000ff_bg_888888.jpg,0.2337646484375
21,20,exp_a1/148_sq\fg_ffff00_bg_888888.jpg,0.233154296875
22,14,exp_a1/148_sq\fg_921e3e_bg_888888.jpg,0.220703125
23,6,exp_a1/148_sq\fg_00ff00_bg_888888.jpg,0.197265625
0,10,exp_a1/200_sq\fg_00ffff_bg_ffffff.jpg,0.27197265625
1,1,exp_a1/200_sq\fg_000000_bg_ffffff.jpg,0.27099609375
2,0,exp_a1/200_sq\fg_000000_bg_888888.jpg,0.267333984375
3,18,exp_a1/200_sq\fg_ff0000_bg_ffffff.jpg,0.26513671875
4,22,exp_a1/200_sq\fg_ffffff_bg_000000.jpg,0.262939453125
5,21,exp_a1/200_sq\fg_ffff00_bg_ffffff.jpg,0.258056640625
6,15,exp_a1/200_sq\fg_921e3e_bg_ffffff.jpg,0.257568359375
7,4,exp_a1/200_sq\fg_0000ff_bg_ffffff.jpg,0.25732421875
8,9,exp_a1/200_sq\fg_00ffff_bg_888888.jpg,0.256591796875
9,8,exp_a1/200_sq\fg_00ffff_bg_000000.jpg,0.255615234375
10,16,exp_a1/200_sq\fg_ff0000_bg_000000.jpg,0.253173828125
11,7,exp_a1/200_sq\fg_00ff00_bg_ffffff.jpg,0.2529296875
12,17,exp_a1/200_sq\fg_ff0000_bg_888888.jpg,0.25
13,23,exp_a1/200_sq\fg_ffffff_bg_888888.jpg,0.2496337890625
14,2,exp_a1/200_sq\fg_0000ff_bg_000000.jpg,0.2486572265625
15,13,exp_a1/200_sq\fg_921e3e_bg_000000.jpg,0.248291015625
16,5,exp_a1/200_sq\fg_00ff00_bg_000000.jpg,0.246337890625
17,3,exp_a1/200_sq\fg_0000ff_bg_888888.jpg,0.2459716796875
18,19,exp_a1/200_sq\fg_ffff00_bg_000000.jpg,0.2449951171875
19,6,exp_a1/200_sq\fg_00ff00_bg_888888.jpg,0.2413330078125
20,20,exp_a1/200_sq\fg_ffff00_bg_888888.jpg,0.2353515625
21,14,exp_a1/200_sq\fg_921e3e_bg_888888.jpg,0.22998046875
22,12,exp_a1/200_sq\fg_888888_bg_ffffff.jpg,0.2276611328125
23,11,exp_a1/200_sq\fg_888888_bg_000000.jpg,0.213623046875
0,11,exp_a1/4_sq\fg_888888_bg_000000.jpg,0.27392578125
1,13,exp_a1/4_sq\fg_921e3e_bg_000000.jpg,0.273681640625
2,22,exp_a1/4_sq\fg_ffffff_bg_000000.jpg,0.272216796875
3,2,exp_a1/4_sq\fg_0000ff_bg_000000.jpg,0.27197265625
4,16,exp_a1/4_sq\fg_ff0000_bg_000000.jpg,0.2705078125
5,19,exp_a1/4_sq\fg_ffff00_bg_000000.jpg,0.2685546875
6,5,exp_a1/4_sq\fg_00ff00_bg_000000.jpg,0.2666015625
7,8,exp_a1/4_sq\fg_00ffff_bg_000000.jpg,0.26513671875
8,18,exp_a1/4_sq\fg_ff0000_bg_ffffff.jpg,0.26171875
9,12,exp_a1/4_sq\fg_888888_bg_ffffff.jpg,0.260498046875
10,1,exp_a1/4_sq\fg_000000_bg_ffffff.jpg,0.25634765625
11,15,exp_a1/4_sq\fg_921e3e_bg_ffffff.jpg,0.254150390625
12,10,exp_a1/4_sq\fg_00ffff_bg_ffffff.jpg,0.254150390625
13,0,exp_a1/4_sq\fg_000000_bg_888888.jpg,0.251953125
14,4,exp_a1/4_sq\fg_0000ff_bg_ffffff.jpg,0.2490234375
15,23,exp_a1/4_sq\fg_ffffff_bg_888888.jpg,0.2490234375
16,7,exp_a1/4_sq\fg_00ff00_bg_ffffff.jpg,0.2486572265625
17,21,exp_a1/4_sq\fg_ffff00_bg_ffffff.jpg,0.2454833984375
18,9,exp_a1/4_sq\fg_00ffff_bg_888888.jpg,0.2430419921875
19,3,exp_a1/4_sq\fg_0000ff_bg_888888.jpg,0.24169921875
20,14,exp_a1/4_sq\fg_921e3e_bg_888888.jpg,0.2314453125
21,6,exp_a1/4_sq\fg_00ff00_bg_888888.jpg,0.230712890625
22,20,exp_a1/4_sq\fg_ffff00_bg_888888.jpg,0.2242431640625
23,17,exp_a1/4_sq\fg_ff0000_bg_888888.jpg,0.2186279296875
0,22,exp_a1/56_sq\fg_ffffff_bg_000000.jpg,0.27685546875
1,1,exp_a1/56_sq\fg_000000_bg_ffffff.jpg,0.271728515625
2,11,exp_a1/56_sq\fg_888888_bg_000000.jpg,0.269775390625
3,13,exp_a1/56_sq\fg_921e3e_bg_000000.jpg,0.2646484375
4,4,exp_a1/56_sq\fg_0000ff_bg_ffffff.jpg,0.263671875
5,8,exp_a1/56_sq\fg_00ffff_bg_000000.jpg,0.26318359375
6,18,exp_a1/56_sq\fg_ff0000_bg_ffffff.jpg,0.262451171875
7,2,exp_a1/56_sq\fg_0000ff_bg_000000.jpg,0.260986328125
8,10,exp_a1/56_sq\fg_00ffff_bg_ffffff.jpg,0.259765625
9,7,exp_a1/56_sq\fg_00ff00_bg_ffffff.jpg,0.259521484375
10,16,exp_a1/56_sq\fg_ff0000_bg_000000.jpg,0.259033203125
11,12,exp_a1/56_sq\fg_888888_bg_ffffff.jpg,0.2587890625
12,15,exp_a1/56_sq\fg_921e3e_bg_ffffff.jpg,0.25537109375
13,21,exp_a1/56_sq\fg_ffff00_bg_ffffff.jpg,0.25439453125
14,17,exp_a1/56_sq\fg_ff0000_bg_888888.jpg,0.25439453125
15,23,exp_a1/56_sq\fg_ffffff_bg_888888.jpg,0.25439453125
16,20,exp_a1/56_sq\fg_ffff00_bg_888888.jpg,0.254150390625
17,5,exp_a1/56_sq\fg_00ff00_bg_000000.jpg,0.254150390625
18,3,exp_a1/56_sq\fg_0000ff_bg_888888.jpg,0.254150390625
19,19,exp_a1/56_sq\fg_ffff00_bg_000000.jpg,0.25341796875
20,0,exp_a1/56_sq\fg_000000_bg_888888.jpg,0.247802734375
21,14,exp_a1/56_sq\fg_921e3e_bg_888888.jpg,0.2445068359375
22,9,exp_a1/56_sq\fg_00ffff_bg_888888.jpg,0.2366943359375
23,6,exp_a1/56_sq\fg_00ff00_bg_888888.jpg,0.2333984375
0,0,exp_a1/colors\bg_000000.jpg,0.274658203125
1,8,exp_a1/colors\bg_ffffff.png,0.269287109375
2,3,exp_a1/colors\bg_00ffff.jpg,0.255126953125
3,1,exp_a1/colors\bg_0000ff.jpg,0.25341796875
4,5,exp_a1/colors\bg_921e3e.jpg,0.2529296875
5,6,exp_a1/colors\bg_ff0000.jpg,0.250244140625
6,7,exp_a1/colors\bg_ffff00.jpg,0.2493896484375
7,2,exp_a1/colors\bg_00ff00.jpg,0.2354736328125
8,4,exp_a1/colors\bg_888888.jpg,0.224365234375
