,Unnamed: 0,filepaths,similarity
0,6,exp_a1/112_sq\fg_00ff00_bg_888888.jpg,0.375244140625
1,14,exp_a1/112_sq\fg_921e3e_bg_888888.jpg,0.331298828125
2,9,exp_a1/112_sq\fg_00ffff_bg_888888.jpg,0.3125
3,1,exp_a1/112_sq\fg_000000_bg_ffffff.jpg,0.290283203125
4,10,exp_a1/112_sq\fg_00ffff_bg_ffffff.jpg,0.288818359375
5,21,exp_a1/112_sq\fg_ffff00_bg_ffffff.jpg,0.2822265625
6,3,exp_a1/112_sq\fg_0000ff_bg_888888.jpg,0.281494140625
7,7,exp_a1/112_sq\fg_00ff00_bg_ffffff.jpg,0.268798828125
8,12,exp_a1/112_sq\fg_888888_bg_ffffff.jpg,0.259033203125
9,18,exp_a1/112_sq\fg_ff0000_bg_ffffff.jpg,0.252685546875
10,4,exp_a1/112_sq\fg_0000ff_bg_ffffff.jpg,0.2491455078125
11,11,exp_a1/112_sq\fg_888888_bg_000000.jpg,0.2459716796875
12,13,exp_a1/112_sq\fg_921e3e_bg_000000.jpg,0.23974609375
13,5,exp_a1/112_sq\fg_00ff00_bg_000000.jpg,0.2313232421875
14,15,exp_a1/112_sq\fg_921e3e_bg_ffffff.jpg,0.2269287109375
15,8,exp_a1/112_sq\fg_00ffff_bg_000000.jpg,0.2139892578125
16,16,exp_a1/112_sq\fg_ff0000_bg_000000.jpg,0.2113037109375
17,19,exp_a1/112_sq\fg_ffff00_bg_000000.jpg,0.2110595703125
18,22,exp_a1/112_sq\fg_ffffff_bg_000000.jpg,0.2083740234375
19,2,exp_a1/112_sq\fg_0000ff_bg_000000.jpg,0.2042236328125
20,23,exp_a1/112_sq\fg_ffffff_bg_888888.jpg,0.2010498046875
21,17,exp_a1/112_sq\fg_ff0000_bg_888888.jpg,0.1971435546875
22,0,exp_a1/112_sq\fg_000000_bg_888888.jpg,0.1927490234375
23,20,exp_a1/112_sq\fg_ffff00_bg_888888.jpg,0.1839599609375
0,6,exp_a1/12_sq\fg_00ff00_bg_888888.jpg,0.466064453125
1,3,exp_a1/12_sq\fg_0000ff_bg_888888.jpg,0.463134765625
2,23,exp_a1/12_sq\fg_ffffff_bg_888888.jpg,0.4619140625
3,14,exp_a1/12_sq\fg_921e3e_bg_888888.jpg,0.46142578125
4,9,exp_a1/12_sq\fg_00ffff_bg_888888.jpg,0.459228515625
5,17,exp_a1/12_sq\fg_ff0000_bg_888888.jpg,0.455078125
6,0,exp_a1/12_sq\fg_000000_bg_888888.jpg,0.452392578125
7,20,exp_a1/12_sq\fg_ffff00_bg_888888.jpg,0.443603515625
8,12,exp_a1/12_sq\fg_888888_bg_ffffff.jpg,0.26171875
9,15,exp_a1/12_sq\fg_921e3e_bg_ffffff.jpg,0.2607421875
10,4,exp_a1/12_sq\fg_0000ff_bg_ffffff.jpg,0.259033203125
11,18,exp_a1/12_sq\fg_ff0000_bg_ffffff.jpg,0.2578125
12,1,exp_a1/12_sq\fg_000000_bg_ffffff.jpg,0.257568359375
13,10,exp_a1/12_sq\fg_00ffff_bg_ffffff.jpg,0.2568359375
14,21,exp_a1/12_sq\fg_ffff00_bg_ffffff.jpg,0.2568359375
15,7,exp_a1/12_sq\fg_00ff00_bg_ffffff.jpg,0.2568359375
16,22,exp_a1/12_sq\fg_ffffff_bg_000000.jpg,0.17041015625
17,16,exp_a1/12_sq\fg_ff0000_bg_000000.jpg,0.169921875
18,8,exp_a1/12_sq\fg_00ffff_bg_000000.jpg,0.168212890625
19,11,exp_a1/12_sq\fg_888888_bg_000000.jpg,0.1680908203125
20,19,exp_a1/12_sq\fg_ffff00_bg_000000.jpg,0.16796875
21,5,exp_a1/12_sq\fg_00ff00_bg_000000.jpg,0.1671142578125
22,13,exp_a1/12_sq\fg_921e3e_bg_000000.jpg,0.16650390625
23,2,exp_a1/12_sq\fg_0000ff_bg_000000.jpg,0.1661376953125
0,6,exp_a1/148_sq\fg_00ff00_bg_888888.jpg,0.318603515625
1,10,exp_a1/148_sq\fg_00ffff_bg_ffffff.jpg,0.300048828125
2,1,exp_a1/148_sq\fg_000000_bg_ffffff.jpg,0.29541015625
3,21,exp_a1/148_sq\fg_ffff00_bg_ffffff.jpg,0.29443359375
4,7,exp_a1/148_sq\fg_00ff00_bg_ffffff.jpg,0.27783203125
5,4,exp_a1/148_sq\fg_0000ff_bg_ffffff.jpg,0.263671875
6,5,exp_a1/148_sq\fg_00ff00_bg_000000.jpg,0.25048828125
7,18,exp_a1/148_sq\fg_ff0000_bg_ffffff.jpg,0.2464599609375
8,13,exp_a1/148_sq\fg_921e3e_bg_000000.jpg,0.2431640625
9,12,exp_a1/148_sq\fg_888888_bg_ffffff.jpg,0.24169921875
10,11,exp_a1/148_sq\fg_888888_bg_000000.jpg,0.23974609375
11,2,exp_a1/148_sq\fg_0000ff_bg_000000.jpg,0.2314453125
12,19,exp_a1/148_sq\fg_ffff00_bg_000000.jpg,0.197998046875
13,8,exp_a1/148_sq\fg_00ffff_bg_000000.jpg,0.1904296875
14,9,exp_a1/148_sq\fg_00ffff_bg_888888.jpg,0.1763916015625
15,15,exp_a1/148_sq\fg_921e3e_bg_ffffff.jpg,0.1722412109375
16,14,exp_a1/148_sq\fg_921e3e_bg_888888.jpg,0.1673583984375
17,20,exp_a1/148_sq\fg_ffff00_bg_888888.jpg,0.162109375
18,3,exp_a1/148_sq\fg_0000ff_bg_888888.jpg,0.1600341796875
19,22,exp_a1/148_sq\fg_ffffff_bg_000000.jpg,0.1409912109375
20,0,exp_a1/148_sq\fg_000000_bg_888888.jpg,0.1383056640625
21,16,exp_a1/148_sq\fg_ff0000_bg_000000.jpg,0.11773681640625
22,17,exp_a1/148_sq\fg_ff0000_bg_888888.jpg,0.10894775390625
23,23,exp_a1/148_sq\fg_ffffff_bg_888888.jpg,0.09991455078125
0,5,exp_a1/200_sq\fg_00ff00_bg_000000.jpg,0.294921875
1,11,exp_a1/200_sq\fg_888888_bg_000000.jpg,0.29443359375
2,19,exp_a1/200_sq\fg_ffff00_bg_000000.jpg,0.29052734375
3,21,exp_a1/200_sq\fg_ffff00_bg_ffffff.jpg,0.259765625
4,10,exp_a1/200_sq\fg_00ffff_bg_ffffff.jpg,0.258544921875
5,8,exp_a1/200_sq\fg_00ffff_bg_000000.jpg,0.257080078125
6,18,exp_a1/200_sq\fg_ff0000_bg_ffffff.jpg,0.25634765625
7,13,exp_a1/200_sq\fg_921e3e_bg_000000.jpg,0.234375
8,0,exp_a1/200_sq\fg_000000_bg_888888.jpg,0.2227783203125
9,7,exp_a1/200_sq\fg_00ff00_bg_ffffff.jpg,0.2210693359375
10,22,exp_a1/200_sq\fg_ffffff_bg_000000.jpg,0.2174072265625
11,2,exp_a1/200_sq\fg_0000ff_bg_000000.jpg,0.2108154296875
12,16,exp_a1/200_sq\fg_ff0000_bg_000000.jpg,0.208251953125
13,6,exp_a1/200_sq\fg_00ff00_bg_888888.jpg,0.1885986328125
14,1,exp_a1/200_sq\fg_000000_bg_ffffff.jpg,0.1859130859375
15,3,exp_a1/200_sq\fg_0000ff_bg_888888.jpg,0.1783447265625
16,14,exp_a1/200_sq\fg_921e3e_bg_888888.jpg,0.17626953125
17,4,exp_a1/200_sq\fg_0000ff_bg_ffffff.jpg,0.1685791015625
18,20,exp_a1/200_sq\fg_ffff00_bg_888888.jpg,0.1673583984375
19,17,exp_a1/200_sq\fg_ff0000_bg_888888.jpg,0.1568603515625
20,23,exp_a1/200_sq\fg_ffffff_bg_888888.jpg,0.154541015625
21,15,exp_a1/200_sq\fg_921e3e_bg_ffffff.jpg,0.13720703125
22,9,exp_a1/200_sq\fg_00ffff_bg_888888.jpg,0.09661865234375
23,12,exp_a1/200_sq\fg_888888_bg_ffffff.jpg,0.048583984375
0,3,exp_a1/4_sq\fg_0000ff_bg_888888.jpg,0.4638671875
1,9,exp_a1/4_sq\fg_00ffff_bg_888888.jpg,0.46240234375
2,6,exp_a1/4_sq\fg_00ff00_bg_888888.jpg,0.44091796875
3,23,exp_a1/4_sq\fg_ffffff_bg_888888.jpg,0.4404296875
4,20,exp_a1/4_sq\fg_ffff00_bg_888888.jpg,0.439697265625
5,0,exp_a1/4_sq\fg_000000_bg_888888.jpg,0.436767578125
6,17,exp_a1/4_sq\fg_ff0000_bg_888888.jpg,0.4365234375
7,14,exp_a1/4_sq\fg_921e3e_bg_888888.jpg,0.427978515625
8,10,exp_a1/4_sq\fg_00ffff_bg_ffffff.jpg,0.258056640625
9,4,exp_a1/4_sq\fg_0000ff_bg_ffffff.jpg,0.2578125
10,18,exp_a1/4_sq\fg_ff0000_bg_ffffff.jpg,0.2578125
11,15,exp_a1/4_sq\fg_921e3e_bg_ffffff.jpg,0.257568359375
12,21,exp_a1/4_sq\fg_ffff00_bg_ffffff.jpg,0.257568359375
13,7,exp_a1/4_sq\fg_00ff00_bg_ffffff.jpg,0.257568359375
14,12,exp_a1/4_sq\fg_888888_bg_ffffff.jpg,0.257568359375
15,1,exp_a1/4_sq\fg_000000_bg_ffffff.jpg,0.257568359375
16,22,exp_a1/4_sq\fg_ffffff_bg_000000.jpg,0.1669921875
17,5,exp_a1/4_sq\fg_00ff00_bg_000000.jpg,0.166748046875
18,13,exp_a1/4_sq\fg_921e3e_bg_000000.jpg,0.1666259765625
19,16,exp_a1/4_sq\fg_ff0000_bg_000000.jpg,0.1666259765625
20,19,exp_a1/4_sq\fg_ffff00_bg_000000.jpg,0.16650390625
21,2,exp_a1/4_sq\fg_0000ff_bg_000000.jpg,0.16650390625
22,11,exp_a1/4_sq\fg_888888_bg_000000.jpg,0.1663818359375
23,8,exp_a1/4_sq\fg_00ffff_bg_000000.jpg,0.1663818359375
0,6,exp_a1/56_sq\fg_00ff00_bg_888888.jpg,0.4365234375
1,14,exp_a1/56_sq\fg_921e3e_bg_888888.jpg,0.426513671875
2,3,exp_a1/56_sq\fg_0000ff_bg_888888.jpg,0.4189453125
3,0,exp_a1/56_sq\fg_000000_bg_888888.jpg,0.403564453125
4,9,exp_a1/56_sq\fg_00ffff_bg_888888.jpg,0.398193359375
5,20,exp_a1/56_sq\fg_ffff00_bg_888888.jpg,0.3662109375
6,1,exp_a1/56_sq\fg_000000_bg_ffffff.jpg,0.300537109375
7,21,exp_a1/56_sq\fg_ffff00_bg_ffffff.jpg,0.29345703125
8,17,exp_a1/56_sq\fg_ff0000_bg_888888.jpg,0.292236328125
9,4,exp_a1/56_sq\fg_0000ff_bg_ffffff.jpg,0.2861328125
10,12,exp_a1/56_sq\fg_888888_bg_ffffff.jpg,0.279541015625
11,10,exp_a1/56_sq\fg_00ffff_bg_ffffff.jpg,0.273681640625
12,15,exp_a1/56_sq\fg_921e3e_bg_ffffff.jpg,0.26904296875
13,7,exp_a1/56_sq\fg_00ff00_bg_ffffff.jpg,0.26904296875
14,18,exp_a1/56_sq\fg_ff0000_bg_ffffff.jpg,0.251220703125
15,23,exp_a1/56_sq\fg_ffffff_bg_888888.jpg,0.2353515625
16,13,exp_a1/56_sq\fg_921e3e_bg_000000.jpg,0.229248046875
17,11,exp_a1/56_sq\fg_888888_bg_000000.jpg,0.2265625
18,19,exp_a1/56_sq\fg_ffff00_bg_000000.jpg,0.1964111328125
19,16,exp_a1/56_sq\fg_ff0000_bg_000000.jpg,0.18701171875
20,22,exp_a1/56_sq\fg_ffffff_bg_000000.jpg,0.18359375
21,8,exp_a1/56_sq\fg_00ffff_bg_000000.jpg,0.18212890625
22,2,exp_a1/56_sq\fg_0000ff_bg_000000.jpg,0.1767578125
23,5,exp_a1/56_sq\fg_00ff00_bg_000000.jpg,0.1761474609375
0,4,exp_a1/colors\bg_888888.jpg,0.43994140625
1,8,exp_a1/colors\bg_ffffff.png,0.2578125
2,7,exp_a1/colors\bg_ffff00.jpg,0.2529296875
3,5,exp_a1/colors\bg_921e3e.jpg,0.25146484375
4,6,exp_a1/colors\bg_ff0000.jpg,0.240234375
5,1,exp_a1/colors\bg_0000ff.jpg,0.2138671875
6,3,exp_a1/colors\bg_00ffff.jpg,0.2008056640625
7,2,exp_a1/colors\bg_00ff00.jpg,0.199462890625
8,0,exp_a1/colors\bg_000000.jpg,0.1668701171875
