,Unnamed: 0,filepaths,similarity
0,20,exp_a1/112_sq\fg_ffff00_bg_888888.jpg,0.268310546875
1,1,exp_a1/112_sq\fg_000000_bg_ffffff.jpg,0.264892578125
2,17,exp_a1/112_sq\fg_ff0000_bg_888888.jpg,0.262939453125
3,13,exp_a1/112_sq\fg_921e3e_bg_000000.jpg,0.2626953125
4,21,exp_a1/112_sq\fg_ffff00_bg_ffffff.jpg,0.262451171875
5,18,exp_a1/112_sq\fg_ff0000_bg_ffffff.jpg,0.261474609375
6,10,exp_a1/112_sq\fg_00ffff_bg_ffffff.jpg,0.26123046875
7,3,exp_a1/112_sq\fg_0000ff_bg_888888.jpg,0.2607421875
8,22,exp_a1/112_sq\fg_ffffff_bg_000000.jpg,0.259521484375
9,4,exp_a1/112_sq\fg_0000ff_bg_ffffff.jpg,0.2578125
10,15,exp_a1/112_sq\fg_921e3e_bg_ffffff.jpg,0.257080078125
11,19,exp_a1/112_sq\fg_ffff00_bg_000000.jpg,0.255615234375
12,23,exp_a1/112_sq\fg_ffffff_bg_888888.jpg,0.25439453125
13,14,exp_a1/112_sq\fg_921e3e_bg_888888.jpg,0.253173828125
14,9,exp_a1/112_sq\fg_00ffff_bg_888888.jpg,0.252685546875
15,7,exp_a1/112_sq\fg_00ff00_bg_ffffff.jpg,0.252197265625
16,2,exp_a1/112_sq\fg_0000ff_bg_000000.jpg,0.25146484375
17,16,exp_a1/112_sq\fg_ff0000_bg_000000.jpg,0.251220703125
18,8,exp_a1/112_sq\fg_00ffff_bg_000000.jpg,0.2509765625
19,0,exp_a1/112_sq\fg_000000_bg_888888.jpg,0.249267578125
20,11,exp_a1/112_sq\fg_888888_bg_000000.jpg,0.2462158203125
21,5,exp_a1/112_sq\fg_00ff00_bg_000000.jpg,0.2420654296875
22,6,exp_a1/112_sq\fg_00ff00_bg_888888.jpg,0.241455078125
23,12,exp_a1/112_sq\fg_888888_bg_ffffff.jpg,0.23974609375
0,22,exp_a1/12_sq\fg_ffffff_bg_000000.jpg,0.26171875
1,11,exp_a1/12_sq\fg_888888_bg_000000.jpg,0.260498046875
2,8,exp_a1/12_sq\fg_00ffff_bg_000000.jpg,0.260009765625
3,13,exp_a1/12_sq\fg_921e3e_bg_000000.jpg,0.259033203125
4,1,exp_a1/12_sq\fg_000000_bg_ffffff.jpg,0.257080078125
5,2,exp_a1/12_sq\fg_0000ff_bg_000000.jpg,0.256591796875
6,18,exp_a1/12_sq\fg_ff0000_bg_ffffff.jpg,0.254638671875
7,10,exp_a1/12_sq\fg_00ffff_bg_ffffff.jpg,0.254638671875
8,15,exp_a1/12_sq\fg_921e3e_bg_ffffff.jpg,0.253173828125
9,12,exp_a1/12_sq\fg_888888_bg_ffffff.jpg,0.2529296875
10,5,exp_a1/12_sq\fg_00ff00_bg_000000.jpg,0.252197265625
11,19,exp_a1/12_sq\fg_ffff00_bg_000000.jpg,0.252197265625
12,16,exp_a1/12_sq\fg_ff0000_bg_000000.jpg,0.2496337890625
13,21,exp_a1/12_sq\fg_ffff00_bg_ffffff.jpg,0.24609375
14,7,exp_a1/12_sq\fg_00ff00_bg_ffffff.jpg,0.24560546875
15,17,exp_a1/12_sq\fg_ff0000_bg_888888.jpg,0.2452392578125
16,4,exp_a1/12_sq\fg_0000ff_bg_ffffff.jpg,0.244873046875
17,9,exp_a1/12_sq\fg_00ffff_bg_888888.jpg,0.2447509765625
18,23,exp_a1/12_sq\fg_ffffff_bg_888888.jpg,0.2437744140625
19,14,exp_a1/12_sq\fg_921e3e_bg_888888.jpg,0.24267578125
20,20,exp_a1/12_sq\fg_ffff00_bg_888888.jpg,0.2415771484375
21,0,exp_a1/12_sq\fg_000000_bg_888888.jpg,0.2415771484375
22,3,exp_a1/12_sq\fg_0000ff_bg_888888.jpg,0.2396240234375
23,6,exp_a1/12_sq\fg_00ff00_bg_888888.jpg,0.228271484375
0,15,exp_a1/148_sq\fg_921e3e_bg_ffffff.jpg,0.26416015625
1,22,exp_a1/148_sq\fg_ffffff_bg_000000.jpg,0.261962890625
2,13,exp_a1/148_sq\fg_921e3e_bg_000000.jpg,0.260498046875
3,1,exp_a1/148_sq\fg_000000_bg_ffffff.jpg,0.26025390625
4,18,exp_a1/148_sq\fg_ff0000_bg_ffffff.jpg,0.25927734375
5,10,exp_a1/148_sq\fg_00ffff_bg_ffffff.jpg,0.256591796875
6,21,exp_a1/148_sq\fg_ffff00_bg_ffffff.jpg,0.25537109375
7,4,exp_a1/148_sq\fg_0000ff_bg_ffffff.jpg,0.25537109375
8,0,exp_a1/148_sq\fg_000000_bg_888888.jpg,0.2548828125
9,19,exp_a1/148_sq\fg_ffff00_bg_000000.jpg,0.25390625
10,7,exp_a1/148_sq\fg_00ff00_bg_ffffff.jpg,0.2529296875
11,16,exp_a1/148_sq\fg_ff0000_bg_000000.jpg,0.2529296875
12,23,exp_a1/148_sq\fg_ffffff_bg_888888.jpg,0.24853515625
13,2,exp_a1/148_sq\fg_0000ff_bg_000000.jpg,0.24853515625
14,11,exp_a1/148_sq\fg_888888_bg_000000.jpg,0.2484130859375
15,17,exp_a1/148_sq\fg_ff0000_bg_888888.jpg,0.2479248046875
16,8,exp_a1/148_sq\fg_00ffff_bg_000000.jpg,0.2476806640625
17,20,exp_a1/148_sq\fg_ffff00_bg_888888.jpg,0.2459716796875
18,3,exp_a1/148_sq\fg_0000ff_bg_888888.jpg,0.243408203125
19,5,exp_a1/148_sq\fg_00ff00_bg_000000.jpg,0.242431640625
20,12,exp_a1/148_sq\fg_888888_bg_ffffff.jpg,0.2418212890625
21,9,exp_a1/148_sq\fg_00ffff_bg_888888.jpg,0.2410888671875
22,14,exp_a1/148_sq\fg_921e3e_bg_888888.jpg,0.236572265625
23,6,exp_a1/148_sq\fg_00ff00_bg_888888.jpg,0.2099609375
0,10,exp_a1/200_sq\fg_00ffff_bg_ffffff.jpg,0.264404296875
1,15,exp_a1/200_sq\fg_921e3e_bg_ffffff.jpg,0.26220703125
2,1,exp_a1/200_sq\fg_000000_bg_ffffff.jpg,0.26171875
3,21,exp_a1/200_sq\fg_ffff00_bg_ffffff.jpg,0.261474609375
4,22,exp_a1/200_sq\fg_ffffff_bg_000000.jpg,0.2587890625
5,18,exp_a1/200_sq\fg_ff0000_bg_ffffff.jpg,0.25830078125
6,8,exp_a1/200_sq\fg_00ffff_bg_000000.jpg,0.258056640625
7,0,exp_a1/200_sq\fg_000000_bg_888888.jpg,0.257080078125
8,9,exp_a1/200_sq\fg_00ffff_bg_888888.jpg,0.25537109375
9,19,exp_a1/200_sq\fg_ffff00_bg_000000.jpg,0.25537109375
10,13,exp_a1/200_sq\fg_921e3e_bg_000000.jpg,0.254638671875
11,16,exp_a1/200_sq\fg_ff0000_bg_000000.jpg,0.254638671875
12,4,exp_a1/200_sq\fg_0000ff_bg_ffffff.jpg,0.253173828125
13,7,exp_a1/200_sq\fg_00ff00_bg_ffffff.jpg,0.252685546875
14,17,exp_a1/200_sq\fg_ff0000_bg_888888.jpg,0.251708984375
15,20,exp_a1/200_sq\fg_ffff00_bg_888888.jpg,0.25048828125
16,5,exp_a1/200_sq\fg_00ff00_bg_000000.jpg,0.25
17,3,exp_a1/200_sq\fg_0000ff_bg_888888.jpg,0.2490234375
18,2,exp_a1/200_sq\fg_0000ff_bg_000000.jpg,0.2484130859375
19,6,exp_a1/200_sq\fg_00ff00_bg_888888.jpg,0.24560546875
20,14,exp_a1/200_sq\fg_921e3e_bg_888888.jpg,0.2431640625
21,23,exp_a1/200_sq\fg_ffffff_bg_888888.jpg,0.2410888671875
22,12,exp_a1/200_sq\fg_888888_bg_ffffff.jpg,0.2298583984375
23,11,exp_a1/200_sq\fg_888888_bg_000000.jpg,0.220703125
0,13,exp_a1/4_sq\fg_921e3e_bg_000000.jpg,0.26123046875
1,2,exp_a1/4_sq\fg_0000ff_bg_000000.jpg,0.26123046875
2,11,exp_a1/4_sq\fg_888888_bg_000000.jpg,0.26123046875
3,22,exp_a1/4_sq\fg_ffffff_bg_000000.jpg,0.259521484375
4,19,exp_a1/4_sq\fg_ffff00_bg_000000.jpg,0.259521484375
5,16,exp_a1/4_sq\fg_ff0000_bg_000000.jpg,0.25927734375
6,5,exp_a1/4_sq\fg_00ff00_bg_000000.jpg,0.259033203125
7,8,exp_a1/4_sq\fg_00ffff_bg_000000.jpg,0.259033203125
8,12,exp_a1/4_sq\fg_888888_bg_ffffff.jpg,0.2568359375
9,18,exp_a1/4_sq\fg_ff0000_bg_ffffff.jpg,0.256103515625
10,1,exp_a1/4_sq\fg_000000_bg_ffffff.jpg,0.25439453125
11,15,exp_a1/4_sq\fg_921e3e_bg_ffffff.jpg,0.254150390625
12,9,exp_a1/4_sq\fg_00ffff_bg_888888.jpg,0.25341796875
13,0,exp_a1/4_sq\fg_000000_bg_888888.jpg,0.251708984375
14,10,exp_a1/4_sq\fg_00ffff_bg_ffffff.jpg,0.251708984375
15,3,exp_a1/4_sq\fg_0000ff_bg_888888.jpg,0.24853515625
16,23,exp_a1/4_sq\fg_ffffff_bg_888888.jpg,0.248046875
17,7,exp_a1/4_sq\fg_00ff00_bg_ffffff.jpg,0.2476806640625
18,4,exp_a1/4_sq\fg_0000ff_bg_ffffff.jpg,0.2454833984375
19,14,exp_a1/4_sq\fg_921e3e_bg_888888.jpg,0.2451171875
20,21,exp_a1/4_sq\fg_ffff00_bg_ffffff.jpg,0.24365234375
21,20,exp_a1/4_sq\fg_ffff00_bg_888888.jpg,0.23974609375
22,6,exp_a1/4_sq\fg_00ff00_bg_888888.jpg,0.23779296875
23,17,exp_a1/4_sq\fg_ff0000_bg_888888.jpg,0.23095703125
0,1,exp_a1/56_sq\fg_000000_bg_ffffff.jpg,0.26806640625
1,20,exp_a1/56_sq\fg_ffff00_bg_888888.jpg,0.264892578125
2,22,exp_a1/56_sq\fg_ffffff_bg_000000.jpg,0.26416015625
3,8,exp_a1/56_sq\fg_00ffff_bg_000000.jpg,0.263671875
4,4,exp_a1/56_sq\fg_0000ff_bg_ffffff.jpg,0.263427734375
5,13,exp_a1/56_sq\fg_921e3e_bg_000000.jpg,0.26318359375
6,10,exp_a1/56_sq\fg_00ffff_bg_ffffff.jpg,0.261962890625
7,18,exp_a1/56_sq\fg_ff0000_bg_ffffff.jpg,0.260986328125
8,15,exp_a1/56_sq\fg_921e3e_bg_ffffff.jpg,0.260986328125
9,11,exp_a1/56_sq\fg_888888_bg_000000.jpg,0.2607421875
10,17,exp_a1/56_sq\fg_ff0000_bg_888888.jpg,0.26025390625
11,21,exp_a1/56_sq\fg_ffff00_bg_ffffff.jpg,0.260009765625
12,7,exp_a1/56_sq\fg_00ff00_bg_ffffff.jpg,0.259033203125
13,2,exp_a1/56_sq\fg_0000ff_bg_000000.jpg,0.25830078125
14,3,exp_a1/56_sq\fg_0000ff_bg_888888.jpg,0.2578125
15,16,exp_a1/56_sq\fg_ff0000_bg_000000.jpg,0.257568359375
16,19,exp_a1/56_sq\fg_ffff00_bg_000000.jpg,0.25634765625
17,14,exp_a1/56_sq\fg_921e3e_bg_888888.jpg,0.2529296875
18,5,exp_a1/56_sq\fg_00ff00_bg_000000.jpg,0.2529296875
19,12,exp_a1/56_sq\fg_888888_bg_ffffff.jpg,0.251220703125
20,0,exp_a1/56_sq\fg_000000_bg_888888.jpg,0.250244140625
21,23,exp_a1/56_sq\fg_ffffff_bg_888888.jpg,0.2498779296875
22,9,exp_a1/56_sq\fg_00ffff_bg_888888.jpg,0.24267578125
23,6,exp_a1/56_sq\fg_00ff00_bg_888888.jpg,0.2401123046875
0,0,exp_a1/colors\bg_000000.jpg,0.262451171875
1,6,exp_a1/colors\bg_ff0000.jpg,0.259033203125
2,8,exp_a1/colors\bg_ffffff.png,0.2568359375
3,5,exp_a1/colors\bg_921e3e.jpg,0.25634765625
4,1,exp_a1/colors\bg_0000ff.jpg,0.251220703125
5,3,exp_a1/colors\bg_00ffff.jpg,0.2484130859375
6,7,exp_a1/colors\bg_ffff00.jpg,0.2481689453125
7,2,exp_a1/colors\bg_00ff00.jpg,0.2418212890625
8,4,exp_a1/colors\bg_888888.jpg,0.2279052734375
