,Unnamed: 0,filepaths,similarity
0,6,exp_a1/112_sq\fg_00ff00_bg_888888.jpg,0.353271484375
1,14,exp_a1/112_sq\fg_921e3e_bg_888888.jpg,0.323486328125
2,10,exp_a1/112_sq\fg_00ffff_bg_ffffff.jpg,0.317138671875
3,21,exp_a1/112_sq\fg_ffff00_bg_ffffff.jpg,0.3134765625
4,1,exp_a1/112_sq\fg_000000_bg_ffffff.jpg,0.303466796875
5,9,exp_a1/112_sq\fg_00ffff_bg_888888.jpg,0.294189453125
6,12,exp_a1/112_sq\fg_888888_bg_ffffff.jpg,0.28955078125
7,7,exp_a1/112_sq\fg_00ff00_bg_ffffff.jpg,0.288330078125
8,4,exp_a1/112_sq\fg_0000ff_bg_ffffff.jpg,0.27978515625
9,18,exp_a1/112_sq\fg_ff0000_bg_ffffff.jpg,0.27783203125
10,3,exp_a1/112_sq\fg_0000ff_bg_888888.jpg,0.268798828125
11,5,exp_a1/112_sq\fg_00ff00_bg_000000.jpg,0.267578125
12,13,exp_a1/112_sq\fg_921e3e_bg_000000.jpg,0.26708984375
13,11,exp_a1/112_sq\fg_888888_bg_000000.jpg,0.258544921875
14,15,exp_a1/112_sq\fg_921e3e_bg_ffffff.jpg,0.2578125
15,8,exp_a1/112_sq\fg_00ffff_bg_000000.jpg,0.2388916015625
16,16,exp_a1/112_sq\fg_ff0000_bg_000000.jpg,0.2259521484375
17,22,exp_a1/112_sq\fg_ffffff_bg_000000.jpg,0.2257080078125
18,2,exp_a1/112_sq\fg_0000ff_bg_000000.jpg,0.222900390625
19,19,exp_a1/112_sq\fg_ffff00_bg_000000.jpg,0.2122802734375
20,0,exp_a1/112_sq\fg_000000_bg_888888.jpg,0.19580078125
21,20,exp_a1/112_sq\fg_ffff00_bg_888888.jpg,0.183349609375
22,23,exp_a1/112_sq\fg_ffffff_bg_888888.jpg,0.1759033203125
23,17,exp_a1/112_sq\fg_ff0000_bg_888888.jpg,0.172607421875
0,23,exp_a1/12_sq\fg_ffffff_bg_888888.jpg,0.394287109375
1,3,exp_a1/12_sq\fg_0000ff_bg_888888.jpg,0.392333984375
2,0,exp_a1/12_sq\fg_000000_bg_888888.jpg,0.385009765625
3,14,exp_a1/12_sq\fg_921e3e_bg_888888.jpg,0.38427734375
4,17,exp_a1/12_sq\fg_ff0000_bg_888888.jpg,0.377685546875
5,9,exp_a1/12_sq\fg_00ffff_bg_888888.jpg,0.372802734375
6,20,exp_a1/12_sq\fg_ffff00_bg_888888.jpg,0.37158203125
7,6,exp_a1/12_sq\fg_00ff00_bg_888888.jpg,0.370849609375
8,12,exp_a1/12_sq\fg_888888_bg_ffffff.jpg,0.291748046875
9,15,exp_a1/12_sq\fg_921e3e_bg_ffffff.jpg,0.291259765625
10,4,exp_a1/12_sq\fg_0000ff_bg_ffffff.jpg,0.289794921875
11,1,exp_a1/12_sq\fg_000000_bg_ffffff.jpg,0.28857421875
12,18,exp_a1/12_sq\fg_ff0000_bg_ffffff.jpg,0.2880859375
13,21,exp_a1/12_sq\fg_ffff00_bg_ffffff.jpg,0.287841796875
14,10,exp_a1/12_sq\fg_00ffff_bg_ffffff.jpg,0.28759765625
15,7,exp_a1/12_sq\fg_00ff00_bg_ffffff.jpg,0.28759765625
16,22,exp_a1/12_sq\fg_ffffff_bg_000000.jpg,0.183349609375
17,16,exp_a1/12_sq\fg_ff0000_bg_000000.jpg,0.182861328125
18,11,exp_a1/12_sq\fg_888888_bg_000000.jpg,0.1827392578125
19,8,exp_a1/12_sq\fg_00ffff_bg_000000.jpg,0.1815185546875
20,19,exp_a1/12_sq\fg_ffff00_bg_000000.jpg,0.181396484375
21,5,exp_a1/12_sq\fg_00ff00_bg_000000.jpg,0.1810302734375
22,13,exp_a1/12_sq\fg_921e3e_bg_000000.jpg,0.1806640625
23,2,exp_a1/12_sq\fg_0000ff_bg_000000.jpg,0.18017578125
0,10,exp_a1/148_sq\fg_00ffff_bg_ffffff.jpg,0.329833984375
1,21,exp_a1/148_sq\fg_ffff00_bg_ffffff.jpg,0.327880859375
2,1,exp_a1/148_sq\fg_000000_bg_ffffff.jpg,0.30712890625
3,7,exp_a1/148_sq\fg_00ff00_bg_ffffff.jpg,0.306396484375
4,6,exp_a1/148_sq\fg_00ff00_bg_888888.jpg,0.291748046875
5,4,exp_a1/148_sq\fg_0000ff_bg_ffffff.jpg,0.28369140625
6,5,exp_a1/148_sq\fg_00ff00_bg_000000.jpg,0.283203125
7,18,exp_a1/148_sq\fg_ff0000_bg_ffffff.jpg,0.275390625
8,13,exp_a1/148_sq\fg_921e3e_bg_000000.jpg,0.2646484375
9,12,exp_a1/148_sq\fg_888888_bg_ffffff.jpg,0.2626953125
10,2,exp_a1/148_sq\fg_0000ff_bg_000000.jpg,0.249267578125
11,11,exp_a1/148_sq\fg_888888_bg_000000.jpg,0.225341796875
12,19,exp_a1/148_sq\fg_ffff00_bg_000000.jpg,0.2135009765625
13,15,exp_a1/148_sq\fg_921e3e_bg_ffffff.jpg,0.2119140625
14,8,exp_a1/148_sq\fg_00ffff_bg_000000.jpg,0.21142578125
15,14,exp_a1/148_sq\fg_921e3e_bg_888888.jpg,0.168701171875
16,9,exp_a1/148_sq\fg_00ffff_bg_888888.jpg,0.1646728515625
17,3,exp_a1/148_sq\fg_0000ff_bg_888888.jpg,0.1602783203125
18,20,exp_a1/148_sq\fg_ffff00_bg_888888.jpg,0.1505126953125
19,22,exp_a1/148_sq\fg_ffffff_bg_000000.jpg,0.1483154296875
20,0,exp_a1/148_sq\fg_000000_bg_888888.jpg,0.137451171875
21,16,exp_a1/148_sq\fg_ff0000_bg_000000.jpg,0.1292724609375
22,17,exp_a1/148_sq\fg_ff0000_bg_888888.jpg,0.1280517578125
23,23,exp_a1/148_sq\fg_ffffff_bg_888888.jpg,0.12310791015625
0,19,exp_a1/200_sq\fg_ffff00_bg_000000.jpg,0.30712890625
1,5,exp_a1/200_sq\fg_00ff00_bg_000000.jpg,0.304931640625
2,11,exp_a1/200_sq\fg_888888_bg_000000.jpg,0.28369140625
3,18,exp_a1/200_sq\fg_ff0000_bg_ffffff.jpg,0.2822265625
4,10,exp_a1/200_sq\fg_00ffff_bg_ffffff.jpg,0.276611328125
5,8,exp_a1/200_sq\fg_00ffff_bg_000000.jpg,0.272705078125
6,13,exp_a1/200_sq\fg_921e3e_bg_000000.jpg,0.258056640625
7,21,exp_a1/200_sq\fg_ffff00_bg_ffffff.jpg,0.255859375
8,2,exp_a1/200_sq\fg_0000ff_bg_000000.jpg,0.2352294921875
9,7,exp_a1/200_sq\fg_00ff00_bg_ffffff.jpg,0.2320556640625
10,22,exp_a1/200_sq\fg_ffffff_bg_000000.jpg,0.229248046875
11,16,exp_a1/200_sq\fg_ff0000_bg_000000.jpg,0.2178955078125
12,0,exp_a1/200_sq\fg_000000_bg_888888.jpg,0.20947265625
13,6,exp_a1/200_sq\fg_00ff00_bg_888888.jpg,0.1932373046875
14,20,exp_a1/200_sq\fg_ffff00_bg_888888.jpg,0.1900634765625
15,14,exp_a1/200_sq\fg_921e3e_bg_888888.jpg,0.175048828125
16,1,exp_a1/200_sq\fg_000000_bg_ffffff.jpg,0.172119140625
17,3,exp_a1/200_sq\fg_0000ff_bg_888888.jpg,0.1710205078125
18,17,exp_a1/200_sq\fg_ff0000_bg_888888.jpg,0.1595458984375
19,23,exp_a1/200_sq\fg_ffffff_bg_888888.jpg,0.1573486328125
20,4,exp_a1/200_sq\fg_0000ff_bg_ffffff.jpg,0.15576171875
21,15,exp_a1/200_sq\fg_921e3e_bg_ffffff.jpg,0.1168212890625
22,9,exp_a1/200_sq\fg_00ffff_bg_888888.jpg,0.104248046875
23,12,exp_a1/200_sq\fg_888888_bg_ffffff.jpg,0.0294342041015625
0,3,exp_a1/4_sq\fg_0000ff_bg_888888.jpg,0.4248046875
1,9,exp_a1/4_sq\fg_00ffff_bg_888888.jpg,0.424560546875
2,0,exp_a1/4_sq\fg_000000_bg_888888.jpg,0.418701171875
3,23,exp_a1/4_sq\fg_ffffff_bg_888888.jpg,0.413330078125
4,17,exp_a1/4_sq\fg_ff0000_bg_888888.jpg,0.4091796875
5,20,exp_a1/4_sq\fg_ffff00_bg_888888.jpg,0.4072265625
6,6,exp_a1/4_sq\fg_00ff00_bg_888888.jpg,0.402587890625
7,14,exp_a1/4_sq\fg_921e3e_bg_888888.jpg,0.40185546875
8,10,exp_a1/4_sq\fg_00ffff_bg_ffffff.jpg,0.288330078125
9,15,exp_a1/4_sq\fg_921e3e_bg_ffffff.jpg,0.2880859375
10,1,exp_a1/4_sq\fg_000000_bg_ffffff.jpg,0.287841796875
11,18,exp_a1/4_sq\fg_ff0000_bg_ffffff.jpg,0.287841796875
12,4,exp_a1/4_sq\fg_0000ff_bg_ffffff.jpg,0.287841796875
13,7,exp_a1/4_sq\fg_00ff00_bg_ffffff.jpg,0.287841796875
14,21,exp_a1/4_sq\fg_ffff00_bg_ffffff.jpg,0.28759765625
15,12,exp_a1/4_sq\fg_888888_bg_ffffff.jpg,0.28759765625
16,22,exp_a1/4_sq\fg_ffffff_bg_000000.jpg,0.1806640625
17,5,exp_a1/4_sq\fg_00ff00_bg_000000.jpg,0.180419921875
18,13,exp_a1/4_sq\fg_921e3e_bg_000000.jpg,0.1802978515625
19,2,exp_a1/4_sq\fg_0000ff_bg_000000.jpg,0.1802978515625
20,19,exp_a1/4_sq\fg_ffff00_bg_000000.jpg,0.1802978515625
21,11,exp_a1/4_sq\fg_888888_bg_000000.jpg,0.18017578125
22,16,exp_a1/4_sq\fg_ff0000_bg_000000.jpg,0.18017578125
23,8,exp_a1/4_sq\fg_00ffff_bg_000000.jpg,0.18017578125
0,6,exp_a1/56_sq\fg_00ff00_bg_888888.jpg,0.3984375
1,14,exp_a1/56_sq\fg_921e3e_bg_888888.jpg,0.395751953125
2,3,exp_a1/56_sq\fg_0000ff_bg_888888.jpg,0.376708984375
3,0,exp_a1/56_sq\fg_000000_bg_888888.jpg,0.37451171875
4,9,exp_a1/56_sq\fg_00ffff_bg_888888.jpg,0.3740234375
5,20,exp_a1/56_sq\fg_ffff00_bg_888888.jpg,0.346435546875
6,21,exp_a1/56_sq\fg_ffff00_bg_ffffff.jpg,0.31982421875
7,1,exp_a1/56_sq\fg_000000_bg_ffffff.jpg,0.31787109375
8,4,exp_a1/56_sq\fg_0000ff_bg_ffffff.jpg,0.303955078125
9,10,exp_a1/56_sq\fg_00ffff_bg_ffffff.jpg,0.302734375
10,7,exp_a1/56_sq\fg_00ff00_bg_ffffff.jpg,0.2978515625
11,12,exp_a1/56_sq\fg_888888_bg_ffffff.jpg,0.296875
12,15,exp_a1/56_sq\fg_921e3e_bg_ffffff.jpg,0.28759765625
13,17,exp_a1/56_sq\fg_ff0000_bg_888888.jpg,0.2822265625
14,18,exp_a1/56_sq\fg_ff0000_bg_ffffff.jpg,0.279541015625
15,11,exp_a1/56_sq\fg_888888_bg_000000.jpg,0.251220703125
16,13,exp_a1/56_sq\fg_921e3e_bg_000000.jpg,0.2493896484375
17,23,exp_a1/56_sq\fg_ffffff_bg_888888.jpg,0.2359619140625
18,22,exp_a1/56_sq\fg_ffffff_bg_000000.jpg,0.205322265625
19,16,exp_a1/56_sq\fg_ff0000_bg_000000.jpg,0.203857421875
20,19,exp_a1/56_sq\fg_ffff00_bg_000000.jpg,0.203857421875
21,8,exp_a1/56_sq\fg_00ffff_bg_000000.jpg,0.192626953125
22,2,exp_a1/56_sq\fg_0000ff_bg_000000.jpg,0.1915283203125
23,5,exp_a1/56_sq\fg_00ff00_bg_000000.jpg,0.18994140625
0,4,exp_a1/colors\bg_888888.jpg,0.417724609375
1,8,exp_a1/colors\bg_ffffff.png,0.2880859375
2,7,exp_a1/colors\bg_ffff00.jpg,0.282470703125
3,6,exp_a1/colors\bg_ff0000.jpg,0.253662109375
4,5,exp_a1/colors\bg_921e3e.jpg,0.240234375
5,1,exp_a1/colors\bg_0000ff.jpg,0.2301025390625
6,2,exp_a1/colors\bg_00ff00.jpg,0.2291259765625
7,3,exp_a1/colors\bg_00ffff.jpg,0.224365234375
8,0,exp_a1/colors\bg_000000.jpg,0.180419921875
