,Unnamed: 0,filepaths,similarity
0,18,exp_a1/112_sq\fg_ff0000_bg_ffffff.jpg,0.2451171875
1,20,exp_a1/112_sq\fg_ffff00_bg_888888.jpg,0.2445068359375
2,10,exp_a1/112_sq\fg_00ffff_bg_ffffff.jpg,0.2423095703125
3,21,exp_a1/112_sq\fg_ffff00_bg_ffffff.jpg,0.241943359375
4,1,exp_a1/112_sq\fg_000000_bg_ffffff.jpg,0.2412109375
5,17,exp_a1/112_sq\fg_ff0000_bg_888888.jpg,0.239990234375
6,22,exp_a1/112_sq\fg_ffffff_bg_000000.jpg,0.238525390625
7,19,exp_a1/112_sq\fg_ffff00_bg_000000.jpg,0.2373046875
8,4,exp_a1/112_sq\fg_0000ff_bg_ffffff.jpg,0.2364501953125
9,13,exp_a1/112_sq\fg_921e3e_bg_000000.jpg,0.23583984375
10,3,exp_a1/112_sq\fg_0000ff_bg_888888.jpg,0.2353515625
11,16,exp_a1/112_sq\fg_ff0000_bg_000000.jpg,0.234619140625
12,23,exp_a1/112_sq\fg_ffffff_bg_888888.jpg,0.232666015625
13,15,exp_a1/112_sq\fg_921e3e_bg_ffffff.jpg,0.231689453125
14,11,exp_a1/112_sq\fg_888888_bg_000000.jpg,0.2294921875
15,7,exp_a1/112_sq\fg_00ff00_bg_ffffff.jpg,0.229248046875
16,8,exp_a1/112_sq\fg_00ffff_bg_000000.jpg,0.228759765625
17,2,exp_a1/112_sq\fg_0000ff_bg_000000.jpg,0.228271484375
18,0,exp_a1/112_sq\fg_000000_bg_888888.jpg,0.22705078125
19,9,exp_a1/112_sq\fg_00ffff_bg_888888.jpg,0.2252197265625
20,5,exp_a1/112_sq\fg_00ff00_bg_000000.jpg,0.2242431640625
21,14,exp_a1/112_sq\fg_921e3e_bg_888888.jpg,0.2237548828125
22,12,exp_a1/112_sq\fg_888888_bg_ffffff.jpg,0.2227783203125
23,6,exp_a1/112_sq\fg_00ff00_bg_888888.jpg,0.2149658203125
0,22,exp_a1/12_sq\fg_ffffff_bg_000000.jpg,0.242919921875
1,11,exp_a1/12_sq\fg_888888_bg_000000.jpg,0.2423095703125
2,13,exp_a1/12_sq\fg_921e3e_bg_000000.jpg,0.240966796875
3,12,exp_a1/12_sq\fg_888888_bg_ffffff.jpg,0.240234375
4,10,exp_a1/12_sq\fg_00ffff_bg_ffffff.jpg,0.2381591796875
5,18,exp_a1/12_sq\fg_ff0000_bg_ffffff.jpg,0.238037109375
6,1,exp_a1/12_sq\fg_000000_bg_ffffff.jpg,0.238037109375
7,8,exp_a1/12_sq\fg_00ffff_bg_000000.jpg,0.23779296875
8,2,exp_a1/12_sq\fg_0000ff_bg_000000.jpg,0.2364501953125
9,15,exp_a1/12_sq\fg_921e3e_bg_ffffff.jpg,0.2340087890625
10,16,exp_a1/12_sq\fg_ff0000_bg_000000.jpg,0.2340087890625
11,19,exp_a1/12_sq\fg_ffff00_bg_000000.jpg,0.2335205078125
12,5,exp_a1/12_sq\fg_00ff00_bg_000000.jpg,0.2322998046875
13,7,exp_a1/12_sq\fg_00ff00_bg_ffffff.jpg,0.2310791015625
14,21,exp_a1/12_sq\fg_ffff00_bg_ffffff.jpg,0.2303466796875
15,17,exp_a1/12_sq\fg_ff0000_bg_888888.jpg,0.22998046875
16,20,exp_a1/12_sq\fg_ffff00_bg_888888.jpg,0.2291259765625
17,23,exp_a1/12_sq\fg_ffffff_bg_888888.jpg,0.228759765625
18,0,exp_a1/12_sq\fg_000000_bg_888888.jpg,0.228271484375
19,4,exp_a1/12_sq\fg_0000ff_bg_ffffff.jpg,0.22802734375
20,9,exp_a1/12_sq\fg_00ffff_bg_888888.jpg,0.227783203125
21,14,exp_a1/12_sq\fg_921e3e_bg_888888.jpg,0.225830078125
22,3,exp_a1/12_sq\fg_0000ff_bg_888888.jpg,0.223388671875
23,6,exp_a1/12_sq\fg_00ff00_bg_888888.jpg,0.2178955078125
0,22,exp_a1/148_sq\fg_ffffff_bg_000000.jpg,0.2425537109375
1,16,exp_a1/148_sq\fg_ff0000_bg_000000.jpg,0.2418212890625
2,18,exp_a1/148_sq\fg_ff0000_bg_ffffff.jpg,0.2396240234375
3,15,exp_a1/148_sq\fg_921e3e_bg_ffffff.jpg,0.238525390625
4,19,exp_a1/148_sq\fg_ffff00_bg_000000.jpg,0.2352294921875
5,1,exp_a1/148_sq\fg_000000_bg_ffffff.jpg,0.2349853515625
6,13,exp_a1/148_sq\fg_921e3e_bg_000000.jpg,0.234375
7,10,exp_a1/148_sq\fg_00ffff_bg_ffffff.jpg,0.2340087890625
8,7,exp_a1/148_sq\fg_00ff00_bg_ffffff.jpg,0.232421875
9,11,exp_a1/148_sq\fg_888888_bg_000000.jpg,0.232421875
10,21,exp_a1/148_sq\fg_ffff00_bg_ffffff.jpg,0.231689453125
11,0,exp_a1/148_sq\fg_000000_bg_888888.jpg,0.23095703125
12,4,exp_a1/148_sq\fg_0000ff_bg_ffffff.jpg,0.2281494140625
13,8,exp_a1/148_sq\fg_00ffff_bg_000000.jpg,0.2275390625
14,23,exp_a1/148_sq\fg_ffffff_bg_888888.jpg,0.2271728515625
15,5,exp_a1/148_sq\fg_00ff00_bg_000000.jpg,0.2242431640625
16,17,exp_a1/148_sq\fg_ff0000_bg_888888.jpg,0.2230224609375
17,2,exp_a1/148_sq\fg_0000ff_bg_000000.jpg,0.222900390625
18,12,exp_a1/148_sq\fg_888888_bg_ffffff.jpg,0.2218017578125
19,20,exp_a1/148_sq\fg_ffff00_bg_888888.jpg,0.21826171875
20,9,exp_a1/148_sq\fg_00ffff_bg_888888.jpg,0.2135009765625
21,3,exp_a1/148_sq\fg_0000ff_bg_888888.jpg,0.2108154296875
22,14,exp_a1/148_sq\fg_921e3e_bg_888888.jpg,0.203857421875
23,6,exp_a1/148_sq\fg_00ff00_bg_888888.jpg,0.1875
0,10,exp_a1/200_sq\fg_00ffff_bg_ffffff.jpg,0.248779296875
1,18,exp_a1/200_sq\fg_ff0000_bg_ffffff.jpg,0.24365234375
2,21,exp_a1/200_sq\fg_ffff00_bg_ffffff.jpg,0.2421875
3,15,exp_a1/200_sq\fg_921e3e_bg_ffffff.jpg,0.2413330078125
4,1,exp_a1/200_sq\fg_000000_bg_ffffff.jpg,0.2401123046875
5,9,exp_a1/200_sq\fg_00ffff_bg_888888.jpg,0.2396240234375
6,7,exp_a1/200_sq\fg_00ff00_bg_ffffff.jpg,0.2373046875
7,6,exp_a1/200_sq\fg_00ff00_bg_888888.jpg,0.2371826171875
8,17,exp_a1/200_sq\fg_ff0000_bg_888888.jpg,0.2366943359375
9,0,exp_a1/200_sq\fg_000000_bg_888888.jpg,0.2357177734375
10,19,exp_a1/200_sq\fg_ffff00_bg_000000.jpg,0.2349853515625
11,4,exp_a1/200_sq\fg_0000ff_bg_ffffff.jpg,0.2330322265625
12,16,exp_a1/200_sq\fg_ff0000_bg_000000.jpg,0.232666015625
13,20,exp_a1/200_sq\fg_ffff00_bg_888888.jpg,0.232666015625
14,8,exp_a1/200_sq\fg_00ffff_bg_000000.jpg,0.230224609375
15,2,exp_a1/200_sq\fg_0000ff_bg_000000.jpg,0.22900390625
16,3,exp_a1/200_sq\fg_0000ff_bg_888888.jpg,0.228759765625
17,23,exp_a1/200_sq\fg_ffffff_bg_888888.jpg,0.228515625
18,13,exp_a1/200_sq\fg_921e3e_bg_000000.jpg,0.228271484375
19,22,exp_a1/200_sq\fg_ffffff_bg_000000.jpg,0.227783203125
20,5,exp_a1/200_sq\fg_00ff00_bg_000000.jpg,0.2265625
21,14,exp_a1/200_sq\fg_921e3e_bg_888888.jpg,0.219970703125
22,12,exp_a1/200_sq\fg_888888_bg_ffffff.jpg,0.2109375
23,11,exp_a1/200_sq\fg_888888_bg_000000.jpg,0.202392578125
0,11,exp_a1/4_sq\fg_888888_bg_000000.jpg,0.2420654296875
1,13,exp_a1/4_sq\fg_921e3e_bg_000000.jpg,0.241943359375
2,2,exp_a1/4_sq\fg_0000ff_bg_000000.jpg,0.2410888671875
3,12,exp_a1/4_sq\fg_888888_bg_ffffff.jpg,0.2406005859375
4,19,exp_a1/4_sq\fg_ffff00_bg_000000.jpg,0.2391357421875
5,18,exp_a1/4_sq\fg_ff0000_bg_ffffff.jpg,0.2388916015625
6,16,exp_a1/4_sq\fg_ff0000_bg_000000.jpg,0.2388916015625
7,22,exp_a1/4_sq\fg_ffffff_bg_000000.jpg,0.23876953125
8,9,exp_a1/4_sq\fg_00ffff_bg_888888.jpg,0.237060546875
9,5,exp_a1/4_sq\fg_00ff00_bg_000000.jpg,0.2362060546875
10,15,exp_a1/4_sq\fg_921e3e_bg_ffffff.jpg,0.2359619140625
11,1,exp_a1/4_sq\fg_000000_bg_ffffff.jpg,0.235595703125
12,8,exp_a1/4_sq\fg_00ffff_bg_000000.jpg,0.2354736328125
13,0,exp_a1/4_sq\fg_000000_bg_888888.jpg,0.2349853515625
14,3,exp_a1/4_sq\fg_0000ff_bg_888888.jpg,0.2344970703125
15,10,exp_a1/4_sq\fg_00ffff_bg_ffffff.jpg,0.2337646484375
16,7,exp_a1/4_sq\fg_00ff00_bg_ffffff.jpg,0.2308349609375
17,21,exp_a1/4_sq\fg_ffff00_bg_ffffff.jpg,0.2303466796875
18,20,exp_a1/4_sq\fg_ffff00_bg_888888.jpg,0.230224609375
19,23,exp_a1/4_sq\fg_ffffff_bg_888888.jpg,0.230224609375
20,6,exp_a1/4_sq\fg_00ff00_bg_888888.jpg,0.2279052734375
21,4,exp_a1/4_sq\fg_0000ff_bg_ffffff.jpg,0.2271728515625
22,14,exp_a1/4_sq\fg_921e3e_bg_888888.jpg,0.2264404296875
23,17,exp_a1/4_sq\fg_ff0000_bg_888888.jpg,0.2178955078125
0,17,exp_a1/56_sq\fg_ff0000_bg_888888.jpg,0.2464599609375
1,11,exp_a1/56_sq\fg_888888_bg_000000.jpg,0.245361328125
2,22,exp_a1/56_sq\fg_ffffff_bg_000000.jpg,0.2447509765625
3,8,exp_a1/56_sq\fg_00ffff_bg_000000.jpg,0.2437744140625
4,13,exp_a1/56_sq\fg_921e3e_bg_000000.jpg,0.2432861328125
5,20,exp_a1/56_sq\fg_ffff00_bg_888888.jpg,0.2427978515625
6,1,exp_a1/56_sq\fg_000000_bg_ffffff.jpg,0.2427978515625
7,10,exp_a1/56_sq\fg_00ffff_bg_ffffff.jpg,0.2413330078125
8,16,exp_a1/56_sq\fg_ff0000_bg_000000.jpg,0.24072265625
9,18,exp_a1/56_sq\fg_ff0000_bg_ffffff.jpg,0.2406005859375
10,4,exp_a1/56_sq\fg_0000ff_bg_ffffff.jpg,0.239990234375
11,2,exp_a1/56_sq\fg_0000ff_bg_000000.jpg,0.238525390625
12,21,exp_a1/56_sq\fg_ffff00_bg_ffffff.jpg,0.2381591796875
13,12,exp_a1/56_sq\fg_888888_bg_ffffff.jpg,0.237060546875
14,15,exp_a1/56_sq\fg_921e3e_bg_ffffff.jpg,0.23681640625
15,3,exp_a1/56_sq\fg_0000ff_bg_888888.jpg,0.2362060546875
16,19,exp_a1/56_sq\fg_ffff00_bg_000000.jpg,0.2362060546875
17,7,exp_a1/56_sq\fg_00ff00_bg_ffffff.jpg,0.2354736328125
18,5,exp_a1/56_sq\fg_00ff00_bg_000000.jpg,0.2352294921875
19,14,exp_a1/56_sq\fg_921e3e_bg_888888.jpg,0.2308349609375
20,0,exp_a1/56_sq\fg_000000_bg_888888.jpg,0.230224609375
21,23,exp_a1/56_sq\fg_ffffff_bg_888888.jpg,0.22900390625
22,9,exp_a1/56_sq\fg_00ffff_bg_888888.jpg,0.2205810546875
23,6,exp_a1/56_sq\fg_00ff00_bg_888888.jpg,0.21826171875
0,0,exp_a1/colors\bg_000000.jpg,0.241943359375
1,5,exp_a1/colors\bg_921e3e.jpg,0.2388916015625
2,3,exp_a1/colors\bg_00ffff.jpg,0.23876953125
3,8,exp_a1/colors\bg_ffffff.png,0.238525390625
4,7,exp_a1/colors\bg_ffff00.jpg,0.2384033203125
5,6,exp_a1/colors\bg_ff0000.jpg,0.2376708984375
6,1,exp_a1/colors\bg_0000ff.jpg,0.2371826171875
7,2,exp_a1/colors\bg_00ff00.jpg,0.2330322265625
8,4,exp_a1/colors\bg_888888.jpg,0.2215576171875
