,Unnamed: 0,filepaths,similarity
0,6,exp_a1/112_sq\fg_00ff00_bg_888888.jpg,0.347412109375
1,10,exp_a1/112_sq\fg_00ffff_bg_ffffff.jpg,0.327392578125
2,14,exp_a1/112_sq\fg_921e3e_bg_888888.jpg,0.32666015625
3,21,exp_a1/112_sq\fg_ffff00_bg_ffffff.jpg,0.31884765625
4,9,exp_a1/112_sq\fg_00ffff_bg_888888.jpg,0.30810546875
5,1,exp_a1/112_sq\fg_000000_bg_ffffff.jpg,0.30322265625
6,18,exp_a1/112_sq\fg_ff0000_bg_ffffff.jpg,0.2919921875
7,7,exp_a1/112_sq\fg_00ff00_bg_ffffff.jpg,0.2900390625
8,12,exp_a1/112_sq\fg_888888_bg_ffffff.jpg,0.283447265625
9,4,exp_a1/112_sq\fg_0000ff_bg_ffffff.jpg,0.27685546875
10,3,exp_a1/112_sq\fg_0000ff_bg_888888.jpg,0.274169921875
11,5,exp_a1/112_sq\fg_00ff00_bg_000000.jpg,0.27099609375
12,15,exp_a1/112_sq\fg_921e3e_bg_ffffff.jpg,0.259521484375
13,13,exp_a1/112_sq\fg_921e3e_bg_000000.jpg,0.2587890625
14,11,exp_a1/112_sq\fg_888888_bg_000000.jpg,0.2509765625
15,8,exp_a1/112_sq\fg_00ffff_bg_000000.jpg,0.2420654296875
16,2,exp_a1/112_sq\fg_0000ff_bg_000000.jpg,0.2237548828125
17,19,exp_a1/112_sq\fg_ffff00_bg_000000.jpg,0.219482421875
18,16,exp_a1/112_sq\fg_ff0000_bg_000000.jpg,0.216552734375
19,22,exp_a1/112_sq\fg_ffffff_bg_000000.jpg,0.2149658203125
20,0,exp_a1/112_sq\fg_000000_bg_888888.jpg,0.20458984375
21,20,exp_a1/112_sq\fg_ffff00_bg_888888.jpg,0.2001953125
22,23,exp_a1/112_sq\fg_ffffff_bg_888888.jpg,0.197021484375
23,17,exp_a1/112_sq\fg_ff0000_bg_888888.jpg,0.1929931640625
0,23,exp_a1/12_sq\fg_ffffff_bg_888888.jpg,0.39501953125
1,14,exp_a1/12_sq\fg_921e3e_bg_888888.jpg,0.389892578125
2,3,exp_a1/12_sq\fg_0000ff_bg_888888.jpg,0.387451171875
3,0,exp_a1/12_sq\fg_000000_bg_888888.jpg,0.385986328125
4,17,exp_a1/12_sq\fg_ff0000_bg_888888.jpg,0.37890625
5,9,exp_a1/12_sq\fg_00ffff_bg_888888.jpg,0.378173828125
6,6,exp_a1/12_sq\fg_00ff00_bg_888888.jpg,0.3779296875
7,20,exp_a1/12_sq\fg_ffff00_bg_888888.jpg,0.3779296875
8,12,exp_a1/12_sq\fg_888888_bg_ffffff.jpg,0.304931640625
9,15,exp_a1/12_sq\fg_921e3e_bg_ffffff.jpg,0.303955078125
10,4,exp_a1/12_sq\fg_0000ff_bg_ffffff.jpg,0.302001953125
11,1,exp_a1/12_sq\fg_000000_bg_ffffff.jpg,0.30029296875
12,18,exp_a1/12_sq\fg_ff0000_bg_ffffff.jpg,0.299560546875
13,7,exp_a1/12_sq\fg_00ff00_bg_ffffff.jpg,0.299560546875
14,10,exp_a1/12_sq\fg_00ffff_bg_ffffff.jpg,0.29931640625
15,21,exp_a1/12_sq\fg_ffff00_bg_ffffff.jpg,0.29931640625
16,22,exp_a1/12_sq\fg_ffffff_bg_000000.jpg,0.1868896484375
17,16,exp_a1/12_sq\fg_ff0000_bg_000000.jpg,0.1866455078125
18,11,exp_a1/12_sq\fg_888888_bg_000000.jpg,0.1854248046875
19,8,exp_a1/12_sq\fg_00ffff_bg_000000.jpg,0.185302734375
20,19,exp_a1/12_sq\fg_ffff00_bg_000000.jpg,0.1849365234375
21,5,exp_a1/12_sq\fg_00ff00_bg_000000.jpg,0.1846923828125
22,13,exp_a1/12_sq\fg_921e3e_bg_000000.jpg,0.1839599609375
23,2,exp_a1/12_sq\fg_0000ff_bg_000000.jpg,0.18359375
0,21,exp_a1/148_sq\fg_ffff00_bg_ffffff.jpg,0.3330078125
1,10,exp_a1/148_sq\fg_00ffff_bg_ffffff.jpg,0.327880859375
2,1,exp_a1/148_sq\fg_000000_bg_ffffff.jpg,0.3017578125
3,7,exp_a1/148_sq\fg_00ff00_bg_ffffff.jpg,0.29296875
4,18,exp_a1/148_sq\fg_ff0000_bg_ffffff.jpg,0.289794921875
5,4,exp_a1/148_sq\fg_0000ff_bg_ffffff.jpg,0.2861328125
6,6,exp_a1/148_sq\fg_00ff00_bg_888888.jpg,0.285400390625
7,5,exp_a1/148_sq\fg_00ff00_bg_000000.jpg,0.28271484375
8,12,exp_a1/148_sq\fg_888888_bg_ffffff.jpg,0.263916015625
9,13,exp_a1/148_sq\fg_921e3e_bg_000000.jpg,0.259033203125
10,2,exp_a1/148_sq\fg_0000ff_bg_000000.jpg,0.2490234375
11,8,exp_a1/148_sq\fg_00ffff_bg_000000.jpg,0.226318359375
12,11,exp_a1/148_sq\fg_888888_bg_000000.jpg,0.223876953125
13,19,exp_a1/148_sq\fg_ffff00_bg_000000.jpg,0.2198486328125
14,15,exp_a1/148_sq\fg_921e3e_bg_ffffff.jpg,0.2152099609375
15,14,exp_a1/148_sq\fg_921e3e_bg_888888.jpg,0.187744140625
16,9,exp_a1/148_sq\fg_00ffff_bg_888888.jpg,0.1812744140625
17,20,exp_a1/148_sq\fg_ffff00_bg_888888.jpg,0.176513671875
18,3,exp_a1/148_sq\fg_0000ff_bg_888888.jpg,0.1739501953125
19,22,exp_a1/148_sq\fg_ffffff_bg_000000.jpg,0.1568603515625
20,17,exp_a1/148_sq\fg_ff0000_bg_888888.jpg,0.154541015625
21,23,exp_a1/148_sq\fg_ffffff_bg_888888.jpg,0.150146484375
22,0,exp_a1/148_sq\fg_000000_bg_888888.jpg,0.14990234375
23,16,exp_a1/148_sq\fg_ff0000_bg_000000.jpg,0.136962890625
0,19,exp_a1/200_sq\fg_ffff00_bg_000000.jpg,0.315185546875
1,5,exp_a1/200_sq\fg_00ff00_bg_000000.jpg,0.3115234375
2,18,exp_a1/200_sq\fg_ff0000_bg_ffffff.jpg,0.296142578125
3,8,exp_a1/200_sq\fg_00ffff_bg_000000.jpg,0.28759765625
4,11,exp_a1/200_sq\fg_888888_bg_000000.jpg,0.282470703125
5,10,exp_a1/200_sq\fg_00ffff_bg_ffffff.jpg,0.277099609375
6,21,exp_a1/200_sq\fg_ffff00_bg_ffffff.jpg,0.26171875
7,13,exp_a1/200_sq\fg_921e3e_bg_000000.jpg,0.259521484375
8,22,exp_a1/200_sq\fg_ffffff_bg_000000.jpg,0.2447509765625
9,7,exp_a1/200_sq\fg_00ff00_bg_ffffff.jpg,0.2376708984375
10,2,exp_a1/200_sq\fg_0000ff_bg_000000.jpg,0.236328125
11,16,exp_a1/200_sq\fg_ff0000_bg_000000.jpg,0.234130859375
12,0,exp_a1/200_sq\fg_000000_bg_888888.jpg,0.22265625
13,20,exp_a1/200_sq\fg_ffff00_bg_888888.jpg,0.2054443359375
14,6,exp_a1/200_sq\fg_00ff00_bg_888888.jpg,0.195068359375
15,14,exp_a1/200_sq\fg_921e3e_bg_888888.jpg,0.193359375
16,3,exp_a1/200_sq\fg_0000ff_bg_888888.jpg,0.1890869140625
17,1,exp_a1/200_sq\fg_000000_bg_ffffff.jpg,0.18603515625
18,17,exp_a1/200_sq\fg_ff0000_bg_888888.jpg,0.17822265625
19,23,exp_a1/200_sq\fg_ffffff_bg_888888.jpg,0.1741943359375
20,4,exp_a1/200_sq\fg_0000ff_bg_ffffff.jpg,0.164794921875
21,9,exp_a1/200_sq\fg_00ffff_bg_888888.jpg,0.1357421875
22,15,exp_a1/200_sq\fg_921e3e_bg_ffffff.jpg,0.1339111328125
23,12,exp_a1/200_sq\fg_888888_bg_ffffff.jpg,0.049224853515625
0,0,exp_a1/4_sq\fg_000000_bg_888888.jpg,0.409912109375
1,9,exp_a1/4_sq\fg_00ffff_bg_888888.jpg,0.405517578125
2,3,exp_a1/4_sq\fg_0000ff_bg_888888.jpg,0.405517578125
3,14,exp_a1/4_sq\fg_921e3e_bg_888888.jpg,0.404296875
4,23,exp_a1/4_sq\fg_ffffff_bg_888888.jpg,0.40283203125
5,17,exp_a1/4_sq\fg_ff0000_bg_888888.jpg,0.401611328125
6,20,exp_a1/4_sq\fg_ffff00_bg_888888.jpg,0.400390625
7,6,exp_a1/4_sq\fg_00ff00_bg_888888.jpg,0.399169921875
8,10,exp_a1/4_sq\fg_00ffff_bg_ffffff.jpg,0.299560546875
9,12,exp_a1/4_sq\fg_888888_bg_ffffff.jpg,0.29931640625
10,7,exp_a1/4_sq\fg_00ff00_bg_ffffff.jpg,0.29931640625
11,4,exp_a1/4_sq\fg_0000ff_bg_ffffff.jpg,0.29931640625
12,1,exp_a1/4_sq\fg_000000_bg_ffffff.jpg,0.29931640625
13,15,exp_a1/4_sq\fg_921e3e_bg_ffffff.jpg,0.29931640625
14,18,exp_a1/4_sq\fg_ff0000_bg_ffffff.jpg,0.29931640625
15,21,exp_a1/4_sq\fg_ffff00_bg_ffffff.jpg,0.299072265625
16,22,exp_a1/4_sq\fg_ffffff_bg_000000.jpg,0.1842041015625
17,5,exp_a1/4_sq\fg_00ff00_bg_000000.jpg,0.18408203125
18,16,exp_a1/4_sq\fg_ff0000_bg_000000.jpg,0.183837890625
19,19,exp_a1/4_sq\fg_ffff00_bg_000000.jpg,0.183837890625
20,13,exp_a1/4_sq\fg_921e3e_bg_000000.jpg,0.183837890625
21,2,exp_a1/4_sq\fg_0000ff_bg_000000.jpg,0.183837890625
22,11,exp_a1/4_sq\fg_888888_bg_000000.jpg,0.1837158203125
23,8,exp_a1/4_sq\fg_00ffff_bg_000000.jpg,0.1837158203125
0,6,exp_a1/56_sq\fg_00ff00_bg_888888.jpg,0.40234375
1,14,exp_a1/56_sq\fg_921e3e_bg_888888.jpg,0.39208984375
2,9,exp_a1/56_sq\fg_00ffff_bg_888888.jpg,0.384033203125
3,3,exp_a1/56_sq\fg_0000ff_bg_888888.jpg,0.3798828125
4,0,exp_a1/56_sq\fg_000000_bg_888888.jpg,0.375244140625
5,20,exp_a1/56_sq\fg_ffff00_bg_888888.jpg,0.35595703125
6,21,exp_a1/56_sq\fg_ffff00_bg_ffffff.jpg,0.332275390625
7,1,exp_a1/56_sq\fg_000000_bg_ffffff.jpg,0.3310546875
8,4,exp_a1/56_sq\fg_0000ff_bg_ffffff.jpg,0.322021484375
9,10,exp_a1/56_sq\fg_00ffff_bg_ffffff.jpg,0.317626953125
10,7,exp_a1/56_sq\fg_00ff00_bg_ffffff.jpg,0.3125
11,12,exp_a1/56_sq\fg_888888_bg_ffffff.jpg,0.3076171875
12,17,exp_a1/56_sq\fg_ff0000_bg_888888.jpg,0.303955078125
13,15,exp_a1/56_sq\fg_921e3e_bg_ffffff.jpg,0.30029296875
14,18,exp_a1/56_sq\fg_ff0000_bg_ffffff.jpg,0.2919921875
15,23,exp_a1/56_sq\fg_ffffff_bg_888888.jpg,0.2607421875
16,13,exp_a1/56_sq\fg_921e3e_bg_000000.jpg,0.24560546875
17,11,exp_a1/56_sq\fg_888888_bg_000000.jpg,0.2423095703125
18,19,exp_a1/56_sq\fg_ffff00_bg_000000.jpg,0.207275390625
19,22,exp_a1/56_sq\fg_ffffff_bg_000000.jpg,0.2059326171875
20,16,exp_a1/56_sq\fg_ff0000_bg_000000.jpg,0.2027587890625
21,8,exp_a1/56_sq\fg_00ffff_bg_000000.jpg,0.2003173828125
22,5,exp_a1/56_sq\fg_00ff00_bg_000000.jpg,0.195068359375
23,2,exp_a1/56_sq\fg_0000ff_bg_000000.jpg,0.1942138671875
0,4,exp_a1/colors\bg_888888.jpg,0.40771484375
1,8,exp_a1/colors\bg_ffffff.png,0.29931640625
2,7,exp_a1/colors\bg_ffff00.jpg,0.294189453125
3,6,exp_a1/colors\bg_ff0000.jpg,0.264404296875
4,5,exp_a1/colors\bg_921e3e.jpg,0.2484130859375
5,3,exp_a1/colors\bg_00ffff.jpg,0.2381591796875
6,2,exp_a1/colors\bg_00ff00.jpg,0.23779296875
7,1,exp_a1/colors\bg_0000ff.jpg,0.2236328125
8,0,exp_a1/colors\bg_000000.jpg,0.183837890625
