,Unnamed: 0,filepaths,similarity
0,1,exp_a1/112_sq\fg_000000_bg_ffffff.jpg,0.276123046875
1,22,exp_a1/112_sq\fg_ffffff_bg_000000.jpg,0.27587890625
2,13,exp_a1/112_sq\fg_921e3e_bg_000000.jpg,0.273681640625
3,2,exp_a1/112_sq\fg_0000ff_bg_000000.jpg,0.268310546875
4,8,exp_a1/112_sq\fg_00ffff_bg_000000.jpg,0.268310546875
5,10,exp_a1/112_sq\fg_00ffff_bg_ffffff.jpg,0.26708984375
6,17,exp_a1/112_sq\fg_ff0000_bg_888888.jpg,0.266357421875
7,20,exp_a1/112_sq\fg_ffff00_bg_888888.jpg,0.265869140625
8,23,exp_a1/112_sq\fg_ffffff_bg_888888.jpg,0.265380859375
9,16,exp_a1/112_sq\fg_ff0000_bg_000000.jpg,0.265380859375
10,9,exp_a1/112_sq\fg_00ffff_bg_888888.jpg,0.265380859375
11,0,exp_a1/112_sq\fg_000000_bg_888888.jpg,0.2646484375
12,7,exp_a1/112_sq\fg_00ff00_bg_ffffff.jpg,0.2626953125
13,14,exp_a1/112_sq\fg_921e3e_bg_888888.jpg,0.262451171875
14,3,exp_a1/112_sq\fg_0000ff_bg_888888.jpg,0.262451171875
15,4,exp_a1/112_sq\fg_0000ff_bg_ffffff.jpg,0.26220703125
16,19,exp_a1/112_sq\fg_ffff00_bg_000000.jpg,0.26123046875
17,18,exp_a1/112_sq\fg_ff0000_bg_ffffff.jpg,0.258544921875
18,21,exp_a1/112_sq\fg_ffff00_bg_ffffff.jpg,0.257568359375
19,5,exp_a1/112_sq\fg_00ff00_bg_000000.jpg,0.255859375
20,15,exp_a1/112_sq\fg_921e3e_bg_ffffff.jpg,0.25537109375
21,11,exp_a1/112_sq\fg_888888_bg_000000.jpg,0.2548828125
22,6,exp_a1/112_sq\fg_00ff00_bg_888888.jpg,0.250244140625
23,12,exp_a1/112_sq\fg_888888_bg_ffffff.jpg,0.2440185546875
0,11,exp_a1/12_sq\fg_888888_bg_000000.jpg,0.279541015625
1,8,exp_a1/12_sq\fg_00ffff_bg_000000.jpg,0.277099609375
2,13,exp_a1/12_sq\fg_921e3e_bg_000000.jpg,0.276611328125
3,2,exp_a1/12_sq\fg_0000ff_bg_000000.jpg,0.27587890625
4,22,exp_a1/12_sq\fg_ffffff_bg_000000.jpg,0.27490234375
5,19,exp_a1/12_sq\fg_ffff00_bg_000000.jpg,0.272705078125
6,5,exp_a1/12_sq\fg_00ff00_bg_000000.jpg,0.27099609375
7,16,exp_a1/12_sq\fg_ff0000_bg_000000.jpg,0.27099609375
8,18,exp_a1/12_sq\fg_ff0000_bg_ffffff.jpg,0.267333984375
9,9,exp_a1/12_sq\fg_00ffff_bg_888888.jpg,0.266845703125
10,0,exp_a1/12_sq\fg_000000_bg_888888.jpg,0.264404296875
11,23,exp_a1/12_sq\fg_ffffff_bg_888888.jpg,0.26416015625
12,17,exp_a1/12_sq\fg_ff0000_bg_888888.jpg,0.263671875
13,1,exp_a1/12_sq\fg_000000_bg_ffffff.jpg,0.2626953125
14,10,exp_a1/12_sq\fg_00ffff_bg_ffffff.jpg,0.262451171875
15,6,exp_a1/12_sq\fg_00ff00_bg_888888.jpg,0.260498046875
16,20,exp_a1/12_sq\fg_ffff00_bg_888888.jpg,0.260009765625
17,3,exp_a1/12_sq\fg_0000ff_bg_888888.jpg,0.259765625
18,7,exp_a1/12_sq\fg_00ff00_bg_ffffff.jpg,0.259521484375
19,21,exp_a1/12_sq\fg_ffff00_bg_ffffff.jpg,0.259033203125
20,12,exp_a1/12_sq\fg_888888_bg_ffffff.jpg,0.258544921875
21,14,exp_a1/12_sq\fg_921e3e_bg_888888.jpg,0.258056640625
22,4,exp_a1/12_sq\fg_0000ff_bg_ffffff.jpg,0.25634765625
23,15,exp_a1/12_sq\fg_921e3e_bg_ffffff.jpg,0.2529296875
0,13,exp_a1/148_sq\fg_921e3e_bg_000000.jpg,0.274658203125
1,22,exp_a1/148_sq\fg_ffffff_bg_000000.jpg,0.27294921875
2,10,exp_a1/148_sq\fg_00ffff_bg_ffffff.jpg,0.269287109375
3,1,exp_a1/148_sq\fg_000000_bg_ffffff.jpg,0.267333984375
4,8,exp_a1/148_sq\fg_00ffff_bg_000000.jpg,0.26708984375
5,2,exp_a1/148_sq\fg_0000ff_bg_000000.jpg,0.265869140625
6,18,exp_a1/148_sq\fg_ff0000_bg_ffffff.jpg,0.263671875
7,19,exp_a1/148_sq\fg_ffff00_bg_000000.jpg,0.263671875
8,7,exp_a1/148_sq\fg_00ff00_bg_ffffff.jpg,0.2626953125
9,0,exp_a1/148_sq\fg_000000_bg_888888.jpg,0.260498046875
10,5,exp_a1/148_sq\fg_00ff00_bg_000000.jpg,0.26025390625
11,4,exp_a1/148_sq\fg_0000ff_bg_ffffff.jpg,0.259521484375
12,16,exp_a1/148_sq\fg_ff0000_bg_000000.jpg,0.259033203125
13,11,exp_a1/148_sq\fg_888888_bg_000000.jpg,0.25830078125
14,21,exp_a1/148_sq\fg_ffff00_bg_ffffff.jpg,0.257568359375
15,15,exp_a1/148_sq\fg_921e3e_bg_ffffff.jpg,0.257080078125
16,3,exp_a1/148_sq\fg_0000ff_bg_888888.jpg,0.254150390625
17,20,exp_a1/148_sq\fg_ffff00_bg_888888.jpg,0.25390625
18,17,exp_a1/148_sq\fg_ff0000_bg_888888.jpg,0.251953125
19,23,exp_a1/148_sq\fg_ffffff_bg_888888.jpg,0.2509765625
20,14,exp_a1/148_sq\fg_921e3e_bg_888888.jpg,0.249755859375
21,9,exp_a1/148_sq\fg_00ffff_bg_888888.jpg,0.249755859375
22,12,exp_a1/148_sq\fg_888888_bg_ffffff.jpg,0.246826171875
23,6,exp_a1/148_sq\fg_00ff00_bg_888888.jpg,0.217041015625
0,0,exp_a1/200_sq\fg_000000_bg_888888.jpg,0.280029296875
1,1,exp_a1/200_sq\fg_000000_bg_ffffff.jpg,0.279541015625
2,16,exp_a1/200_sq\fg_ff0000_bg_000000.jpg,0.27197265625
3,10,exp_a1/200_sq\fg_00ffff_bg_ffffff.jpg,0.26904296875
4,22,exp_a1/200_sq\fg_ffffff_bg_000000.jpg,0.265869140625
5,13,exp_a1/200_sq\fg_921e3e_bg_000000.jpg,0.265380859375
6,7,exp_a1/200_sq\fg_00ff00_bg_ffffff.jpg,0.263671875
7,8,exp_a1/200_sq\fg_00ffff_bg_000000.jpg,0.263427734375
8,5,exp_a1/200_sq\fg_00ff00_bg_000000.jpg,0.26220703125
9,2,exp_a1/200_sq\fg_0000ff_bg_000000.jpg,0.26171875
10,17,exp_a1/200_sq\fg_ff0000_bg_888888.jpg,0.260986328125
11,21,exp_a1/200_sq\fg_ffff00_bg_ffffff.jpg,0.260986328125
12,18,exp_a1/200_sq\fg_ff0000_bg_ffffff.jpg,0.260498046875
13,4,exp_a1/200_sq\fg_0000ff_bg_ffffff.jpg,0.26025390625
14,3,exp_a1/200_sq\fg_0000ff_bg_888888.jpg,0.259033203125
15,9,exp_a1/200_sq\fg_00ffff_bg_888888.jpg,0.258056640625
16,19,exp_a1/200_sq\fg_ffff00_bg_000000.jpg,0.256103515625
17,15,exp_a1/200_sq\fg_921e3e_bg_ffffff.jpg,0.2548828125
18,6,exp_a1/200_sq\fg_00ff00_bg_888888.jpg,0.253173828125
19,20,exp_a1/200_sq\fg_ffff00_bg_888888.jpg,0.251708984375
20,14,exp_a1/200_sq\fg_921e3e_bg_888888.jpg,0.2484130859375
21,23,exp_a1/200_sq\fg_ffffff_bg_888888.jpg,0.2454833984375
22,12,exp_a1/200_sq\fg_888888_bg_ffffff.jpg,0.2388916015625
23,11,exp_a1/200_sq\fg_888888_bg_000000.jpg,0.2315673828125
0,22,exp_a1/4_sq\fg_ffffff_bg_000000.jpg,0.279052734375
1,11,exp_a1/4_sq\fg_888888_bg_000000.jpg,0.2783203125
2,8,exp_a1/4_sq\fg_00ffff_bg_000000.jpg,0.27783203125
3,13,exp_a1/4_sq\fg_921e3e_bg_000000.jpg,0.27734375
4,2,exp_a1/4_sq\fg_0000ff_bg_000000.jpg,0.277099609375
5,5,exp_a1/4_sq\fg_00ff00_bg_000000.jpg,0.27587890625
6,19,exp_a1/4_sq\fg_ffff00_bg_000000.jpg,0.275390625
7,16,exp_a1/4_sq\fg_ff0000_bg_000000.jpg,0.2734375
8,1,exp_a1/4_sq\fg_000000_bg_ffffff.jpg,0.2734375
9,4,exp_a1/4_sq\fg_0000ff_bg_ffffff.jpg,0.27197265625
10,10,exp_a1/4_sq\fg_00ffff_bg_ffffff.jpg,0.271240234375
11,7,exp_a1/4_sq\fg_00ff00_bg_ffffff.jpg,0.27099609375
12,18,exp_a1/4_sq\fg_ff0000_bg_ffffff.jpg,0.26806640625
13,23,exp_a1/4_sq\fg_ffffff_bg_888888.jpg,0.267333984375
14,12,exp_a1/4_sq\fg_888888_bg_ffffff.jpg,0.26708984375
15,0,exp_a1/4_sq\fg_000000_bg_888888.jpg,0.266845703125
16,15,exp_a1/4_sq\fg_921e3e_bg_ffffff.jpg,0.265625
17,14,exp_a1/4_sq\fg_921e3e_bg_888888.jpg,0.26416015625
18,21,exp_a1/4_sq\fg_ffff00_bg_ffffff.jpg,0.263916015625
19,9,exp_a1/4_sq\fg_00ffff_bg_888888.jpg,0.263427734375
20,3,exp_a1/4_sq\fg_0000ff_bg_888888.jpg,0.260986328125
21,20,exp_a1/4_sq\fg_ffff00_bg_888888.jpg,0.256103515625
22,17,exp_a1/4_sq\fg_ff0000_bg_888888.jpg,0.255126953125
23,6,exp_a1/4_sq\fg_00ff00_bg_888888.jpg,0.2476806640625
0,22,exp_a1/56_sq\fg_ffffff_bg_000000.jpg,0.275390625
1,8,exp_a1/56_sq\fg_00ffff_bg_000000.jpg,0.273681640625
2,11,exp_a1/56_sq\fg_888888_bg_000000.jpg,0.27197265625
3,1,exp_a1/56_sq\fg_000000_bg_ffffff.jpg,0.26904296875
4,16,exp_a1/56_sq\fg_ff0000_bg_000000.jpg,0.2685546875
5,13,exp_a1/56_sq\fg_921e3e_bg_000000.jpg,0.2685546875
6,2,exp_a1/56_sq\fg_0000ff_bg_000000.jpg,0.268310546875
7,10,exp_a1/56_sq\fg_00ffff_bg_ffffff.jpg,0.265625
8,4,exp_a1/56_sq\fg_0000ff_bg_ffffff.jpg,0.264404296875
9,18,exp_a1/56_sq\fg_ff0000_bg_ffffff.jpg,0.26318359375
10,19,exp_a1/56_sq\fg_ffff00_bg_000000.jpg,0.26220703125
11,23,exp_a1/56_sq\fg_ffffff_bg_888888.jpg,0.26171875
12,7,exp_a1/56_sq\fg_00ff00_bg_ffffff.jpg,0.26171875
13,5,exp_a1/56_sq\fg_00ff00_bg_000000.jpg,0.261474609375
14,3,exp_a1/56_sq\fg_0000ff_bg_888888.jpg,0.260009765625
15,20,exp_a1/56_sq\fg_ffff00_bg_888888.jpg,0.2587890625
16,0,exp_a1/56_sq\fg_000000_bg_888888.jpg,0.25732421875
17,17,exp_a1/56_sq\fg_ff0000_bg_888888.jpg,0.257080078125
18,9,exp_a1/56_sq\fg_00ffff_bg_888888.jpg,0.25634765625
19,21,exp_a1/56_sq\fg_ffff00_bg_ffffff.jpg,0.256103515625
20,12,exp_a1/56_sq\fg_888888_bg_ffffff.jpg,0.25439453125
21,14,exp_a1/56_sq\fg_921e3e_bg_888888.jpg,0.25390625
22,15,exp_a1/56_sq\fg_921e3e_bg_ffffff.jpg,0.252197265625
23,6,exp_a1/56_sq\fg_00ff00_bg_888888.jpg,0.2451171875
0,0,exp_a1/colors\bg_000000.jpg,0.279541015625
1,1,exp_a1/colors\bg_0000ff.jpg,0.260498046875
2,8,exp_a1/colors\bg_ffffff.png,0.260498046875
3,5,exp_a1/colors\bg_921e3e.jpg,0.2568359375
4,6,exp_a1/colors\bg_ff0000.jpg,0.25537109375
5,2,exp_a1/colors\bg_00ff00.jpg,0.246337890625
6,3,exp_a1/colors\bg_00ffff.jpg,0.246337890625
7,7,exp_a1/colors\bg_ffff00.jpg,0.2408447265625
8,4,exp_a1/colors\bg_888888.jpg,0.2322998046875
