,Unnamed: 0,filepaths,similarity
0,6,exp_a1/112_sq\fg_00ff00_bg_888888.jpg,0.342041015625
1,14,exp_a1/112_sq\fg_921e3e_bg_888888.jpg,0.326904296875
2,21,exp_a1/112_sq\fg_ffff00_bg_ffffff.jpg,0.3046875
3,9,exp_a1/112_sq\fg_00ffff_bg_888888.jpg,0.303955078125
4,10,exp_a1/112_sq\fg_00ffff_bg_ffffff.jpg,0.2998046875
5,12,exp_a1/112_sq\fg_888888_bg_ffffff.jpg,0.29052734375
6,1,exp_a1/112_sq\fg_000000_bg_ffffff.jpg,0.290283203125
7,4,exp_a1/112_sq\fg_0000ff_bg_ffffff.jpg,0.285400390625
8,18,exp_a1/112_sq\fg_ff0000_bg_ffffff.jpg,0.279052734375
9,7,exp_a1/112_sq\fg_00ff00_bg_ffffff.jpg,0.273681640625
10,11,exp_a1/112_sq\fg_888888_bg_000000.jpg,0.271728515625
11,3,exp_a1/112_sq\fg_0000ff_bg_888888.jpg,0.267333984375
12,15,exp_a1/112_sq\fg_921e3e_bg_ffffff.jpg,0.264892578125
13,5,exp_a1/112_sq\fg_00ff00_bg_000000.jpg,0.244873046875
14,13,exp_a1/112_sq\fg_921e3e_bg_000000.jpg,0.240234375
15,8,exp_a1/112_sq\fg_00ffff_bg_000000.jpg,0.218017578125
16,22,exp_a1/112_sq\fg_ffffff_bg_000000.jpg,0.2169189453125
17,16,exp_a1/112_sq\fg_ff0000_bg_000000.jpg,0.215576171875
18,2,exp_a1/112_sq\fg_0000ff_bg_000000.jpg,0.2049560546875
19,19,exp_a1/112_sq\fg_ffff00_bg_000000.jpg,0.202392578125
20,0,exp_a1/112_sq\fg_000000_bg_888888.jpg,0.198974609375
21,20,exp_a1/112_sq\fg_ffff00_bg_888888.jpg,0.1903076171875
22,23,exp_a1/112_sq\fg_ffffff_bg_888888.jpg,0.17236328125
23,17,exp_a1/112_sq\fg_ff0000_bg_888888.jpg,0.1669921875
0,3,exp_a1/12_sq\fg_0000ff_bg_888888.jpg,0.383056640625
1,0,exp_a1/12_sq\fg_000000_bg_888888.jpg,0.37939453125
2,14,exp_a1/12_sq\fg_921e3e_bg_888888.jpg,0.378173828125
3,23,exp_a1/12_sq\fg_ffffff_bg_888888.jpg,0.3740234375
4,20,exp_a1/12_sq\fg_ffff00_bg_888888.jpg,0.36181640625
5,17,exp_a1/12_sq\fg_ff0000_bg_888888.jpg,0.357421875
6,9,exp_a1/12_sq\fg_00ffff_bg_888888.jpg,0.35546875
7,6,exp_a1/12_sq\fg_00ff00_bg_888888.jpg,0.3447265625
8,12,exp_a1/12_sq\fg_888888_bg_ffffff.jpg,0.29296875
9,15,exp_a1/12_sq\fg_921e3e_bg_ffffff.jpg,0.29296875
10,4,exp_a1/12_sq\fg_0000ff_bg_ffffff.jpg,0.291259765625
11,1,exp_a1/12_sq\fg_000000_bg_ffffff.jpg,0.290771484375
12,18,exp_a1/12_sq\fg_ff0000_bg_ffffff.jpg,0.290283203125
13,21,exp_a1/12_sq\fg_ffff00_bg_ffffff.jpg,0.290283203125
14,10,exp_a1/12_sq\fg_00ffff_bg_ffffff.jpg,0.2890625
15,7,exp_a1/12_sq\fg_00ff00_bg_ffffff.jpg,0.2890625
16,22,exp_a1/12_sq\fg_ffffff_bg_000000.jpg,0.1724853515625
17,16,exp_a1/12_sq\fg_ff0000_bg_000000.jpg,0.172119140625
18,11,exp_a1/12_sq\fg_888888_bg_000000.jpg,0.1717529296875
19,8,exp_a1/12_sq\fg_00ffff_bg_000000.jpg,0.1707763671875
20,19,exp_a1/12_sq\fg_ffff00_bg_000000.jpg,0.1702880859375
21,5,exp_a1/12_sq\fg_00ff00_bg_000000.jpg,0.170166015625
22,13,exp_a1/12_sq\fg_921e3e_bg_000000.jpg,0.16943359375
23,2,exp_a1/12_sq\fg_0000ff_bg_000000.jpg,0.1685791015625
0,10,exp_a1/148_sq\fg_00ffff_bg_ffffff.jpg,0.32470703125
1,21,exp_a1/148_sq\fg_ffff00_bg_ffffff.jpg,0.3125
2,7,exp_a1/148_sq\fg_00ff00_bg_ffffff.jpg,0.287109375
3,1,exp_a1/148_sq\fg_000000_bg_ffffff.jpg,0.281494140625
4,18,exp_a1/148_sq\fg_ff0000_bg_ffffff.jpg,0.27978515625
5,6,exp_a1/148_sq\fg_00ff00_bg_888888.jpg,0.278076171875
6,12,exp_a1/148_sq\fg_888888_bg_ffffff.jpg,0.2724609375
7,4,exp_a1/148_sq\fg_0000ff_bg_ffffff.jpg,0.271240234375
8,5,exp_a1/148_sq\fg_00ff00_bg_000000.jpg,0.259033203125
9,11,exp_a1/148_sq\fg_888888_bg_000000.jpg,0.23828125
10,13,exp_a1/148_sq\fg_921e3e_bg_000000.jpg,0.232421875
11,2,exp_a1/148_sq\fg_0000ff_bg_000000.jpg,0.2275390625
12,8,exp_a1/148_sq\fg_00ffff_bg_000000.jpg,0.2120361328125
13,19,exp_a1/148_sq\fg_ffff00_bg_000000.jpg,0.2069091796875
14,15,exp_a1/148_sq\fg_921e3e_bg_ffffff.jpg,0.1954345703125
15,9,exp_a1/148_sq\fg_00ffff_bg_888888.jpg,0.1712646484375
16,17,exp_a1/148_sq\fg_ff0000_bg_888888.jpg,0.169677734375
17,14,exp_a1/148_sq\fg_921e3e_bg_888888.jpg,0.1678466796875
18,23,exp_a1/148_sq\fg_ffffff_bg_888888.jpg,0.165283203125
19,3,exp_a1/148_sq\fg_0000ff_bg_888888.jpg,0.15673828125
20,22,exp_a1/148_sq\fg_ffffff_bg_000000.jpg,0.1490478515625
21,20,exp_a1/148_sq\fg_ffff00_bg_888888.jpg,0.14697265625
22,0,exp_a1/148_sq\fg_000000_bg_888888.jpg,0.13916015625
23,16,exp_a1/148_sq\fg_ff0000_bg_000000.jpg,0.130126953125
0,5,exp_a1/200_sq\fg_00ff00_bg_000000.jpg,0.313232421875
1,18,exp_a1/200_sq\fg_ff0000_bg_ffffff.jpg,0.2919921875
2,19,exp_a1/200_sq\fg_ffff00_bg_000000.jpg,0.28662109375
3,8,exp_a1/200_sq\fg_00ffff_bg_000000.jpg,0.28564453125
4,11,exp_a1/200_sq\fg_888888_bg_000000.jpg,0.285400390625
5,10,exp_a1/200_sq\fg_00ffff_bg_ffffff.jpg,0.264892578125
6,21,exp_a1/200_sq\fg_ffff00_bg_ffffff.jpg,0.2452392578125
7,22,exp_a1/200_sq\fg_ffffff_bg_000000.jpg,0.2415771484375
8,16,exp_a1/200_sq\fg_ff0000_bg_000000.jpg,0.2293701171875
9,13,exp_a1/200_sq\fg_921e3e_bg_000000.jpg,0.2235107421875
10,0,exp_a1/200_sq\fg_000000_bg_888888.jpg,0.22265625
11,2,exp_a1/200_sq\fg_0000ff_bg_000000.jpg,0.2166748046875
12,7,exp_a1/200_sq\fg_00ff00_bg_ffffff.jpg,0.2158203125
13,20,exp_a1/200_sq\fg_ffff00_bg_888888.jpg,0.20556640625
14,6,exp_a1/200_sq\fg_00ff00_bg_888888.jpg,0.2022705078125
15,17,exp_a1/200_sq\fg_ff0000_bg_888888.jpg,0.2003173828125
16,23,exp_a1/200_sq\fg_ffffff_bg_888888.jpg,0.1929931640625
17,3,exp_a1/200_sq\fg_0000ff_bg_888888.jpg,0.180908203125
18,14,exp_a1/200_sq\fg_921e3e_bg_888888.jpg,0.17919921875
19,1,exp_a1/200_sq\fg_000000_bg_ffffff.jpg,0.157958984375
20,9,exp_a1/200_sq\fg_00ffff_bg_888888.jpg,0.151611328125
21,4,exp_a1/200_sq\fg_0000ff_bg_ffffff.jpg,0.1348876953125
22,15,exp_a1/200_sq\fg_921e3e_bg_ffffff.jpg,0.098876953125
23,12,exp_a1/200_sq\fg_888888_bg_ffffff.jpg,0.01340484619140625
0,0,exp_a1/4_sq\fg_000000_bg_888888.jpg,0.40234375
1,3,exp_a1/4_sq\fg_0000ff_bg_888888.jpg,0.384521484375
2,23,exp_a1/4_sq\fg_ffffff_bg_888888.jpg,0.374267578125
3,20,exp_a1/4_sq\fg_ffff00_bg_888888.jpg,0.369873046875
4,14,exp_a1/4_sq\fg_921e3e_bg_888888.jpg,0.36962890625
5,9,exp_a1/4_sq\fg_00ffff_bg_888888.jpg,0.365478515625
6,17,exp_a1/4_sq\fg_ff0000_bg_888888.jpg,0.35986328125
7,6,exp_a1/4_sq\fg_00ff00_bg_888888.jpg,0.359130859375
8,10,exp_a1/4_sq\fg_00ffff_bg_ffffff.jpg,0.2919921875
9,18,exp_a1/4_sq\fg_ff0000_bg_ffffff.jpg,0.291748046875
10,15,exp_a1/4_sq\fg_921e3e_bg_ffffff.jpg,0.291748046875
11,12,exp_a1/4_sq\fg_888888_bg_ffffff.jpg,0.29150390625
12,7,exp_a1/4_sq\fg_00ff00_bg_ffffff.jpg,0.29150390625
13,4,exp_a1/4_sq\fg_0000ff_bg_ffffff.jpg,0.29150390625
14,21,exp_a1/4_sq\fg_ffff00_bg_ffffff.jpg,0.291259765625
15,1,exp_a1/4_sq\fg_000000_bg_ffffff.jpg,0.291259765625
16,22,exp_a1/4_sq\fg_ffffff_bg_000000.jpg,0.169189453125
17,5,exp_a1/4_sq\fg_00ff00_bg_000000.jpg,0.1689453125
18,13,exp_a1/4_sq\fg_921e3e_bg_000000.jpg,0.1688232421875
19,19,exp_a1/4_sq\fg_ffff00_bg_000000.jpg,0.168701171875
20,11,exp_a1/4_sq\fg_888888_bg_000000.jpg,0.168701171875
21,8,exp_a1/4_sq\fg_00ffff_bg_000000.jpg,0.168701171875
22,2,exp_a1/4_sq\fg_0000ff_bg_000000.jpg,0.168701171875
23,16,exp_a1/4_sq\fg_ff0000_bg_000000.jpg,0.1685791015625
0,6,exp_a1/56_sq\fg_00ff00_bg_888888.jpg,0.391357421875
1,14,exp_a1/56_sq\fg_921e3e_bg_888888.jpg,0.386962890625
2,0,exp_a1/56_sq\fg_000000_bg_888888.jpg,0.376708984375
3,3,exp_a1/56_sq\fg_0000ff_bg_888888.jpg,0.376708984375
4,9,exp_a1/56_sq\fg_00ffff_bg_888888.jpg,0.373779296875
5,20,exp_a1/56_sq\fg_ffff00_bg_888888.jpg,0.35693359375
6,21,exp_a1/56_sq\fg_ffff00_bg_ffffff.jpg,0.32421875
7,1,exp_a1/56_sq\fg_000000_bg_ffffff.jpg,0.314453125
8,4,exp_a1/56_sq\fg_0000ff_bg_ffffff.jpg,0.306884765625
9,10,exp_a1/56_sq\fg_00ffff_bg_ffffff.jpg,0.306640625
10,12,exp_a1/56_sq\fg_888888_bg_ffffff.jpg,0.300048828125
11,7,exp_a1/56_sq\fg_00ff00_bg_ffffff.jpg,0.296875
12,15,exp_a1/56_sq\fg_921e3e_bg_ffffff.jpg,0.29541015625
13,17,exp_a1/56_sq\fg_ff0000_bg_888888.jpg,0.28759765625
14,18,exp_a1/56_sq\fg_ff0000_bg_ffffff.jpg,0.281982421875
15,23,exp_a1/56_sq\fg_ffffff_bg_888888.jpg,0.2435302734375
16,11,exp_a1/56_sq\fg_888888_bg_000000.jpg,0.2315673828125
17,13,exp_a1/56_sq\fg_921e3e_bg_000000.jpg,0.22900390625
18,19,exp_a1/56_sq\fg_ffff00_bg_000000.jpg,0.1907958984375
19,22,exp_a1/56_sq\fg_ffffff_bg_000000.jpg,0.1895751953125
20,16,exp_a1/56_sq\fg_ff0000_bg_000000.jpg,0.189453125
21,8,exp_a1/56_sq\fg_00ffff_bg_000000.jpg,0.18115234375
22,2,exp_a1/56_sq\fg_0000ff_bg_000000.jpg,0.18017578125
23,5,exp_a1/56_sq\fg_00ff00_bg_000000.jpg,0.1771240234375
0,4,exp_a1/colors\bg_888888.jpg,0.3818359375
1,8,exp_a1/colors\bg_ffffff.png,0.292236328125
2,7,exp_a1/colors\bg_ffff00.jpg,0.28955078125
3,3,exp_a1/colors\bg_00ffff.jpg,0.2451171875
4,6,exp_a1/colors\bg_ff0000.jpg,0.242431640625
5,2,exp_a1/colors\bg_00ff00.jpg,0.2373046875
6,5,exp_a1/colors\bg_921e3e.jpg,0.2164306640625
7,1,exp_a1/colors\bg_0000ff.jpg,0.211669921875
8,0,exp_a1/colors\bg_000000.jpg,0.1688232421875
