,Unnamed: 0,filepaths,similarity
0,6,exp_a1/112_sq\fg_00ff00_bg_888888.jpg,0.35302734375
1,14,exp_a1/112_sq\fg_921e3e_bg_888888.jpg,0.337890625
2,21,exp_a1/112_sq\fg_ffff00_bg_ffffff.jpg,0.335205078125
3,10,exp_a1/112_sq\fg_00ffff_bg_ffffff.jpg,0.333984375
4,1,exp_a1/112_sq\fg_000000_bg_ffffff.jpg,0.321533203125
5,9,exp_a1/112_sq\fg_00ffff_bg_888888.jpg,0.314453125
6,4,exp_a1/112_sq\fg_0000ff_bg_ffffff.jpg,0.310302734375
7,7,exp_a1/112_sq\fg_00ff00_bg_ffffff.jpg,0.3056640625
8,18,exp_a1/112_sq\fg_ff0000_bg_ffffff.jpg,0.302978515625
9,12,exp_a1/112_sq\fg_888888_bg_ffffff.jpg,0.30224609375
10,15,exp_a1/112_sq\fg_921e3e_bg_ffffff.jpg,0.29296875
11,3,exp_a1/112_sq\fg_0000ff_bg_888888.jpg,0.279541015625
12,5,exp_a1/112_sq\fg_00ff00_bg_000000.jpg,0.270751953125
13,11,exp_a1/112_sq\fg_888888_bg_000000.jpg,0.263916015625
14,13,exp_a1/112_sq\fg_921e3e_bg_000000.jpg,0.2578125
15,16,exp_a1/112_sq\fg_ff0000_bg_000000.jpg,0.2442626953125
16,8,exp_a1/112_sq\fg_00ffff_bg_000000.jpg,0.243896484375
17,22,exp_a1/112_sq\fg_ffffff_bg_000000.jpg,0.2431640625
18,2,exp_a1/112_sq\fg_0000ff_bg_000000.jpg,0.22119140625
19,19,exp_a1/112_sq\fg_ffff00_bg_000000.jpg,0.2200927734375
20,0,exp_a1/112_sq\fg_000000_bg_888888.jpg,0.214111328125
21,20,exp_a1/112_sq\fg_ffff00_bg_888888.jpg,0.2071533203125
22,23,exp_a1/112_sq\fg_ffffff_bg_888888.jpg,0.190185546875
23,17,exp_a1/112_sq\fg_ff0000_bg_888888.jpg,0.18603515625
0,14,exp_a1/12_sq\fg_921e3e_bg_888888.jpg,0.388671875
1,23,exp_a1/12_sq\fg_ffffff_bg_888888.jpg,0.38818359375
2,3,exp_a1/12_sq\fg_0000ff_bg_888888.jpg,0.386474609375
3,0,exp_a1/12_sq\fg_000000_bg_888888.jpg,0.385009765625
4,20,exp_a1/12_sq\fg_ffff00_bg_888888.jpg,0.3720703125
5,17,exp_a1/12_sq\fg_ff0000_bg_888888.jpg,0.369873046875
6,9,exp_a1/12_sq\fg_00ffff_bg_888888.jpg,0.36767578125
7,6,exp_a1/12_sq\fg_00ff00_bg_888888.jpg,0.359619140625
8,12,exp_a1/12_sq\fg_888888_bg_ffffff.jpg,0.31689453125
9,15,exp_a1/12_sq\fg_921e3e_bg_ffffff.jpg,0.31640625
10,4,exp_a1/12_sq\fg_0000ff_bg_ffffff.jpg,0.314453125
11,1,exp_a1/12_sq\fg_000000_bg_ffffff.jpg,0.3134765625
12,18,exp_a1/12_sq\fg_ff0000_bg_ffffff.jpg,0.3134765625
13,21,exp_a1/12_sq\fg_ffff00_bg_ffffff.jpg,0.313232421875
14,10,exp_a1/12_sq\fg_00ffff_bg_ffffff.jpg,0.3125
15,7,exp_a1/12_sq\fg_00ff00_bg_ffffff.jpg,0.312255859375
16,22,exp_a1/12_sq\fg_ffffff_bg_000000.jpg,0.184814453125
17,11,exp_a1/12_sq\fg_888888_bg_000000.jpg,0.1845703125
18,16,exp_a1/12_sq\fg_ff0000_bg_000000.jpg,0.184326171875
19,8,exp_a1/12_sq\fg_00ffff_bg_000000.jpg,0.1829833984375
20,5,exp_a1/12_sq\fg_00ff00_bg_000000.jpg,0.1826171875
21,19,exp_a1/12_sq\fg_ffff00_bg_000000.jpg,0.1824951171875
22,13,exp_a1/12_sq\fg_921e3e_bg_000000.jpg,0.181884765625
23,2,exp_a1/12_sq\fg_0000ff_bg_000000.jpg,0.1812744140625
0,21,exp_a1/148_sq\fg_ffff00_bg_ffffff.jpg,0.34619140625
1,10,exp_a1/148_sq\fg_00ffff_bg_ffffff.jpg,0.341552734375
2,7,exp_a1/148_sq\fg_00ff00_bg_ffffff.jpg,0.313720703125
3,1,exp_a1/148_sq\fg_000000_bg_ffffff.jpg,0.3037109375
4,18,exp_a1/148_sq\fg_ff0000_bg_ffffff.jpg,0.3017578125
5,4,exp_a1/148_sq\fg_0000ff_bg_ffffff.jpg,0.293212890625
6,6,exp_a1/148_sq\fg_00ff00_bg_888888.jpg,0.289306640625
7,12,exp_a1/148_sq\fg_888888_bg_ffffff.jpg,0.28076171875
8,5,exp_a1/148_sq\fg_00ff00_bg_000000.jpg,0.278564453125
9,13,exp_a1/148_sq\fg_921e3e_bg_000000.jpg,0.254638671875
10,2,exp_a1/148_sq\fg_0000ff_bg_000000.jpg,0.2452392578125
11,11,exp_a1/148_sq\fg_888888_bg_000000.jpg,0.2386474609375
12,8,exp_a1/148_sq\fg_00ffff_bg_000000.jpg,0.2259521484375
13,19,exp_a1/148_sq\fg_ffff00_bg_000000.jpg,0.225341796875
14,15,exp_a1/148_sq\fg_921e3e_bg_ffffff.jpg,0.2242431640625
15,14,exp_a1/148_sq\fg_921e3e_bg_888888.jpg,0.2003173828125
16,9,exp_a1/148_sq\fg_00ffff_bg_888888.jpg,0.192138671875
17,3,exp_a1/148_sq\fg_0000ff_bg_888888.jpg,0.179931640625
18,20,exp_a1/148_sq\fg_ffff00_bg_888888.jpg,0.1798095703125
19,22,exp_a1/148_sq\fg_ffffff_bg_000000.jpg,0.17724609375
20,17,exp_a1/148_sq\fg_ff0000_bg_888888.jpg,0.1697998046875
21,23,exp_a1/148_sq\fg_ffffff_bg_888888.jpg,0.16845703125
22,0,exp_a1/148_sq\fg_000000_bg_888888.jpg,0.158203125
23,16,exp_a1/148_sq\fg_ff0000_bg_000000.jpg,0.1572265625
0,5,exp_a1/200_sq\fg_00ff00_bg_000000.jpg,0.320068359375
1,18,exp_a1/200_sq\fg_ff0000_bg_ffffff.jpg,0.310546875
2,19,exp_a1/200_sq\fg_ffff00_bg_000000.jpg,0.308837890625
3,8,exp_a1/200_sq\fg_00ffff_bg_000000.jpg,0.296142578125
4,11,exp_a1/200_sq\fg_888888_bg_000000.jpg,0.29296875
5,10,exp_a1/200_sq\fg_00ffff_bg_ffffff.jpg,0.292724609375
6,21,exp_a1/200_sq\fg_ffff00_bg_ffffff.jpg,0.273681640625
7,22,exp_a1/200_sq\fg_ffffff_bg_000000.jpg,0.26953125
8,16,exp_a1/200_sq\fg_ff0000_bg_000000.jpg,0.256591796875
9,7,exp_a1/200_sq\fg_00ff00_bg_ffffff.jpg,0.25244140625
10,13,exp_a1/200_sq\fg_921e3e_bg_000000.jpg,0.248046875
11,2,exp_a1/200_sq\fg_0000ff_bg_000000.jpg,0.2340087890625
12,0,exp_a1/200_sq\fg_000000_bg_888888.jpg,0.233154296875
13,6,exp_a1/200_sq\fg_00ff00_bg_888888.jpg,0.2176513671875
14,20,exp_a1/200_sq\fg_ffff00_bg_888888.jpg,0.213134765625
15,17,exp_a1/200_sq\fg_ff0000_bg_888888.jpg,0.2125244140625
16,23,exp_a1/200_sq\fg_ffffff_bg_888888.jpg,0.208984375
17,14,exp_a1/200_sq\fg_921e3e_bg_888888.jpg,0.2066650390625
18,3,exp_a1/200_sq\fg_0000ff_bg_888888.jpg,0.1966552734375
19,1,exp_a1/200_sq\fg_000000_bg_ffffff.jpg,0.18505859375
20,4,exp_a1/200_sq\fg_0000ff_bg_ffffff.jpg,0.1669921875
21,9,exp_a1/200_sq\fg_00ffff_bg_888888.jpg,0.166748046875
22,15,exp_a1/200_sq\fg_921e3e_bg_ffffff.jpg,0.1365966796875
23,12,exp_a1/200_sq\fg_888888_bg_ffffff.jpg,0.05352783203125
0,0,exp_a1/4_sq\fg_000000_bg_888888.jpg,0.412841796875
1,3,exp_a1/4_sq\fg_0000ff_bg_888888.jpg,0.40087890625
2,14,exp_a1/4_sq\fg_921e3e_bg_888888.jpg,0.395751953125
3,9,exp_a1/4_sq\fg_00ffff_bg_888888.jpg,0.392578125
4,20,exp_a1/4_sq\fg_ffff00_bg_888888.jpg,0.391845703125
5,23,exp_a1/4_sq\fg_ffffff_bg_888888.jpg,0.390869140625
6,17,exp_a1/4_sq\fg_ff0000_bg_888888.jpg,0.38818359375
7,6,exp_a1/4_sq\fg_00ff00_bg_888888.jpg,0.384033203125
8,10,exp_a1/4_sq\fg_00ffff_bg_ffffff.jpg,0.31494140625
9,18,exp_a1/4_sq\fg_ff0000_bg_ffffff.jpg,0.314453125
10,15,exp_a1/4_sq\fg_921e3e_bg_ffffff.jpg,0.314453125
11,12,exp_a1/4_sq\fg_888888_bg_ffffff.jpg,0.314453125
12,1,exp_a1/4_sq\fg_000000_bg_ffffff.jpg,0.314208984375
13,4,exp_a1/4_sq\fg_0000ff_bg_ffffff.jpg,0.314208984375
14,7,exp_a1/4_sq\fg_00ff00_bg_ffffff.jpg,0.314208984375
15,21,exp_a1/4_sq\fg_ffff00_bg_ffffff.jpg,0.314208984375
16,22,exp_a1/4_sq\fg_ffffff_bg_000000.jpg,0.181640625
17,5,exp_a1/4_sq\fg_00ff00_bg_000000.jpg,0.1815185546875
18,13,exp_a1/4_sq\fg_921e3e_bg_000000.jpg,0.1812744140625
19,8,exp_a1/4_sq\fg_00ffff_bg_000000.jpg,0.1812744140625
20,2,exp_a1/4_sq\fg_0000ff_bg_000000.jpg,0.1812744140625
21,11,exp_a1/4_sq\fg_888888_bg_000000.jpg,0.18115234375
22,16,exp_a1/4_sq\fg_ff0000_bg_000000.jpg,0.18115234375
23,19,exp_a1/4_sq\fg_ffff00_bg_000000.jpg,0.18115234375
0,6,exp_a1/56_sq\fg_00ff00_bg_888888.jpg,0.404296875
1,14,exp_a1/56_sq\fg_921e3e_bg_888888.jpg,0.3955078125
2,9,exp_a1/56_sq\fg_00ffff_bg_888888.jpg,0.390869140625
3,3,exp_a1/56_sq\fg_0000ff_bg_888888.jpg,0.383056640625
4,0,exp_a1/56_sq\fg_000000_bg_888888.jpg,0.38232421875
5,20,exp_a1/56_sq\fg_ffff00_bg_888888.jpg,0.365234375
6,1,exp_a1/56_sq\fg_000000_bg_ffffff.jpg,0.34521484375
7,21,exp_a1/56_sq\fg_ffff00_bg_ffffff.jpg,0.3447265625
8,4,exp_a1/56_sq\fg_0000ff_bg_ffffff.jpg,0.337158203125
9,10,exp_a1/56_sq\fg_00ffff_bg_ffffff.jpg,0.3310546875
10,12,exp_a1/56_sq\fg_888888_bg_ffffff.jpg,0.328125
11,7,exp_a1/56_sq\fg_00ff00_bg_ffffff.jpg,0.325927734375
12,15,exp_a1/56_sq\fg_921e3e_bg_ffffff.jpg,0.32177734375
13,17,exp_a1/56_sq\fg_ff0000_bg_888888.jpg,0.314453125
14,18,exp_a1/56_sq\fg_ff0000_bg_ffffff.jpg,0.305419921875
15,23,exp_a1/56_sq\fg_ffffff_bg_888888.jpg,0.2744140625
16,11,exp_a1/56_sq\fg_888888_bg_000000.jpg,0.251220703125
17,13,exp_a1/56_sq\fg_921e3e_bg_000000.jpg,0.2445068359375
18,22,exp_a1/56_sq\fg_ffffff_bg_000000.jpg,0.2099609375
19,16,exp_a1/56_sq\fg_ff0000_bg_000000.jpg,0.2078857421875
20,19,exp_a1/56_sq\fg_ffff00_bg_000000.jpg,0.2042236328125
21,8,exp_a1/56_sq\fg_00ffff_bg_000000.jpg,0.200439453125
22,5,exp_a1/56_sq\fg_00ff00_bg_000000.jpg,0.19384765625
23,2,exp_a1/56_sq\fg_0000ff_bg_000000.jpg,0.193359375
0,4,exp_a1/colors\bg_888888.jpg,0.404052734375
1,8,exp_a1/colors\bg_ffffff.png,0.315185546875
2,7,exp_a1/colors\bg_ffff00.jpg,0.3095703125
3,6,exp_a1/colors\bg_ff0000.jpg,0.263916015625
4,2,exp_a1/colors\bg_00ff00.jpg,0.2529296875
5,3,exp_a1/colors\bg_00ffff.jpg,0.2490234375
6,5,exp_a1/colors\bg_921e3e.jpg,0.239990234375
7,1,exp_a1/colors\bg_0000ff.jpg,0.2216796875
8,0,exp_a1/colors\bg_000000.jpg,0.1812744140625
