,Unnamed: 0,filepaths,similarity
0,6,exp_a1/112_sq\fg_00ff00_bg_888888.jpg,0.342041015625
1,14,exp_a1/112_sq\fg_921e3e_bg_888888.jpg,0.3203125
2,9,exp_a1/112_sq\fg_00ffff_bg_888888.jpg,0.30810546875
3,10,exp_a1/112_sq\fg_00ffff_bg_ffffff.jpg,0.302734375
4,21,exp_a1/112_sq\fg_ffff00_bg_ffffff.jpg,0.298583984375
5,18,exp_a1/112_sq\fg_ff0000_bg_ffffff.jpg,0.287109375
6,1,exp_a1/112_sq\fg_000000_bg_ffffff.jpg,0.2802734375
7,3,exp_a1/112_sq\fg_0000ff_bg_888888.jpg,0.27392578125
8,7,exp_a1/112_sq\fg_00ff00_bg_ffffff.jpg,0.26806640625
9,12,exp_a1/112_sq\fg_888888_bg_ffffff.jpg,0.264892578125
10,5,exp_a1/112_sq\fg_00ff00_bg_000000.jpg,0.263671875
11,4,exp_a1/112_sq\fg_0000ff_bg_ffffff.jpg,0.262451171875
12,11,exp_a1/112_sq\fg_888888_bg_000000.jpg,0.258056640625
13,13,exp_a1/112_sq\fg_921e3e_bg_000000.jpg,0.255859375
14,15,exp_a1/112_sq\fg_921e3e_bg_ffffff.jpg,0.2479248046875
15,8,exp_a1/112_sq\fg_00ffff_bg_000000.jpg,0.2362060546875
16,2,exp_a1/112_sq\fg_0000ff_bg_000000.jpg,0.2198486328125
17,0,exp_a1/112_sq\fg_000000_bg_888888.jpg,0.2152099609375
18,19,exp_a1/112_sq\fg_ffff00_bg_000000.jpg,0.208251953125
19,20,exp_a1/112_sq\fg_ffff00_bg_888888.jpg,0.2001953125
20,16,exp_a1/112_sq\fg_ff0000_bg_000000.jpg,0.1932373046875
21,22,exp_a1/112_sq\fg_ffffff_bg_000000.jpg,0.1932373046875
22,23,exp_a1/112_sq\fg_ffffff_bg_888888.jpg,0.1815185546875
23,17,exp_a1/112_sq\fg_ff0000_bg_888888.jpg,0.1785888671875
0,14,exp_a1/12_sq\fg_921e3e_bg_888888.jpg,0.375732421875
1,3,exp_a1/12_sq\fg_0000ff_bg_888888.jpg,0.373291015625
2,0,exp_a1/12_sq\fg_000000_bg_888888.jpg,0.3681640625
3,23,exp_a1/12_sq\fg_ffffff_bg_888888.jpg,0.36669921875
4,20,exp_a1/12_sq\fg_ffff00_bg_888888.jpg,0.356201171875
5,9,exp_a1/12_sq\fg_00ffff_bg_888888.jpg,0.353271484375
6,6,exp_a1/12_sq\fg_00ff00_bg_888888.jpg,0.35107421875
7,17,exp_a1/12_sq\fg_ff0000_bg_888888.jpg,0.34716796875
8,12,exp_a1/12_sq\fg_888888_bg_ffffff.jpg,0.298583984375
9,15,exp_a1/12_sq\fg_921e3e_bg_ffffff.jpg,0.29833984375
10,4,exp_a1/12_sq\fg_0000ff_bg_ffffff.jpg,0.297607421875
11,1,exp_a1/12_sq\fg_000000_bg_ffffff.jpg,0.296142578125
12,18,exp_a1/12_sq\fg_ff0000_bg_ffffff.jpg,0.295654296875
13,10,exp_a1/12_sq\fg_00ffff_bg_ffffff.jpg,0.29541015625
14,21,exp_a1/12_sq\fg_ffff00_bg_ffffff.jpg,0.29541015625
15,7,exp_a1/12_sq\fg_00ff00_bg_ffffff.jpg,0.295166015625
16,22,exp_a1/12_sq\fg_ffffff_bg_000000.jpg,0.183837890625
17,16,exp_a1/12_sq\fg_ff0000_bg_000000.jpg,0.183349609375
18,11,exp_a1/12_sq\fg_888888_bg_000000.jpg,0.1817626953125
19,8,exp_a1/12_sq\fg_00ffff_bg_000000.jpg,0.181396484375
20,19,exp_a1/12_sq\fg_ffff00_bg_000000.jpg,0.181396484375
21,5,exp_a1/12_sq\fg_00ff00_bg_000000.jpg,0.1806640625
22,13,exp_a1/12_sq\fg_921e3e_bg_000000.jpg,0.179443359375
23,2,exp_a1/12_sq\fg_0000ff_bg_000000.jpg,0.1788330078125
0,10,exp_a1/148_sq\fg_00ffff_bg_ffffff.jpg,0.31396484375
1,21,exp_a1/148_sq\fg_ffff00_bg_ffffff.jpg,0.30419921875
2,1,exp_a1/148_sq\fg_000000_bg_ffffff.jpg,0.287841796875
3,6,exp_a1/148_sq\fg_00ff00_bg_888888.jpg,0.287109375
4,18,exp_a1/148_sq\fg_ff0000_bg_ffffff.jpg,0.284912109375
5,5,exp_a1/148_sq\fg_00ff00_bg_000000.jpg,0.270751953125
6,7,exp_a1/148_sq\fg_00ff00_bg_ffffff.jpg,0.2705078125
7,4,exp_a1/148_sq\fg_0000ff_bg_ffffff.jpg,0.26708984375
8,13,exp_a1/148_sq\fg_921e3e_bg_000000.jpg,0.245361328125
9,12,exp_a1/148_sq\fg_888888_bg_ffffff.jpg,0.2451171875
10,2,exp_a1/148_sq\fg_0000ff_bg_000000.jpg,0.2410888671875
11,11,exp_a1/148_sq\fg_888888_bg_000000.jpg,0.2247314453125
12,8,exp_a1/148_sq\fg_00ffff_bg_000000.jpg,0.224609375
13,19,exp_a1/148_sq\fg_ffff00_bg_000000.jpg,0.2098388671875
14,15,exp_a1/148_sq\fg_921e3e_bg_ffffff.jpg,0.1990966796875
15,9,exp_a1/148_sq\fg_00ffff_bg_888888.jpg,0.190673828125
16,14,exp_a1/148_sq\fg_921e3e_bg_888888.jpg,0.1846923828125
17,3,exp_a1/148_sq\fg_0000ff_bg_888888.jpg,0.18359375
18,20,exp_a1/148_sq\fg_ffff00_bg_888888.jpg,0.17138671875
19,0,exp_a1/148_sq\fg_000000_bg_888888.jpg,0.1702880859375
20,17,exp_a1/148_sq\fg_ff0000_bg_888888.jpg,0.1510009765625
21,23,exp_a1/148_sq\fg_ffffff_bg_888888.jpg,0.1505126953125
22,22,exp_a1/148_sq\fg_ffffff_bg_000000.jpg,0.1419677734375
23,16,exp_a1/148_sq\fg_ff0000_bg_000000.jpg,0.1268310546875
0,5,exp_a1/200_sq\fg_00ff00_bg_000000.jpg,0.313720703125
1,18,exp_a1/200_sq\fg_ff0000_bg_ffffff.jpg,0.29443359375
2,19,exp_a1/200_sq\fg_ffff00_bg_000000.jpg,0.283447265625
3,8,exp_a1/200_sq\fg_00ffff_bg_000000.jpg,0.2744140625
4,11,exp_a1/200_sq\fg_888888_bg_000000.jpg,0.2685546875
5,10,exp_a1/200_sq\fg_00ffff_bg_ffffff.jpg,0.26171875
6,13,exp_a1/200_sq\fg_921e3e_bg_000000.jpg,0.2362060546875
7,2,exp_a1/200_sq\fg_0000ff_bg_000000.jpg,0.23095703125
8,21,exp_a1/200_sq\fg_ffff00_bg_ffffff.jpg,0.2293701171875
9,0,exp_a1/200_sq\fg_000000_bg_888888.jpg,0.2193603515625
10,22,exp_a1/200_sq\fg_ffffff_bg_000000.jpg,0.214599609375
11,16,exp_a1/200_sq\fg_ff0000_bg_000000.jpg,0.2078857421875
12,7,exp_a1/200_sq\fg_00ff00_bg_ffffff.jpg,0.2039794921875
13,3,exp_a1/200_sq\fg_0000ff_bg_888888.jpg,0.197998046875
14,6,exp_a1/200_sq\fg_00ff00_bg_888888.jpg,0.186767578125
15,14,exp_a1/200_sq\fg_921e3e_bg_888888.jpg,0.1856689453125
16,20,exp_a1/200_sq\fg_ffff00_bg_888888.jpg,0.167236328125
17,1,exp_a1/200_sq\fg_000000_bg_ffffff.jpg,0.1571044921875
18,17,exp_a1/200_sq\fg_ff0000_bg_888888.jpg,0.1461181640625
19,23,exp_a1/200_sq\fg_ffffff_bg_888888.jpg,0.1414794921875
20,4,exp_a1/200_sq\fg_0000ff_bg_ffffff.jpg,0.1326904296875
21,9,exp_a1/200_sq\fg_00ffff_bg_888888.jpg,0.1297607421875
22,15,exp_a1/200_sq\fg_921e3e_bg_ffffff.jpg,0.1005859375
23,12,exp_a1/200_sq\fg_888888_bg_ffffff.jpg,0.01128387451171875
0,0,exp_a1/4_sq\fg_000000_bg_888888.jpg,0.383544921875
1,3,exp_a1/4_sq\fg_0000ff_bg_888888.jpg,0.380126953125
2,14,exp_a1/4_sq\fg_921e3e_bg_888888.jpg,0.373779296875
3,9,exp_a1/4_sq\fg_00ffff_bg_888888.jpg,0.371826171875
4,20,exp_a1/4_sq\fg_ffff00_bg_888888.jpg,0.370849609375
5,23,exp_a1/4_sq\fg_ffffff_bg_888888.jpg,0.369873046875
6,6,exp_a1/4_sq\fg_00ff00_bg_888888.jpg,0.367431640625
7,17,exp_a1/4_sq\fg_ff0000_bg_888888.jpg,0.3671875
8,10,exp_a1/4_sq\fg_00ffff_bg_ffffff.jpg,0.2958984375
9,4,exp_a1/4_sq\fg_0000ff_bg_ffffff.jpg,0.295654296875
10,18,exp_a1/4_sq\fg_ff0000_bg_ffffff.jpg,0.295654296875
11,7,exp_a1/4_sq\fg_00ff00_bg_ffffff.jpg,0.295654296875
12,15,exp_a1/4_sq\fg_921e3e_bg_ffffff.jpg,0.295654296875
13,1,exp_a1/4_sq\fg_000000_bg_ffffff.jpg,0.295654296875
14,12,exp_a1/4_sq\fg_888888_bg_ffffff.jpg,0.295654296875
15,21,exp_a1/4_sq\fg_ffff00_bg_ffffff.jpg,0.29541015625
16,5,exp_a1/4_sq\fg_00ff00_bg_000000.jpg,0.179443359375
17,22,exp_a1/4_sq\fg_ffffff_bg_000000.jpg,0.179443359375
18,13,exp_a1/4_sq\fg_921e3e_bg_000000.jpg,0.1793212890625
19,8,exp_a1/4_sq\fg_00ffff_bg_000000.jpg,0.17919921875
20,19,exp_a1/4_sq\fg_ffff00_bg_000000.jpg,0.17919921875
21,2,exp_a1/4_sq\fg_0000ff_bg_000000.jpg,0.1790771484375
22,11,exp_a1/4_sq\fg_888888_bg_000000.jpg,0.178955078125
23,16,exp_a1/4_sq\fg_ff0000_bg_000000.jpg,0.178955078125
0,14,exp_a1/56_sq\fg_921e3e_bg_888888.jpg,0.376708984375
1,6,exp_a1/56_sq\fg_00ff00_bg_888888.jpg,0.375732421875
2,9,exp_a1/56_sq\fg_00ffff_bg_888888.jpg,0.363037109375
3,3,exp_a1/56_sq\fg_0000ff_bg_888888.jpg,0.3623046875
4,0,exp_a1/56_sq\fg_000000_bg_888888.jpg,0.359619140625
5,20,exp_a1/56_sq\fg_ffff00_bg_888888.jpg,0.341552734375
6,21,exp_a1/56_sq\fg_ffff00_bg_ffffff.jpg,0.32080078125
7,1,exp_a1/56_sq\fg_000000_bg_ffffff.jpg,0.3154296875
8,4,exp_a1/56_sq\fg_0000ff_bg_ffffff.jpg,0.3056640625
9,10,exp_a1/56_sq\fg_00ffff_bg_ffffff.jpg,0.304931640625
10,12,exp_a1/56_sq\fg_888888_bg_ffffff.jpg,0.302978515625
11,15,exp_a1/56_sq\fg_921e3e_bg_ffffff.jpg,0.29833984375
12,7,exp_a1/56_sq\fg_00ff00_bg_ffffff.jpg,0.2978515625
13,17,exp_a1/56_sq\fg_ff0000_bg_888888.jpg,0.28759765625
14,18,exp_a1/56_sq\fg_ff0000_bg_ffffff.jpg,0.286865234375
15,13,exp_a1/56_sq\fg_921e3e_bg_000000.jpg,0.25
16,23,exp_a1/56_sq\fg_ffffff_bg_888888.jpg,0.24853515625
17,11,exp_a1/56_sq\fg_888888_bg_000000.jpg,0.239990234375
18,22,exp_a1/56_sq\fg_ffffff_bg_000000.jpg,0.2080078125
19,16,exp_a1/56_sq\fg_ff0000_bg_000000.jpg,0.207275390625
20,19,exp_a1/56_sq\fg_ffff00_bg_000000.jpg,0.2032470703125
21,8,exp_a1/56_sq\fg_00ffff_bg_000000.jpg,0.1929931640625
22,2,exp_a1/56_sq\fg_0000ff_bg_000000.jpg,0.1912841796875
23,5,exp_a1/56_sq\fg_00ff00_bg_000000.jpg,0.189453125
0,4,exp_a1/colors\bg_888888.jpg,0.386474609375
1,8,exp_a1/colors\bg_ffffff.png,0.295654296875
2,7,exp_a1/colors\bg_ffff00.jpg,0.292236328125
3,2,exp_a1/colors\bg_00ff00.jpg,0.231201171875
4,3,exp_a1/colors\bg_00ffff.jpg,0.22998046875
5,6,exp_a1/colors\bg_ff0000.jpg,0.228271484375
6,5,exp_a1/colors\bg_921e3e.jpg,0.2177734375
7,1,exp_a1/colors\bg_0000ff.jpg,0.216796875
8,0,exp_a1/colors\bg_000000.jpg,0.17919921875
