,Unnamed: 0,filepaths,similarity
0,1,exp_a1/112_sq\fg_000000_bg_ffffff.jpg,0.2578125
1,22,exp_a1/112_sq\fg_ffffff_bg_000000.jpg,0.256103515625
2,18,exp_a1/112_sq\fg_ff0000_bg_ffffff.jpg,0.254150390625
3,13,exp_a1/112_sq\fg_921e3e_bg_000000.jpg,0.25390625
4,10,exp_a1/112_sq\fg_00ffff_bg_ffffff.jpg,0.253662109375
5,21,exp_a1/112_sq\fg_ffff00_bg_ffffff.jpg,0.2496337890625
6,17,exp_a1/112_sq\fg_ff0000_bg_888888.jpg,0.2493896484375
7,16,exp_a1/112_sq\fg_ff0000_bg_000000.jpg,0.2491455078125
8,20,exp_a1/112_sq\fg_ffff00_bg_888888.jpg,0.2486572265625
9,4,exp_a1/112_sq\fg_0000ff_bg_ffffff.jpg,0.2484130859375
10,2,exp_a1/112_sq\fg_0000ff_bg_000000.jpg,0.2484130859375
11,19,exp_a1/112_sq\fg_ffff00_bg_000000.jpg,0.248291015625
12,8,exp_a1/112_sq\fg_00ffff_bg_000000.jpg,0.24658203125
13,7,exp_a1/112_sq\fg_00ff00_bg_ffffff.jpg,0.2462158203125
14,23,exp_a1/112_sq\fg_ffffff_bg_888888.jpg,0.2445068359375
15,3,exp_a1/112_sq\fg_0000ff_bg_888888.jpg,0.2435302734375
16,15,exp_a1/112_sq\fg_921e3e_bg_ffffff.jpg,0.2435302734375
17,11,exp_a1/112_sq\fg_888888_bg_000000.jpg,0.2410888671875
18,0,exp_a1/112_sq\fg_000000_bg_888888.jpg,0.2406005859375
19,9,exp_a1/112_sq\fg_00ffff_bg_888888.jpg,0.2401123046875
20,5,exp_a1/112_sq\fg_00ff00_bg_000000.jpg,0.23779296875
21,14,exp_a1/112_sq\fg_921e3e_bg_888888.jpg,0.2349853515625
22,12,exp_a1/112_sq\fg_888888_bg_ffffff.jpg,0.2315673828125
23,6,exp_a1/112_sq\fg_00ff00_bg_888888.jpg,0.2279052734375
0,22,exp_a1/12_sq\fg_ffffff_bg_000000.jpg,0.26123046875
1,11,exp_a1/12_sq\fg_888888_bg_000000.jpg,0.260498046875
2,13,exp_a1/12_sq\fg_921e3e_bg_000000.jpg,0.258544921875
3,8,exp_a1/12_sq\fg_00ffff_bg_000000.jpg,0.25732421875
4,2,exp_a1/12_sq\fg_0000ff_bg_000000.jpg,0.254638671875
5,16,exp_a1/12_sq\fg_ff0000_bg_000000.jpg,0.25244140625
6,5,exp_a1/12_sq\fg_00ff00_bg_000000.jpg,0.25048828125
7,19,exp_a1/12_sq\fg_ffff00_bg_000000.jpg,0.2491455078125
8,1,exp_a1/12_sq\fg_000000_bg_ffffff.jpg,0.24853515625
9,10,exp_a1/12_sq\fg_00ffff_bg_ffffff.jpg,0.247802734375
10,18,exp_a1/12_sq\fg_ff0000_bg_ffffff.jpg,0.2476806640625
11,12,exp_a1/12_sq\fg_888888_bg_ffffff.jpg,0.2471923828125
12,15,exp_a1/12_sq\fg_921e3e_bg_ffffff.jpg,0.242431640625
13,9,exp_a1/12_sq\fg_00ffff_bg_888888.jpg,0.2381591796875
14,7,exp_a1/12_sq\fg_00ff00_bg_ffffff.jpg,0.2374267578125
15,4,exp_a1/12_sq\fg_0000ff_bg_ffffff.jpg,0.236572265625
16,21,exp_a1/12_sq\fg_ffff00_bg_ffffff.jpg,0.2364501953125
17,17,exp_a1/12_sq\fg_ff0000_bg_888888.jpg,0.235595703125
18,23,exp_a1/12_sq\fg_ffffff_bg_888888.jpg,0.2349853515625
19,0,exp_a1/12_sq\fg_000000_bg_888888.jpg,0.230224609375
20,3,exp_a1/12_sq\fg_0000ff_bg_888888.jpg,0.2301025390625
21,14,exp_a1/12_sq\fg_921e3e_bg_888888.jpg,0.2294921875
22,20,exp_a1/12_sq\fg_ffff00_bg_888888.jpg,0.226318359375
23,6,exp_a1/12_sq\fg_00ff00_bg_888888.jpg,0.2216796875
0,22,exp_a1/148_sq\fg_ffffff_bg_000000.jpg,0.259033203125
1,13,exp_a1/148_sq\fg_921e3e_bg_000000.jpg,0.2529296875
2,16,exp_a1/148_sq\fg_ff0000_bg_000000.jpg,0.252685546875
3,18,exp_a1/148_sq\fg_ff0000_bg_ffffff.jpg,0.25146484375
4,1,exp_a1/148_sq\fg_000000_bg_ffffff.jpg,0.250732421875
5,15,exp_a1/148_sq\fg_921e3e_bg_ffffff.jpg,0.249267578125
6,10,exp_a1/148_sq\fg_00ffff_bg_ffffff.jpg,0.2489013671875
7,19,exp_a1/148_sq\fg_ffff00_bg_000000.jpg,0.248291015625
8,7,exp_a1/148_sq\fg_00ff00_bg_ffffff.jpg,0.2464599609375
9,4,exp_a1/148_sq\fg_0000ff_bg_ffffff.jpg,0.245849609375
10,8,exp_a1/148_sq\fg_00ffff_bg_000000.jpg,0.245849609375
11,21,exp_a1/148_sq\fg_ffff00_bg_ffffff.jpg,0.24560546875
12,11,exp_a1/148_sq\fg_888888_bg_000000.jpg,0.244384765625
13,2,exp_a1/148_sq\fg_0000ff_bg_000000.jpg,0.244140625
14,0,exp_a1/148_sq\fg_000000_bg_888888.jpg,0.24365234375
15,5,exp_a1/148_sq\fg_00ff00_bg_000000.jpg,0.23974609375
16,23,exp_a1/148_sq\fg_ffffff_bg_888888.jpg,0.238037109375
17,17,exp_a1/148_sq\fg_ff0000_bg_888888.jpg,0.233642578125
18,20,exp_a1/148_sq\fg_ffff00_bg_888888.jpg,0.2315673828125
19,12,exp_a1/148_sq\fg_888888_bg_ffffff.jpg,0.2310791015625
20,9,exp_a1/148_sq\fg_00ffff_bg_888888.jpg,0.229248046875
21,3,exp_a1/148_sq\fg_0000ff_bg_888888.jpg,0.22705078125
22,14,exp_a1/148_sq\fg_921e3e_bg_888888.jpg,0.22216796875
23,6,exp_a1/148_sq\fg_00ff00_bg_888888.jpg,0.1966552734375
0,1,exp_a1/200_sq\fg_000000_bg_ffffff.jpg,0.259765625
1,10,exp_a1/200_sq\fg_00ffff_bg_ffffff.jpg,0.2578125
2,0,exp_a1/200_sq\fg_000000_bg_888888.jpg,0.25732421875
3,21,exp_a1/200_sq\fg_ffff00_bg_ffffff.jpg,0.250244140625
4,18,exp_a1/200_sq\fg_ff0000_bg_ffffff.jpg,0.250244140625
5,15,exp_a1/200_sq\fg_921e3e_bg_ffffff.jpg,0.2486572265625
6,9,exp_a1/200_sq\fg_00ffff_bg_888888.jpg,0.2481689453125
7,8,exp_a1/200_sq\fg_00ffff_bg_000000.jpg,0.246826171875
8,16,exp_a1/200_sq\fg_ff0000_bg_000000.jpg,0.2462158203125
9,19,exp_a1/200_sq\fg_ffff00_bg_000000.jpg,0.24609375
10,17,exp_a1/200_sq\fg_ff0000_bg_888888.jpg,0.245849609375
11,22,exp_a1/200_sq\fg_ffffff_bg_000000.jpg,0.24560546875
12,13,exp_a1/200_sq\fg_921e3e_bg_000000.jpg,0.2454833984375
13,7,exp_a1/200_sq\fg_00ff00_bg_ffffff.jpg,0.2440185546875
14,4,exp_a1/200_sq\fg_0000ff_bg_ffffff.jpg,0.243896484375
15,5,exp_a1/200_sq\fg_00ff00_bg_000000.jpg,0.24267578125
16,2,exp_a1/200_sq\fg_0000ff_bg_000000.jpg,0.242431640625
17,3,exp_a1/200_sq\fg_0000ff_bg_888888.jpg,0.2423095703125
18,20,exp_a1/200_sq\fg_ffff00_bg_888888.jpg,0.240966796875
19,6,exp_a1/200_sq\fg_00ff00_bg_888888.jpg,0.2408447265625
20,23,exp_a1/200_sq\fg_ffffff_bg_888888.jpg,0.239501953125
21,14,exp_a1/200_sq\fg_921e3e_bg_888888.jpg,0.2333984375
22,12,exp_a1/200_sq\fg_888888_bg_ffffff.jpg,0.2232666015625
23,11,exp_a1/200_sq\fg_888888_bg_000000.jpg,0.2125244140625
0,13,exp_a1/4_sq\fg_921e3e_bg_000000.jpg,0.2607421875
1,2,exp_a1/4_sq\fg_0000ff_bg_000000.jpg,0.260498046875
2,11,exp_a1/4_sq\fg_888888_bg_000000.jpg,0.260498046875
3,22,exp_a1/4_sq\fg_ffffff_bg_000000.jpg,0.2587890625
4,19,exp_a1/4_sq\fg_ffff00_bg_000000.jpg,0.2587890625
5,16,exp_a1/4_sq\fg_ff0000_bg_000000.jpg,0.258544921875
6,5,exp_a1/4_sq\fg_00ff00_bg_000000.jpg,0.2578125
7,8,exp_a1/4_sq\fg_00ffff_bg_000000.jpg,0.257080078125
8,12,exp_a1/4_sq\fg_888888_bg_ffffff.jpg,0.2484130859375
9,18,exp_a1/4_sq\fg_ff0000_bg_ffffff.jpg,0.248291015625
10,1,exp_a1/4_sq\fg_000000_bg_ffffff.jpg,0.2474365234375
11,15,exp_a1/4_sq\fg_921e3e_bg_ffffff.jpg,0.2451171875
12,10,exp_a1/4_sq\fg_00ffff_bg_ffffff.jpg,0.2437744140625
13,9,exp_a1/4_sq\fg_00ffff_bg_888888.jpg,0.2425537109375
14,0,exp_a1/4_sq\fg_000000_bg_888888.jpg,0.24072265625
15,7,exp_a1/4_sq\fg_00ff00_bg_ffffff.jpg,0.2403564453125
16,4,exp_a1/4_sq\fg_0000ff_bg_ffffff.jpg,0.23876953125
17,21,exp_a1/4_sq\fg_ffff00_bg_ffffff.jpg,0.236572265625
18,23,exp_a1/4_sq\fg_ffffff_bg_888888.jpg,0.2359619140625
19,3,exp_a1/4_sq\fg_0000ff_bg_888888.jpg,0.2347412109375
20,14,exp_a1/4_sq\fg_921e3e_bg_888888.jpg,0.2296142578125
21,6,exp_a1/4_sq\fg_00ff00_bg_888888.jpg,0.2271728515625
22,20,exp_a1/4_sq\fg_ffff00_bg_888888.jpg,0.22705078125
23,17,exp_a1/4_sq\fg_ff0000_bg_888888.jpg,0.2197265625
0,22,exp_a1/56_sq\fg_ffffff_bg_000000.jpg,0.26123046875
1,11,exp_a1/56_sq\fg_888888_bg_000000.jpg,0.259521484375
2,8,exp_a1/56_sq\fg_00ffff_bg_000000.jpg,0.259033203125
3,13,exp_a1/56_sq\fg_921e3e_bg_000000.jpg,0.258544921875
4,1,exp_a1/56_sq\fg_000000_bg_ffffff.jpg,0.255615234375
5,2,exp_a1/56_sq\fg_0000ff_bg_000000.jpg,0.25537109375
6,10,exp_a1/56_sq\fg_00ffff_bg_ffffff.jpg,0.254638671875
7,16,exp_a1/56_sq\fg_ff0000_bg_000000.jpg,0.25390625
8,4,exp_a1/56_sq\fg_0000ff_bg_ffffff.jpg,0.253662109375
9,18,exp_a1/56_sq\fg_ff0000_bg_ffffff.jpg,0.252197265625
10,19,exp_a1/56_sq\fg_ffff00_bg_000000.jpg,0.25048828125
11,5,exp_a1/56_sq\fg_00ff00_bg_000000.jpg,0.250244140625
12,7,exp_a1/56_sq\fg_00ff00_bg_ffffff.jpg,0.249267578125
13,21,exp_a1/56_sq\fg_ffff00_bg_ffffff.jpg,0.2479248046875
14,17,exp_a1/56_sq\fg_ff0000_bg_888888.jpg,0.24755859375
15,15,exp_a1/56_sq\fg_921e3e_bg_ffffff.jpg,0.2467041015625
16,12,exp_a1/56_sq\fg_888888_bg_ffffff.jpg,0.245849609375
17,20,exp_a1/56_sq\fg_ffff00_bg_888888.jpg,0.2452392578125
18,3,exp_a1/56_sq\fg_0000ff_bg_888888.jpg,0.2408447265625
19,23,exp_a1/56_sq\fg_ffffff_bg_888888.jpg,0.2396240234375
20,0,exp_a1/56_sq\fg_000000_bg_888888.jpg,0.238525390625
21,14,exp_a1/56_sq\fg_921e3e_bg_888888.jpg,0.2344970703125
22,9,exp_a1/56_sq\fg_00ffff_bg_888888.jpg,0.232177734375
23,6,exp_a1/56_sq\fg_00ff00_bg_888888.jpg,0.2291259765625
0,0,exp_a1/colors\bg_000000.jpg,0.2626953125
1,8,exp_a1/colors\bg_ffffff.png,0.253173828125
2,5,exp_a1/colors\bg_921e3e.jpg,0.248779296875
3,6,exp_a1/colors\bg_ff0000.jpg,0.245849609375
4,1,exp_a1/colors\bg_0000ff.jpg,0.2449951171875
5,3,exp_a1/colors\bg_00ffff.jpg,0.243408203125
6,7,exp_a1/colors\bg_ffff00.jpg,0.2388916015625
7,2,exp_a1/colors\bg_00ff00.jpg,0.2347412109375
8,4,exp_a1/colors\bg_888888.jpg,0.2205810546875
