,Unnamed: 0,filepaths,similarity
0,3,exp_a1/112_sq\fg_0000ff_bg_888888.jpg,0.2509765625
1,9,exp_a1/112_sq\fg_00ffff_bg_888888.jpg,0.2464599609375
2,10,exp_a1/112_sq\fg_00ffff_bg_ffffff.jpg,0.2451171875
3,4,exp_a1/112_sq\fg_0000ff_bg_ffffff.jpg,0.24365234375
4,2,exp_a1/112_sq\fg_0000ff_bg_000000.jpg,0.2427978515625
5,0,exp_a1/112_sq\fg_000000_bg_888888.jpg,0.2384033203125
6,23,exp_a1/112_sq\fg_ffffff_bg_888888.jpg,0.237548828125
7,11,exp_a1/112_sq\fg_888888_bg_000000.jpg,0.23583984375
8,1,exp_a1/112_sq\fg_000000_bg_ffffff.jpg,0.2327880859375
9,17,exp_a1/112_sq\fg_ff0000_bg_888888.jpg,0.2315673828125
10,8,exp_a1/112_sq\fg_00ffff_bg_000000.jpg,0.2298583984375
11,12,exp_a1/112_sq\fg_888888_bg_ffffff.jpg,0.2286376953125
12,22,exp_a1/112_sq\fg_ffffff_bg_000000.jpg,0.2286376953125
13,20,exp_a1/112_sq\fg_ffff00_bg_888888.jpg,0.2275390625
14,14,exp_a1/112_sq\fg_921e3e_bg_888888.jpg,0.227294921875
15,13,exp_a1/112_sq\fg_921e3e_bg_000000.jpg,0.220458984375
16,18,exp_a1/112_sq\fg_ff0000_bg_ffffff.jpg,0.215576171875
17,7,exp_a1/112_sq\fg_00ff00_bg_ffffff.jpg,0.2147216796875
18,16,exp_a1/112_sq\fg_ff0000_bg_000000.jpg,0.21142578125
19,21,exp_a1/112_sq\fg_ffff00_bg_ffffff.jpg,0.210693359375
20,19,exp_a1/112_sq\fg_ffff00_bg_000000.jpg,0.2105712890625
21,6,exp_a1/112_sq\fg_00ff00_bg_888888.jpg,0.20947265625
22,15,exp_a1/112_sq\fg_921e3e_bg_ffffff.jpg,0.206787109375
23,5,exp_a1/112_sq\fg_00ff00_bg_000000.jpg,0.1971435546875
0,2,exp_a1/12_sq\fg_0000ff_bg_000000.jpg,0.25244140625
1,9,exp_a1/12_sq\fg_00ffff_bg_888888.jpg,0.2470703125
2,8,exp_a1/12_sq\fg_00ffff_bg_000000.jpg,0.24072265625
3,3,exp_a1/12_sq\fg_0000ff_bg_888888.jpg,0.23974609375
4,10,exp_a1/12_sq\fg_00ffff_bg_ffffff.jpg,0.2374267578125
5,0,exp_a1/12_sq\fg_000000_bg_888888.jpg,0.2337646484375
6,23,exp_a1/12_sq\fg_ffffff_bg_888888.jpg,0.2330322265625
7,4,exp_a1/12_sq\fg_0000ff_bg_ffffff.jpg,0.23193359375
8,11,exp_a1/12_sq\fg_888888_bg_000000.jpg,0.2254638671875
9,12,exp_a1/12_sq\fg_888888_bg_ffffff.jpg,0.22412109375
10,1,exp_a1/12_sq\fg_000000_bg_ffffff.jpg,0.22314453125
11,22,exp_a1/12_sq\fg_ffffff_bg_000000.jpg,0.2210693359375
12,14,exp_a1/12_sq\fg_921e3e_bg_888888.jpg,0.2205810546875
13,13,exp_a1/12_sq\fg_921e3e_bg_000000.jpg,0.21826171875
14,17,exp_a1/12_sq\fg_ff0000_bg_888888.jpg,0.218017578125
15,15,exp_a1/12_sq\fg_921e3e_bg_ffffff.jpg,0.2169189453125
16,18,exp_a1/12_sq\fg_ff0000_bg_ffffff.jpg,0.214599609375
17,7,exp_a1/12_sq\fg_00ff00_bg_ffffff.jpg,0.2080078125
18,6,exp_a1/12_sq\fg_00ff00_bg_888888.jpg,0.20703125
19,5,exp_a1/12_sq\fg_00ff00_bg_000000.jpg,0.20703125
20,20,exp_a1/12_sq\fg_ffff00_bg_888888.jpg,0.20556640625
21,16,exp_a1/12_sq\fg_ff0000_bg_000000.jpg,0.2047119140625
22,21,exp_a1/12_sq\fg_ffff00_bg_ffffff.jpg,0.2027587890625
23,19,exp_a1/12_sq\fg_ffff00_bg_000000.jpg,0.20166015625
0,10,exp_a1/148_sq\fg_00ffff_bg_ffffff.jpg,0.240966796875
1,4,exp_a1/148_sq\fg_0000ff_bg_ffffff.jpg,0.2403564453125
2,0,exp_a1/148_sq\fg_000000_bg_888888.jpg,0.239013671875
3,2,exp_a1/148_sq\fg_0000ff_bg_000000.jpg,0.23779296875
4,11,exp_a1/148_sq\fg_888888_bg_000000.jpg,0.2374267578125
5,12,exp_a1/148_sq\fg_888888_bg_ffffff.jpg,0.2353515625
6,3,exp_a1/148_sq\fg_0000ff_bg_888888.jpg,0.230712890625
7,9,exp_a1/148_sq\fg_00ffff_bg_888888.jpg,0.2303466796875
8,8,exp_a1/148_sq\fg_00ffff_bg_000000.jpg,0.2298583984375
9,22,exp_a1/148_sq\fg_ffffff_bg_000000.jpg,0.229248046875
10,1,exp_a1/148_sq\fg_000000_bg_ffffff.jpg,0.2275390625
11,23,exp_a1/148_sq\fg_ffffff_bg_888888.jpg,0.2255859375
12,13,exp_a1/148_sq\fg_921e3e_bg_000000.jpg,0.2203369140625
13,17,exp_a1/148_sq\fg_ff0000_bg_888888.jpg,0.2197265625
14,18,exp_a1/148_sq\fg_ff0000_bg_ffffff.jpg,0.2176513671875
15,15,exp_a1/148_sq\fg_921e3e_bg_ffffff.jpg,0.2171630859375
16,7,exp_a1/148_sq\fg_00ff00_bg_ffffff.jpg,0.2171630859375
17,16,exp_a1/148_sq\fg_ff0000_bg_000000.jpg,0.213623046875
18,19,exp_a1/148_sq\fg_ffff00_bg_000000.jpg,0.212646484375
19,20,exp_a1/148_sq\fg_ffff00_bg_888888.jpg,0.206298828125
20,14,exp_a1/148_sq\fg_921e3e_bg_888888.jpg,0.2049560546875
21,21,exp_a1/148_sq\fg_ffff00_bg_ffffff.jpg,0.2001953125
22,5,exp_a1/148_sq\fg_00ff00_bg_000000.jpg,0.198486328125
23,6,exp_a1/148_sq\fg_00ff00_bg_888888.jpg,0.1864013671875
0,10,exp_a1/200_sq\fg_00ffff_bg_ffffff.jpg,0.255859375
1,9,exp_a1/200_sq\fg_00ffff_bg_888888.jpg,0.250732421875
2,2,exp_a1/200_sq\fg_0000ff_bg_000000.jpg,0.247802734375
3,4,exp_a1/200_sq\fg_0000ff_bg_ffffff.jpg,0.2452392578125
4,8,exp_a1/200_sq\fg_00ffff_bg_000000.jpg,0.2427978515625
5,3,exp_a1/200_sq\fg_0000ff_bg_888888.jpg,0.239990234375
6,1,exp_a1/200_sq\fg_000000_bg_ffffff.jpg,0.231689453125
7,12,exp_a1/200_sq\fg_888888_bg_ffffff.jpg,0.226806640625
8,0,exp_a1/200_sq\fg_000000_bg_888888.jpg,0.2265625
9,22,exp_a1/200_sq\fg_ffffff_bg_000000.jpg,0.220947265625
10,15,exp_a1/200_sq\fg_921e3e_bg_ffffff.jpg,0.21875
11,23,exp_a1/200_sq\fg_ffffff_bg_888888.jpg,0.2164306640625
12,11,exp_a1/200_sq\fg_888888_bg_000000.jpg,0.2158203125
13,13,exp_a1/200_sq\fg_921e3e_bg_000000.jpg,0.21533203125
14,21,exp_a1/200_sq\fg_ffff00_bg_ffffff.jpg,0.21484375
15,18,exp_a1/200_sq\fg_ff0000_bg_ffffff.jpg,0.2144775390625
16,7,exp_a1/200_sq\fg_00ff00_bg_ffffff.jpg,0.212890625
17,17,exp_a1/200_sq\fg_ff0000_bg_888888.jpg,0.2120361328125
18,6,exp_a1/200_sq\fg_00ff00_bg_888888.jpg,0.2117919921875
19,5,exp_a1/200_sq\fg_00ff00_bg_000000.jpg,0.2115478515625
20,19,exp_a1/200_sq\fg_ffff00_bg_000000.jpg,0.2115478515625
21,16,exp_a1/200_sq\fg_ff0000_bg_000000.jpg,0.210205078125
22,20,exp_a1/200_sq\fg_ffff00_bg_888888.jpg,0.209228515625
23,14,exp_a1/200_sq\fg_921e3e_bg_888888.jpg,0.208984375
0,9,exp_a1/4_sq\fg_00ffff_bg_888888.jpg,0.2568359375
1,0,exp_a1/4_sq\fg_000000_bg_888888.jpg,0.251220703125
2,3,exp_a1/4_sq\fg_0000ff_bg_888888.jpg,0.251220703125
3,23,exp_a1/4_sq\fg_ffffff_bg_888888.jpg,0.2457275390625
4,4,exp_a1/4_sq\fg_0000ff_bg_ffffff.jpg,0.242431640625
5,10,exp_a1/4_sq\fg_00ffff_bg_ffffff.jpg,0.2388916015625
6,6,exp_a1/4_sq\fg_00ff00_bg_888888.jpg,0.233642578125
7,14,exp_a1/4_sq\fg_921e3e_bg_888888.jpg,0.23095703125
8,11,exp_a1/4_sq\fg_888888_bg_000000.jpg,0.2271728515625
9,13,exp_a1/4_sq\fg_921e3e_bg_000000.jpg,0.2266845703125
10,2,exp_a1/4_sq\fg_0000ff_bg_000000.jpg,0.2265625
11,22,exp_a1/4_sq\fg_ffffff_bg_000000.jpg,0.2255859375
12,8,exp_a1/4_sq\fg_00ffff_bg_000000.jpg,0.225341796875
13,18,exp_a1/4_sq\fg_ff0000_bg_ffffff.jpg,0.224365234375
14,12,exp_a1/4_sq\fg_888888_bg_ffffff.jpg,0.224365234375
15,20,exp_a1/4_sq\fg_ffff00_bg_888888.jpg,0.22412109375
16,1,exp_a1/4_sq\fg_000000_bg_ffffff.jpg,0.22119140625
17,16,exp_a1/4_sq\fg_ff0000_bg_000000.jpg,0.2208251953125
18,19,exp_a1/4_sq\fg_ffff00_bg_000000.jpg,0.2208251953125
19,17,exp_a1/4_sq\fg_ff0000_bg_888888.jpg,0.220703125
20,5,exp_a1/4_sq\fg_00ff00_bg_000000.jpg,0.2200927734375
21,15,exp_a1/4_sq\fg_921e3e_bg_ffffff.jpg,0.218505859375
22,7,exp_a1/4_sq\fg_00ff00_bg_ffffff.jpg,0.218017578125
23,21,exp_a1/4_sq\fg_ffff00_bg_ffffff.jpg,0.2064208984375
0,3,exp_a1/56_sq\fg_0000ff_bg_888888.jpg,0.254638671875
1,2,exp_a1/56_sq\fg_0000ff_bg_000000.jpg,0.25048828125
2,4,exp_a1/56_sq\fg_0000ff_bg_ffffff.jpg,0.244140625
3,0,exp_a1/56_sq\fg_000000_bg_888888.jpg,0.2408447265625
4,8,exp_a1/56_sq\fg_00ffff_bg_000000.jpg,0.2381591796875
5,17,exp_a1/56_sq\fg_ff0000_bg_888888.jpg,0.2373046875
6,10,exp_a1/56_sq\fg_00ffff_bg_ffffff.jpg,0.2373046875
7,11,exp_a1/56_sq\fg_888888_bg_000000.jpg,0.2369384765625
8,23,exp_a1/56_sq\fg_ffffff_bg_888888.jpg,0.2369384765625
9,20,exp_a1/56_sq\fg_ffff00_bg_888888.jpg,0.2364501953125
10,1,exp_a1/56_sq\fg_000000_bg_ffffff.jpg,0.2362060546875
11,14,exp_a1/56_sq\fg_921e3e_bg_888888.jpg,0.23486328125
12,12,exp_a1/56_sq\fg_888888_bg_ffffff.jpg,0.2330322265625
13,22,exp_a1/56_sq\fg_ffffff_bg_000000.jpg,0.2301025390625
14,9,exp_a1/56_sq\fg_00ffff_bg_888888.jpg,0.2279052734375
15,7,exp_a1/56_sq\fg_00ff00_bg_ffffff.jpg,0.217529296875
16,13,exp_a1/56_sq\fg_921e3e_bg_000000.jpg,0.216796875
17,18,exp_a1/56_sq\fg_ff0000_bg_ffffff.jpg,0.216552734375
18,15,exp_a1/56_sq\fg_921e3e_bg_ffffff.jpg,0.213623046875
19,21,exp_a1/56_sq\fg_ffff00_bg_ffffff.jpg,0.21337890625
20,6,exp_a1/56_sq\fg_00ff00_bg_888888.jpg,0.2095947265625
21,16,exp_a1/56_sq\fg_ff0000_bg_000000.jpg,0.209228515625
22,19,exp_a1/56_sq\fg_ffff00_bg_000000.jpg,0.2080078125
23,5,exp_a1/56_sq\fg_00ff00_bg_000000.jpg,0.2049560546875
0,1,exp_a1/colors\bg_0000ff.jpg,0.26025390625
1,3,exp_a1/colors\bg_00ffff.jpg,0.249755859375
2,4,exp_a1/colors\bg_888888.jpg,0.236572265625
3,8,exp_a1/colors\bg_ffffff.png,0.2303466796875
4,5,exp_a1/colors\bg_921e3e.jpg,0.224853515625
5,0,exp_a1/colors\bg_000000.jpg,0.224609375
6,6,exp_a1/colors\bg_ff0000.jpg,0.21630859375
7,7,exp_a1/colors\bg_ffff00.jpg,0.209228515625
8,2,exp_a1/colors\bg_00ff00.jpg,0.208740234375
