,Unnamed: 0,filepaths,similarity
0,1,exp_a1/112_sq\fg_000000_bg_ffffff.jpg,0.2861328125
1,22,exp_a1/112_sq\fg_ffffff_bg_000000.jpg,0.285400390625
2,13,exp_a1/112_sq\fg_921e3e_bg_000000.jpg,0.281494140625
3,10,exp_a1/112_sq\fg_00ffff_bg_ffffff.jpg,0.2783203125
4,19,exp_a1/112_sq\fg_ffff00_bg_000000.jpg,0.27783203125
5,16,exp_a1/112_sq\fg_ff0000_bg_000000.jpg,0.277587890625
6,4,exp_a1/112_sq\fg_0000ff_bg_ffffff.jpg,0.277099609375
7,8,exp_a1/112_sq\fg_00ffff_bg_000000.jpg,0.277099609375
8,18,exp_a1/112_sq\fg_ff0000_bg_ffffff.jpg,0.27587890625
9,2,exp_a1/112_sq\fg_0000ff_bg_000000.jpg,0.27490234375
10,21,exp_a1/112_sq\fg_ffff00_bg_ffffff.jpg,0.2734375
11,3,exp_a1/112_sq\fg_0000ff_bg_888888.jpg,0.272705078125
12,23,exp_a1/112_sq\fg_ffffff_bg_888888.jpg,0.270263671875
13,17,exp_a1/112_sq\fg_ff0000_bg_888888.jpg,0.270263671875
14,20,exp_a1/112_sq\fg_ffff00_bg_888888.jpg,0.27001953125
15,7,exp_a1/112_sq\fg_00ff00_bg_ffffff.jpg,0.268798828125
16,15,exp_a1/112_sq\fg_921e3e_bg_ffffff.jpg,0.26806640625
17,5,exp_a1/112_sq\fg_00ff00_bg_000000.jpg,0.266357421875
18,0,exp_a1/112_sq\fg_000000_bg_888888.jpg,0.264404296875
19,11,exp_a1/112_sq\fg_888888_bg_000000.jpg,0.263671875
20,9,exp_a1/112_sq\fg_00ffff_bg_888888.jpg,0.26318359375
21,14,exp_a1/112_sq\fg_921e3e_bg_888888.jpg,0.259521484375
22,12,exp_a1/112_sq\fg_888888_bg_ffffff.jpg,0.251708984375
23,6,exp_a1/112_sq\fg_00ff00_bg_888888.jpg,0.2489013671875
0,22,exp_a1/12_sq\fg_ffffff_bg_000000.jpg,0.2958984375
1,8,exp_a1/12_sq\fg_00ffff_bg_000000.jpg,0.29150390625
2,11,exp_a1/12_sq\fg_888888_bg_000000.jpg,0.291015625
3,13,exp_a1/12_sq\fg_921e3e_bg_000000.jpg,0.2900390625
4,2,exp_a1/12_sq\fg_0000ff_bg_000000.jpg,0.286865234375
5,16,exp_a1/12_sq\fg_ff0000_bg_000000.jpg,0.286865234375
6,19,exp_a1/12_sq\fg_ffff00_bg_000000.jpg,0.284423828125
7,5,exp_a1/12_sq\fg_00ff00_bg_000000.jpg,0.283935546875
8,1,exp_a1/12_sq\fg_000000_bg_ffffff.jpg,0.28125
9,18,exp_a1/12_sq\fg_ff0000_bg_ffffff.jpg,0.27685546875
10,10,exp_a1/12_sq\fg_00ffff_bg_ffffff.jpg,0.276611328125
11,12,exp_a1/12_sq\fg_888888_bg_ffffff.jpg,0.27294921875
12,4,exp_a1/12_sq\fg_0000ff_bg_ffffff.jpg,0.271728515625
13,7,exp_a1/12_sq\fg_00ff00_bg_ffffff.jpg,0.270751953125
14,15,exp_a1/12_sq\fg_921e3e_bg_ffffff.jpg,0.270263671875
15,23,exp_a1/12_sq\fg_ffffff_bg_888888.jpg,0.268798828125
16,21,exp_a1/12_sq\fg_ffff00_bg_ffffff.jpg,0.2685546875
17,17,exp_a1/12_sq\fg_ff0000_bg_888888.jpg,0.266357421875
18,9,exp_a1/12_sq\fg_00ffff_bg_888888.jpg,0.266357421875
19,3,exp_a1/12_sq\fg_0000ff_bg_888888.jpg,0.261962890625
20,0,exp_a1/12_sq\fg_000000_bg_888888.jpg,0.260498046875
21,20,exp_a1/12_sq\fg_ffff00_bg_888888.jpg,0.258544921875
22,14,exp_a1/12_sq\fg_921e3e_bg_888888.jpg,0.2568359375
23,6,exp_a1/12_sq\fg_00ff00_bg_888888.jpg,0.251953125
0,22,exp_a1/148_sq\fg_ffffff_bg_000000.jpg,0.287353515625
1,16,exp_a1/148_sq\fg_ff0000_bg_000000.jpg,0.281005859375
2,1,exp_a1/148_sq\fg_000000_bg_ffffff.jpg,0.2802734375
3,13,exp_a1/148_sq\fg_921e3e_bg_000000.jpg,0.27783203125
4,19,exp_a1/148_sq\fg_ffff00_bg_000000.jpg,0.277587890625
5,8,exp_a1/148_sq\fg_00ffff_bg_000000.jpg,0.27734375
6,10,exp_a1/148_sq\fg_00ffff_bg_ffffff.jpg,0.27392578125
7,4,exp_a1/148_sq\fg_0000ff_bg_ffffff.jpg,0.273681640625
8,18,exp_a1/148_sq\fg_ff0000_bg_ffffff.jpg,0.27294921875
9,15,exp_a1/148_sq\fg_921e3e_bg_ffffff.jpg,0.272705078125
10,2,exp_a1/148_sq\fg_0000ff_bg_000000.jpg,0.271484375
11,11,exp_a1/148_sq\fg_888888_bg_000000.jpg,0.2685546875
12,0,exp_a1/148_sq\fg_000000_bg_888888.jpg,0.268310546875
13,23,exp_a1/148_sq\fg_ffffff_bg_888888.jpg,0.267578125
14,7,exp_a1/148_sq\fg_00ff00_bg_ffffff.jpg,0.267578125
15,5,exp_a1/148_sq\fg_00ff00_bg_000000.jpg,0.26708984375
16,21,exp_a1/148_sq\fg_ffff00_bg_ffffff.jpg,0.26708984375
17,9,exp_a1/148_sq\fg_00ffff_bg_888888.jpg,0.255615234375
18,17,exp_a1/148_sq\fg_ff0000_bg_888888.jpg,0.255615234375
19,3,exp_a1/148_sq\fg_0000ff_bg_888888.jpg,0.253173828125
20,20,exp_a1/148_sq\fg_ffff00_bg_888888.jpg,0.251220703125
21,12,exp_a1/148_sq\fg_888888_bg_ffffff.jpg,0.24853515625
22,14,exp_a1/148_sq\fg_921e3e_bg_888888.jpg,0.239501953125
23,6,exp_a1/148_sq\fg_00ff00_bg_888888.jpg,0.216552734375
0,1,exp_a1/200_sq\fg_000000_bg_ffffff.jpg,0.28955078125
1,0,exp_a1/200_sq\fg_000000_bg_888888.jpg,0.287353515625
2,22,exp_a1/200_sq\fg_ffffff_bg_000000.jpg,0.28271484375
3,10,exp_a1/200_sq\fg_00ffff_bg_ffffff.jpg,0.2822265625
4,8,exp_a1/200_sq\fg_00ffff_bg_000000.jpg,0.27490234375
5,21,exp_a1/200_sq\fg_ffff00_bg_ffffff.jpg,0.2734375
6,16,exp_a1/200_sq\fg_ff0000_bg_000000.jpg,0.27294921875
7,13,exp_a1/200_sq\fg_921e3e_bg_000000.jpg,0.2724609375
8,18,exp_a1/200_sq\fg_ff0000_bg_ffffff.jpg,0.27197265625
9,9,exp_a1/200_sq\fg_00ffff_bg_888888.jpg,0.2705078125
10,4,exp_a1/200_sq\fg_0000ff_bg_ffffff.jpg,0.26953125
11,15,exp_a1/200_sq\fg_921e3e_bg_ffffff.jpg,0.26953125
12,2,exp_a1/200_sq\fg_0000ff_bg_000000.jpg,0.269287109375
13,5,exp_a1/200_sq\fg_00ff00_bg_000000.jpg,0.26904296875
14,7,exp_a1/200_sq\fg_00ff00_bg_ffffff.jpg,0.267578125
15,17,exp_a1/200_sq\fg_ff0000_bg_888888.jpg,0.266357421875
16,19,exp_a1/200_sq\fg_ffff00_bg_000000.jpg,0.26611328125
17,3,exp_a1/200_sq\fg_0000ff_bg_888888.jpg,0.26513671875
18,23,exp_a1/200_sq\fg_ffffff_bg_888888.jpg,0.26171875
19,6,exp_a1/200_sq\fg_00ff00_bg_888888.jpg,0.260498046875
20,20,exp_a1/200_sq\fg_ffff00_bg_888888.jpg,0.258056640625
21,14,exp_a1/200_sq\fg_921e3e_bg_888888.jpg,0.253662109375
22,12,exp_a1/200_sq\fg_888888_bg_ffffff.jpg,0.2396240234375
23,11,exp_a1/200_sq\fg_888888_bg_000000.jpg,0.2291259765625
0,11,exp_a1/4_sq\fg_888888_bg_000000.jpg,0.29248046875
1,22,exp_a1/4_sq\fg_ffffff_bg_000000.jpg,0.2919921875
2,13,exp_a1/4_sq\fg_921e3e_bg_000000.jpg,0.2919921875
3,16,exp_a1/4_sq\fg_ff0000_bg_000000.jpg,0.289306640625
4,2,exp_a1/4_sq\fg_0000ff_bg_000000.jpg,0.289306640625
5,5,exp_a1/4_sq\fg_00ff00_bg_000000.jpg,0.2880859375
6,19,exp_a1/4_sq\fg_ffff00_bg_000000.jpg,0.287841796875
7,8,exp_a1/4_sq\fg_00ffff_bg_000000.jpg,0.287109375
8,18,exp_a1/4_sq\fg_ff0000_bg_ffffff.jpg,0.2783203125
9,1,exp_a1/4_sq\fg_000000_bg_ffffff.jpg,0.27685546875
10,10,exp_a1/4_sq\fg_00ffff_bg_ffffff.jpg,0.276611328125
11,12,exp_a1/4_sq\fg_888888_bg_ffffff.jpg,0.274658203125
12,7,exp_a1/4_sq\fg_00ff00_bg_ffffff.jpg,0.2734375
13,15,exp_a1/4_sq\fg_921e3e_bg_ffffff.jpg,0.27294921875
14,4,exp_a1/4_sq\fg_0000ff_bg_ffffff.jpg,0.27197265625
15,21,exp_a1/4_sq\fg_ffff00_bg_ffffff.jpg,0.26953125
16,0,exp_a1/4_sq\fg_000000_bg_888888.jpg,0.268310546875
17,9,exp_a1/4_sq\fg_00ffff_bg_888888.jpg,0.267822265625
18,23,exp_a1/4_sq\fg_ffffff_bg_888888.jpg,0.26708984375
19,3,exp_a1/4_sq\fg_0000ff_bg_888888.jpg,0.260986328125
20,14,exp_a1/4_sq\fg_921e3e_bg_888888.jpg,0.255126953125
21,20,exp_a1/4_sq\fg_ffff00_bg_888888.jpg,0.255126953125
22,6,exp_a1/4_sq\fg_00ff00_bg_888888.jpg,0.25341796875
23,17,exp_a1/4_sq\fg_ff0000_bg_888888.jpg,0.2470703125
0,22,exp_a1/56_sq\fg_ffffff_bg_000000.jpg,0.294677734375
1,1,exp_a1/56_sq\fg_000000_bg_ffffff.jpg,0.288330078125
2,8,exp_a1/56_sq\fg_00ffff_bg_000000.jpg,0.286865234375
3,11,exp_a1/56_sq\fg_888888_bg_000000.jpg,0.2861328125
4,13,exp_a1/56_sq\fg_921e3e_bg_000000.jpg,0.28564453125
5,16,exp_a1/56_sq\fg_ff0000_bg_000000.jpg,0.282470703125
6,2,exp_a1/56_sq\fg_0000ff_bg_000000.jpg,0.281494140625
7,4,exp_a1/56_sq\fg_0000ff_bg_ffffff.jpg,0.281005859375
8,5,exp_a1/56_sq\fg_00ff00_bg_000000.jpg,0.281005859375
9,19,exp_a1/56_sq\fg_ffff00_bg_000000.jpg,0.280517578125
10,7,exp_a1/56_sq\fg_00ff00_bg_ffffff.jpg,0.27880859375
11,10,exp_a1/56_sq\fg_00ffff_bg_ffffff.jpg,0.277587890625
12,18,exp_a1/56_sq\fg_ff0000_bg_ffffff.jpg,0.276123046875
13,21,exp_a1/56_sq\fg_ffff00_bg_ffffff.jpg,0.273681640625
14,3,exp_a1/56_sq\fg_0000ff_bg_888888.jpg,0.273681640625
15,15,exp_a1/56_sq\fg_921e3e_bg_ffffff.jpg,0.272216796875
16,17,exp_a1/56_sq\fg_ff0000_bg_888888.jpg,0.272216796875
17,20,exp_a1/56_sq\fg_ffff00_bg_888888.jpg,0.271728515625
18,12,exp_a1/56_sq\fg_888888_bg_ffffff.jpg,0.270263671875
19,23,exp_a1/56_sq\fg_ffffff_bg_888888.jpg,0.26953125
20,0,exp_a1/56_sq\fg_000000_bg_888888.jpg,0.262451171875
21,14,exp_a1/56_sq\fg_921e3e_bg_888888.jpg,0.26123046875
22,9,exp_a1/56_sq\fg_00ffff_bg_888888.jpg,0.260009765625
23,6,exp_a1/56_sq\fg_00ff00_bg_888888.jpg,0.255615234375
0,0,exp_a1/colors\bg_000000.jpg,0.29052734375
1,8,exp_a1/colors\bg_ffffff.png,0.278564453125
2,5,exp_a1/colors\bg_921e3e.jpg,0.271240234375
3,1,exp_a1/colors\bg_0000ff.jpg,0.26708984375
4,6,exp_a1/colors\bg_ff0000.jpg,0.26708984375
5,3,exp_a1/colors\bg_00ffff.jpg,0.264404296875
6,7,exp_a1/colors\bg_ffff00.jpg,0.260498046875
7,2,exp_a1/colors\bg_00ff00.jpg,0.25732421875
8,4,exp_a1/colors\bg_888888.jpg,0.237060546875
