,Unnamed: 0,filepaths,similarity
0,6,exp_a1/112_sq\fg_00ff00_bg_888888.jpg,0.36376953125
1,14,exp_a1/112_sq\fg_921e3e_bg_888888.jpg,0.3271484375
2,9,exp_a1/112_sq\fg_00ffff_bg_888888.jpg,0.314208984375
3,1,exp_a1/112_sq\fg_000000_bg_ffffff.jpg,0.283447265625
4,3,exp_a1/112_sq\fg_0000ff_bg_888888.jpg,0.281982421875
5,4,exp_a1/112_sq\fg_0000ff_bg_ffffff.jpg,0.25341796875
6,7,exp_a1/112_sq\fg_00ff00_bg_ffffff.jpg,0.248779296875
7,21,exp_a1/112_sq\fg_ffff00_bg_ffffff.jpg,0.247314453125
8,10,exp_a1/112_sq\fg_00ffff_bg_ffffff.jpg,0.2393798828125
9,13,exp_a1/112_sq\fg_921e3e_bg_000000.jpg,0.2322998046875
10,11,exp_a1/112_sq\fg_888888_bg_000000.jpg,0.2274169921875
11,5,exp_a1/112_sq\fg_00ff00_bg_000000.jpg,0.2265625
12,15,exp_a1/112_sq\fg_921e3e_bg_ffffff.jpg,0.2237548828125
13,12,exp_a1/112_sq\fg_888888_bg_ffffff.jpg,0.215576171875
14,8,exp_a1/112_sq\fg_00ffff_bg_000000.jpg,0.2047119140625
15,2,exp_a1/112_sq\fg_0000ff_bg_000000.jpg,0.1995849609375
16,20,exp_a1/112_sq\fg_ffff00_bg_888888.jpg,0.1978759765625
17,0,exp_a1/112_sq\fg_000000_bg_888888.jpg,0.1956787109375
18,19,exp_a1/112_sq\fg_ffff00_bg_000000.jpg,0.1922607421875
19,18,exp_a1/112_sq\fg_ff0000_bg_ffffff.jpg,0.192138671875
20,16,exp_a1/112_sq\fg_ff0000_bg_000000.jpg,0.18212890625
21,22,exp_a1/112_sq\fg_ffffff_bg_000000.jpg,0.1785888671875
22,23,exp_a1/112_sq\fg_ffffff_bg_888888.jpg,0.167236328125
23,17,exp_a1/112_sq\fg_ff0000_bg_888888.jpg,0.16552734375
0,9,exp_a1/12_sq\fg_00ffff_bg_888888.jpg,0.42333984375
1,23,exp_a1/12_sq\fg_ffffff_bg_888888.jpg,0.422607421875
2,17,exp_a1/12_sq\fg_ff0000_bg_888888.jpg,0.421875
3,6,exp_a1/12_sq\fg_00ff00_bg_888888.jpg,0.42041015625
4,14,exp_a1/12_sq\fg_921e3e_bg_888888.jpg,0.416015625
5,20,exp_a1/12_sq\fg_ffff00_bg_888888.jpg,0.415771484375
6,3,exp_a1/12_sq\fg_0000ff_bg_888888.jpg,0.4111328125
7,0,exp_a1/12_sq\fg_000000_bg_888888.jpg,0.409423828125
8,12,exp_a1/12_sq\fg_888888_bg_ffffff.jpg,0.205810546875
9,15,exp_a1/12_sq\fg_921e3e_bg_ffffff.jpg,0.20458984375
10,4,exp_a1/12_sq\fg_0000ff_bg_ffffff.jpg,0.200927734375
11,1,exp_a1/12_sq\fg_000000_bg_ffffff.jpg,0.1993408203125
12,21,exp_a1/12_sq\fg_ffff00_bg_ffffff.jpg,0.19775390625
13,18,exp_a1/12_sq\fg_ff0000_bg_ffffff.jpg,0.1976318359375
14,7,exp_a1/12_sq\fg_00ff00_bg_ffffff.jpg,0.1973876953125
15,10,exp_a1/12_sq\fg_00ffff_bg_ffffff.jpg,0.19677734375
16,22,exp_a1/12_sq\fg_ffffff_bg_000000.jpg,0.15576171875
17,16,exp_a1/12_sq\fg_ff0000_bg_000000.jpg,0.1551513671875
18,11,exp_a1/12_sq\fg_888888_bg_000000.jpg,0.154296875
19,8,exp_a1/12_sq\fg_00ffff_bg_000000.jpg,0.15380859375
20,19,exp_a1/12_sq\fg_ffff00_bg_000000.jpg,0.1534423828125
21,5,exp_a1/12_sq\fg_00ff00_bg_000000.jpg,0.1527099609375
22,13,exp_a1/12_sq\fg_921e3e_bg_000000.jpg,0.152099609375
23,2,exp_a1/12_sq\fg_0000ff_bg_000000.jpg,0.1513671875
0,1,exp_a1/148_sq\fg_000000_bg_ffffff.jpg,0.3134765625
1,6,exp_a1/148_sq\fg_00ff00_bg_888888.jpg,0.300537109375
2,4,exp_a1/148_sq\fg_0000ff_bg_ffffff.jpg,0.29345703125
3,21,exp_a1/148_sq\fg_ffff00_bg_ffffff.jpg,0.284912109375
4,10,exp_a1/148_sq\fg_00ffff_bg_ffffff.jpg,0.2783203125
5,7,exp_a1/148_sq\fg_00ff00_bg_ffffff.jpg,0.267822265625
6,12,exp_a1/148_sq\fg_888888_bg_ffffff.jpg,0.2470703125
7,13,exp_a1/148_sq\fg_921e3e_bg_000000.jpg,0.238525390625
8,5,exp_a1/148_sq\fg_00ff00_bg_000000.jpg,0.2376708984375
9,2,exp_a1/148_sq\fg_0000ff_bg_000000.jpg,0.2264404296875
10,11,exp_a1/148_sq\fg_888888_bg_000000.jpg,0.212158203125
11,15,exp_a1/148_sq\fg_921e3e_bg_ffffff.jpg,0.199951171875
12,18,exp_a1/148_sq\fg_ff0000_bg_ffffff.jpg,0.1888427734375
13,19,exp_a1/148_sq\fg_ffff00_bg_000000.jpg,0.186279296875
14,14,exp_a1/148_sq\fg_921e3e_bg_888888.jpg,0.1761474609375
15,8,exp_a1/148_sq\fg_00ffff_bg_000000.jpg,0.1673583984375
16,9,exp_a1/148_sq\fg_00ffff_bg_888888.jpg,0.157958984375
17,3,exp_a1/148_sq\fg_0000ff_bg_888888.jpg,0.1566162109375
18,20,exp_a1/148_sq\fg_ffff00_bg_888888.jpg,0.153564453125
19,0,exp_a1/148_sq\fg_000000_bg_888888.jpg,0.1326904296875
20,22,exp_a1/148_sq\fg_ffffff_bg_000000.jpg,0.11822509765625
21,17,exp_a1/148_sq\fg_ff0000_bg_888888.jpg,0.1025390625
22,23,exp_a1/148_sq\fg_ffffff_bg_888888.jpg,0.0928955078125
23,16,exp_a1/148_sq\fg_ff0000_bg_000000.jpg,0.08837890625
0,11,exp_a1/200_sq\fg_888888_bg_000000.jpg,0.2744140625
1,19,exp_a1/200_sq\fg_ffff00_bg_000000.jpg,0.273681640625
2,5,exp_a1/200_sq\fg_00ff00_bg_000000.jpg,0.256591796875
3,21,exp_a1/200_sq\fg_ffff00_bg_ffffff.jpg,0.256103515625
4,13,exp_a1/200_sq\fg_921e3e_bg_000000.jpg,0.239013671875
5,10,exp_a1/200_sq\fg_00ffff_bg_ffffff.jpg,0.2337646484375
6,0,exp_a1/200_sq\fg_000000_bg_888888.jpg,0.22509765625
7,2,exp_a1/200_sq\fg_0000ff_bg_000000.jpg,0.2220458984375
8,7,exp_a1/200_sq\fg_00ff00_bg_ffffff.jpg,0.21240234375
9,8,exp_a1/200_sq\fg_00ffff_bg_000000.jpg,0.207763671875
10,18,exp_a1/200_sq\fg_ff0000_bg_ffffff.jpg,0.1962890625
11,14,exp_a1/200_sq\fg_921e3e_bg_888888.jpg,0.1947021484375
12,22,exp_a1/200_sq\fg_ffffff_bg_000000.jpg,0.18798828125
13,6,exp_a1/200_sq\fg_00ff00_bg_888888.jpg,0.1873779296875
14,3,exp_a1/200_sq\fg_0000ff_bg_888888.jpg,0.182373046875
15,16,exp_a1/200_sq\fg_ff0000_bg_000000.jpg,0.17578125
16,1,exp_a1/200_sq\fg_000000_bg_ffffff.jpg,0.1622314453125
17,20,exp_a1/200_sq\fg_ffff00_bg_888888.jpg,0.151611328125
18,4,exp_a1/200_sq\fg_0000ff_bg_ffffff.jpg,0.150146484375
19,17,exp_a1/200_sq\fg_ff0000_bg_888888.jpg,0.1309814453125
20,15,exp_a1/200_sq\fg_921e3e_bg_ffffff.jpg,0.1300048828125
21,23,exp_a1/200_sq\fg_ffffff_bg_888888.jpg,0.127685546875
22,9,exp_a1/200_sq\fg_00ffff_bg_888888.jpg,0.10772705078125
23,12,exp_a1/200_sq\fg_888888_bg_ffffff.jpg,0.0404052734375
0,20,exp_a1/4_sq\fg_ffff00_bg_888888.jpg,0.42626953125
1,14,exp_a1/4_sq\fg_921e3e_bg_888888.jpg,0.423095703125
2,6,exp_a1/4_sq\fg_00ff00_bg_888888.jpg,0.402099609375
3,9,exp_a1/4_sq\fg_00ffff_bg_888888.jpg,0.40087890625
4,3,exp_a1/4_sq\fg_0000ff_bg_888888.jpg,0.400634765625
5,17,exp_a1/4_sq\fg_ff0000_bg_888888.jpg,0.396484375
6,0,exp_a1/4_sq\fg_000000_bg_888888.jpg,0.39208984375
7,23,exp_a1/4_sq\fg_ffffff_bg_888888.jpg,0.386962890625
8,10,exp_a1/4_sq\fg_00ffff_bg_ffffff.jpg,0.1983642578125
9,18,exp_a1/4_sq\fg_ff0000_bg_ffffff.jpg,0.1982421875
10,15,exp_a1/4_sq\fg_921e3e_bg_ffffff.jpg,0.197998046875
11,7,exp_a1/4_sq\fg_00ff00_bg_ffffff.jpg,0.19775390625
12,4,exp_a1/4_sq\fg_0000ff_bg_ffffff.jpg,0.19775390625
13,21,exp_a1/4_sq\fg_ffff00_bg_ffffff.jpg,0.19775390625
14,12,exp_a1/4_sq\fg_888888_bg_ffffff.jpg,0.1976318359375
15,1,exp_a1/4_sq\fg_000000_bg_ffffff.jpg,0.197509765625
16,22,exp_a1/4_sq\fg_ffffff_bg_000000.jpg,0.15234375
17,13,exp_a1/4_sq\fg_921e3e_bg_000000.jpg,0.1519775390625
18,5,exp_a1/4_sq\fg_00ff00_bg_000000.jpg,0.1519775390625
19,11,exp_a1/4_sq\fg_888888_bg_000000.jpg,0.15185546875
20,16,exp_a1/4_sq\fg_ff0000_bg_000000.jpg,0.15185546875
21,19,exp_a1/4_sq\fg_ffff00_bg_000000.jpg,0.1517333984375
22,2,exp_a1/4_sq\fg_0000ff_bg_000000.jpg,0.1517333984375
23,8,exp_a1/4_sq\fg_00ffff_bg_000000.jpg,0.151611328125
0,6,exp_a1/56_sq\fg_00ff00_bg_888888.jpg,0.421630859375
1,3,exp_a1/56_sq\fg_0000ff_bg_888888.jpg,0.408203125
2,14,exp_a1/56_sq\fg_921e3e_bg_888888.jpg,0.400146484375
3,9,exp_a1/56_sq\fg_00ffff_bg_888888.jpg,0.387939453125
4,0,exp_a1/56_sq\fg_000000_bg_888888.jpg,0.385009765625
5,20,exp_a1/56_sq\fg_ffff00_bg_888888.jpg,0.36083984375
6,17,exp_a1/56_sq\fg_ff0000_bg_888888.jpg,0.28564453125
7,21,exp_a1/56_sq\fg_ffff00_bg_ffffff.jpg,0.2440185546875
8,23,exp_a1/56_sq\fg_ffffff_bg_888888.jpg,0.2303466796875
9,1,exp_a1/56_sq\fg_000000_bg_ffffff.jpg,0.228271484375
10,11,exp_a1/56_sq\fg_888888_bg_000000.jpg,0.2208251953125
11,10,exp_a1/56_sq\fg_00ffff_bg_ffffff.jpg,0.2176513671875
12,12,exp_a1/56_sq\fg_888888_bg_ffffff.jpg,0.216064453125
13,13,exp_a1/56_sq\fg_921e3e_bg_000000.jpg,0.2125244140625
14,4,exp_a1/56_sq\fg_0000ff_bg_ffffff.jpg,0.2086181640625
15,7,exp_a1/56_sq\fg_00ff00_bg_ffffff.jpg,0.2066650390625
16,15,exp_a1/56_sq\fg_921e3e_bg_ffffff.jpg,0.19873046875
17,18,exp_a1/56_sq\fg_ff0000_bg_ffffff.jpg,0.1907958984375
18,19,exp_a1/56_sq\fg_ffff00_bg_000000.jpg,0.177978515625
19,8,exp_a1/56_sq\fg_00ffff_bg_000000.jpg,0.1688232421875
20,5,exp_a1/56_sq\fg_00ff00_bg_000000.jpg,0.1671142578125
21,2,exp_a1/56_sq\fg_0000ff_bg_000000.jpg,0.166015625
22,16,exp_a1/56_sq\fg_ff0000_bg_000000.jpg,0.1588134765625
23,22,exp_a1/56_sq\fg_ffffff_bg_000000.jpg,0.1578369140625
0,4,exp_a1/colors\bg_888888.jpg,0.383544921875
1,5,exp_a1/colors\bg_921e3e.jpg,0.2454833984375
2,6,exp_a1/colors\bg_ff0000.jpg,0.22509765625
3,1,exp_a1/colors\bg_0000ff.jpg,0.2198486328125
4,8,exp_a1/colors\bg_ffffff.png,0.1990966796875
5,7,exp_a1/colors\bg_ffff00.jpg,0.1954345703125
6,2,exp_a1/colors\bg_00ff00.jpg,0.1767578125
7,0,exp_a1/colors\bg_000000.jpg,0.1519775390625
8,3,exp_a1/colors\bg_00ffff.jpg,0.1490478515625
