,Unnamed: 0,filepaths,similarity
0,22,exp_a1/112_sq\fg_ffffff_bg_000000.jpg,0.260009765625
1,1,exp_a1/112_sq\fg_000000_bg_ffffff.jpg,0.259033203125
2,13,exp_a1/112_sq\fg_921e3e_bg_000000.jpg,0.2587890625
3,18,exp_a1/112_sq\fg_ff0000_bg_ffffff.jpg,0.2578125
4,16,exp_a1/112_sq\fg_ff0000_bg_000000.jpg,0.25439453125
5,19,exp_a1/112_sq\fg_ffff00_bg_000000.jpg,0.25439453125
6,21,exp_a1/112_sq\fg_ffff00_bg_ffffff.jpg,0.254150390625
7,10,exp_a1/112_sq\fg_00ffff_bg_ffffff.jpg,0.253662109375
8,15,exp_a1/112_sq\fg_921e3e_bg_ffffff.jpg,0.25341796875
9,17,exp_a1/112_sq\fg_ff0000_bg_888888.jpg,0.253173828125
10,20,exp_a1/112_sq\fg_ffff00_bg_888888.jpg,0.252197265625
11,4,exp_a1/112_sq\fg_0000ff_bg_ffffff.jpg,0.251708984375
12,7,exp_a1/112_sq\fg_00ff00_bg_ffffff.jpg,0.2486572265625
13,2,exp_a1/112_sq\fg_0000ff_bg_000000.jpg,0.2481689453125
14,11,exp_a1/112_sq\fg_888888_bg_000000.jpg,0.247802734375
15,8,exp_a1/112_sq\fg_00ffff_bg_000000.jpg,0.247314453125
16,3,exp_a1/112_sq\fg_0000ff_bg_888888.jpg,0.24560546875
17,0,exp_a1/112_sq\fg_000000_bg_888888.jpg,0.2451171875
18,23,exp_a1/112_sq\fg_ffffff_bg_888888.jpg,0.24462890625
19,5,exp_a1/112_sq\fg_00ff00_bg_000000.jpg,0.2432861328125
20,14,exp_a1/112_sq\fg_921e3e_bg_888888.jpg,0.240478515625
21,9,exp_a1/112_sq\fg_00ffff_bg_888888.jpg,0.2401123046875
22,12,exp_a1/112_sq\fg_888888_bg_ffffff.jpg,0.2388916015625
23,6,exp_a1/112_sq\fg_00ff00_bg_888888.jpg,0.228515625
0,22,exp_a1/12_sq\fg_ffffff_bg_000000.jpg,0.264404296875
1,13,exp_a1/12_sq\fg_921e3e_bg_000000.jpg,0.263916015625
2,16,exp_a1/12_sq\fg_ff0000_bg_000000.jpg,0.263671875
3,19,exp_a1/12_sq\fg_ffff00_bg_000000.jpg,0.26171875
4,11,exp_a1/12_sq\fg_888888_bg_000000.jpg,0.26171875
5,8,exp_a1/12_sq\fg_00ffff_bg_000000.jpg,0.261474609375
6,2,exp_a1/12_sq\fg_0000ff_bg_000000.jpg,0.2607421875
7,5,exp_a1/12_sq\fg_00ff00_bg_000000.jpg,0.260009765625
8,1,exp_a1/12_sq\fg_000000_bg_ffffff.jpg,0.257080078125
9,18,exp_a1/12_sq\fg_ff0000_bg_ffffff.jpg,0.257080078125
10,12,exp_a1/12_sq\fg_888888_bg_ffffff.jpg,0.25244140625
11,7,exp_a1/12_sq\fg_00ff00_bg_ffffff.jpg,0.2509765625
12,21,exp_a1/12_sq\fg_ffff00_bg_ffffff.jpg,0.2498779296875
13,10,exp_a1/12_sq\fg_00ffff_bg_ffffff.jpg,0.249755859375
14,15,exp_a1/12_sq\fg_921e3e_bg_ffffff.jpg,0.2486572265625
15,4,exp_a1/12_sq\fg_0000ff_bg_ffffff.jpg,0.2476806640625
16,17,exp_a1/12_sq\fg_ff0000_bg_888888.jpg,0.2371826171875
17,23,exp_a1/12_sq\fg_ffffff_bg_888888.jpg,0.2335205078125
18,0,exp_a1/12_sq\fg_000000_bg_888888.jpg,0.229736328125
19,9,exp_a1/12_sq\fg_00ffff_bg_888888.jpg,0.2291259765625
20,3,exp_a1/12_sq\fg_0000ff_bg_888888.jpg,0.2288818359375
21,20,exp_a1/12_sq\fg_ffff00_bg_888888.jpg,0.228271484375
22,14,exp_a1/12_sq\fg_921e3e_bg_888888.jpg,0.2275390625
23,6,exp_a1/12_sq\fg_00ff00_bg_888888.jpg,0.2218017578125
0,22,exp_a1/148_sq\fg_ffffff_bg_000000.jpg,0.262451171875
1,15,exp_a1/148_sq\fg_921e3e_bg_ffffff.jpg,0.259521484375
2,16,exp_a1/148_sq\fg_ff0000_bg_000000.jpg,0.25927734375
3,21,exp_a1/148_sq\fg_ffff00_bg_ffffff.jpg,0.257568359375
4,18,exp_a1/148_sq\fg_ff0000_bg_ffffff.jpg,0.257080078125
5,1,exp_a1/148_sq\fg_000000_bg_ffffff.jpg,0.2568359375
6,19,exp_a1/148_sq\fg_ffff00_bg_000000.jpg,0.25439453125
7,13,exp_a1/148_sq\fg_921e3e_bg_000000.jpg,0.25341796875
8,10,exp_a1/148_sq\fg_00ffff_bg_ffffff.jpg,0.2509765625
9,8,exp_a1/148_sq\fg_00ffff_bg_000000.jpg,0.249267578125
10,7,exp_a1/148_sq\fg_00ff00_bg_ffffff.jpg,0.248779296875
11,11,exp_a1/148_sq\fg_888888_bg_000000.jpg,0.24853515625
12,4,exp_a1/148_sq\fg_0000ff_bg_ffffff.jpg,0.248291015625
13,0,exp_a1/148_sq\fg_000000_bg_888888.jpg,0.24755859375
14,5,exp_a1/148_sq\fg_00ff00_bg_000000.jpg,0.246337890625
15,23,exp_a1/148_sq\fg_ffffff_bg_888888.jpg,0.24462890625
16,2,exp_a1/148_sq\fg_0000ff_bg_000000.jpg,0.2442626953125
17,17,exp_a1/148_sq\fg_ff0000_bg_888888.jpg,0.2435302734375
18,20,exp_a1/148_sq\fg_ffff00_bg_888888.jpg,0.2410888671875
19,12,exp_a1/148_sq\fg_888888_bg_ffffff.jpg,0.235107421875
20,3,exp_a1/148_sq\fg_0000ff_bg_888888.jpg,0.232666015625
21,9,exp_a1/148_sq\fg_00ffff_bg_888888.jpg,0.229248046875
22,14,exp_a1/148_sq\fg_921e3e_bg_888888.jpg,0.228759765625
23,6,exp_a1/148_sq\fg_00ff00_bg_888888.jpg,0.2056884765625
0,13,exp_a1/200_sq\fg_921e3e_bg_000000.jpg,0.262939453125
1,21,exp_a1/200_sq\fg_ffff00_bg_ffffff.jpg,0.262451171875
2,19,exp_a1/200_sq\fg_ffff00_bg_000000.jpg,0.2607421875
3,16,exp_a1/200_sq\fg_ff0000_bg_000000.jpg,0.2607421875
4,0,exp_a1/200_sq\fg_000000_bg_888888.jpg,0.260498046875
5,1,exp_a1/200_sq\fg_000000_bg_ffffff.jpg,0.259765625
6,2,exp_a1/200_sq\fg_0000ff_bg_000000.jpg,0.257568359375
7,15,exp_a1/200_sq\fg_921e3e_bg_ffffff.jpg,0.256591796875
8,10,exp_a1/200_sq\fg_00ffff_bg_ffffff.jpg,0.25634765625
9,18,exp_a1/200_sq\fg_ff0000_bg_ffffff.jpg,0.256103515625
10,22,exp_a1/200_sq\fg_ffffff_bg_000000.jpg,0.255859375
11,20,exp_a1/200_sq\fg_ffff00_bg_888888.jpg,0.2529296875
12,8,exp_a1/200_sq\fg_00ffff_bg_000000.jpg,0.25244140625
13,4,exp_a1/200_sq\fg_0000ff_bg_ffffff.jpg,0.251708984375
14,17,exp_a1/200_sq\fg_ff0000_bg_888888.jpg,0.251708984375
15,5,exp_a1/200_sq\fg_00ff00_bg_000000.jpg,0.2491455078125
16,3,exp_a1/200_sq\fg_0000ff_bg_888888.jpg,0.2479248046875
17,9,exp_a1/200_sq\fg_00ffff_bg_888888.jpg,0.2449951171875
18,7,exp_a1/200_sq\fg_00ff00_bg_ffffff.jpg,0.2442626953125
19,23,exp_a1/200_sq\fg_ffffff_bg_888888.jpg,0.24169921875
20,14,exp_a1/200_sq\fg_921e3e_bg_888888.jpg,0.24169921875
21,6,exp_a1/200_sq\fg_00ff00_bg_888888.jpg,0.238037109375
22,12,exp_a1/200_sq\fg_888888_bg_ffffff.jpg,0.228271484375
23,11,exp_a1/200_sq\fg_888888_bg_000000.jpg,0.2237548828125
0,13,exp_a1/4_sq\fg_921e3e_bg_000000.jpg,0.264404296875
1,11,exp_a1/4_sq\fg_888888_bg_000000.jpg,0.263916015625
2,2,exp_a1/4_sq\fg_0000ff_bg_000000.jpg,0.263427734375
3,19,exp_a1/4_sq\fg_ffff00_bg_000000.jpg,0.262939453125
4,22,exp_a1/4_sq\fg_ffffff_bg_000000.jpg,0.261962890625
5,16,exp_a1/4_sq\fg_ff0000_bg_000000.jpg,0.26123046875
6,5,exp_a1/4_sq\fg_00ff00_bg_000000.jpg,0.26123046875
7,8,exp_a1/4_sq\fg_00ffff_bg_000000.jpg,0.26123046875
8,12,exp_a1/4_sq\fg_888888_bg_ffffff.jpg,0.257568359375
9,1,exp_a1/4_sq\fg_000000_bg_ffffff.jpg,0.25634765625
10,18,exp_a1/4_sq\fg_ff0000_bg_ffffff.jpg,0.25634765625
11,15,exp_a1/4_sq\fg_921e3e_bg_ffffff.jpg,0.25341796875
12,7,exp_a1/4_sq\fg_00ff00_bg_ffffff.jpg,0.25244140625
13,4,exp_a1/4_sq\fg_0000ff_bg_ffffff.jpg,0.2509765625
14,10,exp_a1/4_sq\fg_00ffff_bg_ffffff.jpg,0.2498779296875
15,21,exp_a1/4_sq\fg_ffff00_bg_ffffff.jpg,0.24853515625
16,0,exp_a1/4_sq\fg_000000_bg_888888.jpg,0.239501953125
17,9,exp_a1/4_sq\fg_00ffff_bg_888888.jpg,0.2381591796875
18,3,exp_a1/4_sq\fg_0000ff_bg_888888.jpg,0.2364501953125
19,20,exp_a1/4_sq\fg_ffff00_bg_888888.jpg,0.2357177734375
20,23,exp_a1/4_sq\fg_ffffff_bg_888888.jpg,0.23486328125
21,6,exp_a1/4_sq\fg_00ff00_bg_888888.jpg,0.234619140625
22,14,exp_a1/4_sq\fg_921e3e_bg_888888.jpg,0.232177734375
23,17,exp_a1/4_sq\fg_ff0000_bg_888888.jpg,0.22900390625
0,13,exp_a1/56_sq\fg_921e3e_bg_000000.jpg,0.263427734375
1,22,exp_a1/56_sq\fg_ffffff_bg_000000.jpg,0.262939453125
2,1,exp_a1/56_sq\fg_000000_bg_ffffff.jpg,0.26171875
3,4,exp_a1/56_sq\fg_0000ff_bg_ffffff.jpg,0.25927734375
4,16,exp_a1/56_sq\fg_ff0000_bg_000000.jpg,0.259033203125
5,11,exp_a1/56_sq\fg_888888_bg_000000.jpg,0.259033203125
6,8,exp_a1/56_sq\fg_00ffff_bg_000000.jpg,0.258544921875
7,21,exp_a1/56_sq\fg_ffff00_bg_ffffff.jpg,0.25634765625
8,18,exp_a1/56_sq\fg_ff0000_bg_ffffff.jpg,0.25634765625
9,19,exp_a1/56_sq\fg_ffff00_bg_000000.jpg,0.256103515625
10,15,exp_a1/56_sq\fg_921e3e_bg_ffffff.jpg,0.256103515625
11,2,exp_a1/56_sq\fg_0000ff_bg_000000.jpg,0.2548828125
12,7,exp_a1/56_sq\fg_00ff00_bg_ffffff.jpg,0.2548828125
13,5,exp_a1/56_sq\fg_00ff00_bg_000000.jpg,0.25439453125
14,10,exp_a1/56_sq\fg_00ffff_bg_ffffff.jpg,0.25439453125
15,12,exp_a1/56_sq\fg_888888_bg_ffffff.jpg,0.24853515625
16,17,exp_a1/56_sq\fg_ff0000_bg_888888.jpg,0.2469482421875
17,20,exp_a1/56_sq\fg_ffff00_bg_888888.jpg,0.2437744140625
18,0,exp_a1/56_sq\fg_000000_bg_888888.jpg,0.2430419921875
19,3,exp_a1/56_sq\fg_0000ff_bg_888888.jpg,0.2401123046875
20,23,exp_a1/56_sq\fg_ffffff_bg_888888.jpg,0.2369384765625
21,14,exp_a1/56_sq\fg_921e3e_bg_888888.jpg,0.2340087890625
22,9,exp_a1/56_sq\fg_00ffff_bg_888888.jpg,0.229248046875
23,6,exp_a1/56_sq\fg_00ff00_bg_888888.jpg,0.2279052734375
0,6,exp_a1/colors\bg_ff0000.jpg,0.26806640625
1,0,exp_a1/colors\bg_000000.jpg,0.26708984375
2,5,exp_a1/colors\bg_921e3e.jpg,0.26416015625
3,8,exp_a1/colors\bg_ffffff.png,0.263671875
4,1,exp_a1/colors\bg_0000ff.jpg,0.25634765625
5,7,exp_a1/colors\bg_ffff00.jpg,0.25
6,3,exp_a1/colors\bg_00ffff.jpg,0.2476806640625
7,2,exp_a1/colors\bg_00ff00.jpg,0.2401123046875
8,4,exp_a1/colors\bg_888888.jpg,0.227783203125
