,Unnamed: 0,filepaths,similarity
0,18,exp_a1/112_sq\fg_ff0000_bg_ffffff.jpg,0.25634765625
1,10,exp_a1/112_sq\fg_00ffff_bg_ffffff.jpg,0.2491455078125
2,1,exp_a1/112_sq\fg_000000_bg_ffffff.jpg,0.2481689453125
3,22,exp_a1/112_sq\fg_ffffff_bg_000000.jpg,0.24609375
4,13,exp_a1/112_sq\fg_921e3e_bg_000000.jpg,0.242919921875
5,21,exp_a1/112_sq\fg_ffff00_bg_ffffff.jpg,0.2425537109375
6,4,exp_a1/112_sq\fg_0000ff_bg_ffffff.jpg,0.241943359375
7,16,exp_a1/112_sq\fg_ff0000_bg_000000.jpg,0.24169921875
8,17,exp_a1/112_sq\fg_ff0000_bg_888888.jpg,0.2413330078125
9,7,exp_a1/112_sq\fg_00ff00_bg_ffffff.jpg,0.239501953125
10,23,exp_a1/112_sq\fg_ffffff_bg_888888.jpg,0.237060546875
11,20,exp_a1/112_sq\fg_ffff00_bg_888888.jpg,0.2366943359375
12,15,exp_a1/112_sq\fg_921e3e_bg_ffffff.jpg,0.236328125
13,3,exp_a1/112_sq\fg_0000ff_bg_888888.jpg,0.235107421875
14,2,exp_a1/112_sq\fg_0000ff_bg_000000.jpg,0.2347412109375
15,19,exp_a1/112_sq\fg_ffff00_bg_000000.jpg,0.234130859375
16,8,exp_a1/112_sq\fg_00ffff_bg_000000.jpg,0.233154296875
17,0,exp_a1/112_sq\fg_000000_bg_888888.jpg,0.232177734375
18,11,exp_a1/112_sq\fg_888888_bg_000000.jpg,0.2314453125
19,12,exp_a1/112_sq\fg_888888_bg_ffffff.jpg,0.2298583984375
20,5,exp_a1/112_sq\fg_00ff00_bg_000000.jpg,0.2286376953125
21,9,exp_a1/112_sq\fg_00ffff_bg_888888.jpg,0.228515625
22,14,exp_a1/112_sq\fg_921e3e_bg_888888.jpg,0.2249755859375
23,6,exp_a1/112_sq\fg_00ff00_bg_888888.jpg,0.2156982421875
0,22,exp_a1/12_sq\fg_ffffff_bg_000000.jpg,0.248779296875
1,11,exp_a1/12_sq\fg_888888_bg_000000.jpg,0.248046875
2,13,exp_a1/12_sq\fg_921e3e_bg_000000.jpg,0.2459716796875
3,18,exp_a1/12_sq\fg_ff0000_bg_ffffff.jpg,0.2452392578125
4,10,exp_a1/12_sq\fg_00ffff_bg_ffffff.jpg,0.244384765625
5,12,exp_a1/12_sq\fg_888888_bg_ffffff.jpg,0.2442626953125
6,16,exp_a1/12_sq\fg_ff0000_bg_000000.jpg,0.2430419921875
7,2,exp_a1/12_sq\fg_0000ff_bg_000000.jpg,0.241455078125
8,1,exp_a1/12_sq\fg_000000_bg_ffffff.jpg,0.2413330078125
9,8,exp_a1/12_sq\fg_00ffff_bg_000000.jpg,0.239990234375
10,5,exp_a1/12_sq\fg_00ff00_bg_000000.jpg,0.2366943359375
11,19,exp_a1/12_sq\fg_ffff00_bg_000000.jpg,0.236572265625
12,9,exp_a1/12_sq\fg_00ffff_bg_888888.jpg,0.236083984375
13,15,exp_a1/12_sq\fg_921e3e_bg_ffffff.jpg,0.23583984375
14,7,exp_a1/12_sq\fg_00ff00_bg_ffffff.jpg,0.23291015625
15,17,exp_a1/12_sq\fg_ff0000_bg_888888.jpg,0.232421875
16,21,exp_a1/12_sq\fg_ffff00_bg_ffffff.jpg,0.230224609375
17,4,exp_a1/12_sq\fg_0000ff_bg_ffffff.jpg,0.229248046875
18,23,exp_a1/12_sq\fg_ffffff_bg_888888.jpg,0.2266845703125
19,3,exp_a1/12_sq\fg_0000ff_bg_888888.jpg,0.224853515625
20,0,exp_a1/12_sq\fg_000000_bg_888888.jpg,0.222412109375
21,14,exp_a1/12_sq\fg_921e3e_bg_888888.jpg,0.2208251953125
22,6,exp_a1/12_sq\fg_00ff00_bg_888888.jpg,0.219970703125
23,20,exp_a1/12_sq\fg_ffff00_bg_888888.jpg,0.217041015625
0,18,exp_a1/148_sq\fg_ff0000_bg_ffffff.jpg,0.2509765625
1,22,exp_a1/148_sq\fg_ffffff_bg_000000.jpg,0.2489013671875
2,15,exp_a1/148_sq\fg_921e3e_bg_ffffff.jpg,0.247314453125
3,16,exp_a1/148_sq\fg_ff0000_bg_000000.jpg,0.2471923828125
4,1,exp_a1/148_sq\fg_000000_bg_ffffff.jpg,0.2423095703125
5,13,exp_a1/148_sq\fg_921e3e_bg_000000.jpg,0.24169921875
6,10,exp_a1/148_sq\fg_00ffff_bg_ffffff.jpg,0.2408447265625
7,21,exp_a1/148_sq\fg_ffff00_bg_ffffff.jpg,0.2386474609375
8,7,exp_a1/148_sq\fg_00ff00_bg_ffffff.jpg,0.2379150390625
9,4,exp_a1/148_sq\fg_0000ff_bg_ffffff.jpg,0.236083984375
10,11,exp_a1/148_sq\fg_888888_bg_000000.jpg,0.236083984375
11,19,exp_a1/148_sq\fg_ffff00_bg_000000.jpg,0.2354736328125
12,0,exp_a1/148_sq\fg_000000_bg_888888.jpg,0.2353515625
13,8,exp_a1/148_sq\fg_00ffff_bg_000000.jpg,0.2330322265625
14,23,exp_a1/148_sq\fg_ffffff_bg_888888.jpg,0.2315673828125
15,5,exp_a1/148_sq\fg_00ff00_bg_000000.jpg,0.22998046875
16,2,exp_a1/148_sq\fg_0000ff_bg_000000.jpg,0.22998046875
17,17,exp_a1/148_sq\fg_ff0000_bg_888888.jpg,0.2296142578125
18,12,exp_a1/148_sq\fg_888888_bg_ffffff.jpg,0.2286376953125
19,20,exp_a1/148_sq\fg_ffff00_bg_888888.jpg,0.218505859375
20,9,exp_a1/148_sq\fg_00ffff_bg_888888.jpg,0.218017578125
21,3,exp_a1/148_sq\fg_0000ff_bg_888888.jpg,0.2176513671875
22,14,exp_a1/148_sq\fg_921e3e_bg_888888.jpg,0.207763671875
23,6,exp_a1/148_sq\fg_00ff00_bg_888888.jpg,0.184814453125
0,10,exp_a1/200_sq\fg_00ffff_bg_ffffff.jpg,0.252197265625
1,18,exp_a1/200_sq\fg_ff0000_bg_ffffff.jpg,0.2493896484375
2,1,exp_a1/200_sq\fg_000000_bg_ffffff.jpg,0.248046875
3,15,exp_a1/200_sq\fg_921e3e_bg_ffffff.jpg,0.246337890625
4,21,exp_a1/200_sq\fg_ffff00_bg_ffffff.jpg,0.244873046875
5,0,exp_a1/200_sq\fg_000000_bg_888888.jpg,0.244140625
6,16,exp_a1/200_sq\fg_ff0000_bg_000000.jpg,0.243896484375
7,17,exp_a1/200_sq\fg_ff0000_bg_888888.jpg,0.239501953125
8,9,exp_a1/200_sq\fg_00ffff_bg_888888.jpg,0.23876953125
9,8,exp_a1/200_sq\fg_00ffff_bg_000000.jpg,0.2369384765625
10,4,exp_a1/200_sq\fg_0000ff_bg_ffffff.jpg,0.2366943359375
11,19,exp_a1/200_sq\fg_ffff00_bg_000000.jpg,0.2364501953125
12,13,exp_a1/200_sq\fg_921e3e_bg_000000.jpg,0.2359619140625
13,7,exp_a1/200_sq\fg_00ff00_bg_ffffff.jpg,0.235107421875
14,22,exp_a1/200_sq\fg_ffffff_bg_000000.jpg,0.2347412109375
15,23,exp_a1/200_sq\fg_ffffff_bg_888888.jpg,0.234130859375
16,5,exp_a1/200_sq\fg_00ff00_bg_000000.jpg,0.233642578125
17,3,exp_a1/200_sq\fg_0000ff_bg_888888.jpg,0.2325439453125
18,2,exp_a1/200_sq\fg_0000ff_bg_000000.jpg,0.2322998046875
19,6,exp_a1/200_sq\fg_00ff00_bg_888888.jpg,0.2286376953125
20,20,exp_a1/200_sq\fg_ffff00_bg_888888.jpg,0.2283935546875
21,14,exp_a1/200_sq\fg_921e3e_bg_888888.jpg,0.2232666015625
22,12,exp_a1/200_sq\fg_888888_bg_ffffff.jpg,0.21826171875
23,11,exp_a1/200_sq\fg_888888_bg_000000.jpg,0.20556640625
0,11,exp_a1/4_sq\fg_888888_bg_000000.jpg,0.250732421875
1,16,exp_a1/4_sq\fg_ff0000_bg_000000.jpg,0.250732421875
2,13,exp_a1/4_sq\fg_921e3e_bg_000000.jpg,0.25
3,2,exp_a1/4_sq\fg_0000ff_bg_000000.jpg,0.2491455078125
4,18,exp_a1/4_sq\fg_ff0000_bg_ffffff.jpg,0.248779296875
5,22,exp_a1/4_sq\fg_ffffff_bg_000000.jpg,0.2484130859375
6,19,exp_a1/4_sq\fg_ffff00_bg_000000.jpg,0.2469482421875
7,5,exp_a1/4_sq\fg_00ff00_bg_000000.jpg,0.24658203125
8,12,exp_a1/4_sq\fg_888888_bg_ffffff.jpg,0.244140625
9,8,exp_a1/4_sq\fg_00ffff_bg_000000.jpg,0.243408203125
10,10,exp_a1/4_sq\fg_00ffff_bg_ffffff.jpg,0.23974609375
11,1,exp_a1/4_sq\fg_000000_bg_ffffff.jpg,0.238525390625
12,15,exp_a1/4_sq\fg_921e3e_bg_ffffff.jpg,0.2366943359375
13,9,exp_a1/4_sq\fg_00ffff_bg_888888.jpg,0.236083984375
14,7,exp_a1/4_sq\fg_00ff00_bg_ffffff.jpg,0.2354736328125
15,0,exp_a1/4_sq\fg_000000_bg_888888.jpg,0.23291015625
16,21,exp_a1/4_sq\fg_ffff00_bg_ffffff.jpg,0.2308349609375
17,4,exp_a1/4_sq\fg_0000ff_bg_ffffff.jpg,0.2301025390625
18,23,exp_a1/4_sq\fg_ffffff_bg_888888.jpg,0.2301025390625
19,3,exp_a1/4_sq\fg_0000ff_bg_888888.jpg,0.227294921875
20,6,exp_a1/4_sq\fg_00ff00_bg_888888.jpg,0.2200927734375
21,20,exp_a1/4_sq\fg_ffff00_bg_888888.jpg,0.2171630859375
22,14,exp_a1/4_sq\fg_921e3e_bg_888888.jpg,0.2169189453125
23,17,exp_a1/4_sq\fg_ff0000_bg_888888.jpg,0.214599609375
0,1,exp_a1/56_sq\fg_000000_bg_ffffff.jpg,0.25537109375
1,18,exp_a1/56_sq\fg_ff0000_bg_ffffff.jpg,0.2529296875
2,11,exp_a1/56_sq\fg_888888_bg_000000.jpg,0.2509765625
3,22,exp_a1/56_sq\fg_ffffff_bg_000000.jpg,0.2509765625
4,10,exp_a1/56_sq\fg_00ffff_bg_ffffff.jpg,0.2484130859375
5,13,exp_a1/56_sq\fg_921e3e_bg_000000.jpg,0.248046875
6,4,exp_a1/56_sq\fg_0000ff_bg_ffffff.jpg,0.2476806640625
7,8,exp_a1/56_sq\fg_00ffff_bg_000000.jpg,0.245849609375
8,7,exp_a1/56_sq\fg_00ff00_bg_ffffff.jpg,0.2449951171875
9,12,exp_a1/56_sq\fg_888888_bg_ffffff.jpg,0.243896484375
10,16,exp_a1/56_sq\fg_ff0000_bg_000000.jpg,0.2427978515625
11,2,exp_a1/56_sq\fg_0000ff_bg_000000.jpg,0.242431640625
12,21,exp_a1/56_sq\fg_ffff00_bg_ffffff.jpg,0.2418212890625
13,15,exp_a1/56_sq\fg_921e3e_bg_ffffff.jpg,0.239990234375
14,17,exp_a1/56_sq\fg_ff0000_bg_888888.jpg,0.2396240234375
15,5,exp_a1/56_sq\fg_00ff00_bg_000000.jpg,0.238525390625
16,20,exp_a1/56_sq\fg_ffff00_bg_888888.jpg,0.2349853515625
17,3,exp_a1/56_sq\fg_0000ff_bg_888888.jpg,0.234619140625
18,19,exp_a1/56_sq\fg_ffff00_bg_000000.jpg,0.234375
19,23,exp_a1/56_sq\fg_ffffff_bg_888888.jpg,0.2340087890625
20,0,exp_a1/56_sq\fg_000000_bg_888888.jpg,0.232666015625
21,9,exp_a1/56_sq\fg_00ffff_bg_888888.jpg,0.22412109375
22,14,exp_a1/56_sq\fg_921e3e_bg_888888.jpg,0.2237548828125
23,6,exp_a1/56_sq\fg_00ff00_bg_888888.jpg,0.219970703125
0,0,exp_a1/colors\bg_000000.jpg,0.250732421875
1,8,exp_a1/colors\bg_ffffff.png,0.2474365234375
2,5,exp_a1/colors\bg_921e3e.jpg,0.2435302734375
3,6,exp_a1/colors\bg_ff0000.jpg,0.2386474609375
4,7,exp_a1/colors\bg_ffff00.jpg,0.23779296875
5,1,exp_a1/colors\bg_0000ff.jpg,0.2364501953125
6,3,exp_a1/colors\bg_00ffff.jpg,0.2353515625
7,2,exp_a1/colors\bg_00ff00.jpg,0.227294921875
8,4,exp_a1/colors\bg_888888.jpg,0.21630859375
