,Unnamed: 0,filepaths,similarity
0,6,exp_a1/112_sq\fg_00ff00_bg_888888.jpg,0.350830078125
1,9,exp_a1/112_sq\fg_00ffff_bg_888888.jpg,0.30322265625
2,21,exp_a1/112_sq\fg_ffff00_bg_ffffff.jpg,0.302490234375
3,10,exp_a1/112_sq\fg_00ffff_bg_ffffff.jpg,0.301025390625
4,14,exp_a1/112_sq\fg_921e3e_bg_888888.jpg,0.296630859375
5,1,exp_a1/112_sq\fg_000000_bg_ffffff.jpg,0.281982421875
6,12,exp_a1/112_sq\fg_888888_bg_ffffff.jpg,0.27734375
7,7,exp_a1/112_sq\fg_00ff00_bg_ffffff.jpg,0.2763671875
8,5,exp_a1/112_sq\fg_00ff00_bg_000000.jpg,0.27490234375
9,18,exp_a1/112_sq\fg_ff0000_bg_ffffff.jpg,0.2724609375
10,11,exp_a1/112_sq\fg_888888_bg_000000.jpg,0.2607421875
11,4,exp_a1/112_sq\fg_0000ff_bg_ffffff.jpg,0.25341796875
12,3,exp_a1/112_sq\fg_0000ff_bg_888888.jpg,0.25341796875
13,13,exp_a1/112_sq\fg_921e3e_bg_000000.jpg,0.246826171875
14,8,exp_a1/112_sq\fg_00ffff_bg_000000.jpg,0.24560546875
15,15,exp_a1/112_sq\fg_921e3e_bg_ffffff.jpg,0.23681640625
16,16,exp_a1/112_sq\fg_ff0000_bg_000000.jpg,0.227294921875
17,22,exp_a1/112_sq\fg_ffffff_bg_000000.jpg,0.2271728515625
18,2,exp_a1/112_sq\fg_0000ff_bg_000000.jpg,0.2266845703125
19,19,exp_a1/112_sq\fg_ffff00_bg_000000.jpg,0.2244873046875
20,20,exp_a1/112_sq\fg_ffff00_bg_888888.jpg,0.1824951171875
21,23,exp_a1/112_sq\fg_ffffff_bg_888888.jpg,0.182373046875
22,17,exp_a1/112_sq\fg_ff0000_bg_888888.jpg,0.179931640625
23,0,exp_a1/112_sq\fg_000000_bg_888888.jpg,0.1744384765625
0,17,exp_a1/12_sq\fg_ff0000_bg_888888.jpg,0.40380859375
1,23,exp_a1/12_sq\fg_ffffff_bg_888888.jpg,0.40185546875
2,9,exp_a1/12_sq\fg_00ffff_bg_888888.jpg,0.401123046875
3,6,exp_a1/12_sq\fg_00ff00_bg_888888.jpg,0.393798828125
4,20,exp_a1/12_sq\fg_ffff00_bg_888888.jpg,0.393310546875
5,3,exp_a1/12_sq\fg_0000ff_bg_888888.jpg,0.385009765625
6,14,exp_a1/12_sq\fg_921e3e_bg_888888.jpg,0.3837890625
7,0,exp_a1/12_sq\fg_000000_bg_888888.jpg,0.37841796875
8,12,exp_a1/12_sq\fg_888888_bg_ffffff.jpg,0.28515625
9,15,exp_a1/12_sq\fg_921e3e_bg_ffffff.jpg,0.2841796875
10,4,exp_a1/12_sq\fg_0000ff_bg_ffffff.jpg,0.28271484375
11,1,exp_a1/12_sq\fg_000000_bg_ffffff.jpg,0.28125
12,18,exp_a1/12_sq\fg_ff0000_bg_ffffff.jpg,0.28125
13,10,exp_a1/12_sq\fg_00ffff_bg_ffffff.jpg,0.28076171875
14,7,exp_a1/12_sq\fg_00ff00_bg_ffffff.jpg,0.280517578125
15,21,exp_a1/12_sq\fg_ffff00_bg_ffffff.jpg,0.280517578125
16,22,exp_a1/12_sq\fg_ffffff_bg_000000.jpg,0.1829833984375
17,16,exp_a1/12_sq\fg_ff0000_bg_000000.jpg,0.1822509765625
18,11,exp_a1/12_sq\fg_888888_bg_000000.jpg,0.1820068359375
19,8,exp_a1/12_sq\fg_00ffff_bg_000000.jpg,0.1806640625
20,19,exp_a1/12_sq\fg_ffff00_bg_000000.jpg,0.1805419921875
21,5,exp_a1/12_sq\fg_00ff00_bg_000000.jpg,0.18017578125
22,13,exp_a1/12_sq\fg_921e3e_bg_000000.jpg,0.17919921875
23,2,exp_a1/12_sq\fg_0000ff_bg_000000.jpg,0.1788330078125
0,10,exp_a1/148_sq\fg_00ffff_bg_ffffff.jpg,0.32373046875
1,21,exp_a1/148_sq\fg_ffff00_bg_ffffff.jpg,0.317138671875
2,6,exp_a1/148_sq\fg_00ff00_bg_888888.jpg,0.302001953125
3,1,exp_a1/148_sq\fg_000000_bg_ffffff.jpg,0.286865234375
4,7,exp_a1/148_sq\fg_00ff00_bg_ffffff.jpg,0.28173828125
5,5,exp_a1/148_sq\fg_00ff00_bg_000000.jpg,0.272216796875
6,18,exp_a1/148_sq\fg_ff0000_bg_ffffff.jpg,0.269775390625
7,4,exp_a1/148_sq\fg_0000ff_bg_ffffff.jpg,0.260009765625
8,12,exp_a1/148_sq\fg_888888_bg_ffffff.jpg,0.253173828125
9,2,exp_a1/148_sq\fg_0000ff_bg_000000.jpg,0.253173828125
10,13,exp_a1/148_sq\fg_921e3e_bg_000000.jpg,0.247802734375
11,11,exp_a1/148_sq\fg_888888_bg_000000.jpg,0.2454833984375
12,19,exp_a1/148_sq\fg_ffff00_bg_000000.jpg,0.22802734375
13,8,exp_a1/148_sq\fg_00ffff_bg_000000.jpg,0.21484375
14,22,exp_a1/148_sq\fg_ffffff_bg_000000.jpg,0.181640625
15,15,exp_a1/148_sq\fg_921e3e_bg_ffffff.jpg,0.17236328125
16,9,exp_a1/148_sq\fg_00ffff_bg_888888.jpg,0.1654052734375
17,16,exp_a1/148_sq\fg_ff0000_bg_000000.jpg,0.1583251953125
18,20,exp_a1/148_sq\fg_ffff00_bg_888888.jpg,0.1552734375
19,17,exp_a1/148_sq\fg_ff0000_bg_888888.jpg,0.152587890625
20,23,exp_a1/148_sq\fg_ffffff_bg_888888.jpg,0.1431884765625
21,14,exp_a1/148_sq\fg_921e3e_bg_888888.jpg,0.14111328125
22,3,exp_a1/148_sq\fg_0000ff_bg_888888.jpg,0.1387939453125
23,0,exp_a1/148_sq\fg_000000_bg_888888.jpg,0.11395263671875
0,5,exp_a1/200_sq\fg_00ff00_bg_000000.jpg,0.318115234375
1,19,exp_a1/200_sq\fg_ffff00_bg_000000.jpg,0.301513671875
2,18,exp_a1/200_sq\fg_ff0000_bg_ffffff.jpg,0.279052734375
3,11,exp_a1/200_sq\fg_888888_bg_000000.jpg,0.2724609375
4,8,exp_a1/200_sq\fg_00ffff_bg_000000.jpg,0.271240234375
5,22,exp_a1/200_sq\fg_ffffff_bg_000000.jpg,0.26318359375
6,10,exp_a1/200_sq\fg_00ffff_bg_ffffff.jpg,0.252197265625
7,16,exp_a1/200_sq\fg_ff0000_bg_000000.jpg,0.251953125
8,13,exp_a1/200_sq\fg_921e3e_bg_000000.jpg,0.242919921875
9,2,exp_a1/200_sq\fg_0000ff_bg_000000.jpg,0.2393798828125
10,6,exp_a1/200_sq\fg_00ff00_bg_888888.jpg,0.229736328125
11,21,exp_a1/200_sq\fg_ffff00_bg_ffffff.jpg,0.2222900390625
12,7,exp_a1/200_sq\fg_00ff00_bg_ffffff.jpg,0.216552734375
13,0,exp_a1/200_sq\fg_000000_bg_888888.jpg,0.2069091796875
14,20,exp_a1/200_sq\fg_ffff00_bg_888888.jpg,0.2056884765625
15,17,exp_a1/200_sq\fg_ff0000_bg_888888.jpg,0.1871337890625
16,23,exp_a1/200_sq\fg_ffffff_bg_888888.jpg,0.184326171875
17,3,exp_a1/200_sq\fg_0000ff_bg_888888.jpg,0.165771484375
18,1,exp_a1/200_sq\fg_000000_bg_ffffff.jpg,0.162841796875
19,9,exp_a1/200_sq\fg_00ffff_bg_888888.jpg,0.1536865234375
20,14,exp_a1/200_sq\fg_921e3e_bg_888888.jpg,0.1470947265625
21,4,exp_a1/200_sq\fg_0000ff_bg_ffffff.jpg,0.1396484375
22,15,exp_a1/200_sq\fg_921e3e_bg_ffffff.jpg,0.11260986328125
23,12,exp_a1/200_sq\fg_888888_bg_ffffff.jpg,0.02386474609375
0,23,exp_a1/4_sq\fg_ffffff_bg_888888.jpg,0.39501953125
1,14,exp_a1/4_sq\fg_921e3e_bg_888888.jpg,0.39306640625
2,3,exp_a1/4_sq\fg_0000ff_bg_888888.jpg,0.391845703125
3,0,exp_a1/4_sq\fg_000000_bg_888888.jpg,0.389892578125
4,20,exp_a1/4_sq\fg_ffff00_bg_888888.jpg,0.38916015625
5,17,exp_a1/4_sq\fg_ff0000_bg_888888.jpg,0.3876953125
6,9,exp_a1/4_sq\fg_00ffff_bg_888888.jpg,0.386474609375
7,6,exp_a1/4_sq\fg_00ff00_bg_888888.jpg,0.385986328125
8,10,exp_a1/4_sq\fg_00ffff_bg_ffffff.jpg,0.28173828125
9,4,exp_a1/4_sq\fg_0000ff_bg_ffffff.jpg,0.28125
10,15,exp_a1/4_sq\fg_921e3e_bg_ffffff.jpg,0.28125
11,18,exp_a1/4_sq\fg_ff0000_bg_ffffff.jpg,0.28125
12,12,exp_a1/4_sq\fg_888888_bg_ffffff.jpg,0.28125
13,1,exp_a1/4_sq\fg_000000_bg_ffffff.jpg,0.28125
14,7,exp_a1/4_sq\fg_00ff00_bg_ffffff.jpg,0.28125
15,21,exp_a1/4_sq\fg_ffff00_bg_ffffff.jpg,0.281005859375
16,22,exp_a1/4_sq\fg_ffffff_bg_000000.jpg,0.17919921875
17,5,exp_a1/4_sq\fg_00ff00_bg_000000.jpg,0.178955078125
18,13,exp_a1/4_sq\fg_921e3e_bg_000000.jpg,0.1788330078125
19,11,exp_a1/4_sq\fg_888888_bg_000000.jpg,0.1787109375
20,8,exp_a1/4_sq\fg_00ffff_bg_000000.jpg,0.1787109375
21,2,exp_a1/4_sq\fg_0000ff_bg_000000.jpg,0.1787109375
22,16,exp_a1/4_sq\fg_ff0000_bg_000000.jpg,0.1785888671875
23,19,exp_a1/4_sq\fg_ffff00_bg_000000.jpg,0.1785888671875
0,6,exp_a1/56_sq\fg_00ff00_bg_888888.jpg,0.402587890625
1,14,exp_a1/56_sq\fg_921e3e_bg_888888.jpg,0.38232421875
2,3,exp_a1/56_sq\fg_0000ff_bg_888888.jpg,0.37646484375
3,9,exp_a1/56_sq\fg_00ffff_bg_888888.jpg,0.367919921875
4,0,exp_a1/56_sq\fg_000000_bg_888888.jpg,0.364013671875
5,20,exp_a1/56_sq\fg_ffff00_bg_888888.jpg,0.335205078125
6,21,exp_a1/56_sq\fg_ffff00_bg_ffffff.jpg,0.318603515625
7,1,exp_a1/56_sq\fg_000000_bg_ffffff.jpg,0.312255859375
8,4,exp_a1/56_sq\fg_0000ff_bg_ffffff.jpg,0.302978515625
9,10,exp_a1/56_sq\fg_00ffff_bg_ffffff.jpg,0.297119140625
10,12,exp_a1/56_sq\fg_888888_bg_ffffff.jpg,0.295654296875
11,7,exp_a1/56_sq\fg_00ff00_bg_ffffff.jpg,0.288330078125
12,15,exp_a1/56_sq\fg_921e3e_bg_ffffff.jpg,0.283935546875
13,17,exp_a1/56_sq\fg_ff0000_bg_888888.jpg,0.2783203125
14,18,exp_a1/56_sq\fg_ff0000_bg_ffffff.jpg,0.27197265625
15,13,exp_a1/56_sq\fg_921e3e_bg_000000.jpg,0.2432861328125
16,11,exp_a1/56_sq\fg_888888_bg_000000.jpg,0.2418212890625
17,23,exp_a1/56_sq\fg_ffffff_bg_888888.jpg,0.228271484375
18,22,exp_a1/56_sq\fg_ffffff_bg_000000.jpg,0.21337890625
19,16,exp_a1/56_sq\fg_ff0000_bg_000000.jpg,0.20849609375
20,19,exp_a1/56_sq\fg_ffff00_bg_000000.jpg,0.20849609375
21,8,exp_a1/56_sq\fg_00ffff_bg_000000.jpg,0.2027587890625
22,5,exp_a1/56_sq\fg_00ff00_bg_000000.jpg,0.1964111328125
23,2,exp_a1/56_sq\fg_0000ff_bg_000000.jpg,0.1943359375
0,4,exp_a1/colors\bg_888888.jpg,0.39306640625
1,8,exp_a1/colors\bg_ffffff.png,0.281494140625
2,7,exp_a1/colors\bg_ffff00.jpg,0.275634765625
3,2,exp_a1/colors\bg_00ff00.jpg,0.238037109375
4,6,exp_a1/colors\bg_ff0000.jpg,0.2349853515625
5,1,exp_a1/colors\bg_0000ff.jpg,0.2239990234375
6,3,exp_a1/colors\bg_00ffff.jpg,0.2176513671875
7,5,exp_a1/colors\bg_921e3e.jpg,0.213134765625
8,0,exp_a1/colors\bg_000000.jpg,0.1788330078125
