,Unnamed: 0,filepaths,similarity
0,6,exp_a1/112_sq\fg_00ff00_bg_888888.jpg,0.346435546875
1,10,exp_a1/112_sq\fg_00ffff_bg_ffffff.jpg,0.328857421875
2,21,exp_a1/112_sq\fg_ffff00_bg_ffffff.jpg,0.327392578125
3,14,exp_a1/112_sq\fg_921e3e_bg_888888.jpg,0.318115234375
4,1,exp_a1/112_sq\fg_000000_bg_ffffff.jpg,0.30224609375
5,9,exp_a1/112_sq\fg_00ffff_bg_888888.jpg,0.302001953125
6,7,exp_a1/112_sq\fg_00ff00_bg_ffffff.jpg,0.29833984375
7,12,exp_a1/112_sq\fg_888888_bg_ffffff.jpg,0.29833984375
8,18,exp_a1/112_sq\fg_ff0000_bg_ffffff.jpg,0.2978515625
9,4,exp_a1/112_sq\fg_0000ff_bg_ffffff.jpg,0.28759765625
10,3,exp_a1/112_sq\fg_0000ff_bg_888888.jpg,0.27392578125
11,5,exp_a1/112_sq\fg_00ff00_bg_000000.jpg,0.2705078125
12,15,exp_a1/112_sq\fg_921e3e_bg_ffffff.jpg,0.264404296875
13,11,exp_a1/112_sq\fg_888888_bg_000000.jpg,0.26123046875
14,13,exp_a1/112_sq\fg_921e3e_bg_000000.jpg,0.25634765625
15,8,exp_a1/112_sq\fg_00ffff_bg_000000.jpg,0.243896484375
16,16,exp_a1/112_sq\fg_ff0000_bg_000000.jpg,0.235595703125
17,22,exp_a1/112_sq\fg_ffffff_bg_000000.jpg,0.2347412109375
18,2,exp_a1/112_sq\fg_0000ff_bg_000000.jpg,0.2220458984375
19,19,exp_a1/112_sq\fg_ffff00_bg_000000.jpg,0.217041015625
20,0,exp_a1/112_sq\fg_000000_bg_888888.jpg,0.2049560546875
21,23,exp_a1/112_sq\fg_ffffff_bg_888888.jpg,0.202392578125
22,17,exp_a1/112_sq\fg_ff0000_bg_888888.jpg,0.2001953125
23,20,exp_a1/112_sq\fg_ffff00_bg_888888.jpg,0.1990966796875
0,23,exp_a1/12_sq\fg_ffffff_bg_888888.jpg,0.392822265625
1,14,exp_a1/12_sq\fg_921e3e_bg_888888.jpg,0.38525390625
2,17,exp_a1/12_sq\fg_ff0000_bg_888888.jpg,0.382568359375
3,3,exp_a1/12_sq\fg_0000ff_bg_888888.jpg,0.3818359375
4,0,exp_a1/12_sq\fg_000000_bg_888888.jpg,0.379150390625
5,20,exp_a1/12_sq\fg_ffff00_bg_888888.jpg,0.375
6,9,exp_a1/12_sq\fg_00ffff_bg_888888.jpg,0.373779296875
7,6,exp_a1/12_sq\fg_00ff00_bg_888888.jpg,0.369873046875
8,12,exp_a1/12_sq\fg_888888_bg_ffffff.jpg,0.31396484375
9,15,exp_a1/12_sq\fg_921e3e_bg_ffffff.jpg,0.31298828125
10,4,exp_a1/12_sq\fg_0000ff_bg_ffffff.jpg,0.31103515625
11,1,exp_a1/12_sq\fg_000000_bg_ffffff.jpg,0.308837890625
12,7,exp_a1/12_sq\fg_00ff00_bg_ffffff.jpg,0.3076171875
13,10,exp_a1/12_sq\fg_00ffff_bg_ffffff.jpg,0.307373046875
14,18,exp_a1/12_sq\fg_ff0000_bg_ffffff.jpg,0.307373046875
15,21,exp_a1/12_sq\fg_ffff00_bg_ffffff.jpg,0.307373046875
16,22,exp_a1/12_sq\fg_ffffff_bg_000000.jpg,0.1845703125
17,11,exp_a1/12_sq\fg_888888_bg_000000.jpg,0.18408203125
18,16,exp_a1/12_sq\fg_ff0000_bg_000000.jpg,0.18408203125
19,8,exp_a1/12_sq\fg_00ffff_bg_000000.jpg,0.1827392578125
20,19,exp_a1/12_sq\fg_ffff00_bg_000000.jpg,0.1826171875
21,5,exp_a1/12_sq\fg_00ff00_bg_000000.jpg,0.18212890625
22,13,exp_a1/12_sq\fg_921e3e_bg_000000.jpg,0.181640625
23,2,exp_a1/12_sq\fg_0000ff_bg_000000.jpg,0.18115234375
0,21,exp_a1/148_sq\fg_ffff00_bg_ffffff.jpg,0.33837890625
1,10,exp_a1/148_sq\fg_00ffff_bg_ffffff.jpg,0.333984375
2,1,exp_a1/148_sq\fg_000000_bg_ffffff.jpg,0.305908203125
3,7,exp_a1/148_sq\fg_00ff00_bg_ffffff.jpg,0.3017578125
4,6,exp_a1/148_sq\fg_00ff00_bg_888888.jpg,0.2958984375
5,18,exp_a1/148_sq\fg_ff0000_bg_ffffff.jpg,0.29541015625
6,4,exp_a1/148_sq\fg_0000ff_bg_ffffff.jpg,0.286865234375
7,5,exp_a1/148_sq\fg_00ff00_bg_000000.jpg,0.27978515625
8,12,exp_a1/148_sq\fg_888888_bg_ffffff.jpg,0.2705078125
9,13,exp_a1/148_sq\fg_921e3e_bg_000000.jpg,0.254150390625
10,2,exp_a1/148_sq\fg_0000ff_bg_000000.jpg,0.2452392578125
11,8,exp_a1/148_sq\fg_00ffff_bg_000000.jpg,0.2261962890625
12,11,exp_a1/148_sq\fg_888888_bg_000000.jpg,0.2235107421875
13,19,exp_a1/148_sq\fg_ffff00_bg_000000.jpg,0.2230224609375
14,15,exp_a1/148_sq\fg_921e3e_bg_ffffff.jpg,0.2100830078125
15,9,exp_a1/148_sq\fg_00ffff_bg_888888.jpg,0.1943359375
16,22,exp_a1/148_sq\fg_ffffff_bg_000000.jpg,0.185546875
17,14,exp_a1/148_sq\fg_921e3e_bg_888888.jpg,0.1795654296875
18,3,exp_a1/148_sq\fg_0000ff_bg_888888.jpg,0.17431640625
19,20,exp_a1/148_sq\fg_ffff00_bg_888888.jpg,0.169921875
20,17,exp_a1/148_sq\fg_ff0000_bg_888888.jpg,0.16748046875
21,16,exp_a1/148_sq\fg_ff0000_bg_000000.jpg,0.166748046875
22,23,exp_a1/148_sq\fg_ffffff_bg_888888.jpg,0.163818359375
23,0,exp_a1/148_sq\fg_000000_bg_888888.jpg,0.153076171875
0,5,exp_a1/200_sq\fg_00ff00_bg_000000.jpg,0.32421875
1,19,exp_a1/200_sq\fg_ffff00_bg_000000.jpg,0.30712890625
2,18,exp_a1/200_sq\fg_ff0000_bg_ffffff.jpg,0.299072265625
3,8,exp_a1/200_sq\fg_00ffff_bg_000000.jpg,0.282470703125
4,10,exp_a1/200_sq\fg_00ffff_bg_ffffff.jpg,0.280029296875
5,11,exp_a1/200_sq\fg_888888_bg_000000.jpg,0.279296875
6,21,exp_a1/200_sq\fg_ffff00_bg_ffffff.jpg,0.256103515625
7,22,exp_a1/200_sq\fg_ffffff_bg_000000.jpg,0.250244140625
8,13,exp_a1/200_sq\fg_921e3e_bg_000000.jpg,0.2423095703125
9,16,exp_a1/200_sq\fg_ff0000_bg_000000.jpg,0.2420654296875
10,2,exp_a1/200_sq\fg_0000ff_bg_000000.jpg,0.2344970703125
11,7,exp_a1/200_sq\fg_00ff00_bg_ffffff.jpg,0.2308349609375
12,0,exp_a1/200_sq\fg_000000_bg_888888.jpg,0.21728515625
13,6,exp_a1/200_sq\fg_00ff00_bg_888888.jpg,0.212158203125
14,3,exp_a1/200_sq\fg_0000ff_bg_888888.jpg,0.1923828125
15,20,exp_a1/200_sq\fg_ffff00_bg_888888.jpg,0.1915283203125
16,17,exp_a1/200_sq\fg_ff0000_bg_888888.jpg,0.1859130859375
17,14,exp_a1/200_sq\fg_921e3e_bg_888888.jpg,0.1812744140625
18,23,exp_a1/200_sq\fg_ffffff_bg_888888.jpg,0.1810302734375
19,1,exp_a1/200_sq\fg_000000_bg_ffffff.jpg,0.1717529296875
20,4,exp_a1/200_sq\fg_0000ff_bg_ffffff.jpg,0.1510009765625
21,9,exp_a1/200_sq\fg_00ffff_bg_888888.jpg,0.14453125
22,15,exp_a1/200_sq\fg_921e3e_bg_ffffff.jpg,0.119873046875
23,12,exp_a1/200_sq\fg_888888_bg_ffffff.jpg,0.038848876953125
0,14,exp_a1/4_sq\fg_921e3e_bg_888888.jpg,0.41015625
1,0,exp_a1/4_sq\fg_000000_bg_888888.jpg,0.40966796875
2,20,exp_a1/4_sq\fg_ffff00_bg_888888.jpg,0.40771484375
3,3,exp_a1/4_sq\fg_0000ff_bg_888888.jpg,0.404541015625
4,23,exp_a1/4_sq\fg_ffffff_bg_888888.jpg,0.397705078125
5,9,exp_a1/4_sq\fg_00ffff_bg_888888.jpg,0.396728515625
6,17,exp_a1/4_sq\fg_ff0000_bg_888888.jpg,0.39599609375
7,6,exp_a1/4_sq\fg_00ff00_bg_888888.jpg,0.39306640625
8,10,exp_a1/4_sq\fg_00ffff_bg_ffffff.jpg,0.30712890625
9,4,exp_a1/4_sq\fg_0000ff_bg_ffffff.jpg,0.306884765625
10,15,exp_a1/4_sq\fg_921e3e_bg_ffffff.jpg,0.306884765625
11,18,exp_a1/4_sq\fg_ff0000_bg_ffffff.jpg,0.306640625
12,12,exp_a1/4_sq\fg_888888_bg_ffffff.jpg,0.306640625
13,1,exp_a1/4_sq\fg_000000_bg_ffffff.jpg,0.306640625
14,7,exp_a1/4_sq\fg_00ff00_bg_ffffff.jpg,0.306640625
15,21,exp_a1/4_sq\fg_ffff00_bg_ffffff.jpg,0.306396484375
16,22,exp_a1/4_sq\fg_ffffff_bg_000000.jpg,0.1817626953125
17,2,exp_a1/4_sq\fg_0000ff_bg_000000.jpg,0.181396484375
18,5,exp_a1/4_sq\fg_00ff00_bg_000000.jpg,0.181396484375
19,13,exp_a1/4_sq\fg_921e3e_bg_000000.jpg,0.1812744140625
20,16,exp_a1/4_sq\fg_ff0000_bg_000000.jpg,0.1812744140625
21,19,exp_a1/4_sq\fg_ffff00_bg_000000.jpg,0.1812744140625
22,11,exp_a1/4_sq\fg_888888_bg_000000.jpg,0.18115234375
23,8,exp_a1/4_sq\fg_00ffff_bg_000000.jpg,0.18115234375
0,6,exp_a1/56_sq\fg_00ff00_bg_888888.jpg,0.393798828125
1,14,exp_a1/56_sq\fg_921e3e_bg_888888.jpg,0.3857421875
2,3,exp_a1/56_sq\fg_0000ff_bg_888888.jpg,0.375244140625
3,9,exp_a1/56_sq\fg_00ffff_bg_888888.jpg,0.37060546875
4,0,exp_a1/56_sq\fg_000000_bg_888888.jpg,0.36572265625
5,21,exp_a1/56_sq\fg_ffff00_bg_ffffff.jpg,0.3447265625
6,20,exp_a1/56_sq\fg_ffff00_bg_888888.jpg,0.34423828125
7,1,exp_a1/56_sq\fg_000000_bg_ffffff.jpg,0.334228515625
8,10,exp_a1/56_sq\fg_00ffff_bg_ffffff.jpg,0.323974609375
9,4,exp_a1/56_sq\fg_0000ff_bg_ffffff.jpg,0.322998046875
10,12,exp_a1/56_sq\fg_888888_bg_ffffff.jpg,0.3125
11,7,exp_a1/56_sq\fg_00ff00_bg_ffffff.jpg,0.31201171875
12,15,exp_a1/56_sq\fg_921e3e_bg_ffffff.jpg,0.305419921875
13,18,exp_a1/56_sq\fg_ff0000_bg_ffffff.jpg,0.29931640625
14,17,exp_a1/56_sq\fg_ff0000_bg_888888.jpg,0.2958984375
15,23,exp_a1/56_sq\fg_ffffff_bg_888888.jpg,0.2529296875
16,11,exp_a1/56_sq\fg_888888_bg_000000.jpg,0.252197265625
17,13,exp_a1/56_sq\fg_921e3e_bg_000000.jpg,0.248291015625
18,22,exp_a1/56_sq\fg_ffffff_bg_000000.jpg,0.2130126953125
19,16,exp_a1/56_sq\fg_ff0000_bg_000000.jpg,0.2109375
20,19,exp_a1/56_sq\fg_ffff00_bg_000000.jpg,0.203125
21,8,exp_a1/56_sq\fg_00ffff_bg_000000.jpg,0.200439453125
22,5,exp_a1/56_sq\fg_00ff00_bg_000000.jpg,0.19287109375
23,2,exp_a1/56_sq\fg_0000ff_bg_000000.jpg,0.19287109375
0,4,exp_a1/colors\bg_888888.jpg,0.40283203125
1,8,exp_a1/colors\bg_ffffff.png,0.306884765625
2,7,exp_a1/colors\bg_ffff00.jpg,0.299560546875
3,6,exp_a1/colors\bg_ff0000.jpg,0.251220703125
4,3,exp_a1/colors\bg_00ffff.jpg,0.2396240234375
5,2,exp_a1/colors\bg_00ff00.jpg,0.2364501953125
6,1,exp_a1/colors\bg_0000ff.jpg,0.224853515625
7,5,exp_a1/colors\bg_921e3e.jpg,0.218505859375
8,0,exp_a1/colors\bg_000000.jpg,0.181396484375
