,Unnamed: 0,filepaths,similarity
0,19,exp_a1/112_sq\fg_ffff00_bg_000000.jpg,0.252197265625
1,20,exp_a1/112_sq\fg_ffff00_bg_888888.jpg,0.25146484375
2,13,exp_a1/112_sq\fg_921e3e_bg_000000.jpg,0.2479248046875
3,22,exp_a1/112_sq\fg_ffffff_bg_000000.jpg,0.246826171875
4,21,exp_a1/112_sq\fg_ffff00_bg_ffffff.jpg,0.243896484375
5,17,exp_a1/112_sq\fg_ff0000_bg_888888.jpg,0.2431640625
6,1,exp_a1/112_sq\fg_000000_bg_ffffff.jpg,0.2431640625
7,8,exp_a1/112_sq\fg_00ffff_bg_000000.jpg,0.2423095703125
8,10,exp_a1/112_sq\fg_00ffff_bg_ffffff.jpg,0.2413330078125
9,3,exp_a1/112_sq\fg_0000ff_bg_888888.jpg,0.240966796875
10,18,exp_a1/112_sq\fg_ff0000_bg_ffffff.jpg,0.2403564453125
11,5,exp_a1/112_sq\fg_00ff00_bg_000000.jpg,0.239990234375
12,16,exp_a1/112_sq\fg_ff0000_bg_000000.jpg,0.2384033203125
13,23,exp_a1/112_sq\fg_ffffff_bg_888888.jpg,0.23828125
14,2,exp_a1/112_sq\fg_0000ff_bg_000000.jpg,0.236572265625
15,4,exp_a1/112_sq\fg_0000ff_bg_ffffff.jpg,0.23486328125
16,7,exp_a1/112_sq\fg_00ff00_bg_ffffff.jpg,0.234619140625
17,15,exp_a1/112_sq\fg_921e3e_bg_ffffff.jpg,0.234619140625
18,11,exp_a1/112_sq\fg_888888_bg_000000.jpg,0.231201171875
19,0,exp_a1/112_sq\fg_000000_bg_888888.jpg,0.2301025390625
20,14,exp_a1/112_sq\fg_921e3e_bg_888888.jpg,0.229736328125
21,6,exp_a1/112_sq\fg_00ff00_bg_888888.jpg,0.2291259765625
22,9,exp_a1/112_sq\fg_00ffff_bg_888888.jpg,0.227783203125
23,12,exp_a1/112_sq\fg_888888_bg_ffffff.jpg,0.2205810546875
0,13,exp_a1/12_sq\fg_921e3e_bg_000000.jpg,0.2509765625
1,11,exp_a1/12_sq\fg_888888_bg_000000.jpg,0.250732421875
2,22,exp_a1/12_sq\fg_ffffff_bg_000000.jpg,0.2493896484375
3,19,exp_a1/12_sq\fg_ffff00_bg_000000.jpg,0.2451171875
4,8,exp_a1/12_sq\fg_00ffff_bg_000000.jpg,0.2435302734375
5,5,exp_a1/12_sq\fg_00ff00_bg_000000.jpg,0.242919921875
6,2,exp_a1/12_sq\fg_0000ff_bg_000000.jpg,0.2423095703125
7,16,exp_a1/12_sq\fg_ff0000_bg_000000.jpg,0.237548828125
8,10,exp_a1/12_sq\fg_00ffff_bg_ffffff.jpg,0.237060546875
9,12,exp_a1/12_sq\fg_888888_bg_ffffff.jpg,0.2357177734375
10,1,exp_a1/12_sq\fg_000000_bg_ffffff.jpg,0.234130859375
11,7,exp_a1/12_sq\fg_00ff00_bg_ffffff.jpg,0.229736328125
12,18,exp_a1/12_sq\fg_ff0000_bg_ffffff.jpg,0.229248046875
13,15,exp_a1/12_sq\fg_921e3e_bg_ffffff.jpg,0.2279052734375
14,21,exp_a1/12_sq\fg_ffff00_bg_ffffff.jpg,0.22607421875
15,23,exp_a1/12_sq\fg_ffffff_bg_888888.jpg,0.2230224609375
16,9,exp_a1/12_sq\fg_00ffff_bg_888888.jpg,0.222412109375
17,4,exp_a1/12_sq\fg_0000ff_bg_ffffff.jpg,0.2218017578125
18,20,exp_a1/12_sq\fg_ffff00_bg_888888.jpg,0.2210693359375
19,0,exp_a1/12_sq\fg_000000_bg_888888.jpg,0.2197265625
20,3,exp_a1/12_sq\fg_0000ff_bg_888888.jpg,0.21923828125
21,14,exp_a1/12_sq\fg_921e3e_bg_888888.jpg,0.2181396484375
22,17,exp_a1/12_sq\fg_ff0000_bg_888888.jpg,0.2154541015625
23,6,exp_a1/12_sq\fg_00ff00_bg_888888.jpg,0.2132568359375
0,15,exp_a1/148_sq\fg_921e3e_bg_ffffff.jpg,0.2451171875
1,22,exp_a1/148_sq\fg_ffffff_bg_000000.jpg,0.2451171875
2,19,exp_a1/148_sq\fg_ffff00_bg_000000.jpg,0.243896484375
3,5,exp_a1/148_sq\fg_00ff00_bg_000000.jpg,0.242919921875
4,13,exp_a1/148_sq\fg_921e3e_bg_000000.jpg,0.2420654296875
5,16,exp_a1/148_sq\fg_ff0000_bg_000000.jpg,0.2418212890625
6,8,exp_a1/148_sq\fg_00ffff_bg_000000.jpg,0.2415771484375
7,1,exp_a1/148_sq\fg_000000_bg_ffffff.jpg,0.241455078125
8,21,exp_a1/148_sq\fg_ffff00_bg_ffffff.jpg,0.240234375
9,7,exp_a1/148_sq\fg_00ff00_bg_ffffff.jpg,0.236572265625
10,18,exp_a1/148_sq\fg_ff0000_bg_ffffff.jpg,0.236083984375
11,11,exp_a1/148_sq\fg_888888_bg_000000.jpg,0.2335205078125
12,2,exp_a1/148_sq\fg_0000ff_bg_000000.jpg,0.2333984375
13,23,exp_a1/148_sq\fg_ffffff_bg_888888.jpg,0.2332763671875
14,10,exp_a1/148_sq\fg_00ffff_bg_ffffff.jpg,0.23291015625
15,0,exp_a1/148_sq\fg_000000_bg_888888.jpg,0.232666015625
16,4,exp_a1/148_sq\fg_0000ff_bg_ffffff.jpg,0.228271484375
17,17,exp_a1/148_sq\fg_ff0000_bg_888888.jpg,0.2222900390625
18,20,exp_a1/148_sq\fg_ffff00_bg_888888.jpg,0.221923828125
19,12,exp_a1/148_sq\fg_888888_bg_ffffff.jpg,0.216064453125
20,3,exp_a1/148_sq\fg_0000ff_bg_888888.jpg,0.2149658203125
21,9,exp_a1/148_sq\fg_00ffff_bg_888888.jpg,0.213134765625
22,14,exp_a1/148_sq\fg_921e3e_bg_888888.jpg,0.20458984375
23,6,exp_a1/148_sq\fg_00ff00_bg_888888.jpg,0.1884765625
0,1,exp_a1/200_sq\fg_000000_bg_ffffff.jpg,0.25244140625
1,10,exp_a1/200_sq\fg_00ffff_bg_ffffff.jpg,0.251708984375
2,21,exp_a1/200_sq\fg_ffff00_bg_ffffff.jpg,0.24951171875
3,0,exp_a1/200_sq\fg_000000_bg_888888.jpg,0.2493896484375
4,15,exp_a1/200_sq\fg_921e3e_bg_ffffff.jpg,0.2445068359375
5,7,exp_a1/200_sq\fg_00ff00_bg_ffffff.jpg,0.2440185546875
6,19,exp_a1/200_sq\fg_ffff00_bg_000000.jpg,0.242919921875
7,5,exp_a1/200_sq\fg_00ff00_bg_000000.jpg,0.239013671875
8,13,exp_a1/200_sq\fg_921e3e_bg_000000.jpg,0.237060546875
9,4,exp_a1/200_sq\fg_0000ff_bg_ffffff.jpg,0.2369384765625
10,8,exp_a1/200_sq\fg_00ffff_bg_000000.jpg,0.2366943359375
11,2,exp_a1/200_sq\fg_0000ff_bg_000000.jpg,0.236572265625
12,18,exp_a1/200_sq\fg_ff0000_bg_ffffff.jpg,0.2364501953125
13,9,exp_a1/200_sq\fg_00ffff_bg_888888.jpg,0.2344970703125
14,20,exp_a1/200_sq\fg_ffff00_bg_888888.jpg,0.23388671875
15,22,exp_a1/200_sq\fg_ffffff_bg_000000.jpg,0.232177734375
16,6,exp_a1/200_sq\fg_00ff00_bg_888888.jpg,0.2318115234375
17,16,exp_a1/200_sq\fg_ff0000_bg_000000.jpg,0.2303466796875
18,17,exp_a1/200_sq\fg_ff0000_bg_888888.jpg,0.22802734375
19,3,exp_a1/200_sq\fg_0000ff_bg_888888.jpg,0.2279052734375
20,23,exp_a1/200_sq\fg_ffffff_bg_888888.jpg,0.22705078125
21,14,exp_a1/200_sq\fg_921e3e_bg_888888.jpg,0.2210693359375
22,12,exp_a1/200_sq\fg_888888_bg_ffffff.jpg,0.208251953125
23,11,exp_a1/200_sq\fg_888888_bg_000000.jpg,0.2022705078125
0,2,exp_a1/4_sq\fg_0000ff_bg_000000.jpg,0.2529296875
1,13,exp_a1/4_sq\fg_921e3e_bg_000000.jpg,0.2529296875
2,11,exp_a1/4_sq\fg_888888_bg_000000.jpg,0.252685546875
3,19,exp_a1/4_sq\fg_ffff00_bg_000000.jpg,0.2509765625
4,5,exp_a1/4_sq\fg_00ff00_bg_000000.jpg,0.25
5,22,exp_a1/4_sq\fg_ffffff_bg_000000.jpg,0.2486572265625
6,16,exp_a1/4_sq\fg_ff0000_bg_000000.jpg,0.2484130859375
7,8,exp_a1/4_sq\fg_00ffff_bg_000000.jpg,0.24755859375
8,9,exp_a1/4_sq\fg_00ffff_bg_888888.jpg,0.2401123046875
9,12,exp_a1/4_sq\fg_888888_bg_ffffff.jpg,0.23779296875
10,10,exp_a1/4_sq\fg_00ffff_bg_ffffff.jpg,0.23681640625
11,7,exp_a1/4_sq\fg_00ff00_bg_ffffff.jpg,0.235107421875
12,15,exp_a1/4_sq\fg_921e3e_bg_ffffff.jpg,0.2347412109375
13,1,exp_a1/4_sq\fg_000000_bg_ffffff.jpg,0.2347412109375
14,18,exp_a1/4_sq\fg_ff0000_bg_ffffff.jpg,0.2340087890625
15,0,exp_a1/4_sq\fg_000000_bg_888888.jpg,0.2322998046875
16,3,exp_a1/4_sq\fg_0000ff_bg_888888.jpg,0.2310791015625
17,21,exp_a1/4_sq\fg_ffff00_bg_ffffff.jpg,0.2305908203125
18,6,exp_a1/4_sq\fg_00ff00_bg_888888.jpg,0.2291259765625
19,20,exp_a1/4_sq\fg_ffff00_bg_888888.jpg,0.2286376953125
20,23,exp_a1/4_sq\fg_ffffff_bg_888888.jpg,0.227783203125
21,4,exp_a1/4_sq\fg_0000ff_bg_ffffff.jpg,0.2249755859375
22,14,exp_a1/4_sq\fg_921e3e_bg_888888.jpg,0.2203369140625
23,17,exp_a1/4_sq\fg_ff0000_bg_888888.jpg,0.2103271484375
0,22,exp_a1/56_sq\fg_ffffff_bg_000000.jpg,0.253173828125
1,20,exp_a1/56_sq\fg_ffff00_bg_888888.jpg,0.2529296875
2,8,exp_a1/56_sq\fg_00ffff_bg_000000.jpg,0.25244140625
3,13,exp_a1/56_sq\fg_921e3e_bg_000000.jpg,0.251708984375
4,11,exp_a1/56_sq\fg_888888_bg_000000.jpg,0.2476806640625
5,1,exp_a1/56_sq\fg_000000_bg_ffffff.jpg,0.246826171875
6,17,exp_a1/56_sq\fg_ff0000_bg_888888.jpg,0.24560546875
7,16,exp_a1/56_sq\fg_ff0000_bg_000000.jpg,0.244873046875
8,5,exp_a1/56_sq\fg_00ff00_bg_000000.jpg,0.2440185546875
9,2,exp_a1/56_sq\fg_0000ff_bg_000000.jpg,0.2427978515625
10,19,exp_a1/56_sq\fg_ffff00_bg_000000.jpg,0.242431640625
11,10,exp_a1/56_sq\fg_00ffff_bg_ffffff.jpg,0.24072265625
12,7,exp_a1/56_sq\fg_00ff00_bg_ffffff.jpg,0.2398681640625
13,4,exp_a1/56_sq\fg_0000ff_bg_ffffff.jpg,0.2384033203125
14,14,exp_a1/56_sq\fg_921e3e_bg_888888.jpg,0.238037109375
15,3,exp_a1/56_sq\fg_0000ff_bg_888888.jpg,0.23779296875
16,21,exp_a1/56_sq\fg_ffff00_bg_ffffff.jpg,0.236083984375
17,18,exp_a1/56_sq\fg_ff0000_bg_ffffff.jpg,0.235107421875
18,15,exp_a1/56_sq\fg_921e3e_bg_ffffff.jpg,0.2347412109375
19,12,exp_a1/56_sq\fg_888888_bg_ffffff.jpg,0.23193359375
20,0,exp_a1/56_sq\fg_000000_bg_888888.jpg,0.2313232421875
21,23,exp_a1/56_sq\fg_ffffff_bg_888888.jpg,0.2313232421875
22,6,exp_a1/56_sq\fg_00ff00_bg_888888.jpg,0.22314453125
23,9,exp_a1/56_sq\fg_00ffff_bg_888888.jpg,0.21728515625
0,0,exp_a1/colors\bg_000000.jpg,0.2568359375
1,6,exp_a1/colors\bg_ff0000.jpg,0.248779296875
2,5,exp_a1/colors\bg_921e3e.jpg,0.2459716796875
3,8,exp_a1/colors\bg_ffffff.png,0.2427978515625
4,3,exp_a1/colors\bg_00ffff.jpg,0.2398681640625
5,1,exp_a1/colors\bg_0000ff.jpg,0.238037109375
6,2,exp_a1/colors\bg_00ff00.jpg,0.2362060546875
7,7,exp_a1/colors\bg_ffff00.jpg,0.2279052734375
8,4,exp_a1/colors\bg_888888.jpg,0.2225341796875
