,Unnamed: 0,filepaths,similarity
0,6,exp_a1/112_sq\fg_00ff00_bg_888888.jpg,0.3681640625
1,14,exp_a1/112_sq\fg_921e3e_bg_888888.jpg,0.3466796875
2,9,exp_a1/112_sq\fg_00ffff_bg_888888.jpg,0.3203125
3,10,exp_a1/112_sq\fg_00ffff_bg_ffffff.jpg,0.299072265625
4,21,exp_a1/112_sq\fg_ffff00_bg_ffffff.jpg,0.283935546875
5,3,exp_a1/112_sq\fg_0000ff_bg_888888.jpg,0.281494140625
6,1,exp_a1/112_sq\fg_000000_bg_ffffff.jpg,0.271240234375
7,11,exp_a1/112_sq\fg_888888_bg_000000.jpg,0.27001953125
8,12,exp_a1/112_sq\fg_888888_bg_ffffff.jpg,0.264892578125
9,18,exp_a1/112_sq\fg_ff0000_bg_ffffff.jpg,0.26171875
10,13,exp_a1/112_sq\fg_921e3e_bg_000000.jpg,0.249267578125
11,5,exp_a1/112_sq\fg_00ff00_bg_000000.jpg,0.2430419921875
12,4,exp_a1/112_sq\fg_0000ff_bg_ffffff.jpg,0.240478515625
13,7,exp_a1/112_sq\fg_00ff00_bg_ffffff.jpg,0.231689453125
14,15,exp_a1/112_sq\fg_921e3e_bg_ffffff.jpg,0.22314453125
15,16,exp_a1/112_sq\fg_ff0000_bg_000000.jpg,0.2174072265625
16,8,exp_a1/112_sq\fg_00ffff_bg_000000.jpg,0.2156982421875
17,22,exp_a1/112_sq\fg_ffffff_bg_000000.jpg,0.2142333984375
18,2,exp_a1/112_sq\fg_0000ff_bg_000000.jpg,0.2081298828125
19,19,exp_a1/112_sq\fg_ffff00_bg_000000.jpg,0.204345703125
20,23,exp_a1/112_sq\fg_ffffff_bg_888888.jpg,0.1971435546875
21,0,exp_a1/112_sq\fg_000000_bg_888888.jpg,0.1944580078125
22,17,exp_a1/112_sq\fg_ff0000_bg_888888.jpg,0.1907958984375
23,20,exp_a1/112_sq\fg_ffff00_bg_888888.jpg,0.1875
0,6,exp_a1/12_sq\fg_00ff00_bg_888888.jpg,0.470947265625
1,23,exp_a1/12_sq\fg_ffffff_bg_888888.jpg,0.4677734375
2,9,exp_a1/12_sq\fg_00ffff_bg_888888.jpg,0.46435546875
3,17,exp_a1/12_sq\fg_ff0000_bg_888888.jpg,0.460693359375
4,14,exp_a1/12_sq\fg_921e3e_bg_888888.jpg,0.45947265625
5,3,exp_a1/12_sq\fg_0000ff_bg_888888.jpg,0.4580078125
6,20,exp_a1/12_sq\fg_ffff00_bg_888888.jpg,0.45166015625
7,0,exp_a1/12_sq\fg_000000_bg_888888.jpg,0.45166015625
8,12,exp_a1/12_sq\fg_888888_bg_ffffff.jpg,0.2685546875
9,15,exp_a1/12_sq\fg_921e3e_bg_ffffff.jpg,0.26806640625
10,4,exp_a1/12_sq\fg_0000ff_bg_ffffff.jpg,0.266845703125
11,1,exp_a1/12_sq\fg_000000_bg_ffffff.jpg,0.2666015625
12,18,exp_a1/12_sq\fg_ff0000_bg_ffffff.jpg,0.2666015625
13,7,exp_a1/12_sq\fg_00ff00_bg_ffffff.jpg,0.26611328125
14,10,exp_a1/12_sq\fg_00ffff_bg_ffffff.jpg,0.265869140625
15,21,exp_a1/12_sq\fg_ffff00_bg_ffffff.jpg,0.265869140625
16,11,exp_a1/12_sq\fg_888888_bg_000000.jpg,0.179443359375
17,22,exp_a1/12_sq\fg_ffffff_bg_000000.jpg,0.17919921875
18,8,exp_a1/12_sq\fg_00ffff_bg_000000.jpg,0.1788330078125
19,16,exp_a1/12_sq\fg_ff0000_bg_000000.jpg,0.1788330078125
20,19,exp_a1/12_sq\fg_ffff00_bg_000000.jpg,0.178466796875
21,5,exp_a1/12_sq\fg_00ff00_bg_000000.jpg,0.1781005859375
22,13,exp_a1/12_sq\fg_921e3e_bg_000000.jpg,0.177734375
23,2,exp_a1/12_sq\fg_0000ff_bg_000000.jpg,0.17724609375
0,10,exp_a1/148_sq\fg_00ffff_bg_ffffff.jpg,0.314208984375
1,6,exp_a1/148_sq\fg_00ff00_bg_888888.jpg,0.301025390625
2,21,exp_a1/148_sq\fg_ffff00_bg_ffffff.jpg,0.2978515625
3,4,exp_a1/148_sq\fg_0000ff_bg_ffffff.jpg,0.29345703125
4,7,exp_a1/148_sq\fg_00ff00_bg_ffffff.jpg,0.289794921875
5,1,exp_a1/148_sq\fg_000000_bg_ffffff.jpg,0.28515625
6,12,exp_a1/148_sq\fg_888888_bg_ffffff.jpg,0.282470703125
7,5,exp_a1/148_sq\fg_00ff00_bg_000000.jpg,0.271240234375
8,18,exp_a1/148_sq\fg_ff0000_bg_ffffff.jpg,0.25439453125
9,13,exp_a1/148_sq\fg_921e3e_bg_000000.jpg,0.2490234375
10,11,exp_a1/148_sq\fg_888888_bg_000000.jpg,0.241455078125
11,2,exp_a1/148_sq\fg_0000ff_bg_000000.jpg,0.2386474609375
12,8,exp_a1/148_sq\fg_00ffff_bg_000000.jpg,0.224609375
13,15,exp_a1/148_sq\fg_921e3e_bg_ffffff.jpg,0.2108154296875
14,19,exp_a1/148_sq\fg_ffff00_bg_000000.jpg,0.2047119140625
15,17,exp_a1/148_sq\fg_ff0000_bg_888888.jpg,0.1922607421875
16,23,exp_a1/148_sq\fg_ffffff_bg_888888.jpg,0.183349609375
17,22,exp_a1/148_sq\fg_ffffff_bg_000000.jpg,0.1793212890625
18,9,exp_a1/148_sq\fg_00ffff_bg_888888.jpg,0.176025390625
19,14,exp_a1/148_sq\fg_921e3e_bg_888888.jpg,0.166748046875
20,16,exp_a1/148_sq\fg_ff0000_bg_000000.jpg,0.155029296875
21,3,exp_a1/148_sq\fg_0000ff_bg_888888.jpg,0.155029296875
22,20,exp_a1/148_sq\fg_ffff00_bg_888888.jpg,0.142822265625
23,0,exp_a1/148_sq\fg_000000_bg_888888.jpg,0.137939453125
0,19,exp_a1/200_sq\fg_ffff00_bg_000000.jpg,0.305908203125
1,5,exp_a1/200_sq\fg_00ff00_bg_000000.jpg,0.3017578125
2,11,exp_a1/200_sq\fg_888888_bg_000000.jpg,0.298583984375
3,8,exp_a1/200_sq\fg_00ffff_bg_000000.jpg,0.285400390625
4,22,exp_a1/200_sq\fg_ffffff_bg_000000.jpg,0.26953125
5,18,exp_a1/200_sq\fg_ff0000_bg_ffffff.jpg,0.26953125
6,16,exp_a1/200_sq\fg_ff0000_bg_000000.jpg,0.262451171875
7,10,exp_a1/200_sq\fg_00ffff_bg_ffffff.jpg,0.25830078125
8,21,exp_a1/200_sq\fg_ffff00_bg_ffffff.jpg,0.251220703125
9,13,exp_a1/200_sq\fg_921e3e_bg_000000.jpg,0.239013671875
10,0,exp_a1/200_sq\fg_000000_bg_888888.jpg,0.225341796875
11,17,exp_a1/200_sq\fg_ff0000_bg_888888.jpg,0.2232666015625
12,23,exp_a1/200_sq\fg_ffffff_bg_888888.jpg,0.22119140625
13,2,exp_a1/200_sq\fg_0000ff_bg_000000.jpg,0.2120361328125
14,7,exp_a1/200_sq\fg_00ff00_bg_ffffff.jpg,0.2025146484375
15,20,exp_a1/200_sq\fg_ffff00_bg_888888.jpg,0.1927490234375
16,14,exp_a1/200_sq\fg_921e3e_bg_888888.jpg,0.184326171875
17,6,exp_a1/200_sq\fg_00ff00_bg_888888.jpg,0.1746826171875
18,3,exp_a1/200_sq\fg_0000ff_bg_888888.jpg,0.1744384765625
19,1,exp_a1/200_sq\fg_000000_bg_ffffff.jpg,0.17236328125
20,4,exp_a1/200_sq\fg_0000ff_bg_ffffff.jpg,0.1514892578125
21,9,exp_a1/200_sq\fg_00ffff_bg_888888.jpg,0.142822265625
22,15,exp_a1/200_sq\fg_921e3e_bg_ffffff.jpg,0.1318359375
23,12,exp_a1/200_sq\fg_888888_bg_ffffff.jpg,0.0445556640625
0,0,exp_a1/4_sq\fg_000000_bg_888888.jpg,0.4365234375
1,3,exp_a1/4_sq\fg_0000ff_bg_888888.jpg,0.435791015625
2,23,exp_a1/4_sq\fg_ffffff_bg_888888.jpg,0.4326171875
3,20,exp_a1/4_sq\fg_ffff00_bg_888888.jpg,0.43017578125
4,14,exp_a1/4_sq\fg_921e3e_bg_888888.jpg,0.427001953125
5,9,exp_a1/4_sq\fg_00ffff_bg_888888.jpg,0.426513671875
6,6,exp_a1/4_sq\fg_00ff00_bg_888888.jpg,0.426025390625
7,17,exp_a1/4_sq\fg_ff0000_bg_888888.jpg,0.419921875
8,10,exp_a1/4_sq\fg_00ffff_bg_ffffff.jpg,0.267333984375
9,7,exp_a1/4_sq\fg_00ff00_bg_ffffff.jpg,0.266845703125
10,18,exp_a1/4_sq\fg_ff0000_bg_ffffff.jpg,0.266845703125
11,12,exp_a1/4_sq\fg_888888_bg_ffffff.jpg,0.2666015625
12,21,exp_a1/4_sq\fg_ffff00_bg_ffffff.jpg,0.2666015625
13,1,exp_a1/4_sq\fg_000000_bg_ffffff.jpg,0.2666015625
14,4,exp_a1/4_sq\fg_0000ff_bg_ffffff.jpg,0.2666015625
15,15,exp_a1/4_sq\fg_921e3e_bg_ffffff.jpg,0.2666015625
16,22,exp_a1/4_sq\fg_ffffff_bg_000000.jpg,0.1783447265625
17,5,exp_a1/4_sq\fg_00ff00_bg_000000.jpg,0.177978515625
18,16,exp_a1/4_sq\fg_ff0000_bg_000000.jpg,0.177978515625
19,13,exp_a1/4_sq\fg_921e3e_bg_000000.jpg,0.1778564453125
20,19,exp_a1/4_sq\fg_ffff00_bg_000000.jpg,0.177734375
21,11,exp_a1/4_sq\fg_888888_bg_000000.jpg,0.177734375
22,2,exp_a1/4_sq\fg_0000ff_bg_000000.jpg,0.177734375
23,8,exp_a1/4_sq\fg_00ffff_bg_000000.jpg,0.1776123046875
0,14,exp_a1/56_sq\fg_921e3e_bg_888888.jpg,0.434326171875
1,6,exp_a1/56_sq\fg_00ff00_bg_888888.jpg,0.432861328125
2,3,exp_a1/56_sq\fg_0000ff_bg_888888.jpg,0.420654296875
3,0,exp_a1/56_sq\fg_000000_bg_888888.jpg,0.40625
4,9,exp_a1/56_sq\fg_00ffff_bg_888888.jpg,0.399169921875
5,20,exp_a1/56_sq\fg_ffff00_bg_888888.jpg,0.36669921875
6,17,exp_a1/56_sq\fg_ff0000_bg_888888.jpg,0.29345703125
7,12,exp_a1/56_sq\fg_888888_bg_ffffff.jpg,0.29150390625
8,21,exp_a1/56_sq\fg_ffff00_bg_ffffff.jpg,0.2890625
9,4,exp_a1/56_sq\fg_0000ff_bg_ffffff.jpg,0.284423828125
10,1,exp_a1/56_sq\fg_000000_bg_ffffff.jpg,0.28369140625
11,7,exp_a1/56_sq\fg_00ff00_bg_ffffff.jpg,0.28125
12,15,exp_a1/56_sq\fg_921e3e_bg_ffffff.jpg,0.277099609375
13,10,exp_a1/56_sq\fg_00ffff_bg_ffffff.jpg,0.275634765625
14,18,exp_a1/56_sq\fg_ff0000_bg_ffffff.jpg,0.26171875
15,23,exp_a1/56_sq\fg_ffffff_bg_888888.jpg,0.2388916015625
16,13,exp_a1/56_sq\fg_921e3e_bg_000000.jpg,0.23583984375
17,11,exp_a1/56_sq\fg_888888_bg_000000.jpg,0.224365234375
18,19,exp_a1/56_sq\fg_ffff00_bg_000000.jpg,0.1976318359375
19,22,exp_a1/56_sq\fg_ffffff_bg_000000.jpg,0.18994140625
20,16,exp_a1/56_sq\fg_ff0000_bg_000000.jpg,0.1895751953125
21,8,exp_a1/56_sq\fg_00ffff_bg_000000.jpg,0.1861572265625
22,2,exp_a1/56_sq\fg_0000ff_bg_000000.jpg,0.1861572265625
23,5,exp_a1/56_sq\fg_00ff00_bg_000000.jpg,0.182861328125
0,4,exp_a1/colors\bg_888888.jpg,0.412353515625
1,8,exp_a1/colors\bg_ffffff.png,0.267333984375
2,7,exp_a1/colors\bg_ffff00.jpg,0.26416015625
3,5,exp_a1/colors\bg_921e3e.jpg,0.25830078125
4,6,exp_a1/colors\bg_ff0000.jpg,0.256103515625
5,2,exp_a1/colors\bg_00ff00.jpg,0.235595703125
6,3,exp_a1/colors\bg_00ffff.jpg,0.2314453125
7,1,exp_a1/colors\bg_0000ff.jpg,0.2171630859375
8,0,exp_a1/colors\bg_000000.jpg,0.1778564453125
