,Unnamed: 0,filepaths,similarity
0,14,exp_a1/112_sq\fg_921e3e_bg_888888.jpg,0.337890625
1,6,exp_a1/112_sq\fg_00ff00_bg_888888.jpg,0.330078125
2,21,exp_a1/112_sq\fg_ffff00_bg_ffffff.jpg,0.316650390625
3,10,exp_a1/112_sq\fg_00ffff_bg_ffffff.jpg,0.316162109375
4,12,exp_a1/112_sq\fg_888888_bg_ffffff.jpg,0.30517578125
5,9,exp_a1/112_sq\fg_00ffff_bg_888888.jpg,0.304443359375
6,7,exp_a1/112_sq\fg_00ff00_bg_ffffff.jpg,0.2958984375
7,3,exp_a1/112_sq\fg_0000ff_bg_888888.jpg,0.29541015625
8,18,exp_a1/112_sq\fg_ff0000_bg_ffffff.jpg,0.29443359375
9,1,exp_a1/112_sq\fg_000000_bg_ffffff.jpg,0.291259765625
10,4,exp_a1/112_sq\fg_0000ff_bg_ffffff.jpg,0.278076171875
11,15,exp_a1/112_sq\fg_921e3e_bg_ffffff.jpg,0.276611328125
12,5,exp_a1/112_sq\fg_00ff00_bg_000000.jpg,0.258544921875
13,11,exp_a1/112_sq\fg_888888_bg_000000.jpg,0.2454833984375
14,13,exp_a1/112_sq\fg_921e3e_bg_000000.jpg,0.2420654296875
15,0,exp_a1/112_sq\fg_000000_bg_888888.jpg,0.236083984375
16,8,exp_a1/112_sq\fg_00ffff_bg_000000.jpg,0.23583984375
17,20,exp_a1/112_sq\fg_ffff00_bg_888888.jpg,0.22705078125
18,2,exp_a1/112_sq\fg_0000ff_bg_000000.jpg,0.2047119140625
19,19,exp_a1/112_sq\fg_ffff00_bg_000000.jpg,0.1942138671875
20,16,exp_a1/112_sq\fg_ff0000_bg_000000.jpg,0.193359375
21,22,exp_a1/112_sq\fg_ffffff_bg_000000.jpg,0.1932373046875
22,23,exp_a1/112_sq\fg_ffffff_bg_888888.jpg,0.1851806640625
23,17,exp_a1/112_sq\fg_ff0000_bg_888888.jpg,0.1849365234375
0,23,exp_a1/12_sq\fg_ffffff_bg_888888.jpg,0.364013671875
1,14,exp_a1/12_sq\fg_921e3e_bg_888888.jpg,0.3623046875
2,3,exp_a1/12_sq\fg_0000ff_bg_888888.jpg,0.360595703125
3,0,exp_a1/12_sq\fg_000000_bg_888888.jpg,0.357666015625
4,20,exp_a1/12_sq\fg_ffff00_bg_888888.jpg,0.3447265625
5,6,exp_a1/12_sq\fg_00ff00_bg_888888.jpg,0.341064453125
6,9,exp_a1/12_sq\fg_00ffff_bg_888888.jpg,0.336181640625
7,17,exp_a1/12_sq\fg_ff0000_bg_888888.jpg,0.3359375
8,12,exp_a1/12_sq\fg_888888_bg_ffffff.jpg,0.305908203125
9,15,exp_a1/12_sq\fg_921e3e_bg_ffffff.jpg,0.304931640625
10,4,exp_a1/12_sq\fg_0000ff_bg_ffffff.jpg,0.303955078125
11,1,exp_a1/12_sq\fg_000000_bg_ffffff.jpg,0.302001953125
12,10,exp_a1/12_sq\fg_00ffff_bg_ffffff.jpg,0.301513671875
13,18,exp_a1/12_sq\fg_ff0000_bg_ffffff.jpg,0.301513671875
14,7,exp_a1/12_sq\fg_00ff00_bg_ffffff.jpg,0.301513671875
15,21,exp_a1/12_sq\fg_ffff00_bg_ffffff.jpg,0.301025390625
16,22,exp_a1/12_sq\fg_ffffff_bg_000000.jpg,0.1669921875
17,11,exp_a1/12_sq\fg_888888_bg_000000.jpg,0.166748046875
18,16,exp_a1/12_sq\fg_ff0000_bg_000000.jpg,0.1666259765625
19,8,exp_a1/12_sq\fg_00ffff_bg_000000.jpg,0.165771484375
20,5,exp_a1/12_sq\fg_00ff00_bg_000000.jpg,0.1654052734375
21,19,exp_a1/12_sq\fg_ffff00_bg_000000.jpg,0.165283203125
22,13,exp_a1/12_sq\fg_921e3e_bg_000000.jpg,0.1646728515625
23,2,exp_a1/12_sq\fg_0000ff_bg_000000.jpg,0.164306640625
0,10,exp_a1/148_sq\fg_00ffff_bg_ffffff.jpg,0.341064453125
1,21,exp_a1/148_sq\fg_ffff00_bg_ffffff.jpg,0.33740234375
2,1,exp_a1/148_sq\fg_000000_bg_ffffff.jpg,0.312744140625
3,4,exp_a1/148_sq\fg_0000ff_bg_ffffff.jpg,0.30419921875
4,7,exp_a1/148_sq\fg_00ff00_bg_ffffff.jpg,0.30029296875
5,18,exp_a1/148_sq\fg_ff0000_bg_ffffff.jpg,0.2919921875
6,5,exp_a1/148_sq\fg_00ff00_bg_000000.jpg,0.278076171875
7,12,exp_a1/148_sq\fg_888888_bg_ffffff.jpg,0.26904296875
8,6,exp_a1/148_sq\fg_00ff00_bg_888888.jpg,0.267333984375
9,13,exp_a1/148_sq\fg_921e3e_bg_000000.jpg,0.2418212890625
10,11,exp_a1/148_sq\fg_888888_bg_000000.jpg,0.236083984375
11,2,exp_a1/148_sq\fg_0000ff_bg_000000.jpg,0.2269287109375
12,8,exp_a1/148_sq\fg_00ffff_bg_000000.jpg,0.218017578125
13,14,exp_a1/148_sq\fg_921e3e_bg_888888.jpg,0.217041015625
14,15,exp_a1/148_sq\fg_921e3e_bg_ffffff.jpg,0.20751953125
15,3,exp_a1/148_sq\fg_0000ff_bg_888888.jpg,0.20703125
16,19,exp_a1/148_sq\fg_ffff00_bg_000000.jpg,0.198974609375
17,9,exp_a1/148_sq\fg_00ffff_bg_888888.jpg,0.1927490234375
18,20,exp_a1/148_sq\fg_ffff00_bg_888888.jpg,0.19189453125
19,0,exp_a1/148_sq\fg_000000_bg_888888.jpg,0.1854248046875
20,17,exp_a1/148_sq\fg_ff0000_bg_888888.jpg,0.1405029296875
21,23,exp_a1/148_sq\fg_ffffff_bg_888888.jpg,0.1392822265625
22,22,exp_a1/148_sq\fg_ffffff_bg_000000.jpg,0.13623046875
23,16,exp_a1/148_sq\fg_ff0000_bg_000000.jpg,0.1092529296875
0,5,exp_a1/200_sq\fg_00ff00_bg_000000.jpg,0.3017578125
1,18,exp_a1/200_sq\fg_ff0000_bg_ffffff.jpg,0.29638671875
2,19,exp_a1/200_sq\fg_ffff00_bg_000000.jpg,0.2919921875
3,10,exp_a1/200_sq\fg_00ffff_bg_ffffff.jpg,0.284423828125
4,8,exp_a1/200_sq\fg_00ffff_bg_000000.jpg,0.2802734375
5,11,exp_a1/200_sq\fg_888888_bg_000000.jpg,0.27880859375
6,13,exp_a1/200_sq\fg_921e3e_bg_000000.jpg,0.251953125
7,21,exp_a1/200_sq\fg_ffff00_bg_ffffff.jpg,0.2435302734375
8,7,exp_a1/200_sq\fg_00ff00_bg_ffffff.jpg,0.2406005859375
9,0,exp_a1/200_sq\fg_000000_bg_888888.jpg,0.231201171875
10,2,exp_a1/200_sq\fg_0000ff_bg_000000.jpg,0.223388671875
11,22,exp_a1/200_sq\fg_ffffff_bg_000000.jpg,0.218505859375
12,3,exp_a1/200_sq\fg_0000ff_bg_888888.jpg,0.21826171875
13,14,exp_a1/200_sq\fg_921e3e_bg_888888.jpg,0.216552734375
14,16,exp_a1/200_sq\fg_ff0000_bg_000000.jpg,0.2083740234375
15,20,exp_a1/200_sq\fg_ffff00_bg_888888.jpg,0.1939697265625
16,1,exp_a1/200_sq\fg_000000_bg_ffffff.jpg,0.181640625
17,17,exp_a1/200_sq\fg_ff0000_bg_888888.jpg,0.168212890625
18,6,exp_a1/200_sq\fg_00ff00_bg_888888.jpg,0.1666259765625
19,23,exp_a1/200_sq\fg_ffffff_bg_888888.jpg,0.16455078125
20,4,exp_a1/200_sq\fg_0000ff_bg_ffffff.jpg,0.1551513671875
21,9,exp_a1/200_sq\fg_00ffff_bg_888888.jpg,0.13134765625
22,15,exp_a1/200_sq\fg_921e3e_bg_ffffff.jpg,0.12261962890625
23,12,exp_a1/200_sq\fg_888888_bg_ffffff.jpg,0.03778076171875
0,17,exp_a1/4_sq\fg_ff0000_bg_888888.jpg,0.396240234375
1,9,exp_a1/4_sq\fg_00ffff_bg_888888.jpg,0.395751953125
2,0,exp_a1/4_sq\fg_000000_bg_888888.jpg,0.392333984375
3,3,exp_a1/4_sq\fg_0000ff_bg_888888.jpg,0.39013671875
4,6,exp_a1/4_sq\fg_00ff00_bg_888888.jpg,0.388671875
5,23,exp_a1/4_sq\fg_ffffff_bg_888888.jpg,0.38671875
6,14,exp_a1/4_sq\fg_921e3e_bg_888888.jpg,0.385498046875
7,20,exp_a1/4_sq\fg_ffff00_bg_888888.jpg,0.384521484375
8,10,exp_a1/4_sq\fg_00ffff_bg_ffffff.jpg,0.301025390625
9,15,exp_a1/4_sq\fg_921e3e_bg_ffffff.jpg,0.30078125
10,4,exp_a1/4_sq\fg_0000ff_bg_ffffff.jpg,0.30078125
11,1,exp_a1/4_sq\fg_000000_bg_ffffff.jpg,0.30078125
12,7,exp_a1/4_sq\fg_00ff00_bg_ffffff.jpg,0.30078125
13,18,exp_a1/4_sq\fg_ff0000_bg_ffffff.jpg,0.300537109375
14,12,exp_a1/4_sq\fg_888888_bg_ffffff.jpg,0.300537109375
15,21,exp_a1/4_sq\fg_ffff00_bg_ffffff.jpg,0.30029296875
16,22,exp_a1/4_sq\fg_ffffff_bg_000000.jpg,0.164794921875
17,5,exp_a1/4_sq\fg_00ff00_bg_000000.jpg,0.1646728515625
18,13,exp_a1/4_sq\fg_921e3e_bg_000000.jpg,0.1644287109375
19,16,exp_a1/4_sq\fg_ff0000_bg_000000.jpg,0.1644287109375
20,2,exp_a1/4_sq\fg_0000ff_bg_000000.jpg,0.1644287109375
21,11,exp_a1/4_sq\fg_888888_bg_000000.jpg,0.164306640625
22,19,exp_a1/4_sq\fg_ffff00_bg_000000.jpg,0.164306640625
23,8,exp_a1/4_sq\fg_00ffff_bg_000000.jpg,0.164306640625
0,14,exp_a1/56_sq\fg_921e3e_bg_888888.jpg,0.380126953125
1,6,exp_a1/56_sq\fg_00ff00_bg_888888.jpg,0.37109375
2,9,exp_a1/56_sq\fg_00ffff_bg_888888.jpg,0.3701171875
3,0,exp_a1/56_sq\fg_000000_bg_888888.jpg,0.36767578125
4,3,exp_a1/56_sq\fg_0000ff_bg_888888.jpg,0.36474609375
5,20,exp_a1/56_sq\fg_ffff00_bg_888888.jpg,0.35302734375
6,21,exp_a1/56_sq\fg_ffff00_bg_ffffff.jpg,0.326416015625
7,1,exp_a1/56_sq\fg_000000_bg_ffffff.jpg,0.326416015625
8,4,exp_a1/56_sq\fg_0000ff_bg_ffffff.jpg,0.318359375
9,10,exp_a1/56_sq\fg_00ffff_bg_ffffff.jpg,0.31396484375
10,7,exp_a1/56_sq\fg_00ff00_bg_ffffff.jpg,0.31005859375
11,17,exp_a1/56_sq\fg_ff0000_bg_888888.jpg,0.3095703125
12,15,exp_a1/56_sq\fg_921e3e_bg_ffffff.jpg,0.2939453125
13,18,exp_a1/56_sq\fg_ff0000_bg_ffffff.jpg,0.292724609375
14,12,exp_a1/56_sq\fg_888888_bg_ffffff.jpg,0.291259765625
15,23,exp_a1/56_sq\fg_ffffff_bg_888888.jpg,0.2763671875
16,11,exp_a1/56_sq\fg_888888_bg_000000.jpg,0.232177734375
17,13,exp_a1/56_sq\fg_921e3e_bg_000000.jpg,0.222900390625
18,22,exp_a1/56_sq\fg_ffffff_bg_000000.jpg,0.185791015625
19,16,exp_a1/56_sq\fg_ff0000_bg_000000.jpg,0.182373046875
20,8,exp_a1/56_sq\fg_00ffff_bg_000000.jpg,0.1815185546875
21,19,exp_a1/56_sq\fg_ffff00_bg_000000.jpg,0.1781005859375
22,5,exp_a1/56_sq\fg_00ff00_bg_000000.jpg,0.1748046875
23,2,exp_a1/56_sq\fg_0000ff_bg_000000.jpg,0.1746826171875
0,4,exp_a1/colors\bg_888888.jpg,0.394287109375
1,8,exp_a1/colors\bg_ffffff.png,0.30029296875
2,7,exp_a1/colors\bg_ffff00.jpg,0.296142578125
3,6,exp_a1/colors\bg_ff0000.jpg,0.2362060546875
4,3,exp_a1/colors\bg_00ffff.jpg,0.2315673828125
5,5,exp_a1/colors\bg_921e3e.jpg,0.224609375
6,1,exp_a1/colors\bg_0000ff.jpg,0.2225341796875
7,2,exp_a1/colors\bg_00ff00.jpg,0.215087890625
8,0,exp_a1/colors\bg_000000.jpg,0.164306640625
