,Unnamed: 0,filepaths,similarity
0,14,exp_a1/112_sq\fg_921e3e_bg_888888.jpg,0.353515625
1,6,exp_a1/112_sq\fg_00ff00_bg_888888.jpg,0.338623046875
2,3,exp_a1/112_sq\fg_0000ff_bg_888888.jpg,0.31103515625
3,9,exp_a1/112_sq\fg_00ffff_bg_888888.jpg,0.310302734375
4,21,exp_a1/112_sq\fg_ffff00_bg_ffffff.jpg,0.309814453125
5,10,exp_a1/112_sq\fg_00ffff_bg_ffffff.jpg,0.30908203125
6,1,exp_a1/112_sq\fg_000000_bg_ffffff.jpg,0.283935546875
7,12,exp_a1/112_sq\fg_888888_bg_ffffff.jpg,0.28173828125
8,7,exp_a1/112_sq\fg_00ff00_bg_ffffff.jpg,0.276611328125
9,18,exp_a1/112_sq\fg_ff0000_bg_ffffff.jpg,0.271484375
10,4,exp_a1/112_sq\fg_0000ff_bg_ffffff.jpg,0.270263671875
11,0,exp_a1/112_sq\fg_000000_bg_888888.jpg,0.258544921875
12,15,exp_a1/112_sq\fg_921e3e_bg_ffffff.jpg,0.257568359375
13,5,exp_a1/112_sq\fg_00ff00_bg_000000.jpg,0.257080078125
14,20,exp_a1/112_sq\fg_ffff00_bg_888888.jpg,0.250732421875
15,11,exp_a1/112_sq\fg_888888_bg_000000.jpg,0.248291015625
16,13,exp_a1/112_sq\fg_921e3e_bg_000000.jpg,0.2447509765625
17,8,exp_a1/112_sq\fg_00ffff_bg_000000.jpg,0.22998046875
18,2,exp_a1/112_sq\fg_0000ff_bg_000000.jpg,0.211181640625
19,19,exp_a1/112_sq\fg_ffff00_bg_000000.jpg,0.2047119140625
20,16,exp_a1/112_sq\fg_ff0000_bg_000000.jpg,0.19775390625
21,22,exp_a1/112_sq\fg_ffffff_bg_000000.jpg,0.19775390625
22,23,exp_a1/112_sq\fg_ffffff_bg_888888.jpg,0.1781005859375
23,17,exp_a1/112_sq\fg_ff0000_bg_888888.jpg,0.17626953125
0,14,exp_a1/12_sq\fg_921e3e_bg_888888.jpg,0.37548828125
1,3,exp_a1/12_sq\fg_0000ff_bg_888888.jpg,0.37451171875
2,23,exp_a1/12_sq\fg_ffffff_bg_888888.jpg,0.373779296875
3,0,exp_a1/12_sq\fg_000000_bg_888888.jpg,0.373291015625
4,20,exp_a1/12_sq\fg_ffff00_bg_888888.jpg,0.355712890625
5,6,exp_a1/12_sq\fg_00ff00_bg_888888.jpg,0.345703125
6,9,exp_a1/12_sq\fg_00ffff_bg_888888.jpg,0.3408203125
7,17,exp_a1/12_sq\fg_ff0000_bg_888888.jpg,0.3388671875
8,12,exp_a1/12_sq\fg_888888_bg_ffffff.jpg,0.2861328125
9,15,exp_a1/12_sq\fg_921e3e_bg_ffffff.jpg,0.28515625
10,4,exp_a1/12_sq\fg_0000ff_bg_ffffff.jpg,0.283203125
11,1,exp_a1/12_sq\fg_000000_bg_ffffff.jpg,0.281494140625
12,18,exp_a1/12_sq\fg_ff0000_bg_ffffff.jpg,0.28076171875
13,10,exp_a1/12_sq\fg_00ffff_bg_ffffff.jpg,0.280517578125
14,7,exp_a1/12_sq\fg_00ff00_bg_ffffff.jpg,0.280517578125
15,21,exp_a1/12_sq\fg_ffff00_bg_ffffff.jpg,0.280517578125
16,22,exp_a1/12_sq\fg_ffffff_bg_000000.jpg,0.1727294921875
17,16,exp_a1/12_sq\fg_ff0000_bg_000000.jpg,0.17236328125
18,11,exp_a1/12_sq\fg_888888_bg_000000.jpg,0.1719970703125
19,8,exp_a1/12_sq\fg_00ffff_bg_000000.jpg,0.171142578125
20,19,exp_a1/12_sq\fg_ffff00_bg_000000.jpg,0.1708984375
21,5,exp_a1/12_sq\fg_00ff00_bg_000000.jpg,0.1707763671875
22,13,exp_a1/12_sq\fg_921e3e_bg_000000.jpg,0.170166015625
23,2,exp_a1/12_sq\fg_0000ff_bg_000000.jpg,0.16943359375
0,10,exp_a1/148_sq\fg_00ffff_bg_ffffff.jpg,0.324951171875
1,21,exp_a1/148_sq\fg_ffff00_bg_ffffff.jpg,0.323486328125
2,1,exp_a1/148_sq\fg_000000_bg_ffffff.jpg,0.289306640625
3,7,exp_a1/148_sq\fg_00ff00_bg_ffffff.jpg,0.28857421875
4,6,exp_a1/148_sq\fg_00ff00_bg_888888.jpg,0.28466796875
5,4,exp_a1/148_sq\fg_0000ff_bg_ffffff.jpg,0.274169921875
6,18,exp_a1/148_sq\fg_ff0000_bg_ffffff.jpg,0.2685546875
7,5,exp_a1/148_sq\fg_00ff00_bg_000000.jpg,0.26806640625
8,12,exp_a1/148_sq\fg_888888_bg_ffffff.jpg,0.264892578125
9,14,exp_a1/148_sq\fg_921e3e_bg_888888.jpg,0.246337890625
10,13,exp_a1/148_sq\fg_921e3e_bg_000000.jpg,0.2421875
11,2,exp_a1/148_sq\fg_0000ff_bg_000000.jpg,0.236083984375
12,3,exp_a1/148_sq\fg_0000ff_bg_888888.jpg,0.2340087890625
13,11,exp_a1/148_sq\fg_888888_bg_000000.jpg,0.2257080078125
14,20,exp_a1/148_sq\fg_ffff00_bg_888888.jpg,0.22314453125
15,9,exp_a1/148_sq\fg_00ffff_bg_888888.jpg,0.2191162109375
16,0,exp_a1/148_sq\fg_000000_bg_888888.jpg,0.2125244140625
17,15,exp_a1/148_sq\fg_921e3e_bg_ffffff.jpg,0.202880859375
18,8,exp_a1/148_sq\fg_00ffff_bg_000000.jpg,0.1981201171875
19,19,exp_a1/148_sq\fg_ffff00_bg_000000.jpg,0.196533203125
20,23,exp_a1/148_sq\fg_ffffff_bg_888888.jpg,0.1536865234375
21,17,exp_a1/148_sq\fg_ff0000_bg_888888.jpg,0.150634765625
22,22,exp_a1/148_sq\fg_ffffff_bg_000000.jpg,0.1302490234375
23,16,exp_a1/148_sq\fg_ff0000_bg_000000.jpg,0.10870361328125
0,19,exp_a1/200_sq\fg_ffff00_bg_000000.jpg,0.296630859375
1,5,exp_a1/200_sq\fg_00ff00_bg_000000.jpg,0.292724609375
2,18,exp_a1/200_sq\fg_ff0000_bg_ffffff.jpg,0.278076171875
3,11,exp_a1/200_sq\fg_888888_bg_000000.jpg,0.276123046875
4,10,exp_a1/200_sq\fg_00ffff_bg_ffffff.jpg,0.26513671875
5,8,exp_a1/200_sq\fg_00ffff_bg_000000.jpg,0.25830078125
6,0,exp_a1/200_sq\fg_000000_bg_888888.jpg,0.245849609375
7,13,exp_a1/200_sq\fg_921e3e_bg_000000.jpg,0.2421875
8,21,exp_a1/200_sq\fg_ffff00_bg_ffffff.jpg,0.2388916015625
9,14,exp_a1/200_sq\fg_921e3e_bg_888888.jpg,0.2359619140625
10,3,exp_a1/200_sq\fg_0000ff_bg_888888.jpg,0.234375
11,2,exp_a1/200_sq\fg_0000ff_bg_000000.jpg,0.2242431640625
12,7,exp_a1/200_sq\fg_00ff00_bg_ffffff.jpg,0.2208251953125
13,22,exp_a1/200_sq\fg_ffffff_bg_000000.jpg,0.20166015625
14,16,exp_a1/200_sq\fg_ff0000_bg_000000.jpg,0.1868896484375
15,20,exp_a1/200_sq\fg_ffff00_bg_888888.jpg,0.1854248046875
16,6,exp_a1/200_sq\fg_00ff00_bg_888888.jpg,0.165283203125
17,1,exp_a1/200_sq\fg_000000_bg_ffffff.jpg,0.164306640625
18,4,exp_a1/200_sq\fg_0000ff_bg_ffffff.jpg,0.1427001953125
19,17,exp_a1/200_sq\fg_ff0000_bg_888888.jpg,0.1416015625
20,23,exp_a1/200_sq\fg_ffffff_bg_888888.jpg,0.136474609375
21,9,exp_a1/200_sq\fg_00ffff_bg_888888.jpg,0.1246337890625
22,15,exp_a1/200_sq\fg_921e3e_bg_ffffff.jpg,0.1142578125
23,12,exp_a1/200_sq\fg_888888_bg_ffffff.jpg,0.03021240234375
0,0,exp_a1/4_sq\fg_000000_bg_888888.jpg,0.413330078125
1,3,exp_a1/4_sq\fg_0000ff_bg_888888.jpg,0.40625
2,9,exp_a1/4_sq\fg_00ffff_bg_888888.jpg,0.404296875
3,14,exp_a1/4_sq\fg_921e3e_bg_888888.jpg,0.404052734375
4,17,exp_a1/4_sq\fg_ff0000_bg_888888.jpg,0.401123046875
5,20,exp_a1/4_sq\fg_ffff00_bg_888888.jpg,0.39892578125
6,23,exp_a1/4_sq\fg_ffffff_bg_888888.jpg,0.396728515625
7,6,exp_a1/4_sq\fg_00ff00_bg_888888.jpg,0.396484375
8,10,exp_a1/4_sq\fg_00ffff_bg_ffffff.jpg,0.28076171875
9,15,exp_a1/4_sq\fg_921e3e_bg_ffffff.jpg,0.280517578125
10,4,exp_a1/4_sq\fg_0000ff_bg_ffffff.jpg,0.280517578125
11,18,exp_a1/4_sq\fg_ff0000_bg_ffffff.jpg,0.280517578125
12,12,exp_a1/4_sq\fg_888888_bg_ffffff.jpg,0.280517578125
13,1,exp_a1/4_sq\fg_000000_bg_ffffff.jpg,0.2802734375
14,21,exp_a1/4_sq\fg_ffff00_bg_ffffff.jpg,0.2802734375
15,7,exp_a1/4_sq\fg_00ff00_bg_ffffff.jpg,0.2802734375
16,22,exp_a1/4_sq\fg_ffffff_bg_000000.jpg,0.1697998046875
17,5,exp_a1/4_sq\fg_00ff00_bg_000000.jpg,0.169677734375
18,13,exp_a1/4_sq\fg_921e3e_bg_000000.jpg,0.1695556640625
19,19,exp_a1/4_sq\fg_ffff00_bg_000000.jpg,0.1695556640625
20,8,exp_a1/4_sq\fg_00ffff_bg_000000.jpg,0.16943359375
21,2,exp_a1/4_sq\fg_0000ff_bg_000000.jpg,0.16943359375
22,16,exp_a1/4_sq\fg_ff0000_bg_000000.jpg,0.1693115234375
23,11,exp_a1/4_sq\fg_888888_bg_000000.jpg,0.1693115234375
0,14,exp_a1/56_sq\fg_921e3e_bg_888888.jpg,0.39697265625
1,9,exp_a1/56_sq\fg_00ffff_bg_888888.jpg,0.388427734375
2,0,exp_a1/56_sq\fg_000000_bg_888888.jpg,0.383544921875
3,6,exp_a1/56_sq\fg_00ff00_bg_888888.jpg,0.38134765625
4,3,exp_a1/56_sq\fg_0000ff_bg_888888.jpg,0.372802734375
5,20,exp_a1/56_sq\fg_ffff00_bg_888888.jpg,0.37109375
6,17,exp_a1/56_sq\fg_ff0000_bg_888888.jpg,0.335205078125
7,1,exp_a1/56_sq\fg_000000_bg_ffffff.jpg,0.317626953125
8,21,exp_a1/56_sq\fg_ffff00_bg_ffffff.jpg,0.315185546875
9,4,exp_a1/56_sq\fg_0000ff_bg_ffffff.jpg,0.30615234375
10,23,exp_a1/56_sq\fg_ffffff_bg_888888.jpg,0.305908203125
11,10,exp_a1/56_sq\fg_00ffff_bg_ffffff.jpg,0.295166015625
12,7,exp_a1/56_sq\fg_00ff00_bg_ffffff.jpg,0.291748046875
13,12,exp_a1/56_sq\fg_888888_bg_ffffff.jpg,0.29150390625
14,15,exp_a1/56_sq\fg_921e3e_bg_ffffff.jpg,0.287109375
15,18,exp_a1/56_sq\fg_ff0000_bg_ffffff.jpg,0.27197265625
16,11,exp_a1/56_sq\fg_888888_bg_000000.jpg,0.23779296875
17,13,exp_a1/56_sq\fg_921e3e_bg_000000.jpg,0.231201171875
18,19,exp_a1/56_sq\fg_ffff00_bg_000000.jpg,0.19140625
19,22,exp_a1/56_sq\fg_ffffff_bg_000000.jpg,0.1912841796875
20,16,exp_a1/56_sq\fg_ff0000_bg_000000.jpg,0.1883544921875
21,8,exp_a1/56_sq\fg_00ffff_bg_000000.jpg,0.1849365234375
22,5,exp_a1/56_sq\fg_00ff00_bg_000000.jpg,0.180419921875
23,2,exp_a1/56_sq\fg_0000ff_bg_000000.jpg,0.18017578125
0,4,exp_a1/colors\bg_888888.jpg,0.408447265625
1,8,exp_a1/colors\bg_ffffff.png,0.280517578125
2,7,exp_a1/colors\bg_ffff00.jpg,0.274658203125
3,6,exp_a1/colors\bg_ff0000.jpg,0.2423095703125
4,1,exp_a1/colors\bg_0000ff.jpg,0.2147216796875
5,3,exp_a1/colors\bg_00ffff.jpg,0.2115478515625
6,5,exp_a1/colors\bg_921e3e.jpg,0.209716796875
7,2,exp_a1/colors\bg_00ff00.jpg,0.208740234375
8,0,exp_a1/colors\bg_000000.jpg,0.1695556640625
