,Unnamed: 0,filepaths,similarity
0,22,exp_a1/112_sq\fg_ffffff_bg_000000.jpg,0.2890625
1,10,exp_a1/112_sq\fg_00ffff_bg_ffffff.jpg,0.28759765625
2,18,exp_a1/112_sq\fg_ff0000_bg_ffffff.jpg,0.287109375
3,1,exp_a1/112_sq\fg_000000_bg_ffffff.jpg,0.28662109375
4,23,exp_a1/112_sq\fg_ffffff_bg_888888.jpg,0.286376953125
5,4,exp_a1/112_sq\fg_0000ff_bg_ffffff.jpg,0.278564453125
6,3,exp_a1/112_sq\fg_0000ff_bg_888888.jpg,0.278076171875
7,13,exp_a1/112_sq\fg_921e3e_bg_000000.jpg,0.277587890625
8,20,exp_a1/112_sq\fg_ffff00_bg_888888.jpg,0.27685546875
9,21,exp_a1/112_sq\fg_ffff00_bg_ffffff.jpg,0.276123046875
10,9,exp_a1/112_sq\fg_00ffff_bg_888888.jpg,0.27392578125
11,17,exp_a1/112_sq\fg_ff0000_bg_888888.jpg,0.27392578125
12,8,exp_a1/112_sq\fg_00ffff_bg_000000.jpg,0.273681640625
13,15,exp_a1/112_sq\fg_921e3e_bg_ffffff.jpg,0.2734375
14,2,exp_a1/112_sq\fg_0000ff_bg_000000.jpg,0.27294921875
15,7,exp_a1/112_sq\fg_00ff00_bg_ffffff.jpg,0.271728515625
16,16,exp_a1/112_sq\fg_ff0000_bg_000000.jpg,0.271728515625
17,19,exp_a1/112_sq\fg_ffff00_bg_000000.jpg,0.26904296875
18,14,exp_a1/112_sq\fg_921e3e_bg_888888.jpg,0.267333984375
19,11,exp_a1/112_sq\fg_888888_bg_000000.jpg,0.26708984375
20,0,exp_a1/112_sq\fg_000000_bg_888888.jpg,0.26318359375
21,6,exp_a1/112_sq\fg_00ff00_bg_888888.jpg,0.25927734375
22,12,exp_a1/112_sq\fg_888888_bg_ffffff.jpg,0.257568359375
23,5,exp_a1/112_sq\fg_00ff00_bg_000000.jpg,0.254638671875
0,22,exp_a1/12_sq\fg_ffffff_bg_000000.jpg,0.2998046875
1,11,exp_a1/12_sq\fg_888888_bg_000000.jpg,0.294921875
2,13,exp_a1/12_sq\fg_921e3e_bg_000000.jpg,0.291259765625
3,1,exp_a1/12_sq\fg_000000_bg_ffffff.jpg,0.287353515625
4,8,exp_a1/12_sq\fg_00ffff_bg_000000.jpg,0.28662109375
5,12,exp_a1/12_sq\fg_888888_bg_ffffff.jpg,0.285400390625
6,16,exp_a1/12_sq\fg_ff0000_bg_000000.jpg,0.284423828125
7,10,exp_a1/12_sq\fg_00ffff_bg_ffffff.jpg,0.284423828125
8,2,exp_a1/12_sq\fg_0000ff_bg_000000.jpg,0.283203125
9,18,exp_a1/12_sq\fg_ff0000_bg_ffffff.jpg,0.2802734375
10,19,exp_a1/12_sq\fg_ffff00_bg_000000.jpg,0.27880859375
11,15,exp_a1/12_sq\fg_921e3e_bg_ffffff.jpg,0.27783203125
12,23,exp_a1/12_sq\fg_ffffff_bg_888888.jpg,0.27734375
13,5,exp_a1/12_sq\fg_00ff00_bg_000000.jpg,0.276611328125
14,4,exp_a1/12_sq\fg_0000ff_bg_ffffff.jpg,0.27197265625
15,9,exp_a1/12_sq\fg_00ffff_bg_888888.jpg,0.27099609375
16,7,exp_a1/12_sq\fg_00ff00_bg_ffffff.jpg,0.268310546875
17,21,exp_a1/12_sq\fg_ffff00_bg_ffffff.jpg,0.267578125
18,3,exp_a1/12_sq\fg_0000ff_bg_888888.jpg,0.263916015625
19,17,exp_a1/12_sq\fg_ff0000_bg_888888.jpg,0.263427734375
20,0,exp_a1/12_sq\fg_000000_bg_888888.jpg,0.263427734375
21,14,exp_a1/12_sq\fg_921e3e_bg_888888.jpg,0.25830078125
22,20,exp_a1/12_sq\fg_ffff00_bg_888888.jpg,0.250732421875
23,6,exp_a1/12_sq\fg_00ff00_bg_888888.jpg,0.2452392578125
0,22,exp_a1/148_sq\fg_ffffff_bg_000000.jpg,0.291015625
1,18,exp_a1/148_sq\fg_ff0000_bg_ffffff.jpg,0.28564453125
2,1,exp_a1/148_sq\fg_000000_bg_ffffff.jpg,0.284423828125
3,23,exp_a1/148_sq\fg_ffffff_bg_888888.jpg,0.28125
4,10,exp_a1/148_sq\fg_00ffff_bg_ffffff.jpg,0.28076171875
5,16,exp_a1/148_sq\fg_ff0000_bg_000000.jpg,0.27978515625
6,15,exp_a1/148_sq\fg_921e3e_bg_ffffff.jpg,0.278564453125
7,13,exp_a1/148_sq\fg_921e3e_bg_000000.jpg,0.278564453125
8,4,exp_a1/148_sq\fg_0000ff_bg_ffffff.jpg,0.276123046875
9,21,exp_a1/148_sq\fg_ffff00_bg_ffffff.jpg,0.275146484375
10,8,exp_a1/148_sq\fg_00ffff_bg_000000.jpg,0.275146484375
11,7,exp_a1/148_sq\fg_00ff00_bg_ffffff.jpg,0.2734375
12,2,exp_a1/148_sq\fg_0000ff_bg_000000.jpg,0.2724609375
13,11,exp_a1/148_sq\fg_888888_bg_000000.jpg,0.2724609375
14,19,exp_a1/148_sq\fg_ffff00_bg_000000.jpg,0.26953125
15,0,exp_a1/148_sq\fg_000000_bg_888888.jpg,0.268310546875
16,9,exp_a1/148_sq\fg_00ffff_bg_888888.jpg,0.267822265625
17,17,exp_a1/148_sq\fg_ff0000_bg_888888.jpg,0.263671875
18,12,exp_a1/148_sq\fg_888888_bg_ffffff.jpg,0.26220703125
19,3,exp_a1/148_sq\fg_0000ff_bg_888888.jpg,0.260498046875
20,20,exp_a1/148_sq\fg_ffff00_bg_888888.jpg,0.259521484375
21,5,exp_a1/148_sq\fg_00ff00_bg_000000.jpg,0.259033203125
22,14,exp_a1/148_sq\fg_921e3e_bg_888888.jpg,0.25146484375
23,6,exp_a1/148_sq\fg_00ff00_bg_888888.jpg,0.21533203125
0,10,exp_a1/200_sq\fg_00ffff_bg_ffffff.jpg,0.294189453125
1,1,exp_a1/200_sq\fg_000000_bg_ffffff.jpg,0.29248046875
2,0,exp_a1/200_sq\fg_000000_bg_888888.jpg,0.288818359375
3,9,exp_a1/200_sq\fg_00ffff_bg_888888.jpg,0.2841796875
4,18,exp_a1/200_sq\fg_ff0000_bg_ffffff.jpg,0.283203125
5,21,exp_a1/200_sq\fg_ffff00_bg_ffffff.jpg,0.281494140625
6,4,exp_a1/200_sq\fg_0000ff_bg_ffffff.jpg,0.280029296875
7,22,exp_a1/200_sq\fg_ffffff_bg_000000.jpg,0.279541015625
8,15,exp_a1/200_sq\fg_921e3e_bg_ffffff.jpg,0.278076171875
9,17,exp_a1/200_sq\fg_ff0000_bg_888888.jpg,0.275390625
10,8,exp_a1/200_sq\fg_00ffff_bg_000000.jpg,0.274658203125
11,23,exp_a1/200_sq\fg_ffffff_bg_888888.jpg,0.274169921875
12,3,exp_a1/200_sq\fg_0000ff_bg_888888.jpg,0.273681640625
13,16,exp_a1/200_sq\fg_ff0000_bg_000000.jpg,0.272705078125
14,7,exp_a1/200_sq\fg_00ff00_bg_ffffff.jpg,0.272216796875
15,13,exp_a1/200_sq\fg_921e3e_bg_000000.jpg,0.26904296875
16,5,exp_a1/200_sq\fg_00ff00_bg_000000.jpg,0.267822265625
17,19,exp_a1/200_sq\fg_ffff00_bg_000000.jpg,0.267333984375
18,2,exp_a1/200_sq\fg_0000ff_bg_000000.jpg,0.26513671875
19,20,exp_a1/200_sq\fg_ffff00_bg_888888.jpg,0.263916015625
20,6,exp_a1/200_sq\fg_00ff00_bg_888888.jpg,0.263671875
21,14,exp_a1/200_sq\fg_921e3e_bg_888888.jpg,0.262451171875
22,12,exp_a1/200_sq\fg_888888_bg_ffffff.jpg,0.2445068359375
23,11,exp_a1/200_sq\fg_888888_bg_000000.jpg,0.2210693359375
0,11,exp_a1/4_sq\fg_888888_bg_000000.jpg,0.294921875
1,13,exp_a1/4_sq\fg_921e3e_bg_000000.jpg,0.29443359375
2,22,exp_a1/4_sq\fg_ffffff_bg_000000.jpg,0.293212890625
3,2,exp_a1/4_sq\fg_0000ff_bg_000000.jpg,0.292724609375
4,16,exp_a1/4_sq\fg_ff0000_bg_000000.jpg,0.29150390625
5,19,exp_a1/4_sq\fg_ffff00_bg_000000.jpg,0.2900390625
6,5,exp_a1/4_sq\fg_00ff00_bg_000000.jpg,0.288818359375
7,8,exp_a1/4_sq\fg_00ffff_bg_000000.jpg,0.288330078125
8,12,exp_a1/4_sq\fg_888888_bg_ffffff.jpg,0.2802734375
9,18,exp_a1/4_sq\fg_ff0000_bg_ffffff.jpg,0.280029296875
10,1,exp_a1/4_sq\fg_000000_bg_ffffff.jpg,0.279052734375
11,10,exp_a1/4_sq\fg_00ffff_bg_ffffff.jpg,0.27685546875
12,15,exp_a1/4_sq\fg_921e3e_bg_ffffff.jpg,0.275146484375
13,23,exp_a1/4_sq\fg_ffffff_bg_888888.jpg,0.274169921875
14,0,exp_a1/4_sq\fg_000000_bg_888888.jpg,0.2734375
15,4,exp_a1/4_sq\fg_0000ff_bg_ffffff.jpg,0.269287109375
16,7,exp_a1/4_sq\fg_00ff00_bg_ffffff.jpg,0.268310546875
17,21,exp_a1/4_sq\fg_ffff00_bg_ffffff.jpg,0.26708984375
18,9,exp_a1/4_sq\fg_00ffff_bg_888888.jpg,0.262939453125
19,3,exp_a1/4_sq\fg_0000ff_bg_888888.jpg,0.260498046875
20,14,exp_a1/4_sq\fg_921e3e_bg_888888.jpg,0.253662109375
21,20,exp_a1/4_sq\fg_ffff00_bg_888888.jpg,0.248046875
22,6,exp_a1/4_sq\fg_00ff00_bg_888888.jpg,0.2474365234375
23,17,exp_a1/4_sq\fg_ff0000_bg_888888.jpg,0.2391357421875
0,22,exp_a1/56_sq\fg_ffffff_bg_000000.jpg,0.296142578125
1,11,exp_a1/56_sq\fg_888888_bg_000000.jpg,0.290283203125
2,1,exp_a1/56_sq\fg_000000_bg_ffffff.jpg,0.28759765625
3,12,exp_a1/56_sq\fg_888888_bg_ffffff.jpg,0.282958984375
4,10,exp_a1/56_sq\fg_00ffff_bg_ffffff.jpg,0.28271484375
5,8,exp_a1/56_sq\fg_00ffff_bg_000000.jpg,0.2822265625
6,13,exp_a1/56_sq\fg_921e3e_bg_000000.jpg,0.28173828125
7,4,exp_a1/56_sq\fg_0000ff_bg_ffffff.jpg,0.28125
8,23,exp_a1/56_sq\fg_ffffff_bg_888888.jpg,0.280029296875
9,2,exp_a1/56_sq\fg_0000ff_bg_000000.jpg,0.27783203125
10,18,exp_a1/56_sq\fg_ff0000_bg_ffffff.jpg,0.27685546875
11,16,exp_a1/56_sq\fg_ff0000_bg_000000.jpg,0.2763671875
12,7,exp_a1/56_sq\fg_00ff00_bg_ffffff.jpg,0.275390625
13,20,exp_a1/56_sq\fg_ffff00_bg_888888.jpg,0.27392578125
14,15,exp_a1/56_sq\fg_921e3e_bg_ffffff.jpg,0.272705078125
15,19,exp_a1/56_sq\fg_ffff00_bg_000000.jpg,0.27197265625
16,5,exp_a1/56_sq\fg_00ff00_bg_000000.jpg,0.271484375
17,3,exp_a1/56_sq\fg_0000ff_bg_888888.jpg,0.271240234375
18,21,exp_a1/56_sq\fg_ffff00_bg_ffffff.jpg,0.271240234375
19,17,exp_a1/56_sq\fg_ff0000_bg_888888.jpg,0.2666015625
20,14,exp_a1/56_sq\fg_921e3e_bg_888888.jpg,0.261474609375
21,9,exp_a1/56_sq\fg_00ffff_bg_888888.jpg,0.26123046875
22,0,exp_a1/56_sq\fg_000000_bg_888888.jpg,0.260986328125
23,6,exp_a1/56_sq\fg_00ff00_bg_888888.jpg,0.2498779296875
0,0,exp_a1/colors\bg_000000.jpg,0.29638671875
1,8,exp_a1/colors\bg_ffffff.png,0.29248046875
2,3,exp_a1/colors\bg_00ffff.jpg,0.270751953125
3,5,exp_a1/colors\bg_921e3e.jpg,0.268798828125
4,1,exp_a1/colors\bg_0000ff.jpg,0.26611328125
5,6,exp_a1/colors\bg_ff0000.jpg,0.264892578125
6,7,exp_a1/colors\bg_ffff00.jpg,0.2607421875
7,2,exp_a1/colors\bg_00ff00.jpg,0.24560546875
8,4,exp_a1/colors\bg_888888.jpg,0.2357177734375
