,Unnamed: 0,filepaths,similarity
0,6,exp_a1/112_sq\fg_00ff00_bg_888888.jpg,0.337646484375
1,21,exp_a1/112_sq\fg_ffff00_bg_ffffff.jpg,0.319091796875
2,10,exp_a1/112_sq\fg_00ffff_bg_ffffff.jpg,0.30224609375
3,1,exp_a1/112_sq\fg_000000_bg_ffffff.jpg,0.301513671875
4,14,exp_a1/112_sq\fg_921e3e_bg_888888.jpg,0.292236328125
5,4,exp_a1/112_sq\fg_0000ff_bg_ffffff.jpg,0.28564453125
6,7,exp_a1/112_sq\fg_00ff00_bg_ffffff.jpg,0.281005859375
7,9,exp_a1/112_sq\fg_00ffff_bg_888888.jpg,0.2744140625
8,12,exp_a1/112_sq\fg_888888_bg_ffffff.jpg,0.260009765625
9,5,exp_a1/112_sq\fg_00ff00_bg_000000.jpg,0.259033203125
10,13,exp_a1/112_sq\fg_921e3e_bg_000000.jpg,0.255615234375
11,18,exp_a1/112_sq\fg_ff0000_bg_ffffff.jpg,0.251953125
12,11,exp_a1/112_sq\fg_888888_bg_000000.jpg,0.2474365234375
13,3,exp_a1/112_sq\fg_0000ff_bg_888888.jpg,0.244384765625
14,15,exp_a1/112_sq\fg_921e3e_bg_ffffff.jpg,0.242431640625
15,8,exp_a1/112_sq\fg_00ffff_bg_000000.jpg,0.22509765625
16,2,exp_a1/112_sq\fg_0000ff_bg_000000.jpg,0.211669921875
17,19,exp_a1/112_sq\fg_ffff00_bg_000000.jpg,0.2010498046875
18,16,exp_a1/112_sq\fg_ff0000_bg_000000.jpg,0.1998291015625
19,22,exp_a1/112_sq\fg_ffffff_bg_000000.jpg,0.196044921875
20,0,exp_a1/112_sq\fg_000000_bg_888888.jpg,0.176513671875
21,23,exp_a1/112_sq\fg_ffffff_bg_888888.jpg,0.1654052734375
22,20,exp_a1/112_sq\fg_ffff00_bg_888888.jpg,0.162109375
23,17,exp_a1/112_sq\fg_ff0000_bg_888888.jpg,0.1607666015625
0,14,exp_a1/12_sq\fg_921e3e_bg_888888.jpg,0.369140625
1,23,exp_a1/12_sq\fg_ffffff_bg_888888.jpg,0.3642578125
2,3,exp_a1/12_sq\fg_0000ff_bg_888888.jpg,0.3603515625
3,0,exp_a1/12_sq\fg_000000_bg_888888.jpg,0.3603515625
4,9,exp_a1/12_sq\fg_00ffff_bg_888888.jpg,0.346435546875
5,17,exp_a1/12_sq\fg_ff0000_bg_888888.jpg,0.34619140625
6,6,exp_a1/12_sq\fg_00ff00_bg_888888.jpg,0.345703125
7,20,exp_a1/12_sq\fg_ffff00_bg_888888.jpg,0.345458984375
8,12,exp_a1/12_sq\fg_888888_bg_ffffff.jpg,0.263916015625
9,15,exp_a1/12_sq\fg_921e3e_bg_ffffff.jpg,0.26318359375
10,4,exp_a1/12_sq\fg_0000ff_bg_ffffff.jpg,0.2607421875
11,1,exp_a1/12_sq\fg_000000_bg_ffffff.jpg,0.260009765625
12,21,exp_a1/12_sq\fg_ffff00_bg_ffffff.jpg,0.259765625
13,18,exp_a1/12_sq\fg_ff0000_bg_ffffff.jpg,0.259521484375
14,10,exp_a1/12_sq\fg_00ffff_bg_ffffff.jpg,0.2587890625
15,7,exp_a1/12_sq\fg_00ff00_bg_ffffff.jpg,0.2587890625
16,22,exp_a1/12_sq\fg_ffffff_bg_000000.jpg,0.1673583984375
17,16,exp_a1/12_sq\fg_ff0000_bg_000000.jpg,0.1666259765625
18,8,exp_a1/12_sq\fg_00ffff_bg_000000.jpg,0.1656494140625
19,11,exp_a1/12_sq\fg_888888_bg_000000.jpg,0.165283203125
20,19,exp_a1/12_sq\fg_ffff00_bg_000000.jpg,0.1651611328125
21,5,exp_a1/12_sq\fg_00ff00_bg_000000.jpg,0.1650390625
22,13,exp_a1/12_sq\fg_921e3e_bg_000000.jpg,0.1644287109375
23,2,exp_a1/12_sq\fg_0000ff_bg_000000.jpg,0.1641845703125
0,21,exp_a1/148_sq\fg_ffff00_bg_ffffff.jpg,0.338134765625
1,10,exp_a1/148_sq\fg_00ffff_bg_ffffff.jpg,0.328125
2,1,exp_a1/148_sq\fg_000000_bg_ffffff.jpg,0.315185546875
3,7,exp_a1/148_sq\fg_00ff00_bg_ffffff.jpg,0.291259765625
4,4,exp_a1/148_sq\fg_0000ff_bg_ffffff.jpg,0.283935546875
5,6,exp_a1/148_sq\fg_00ff00_bg_888888.jpg,0.275634765625
6,5,exp_a1/148_sq\fg_00ff00_bg_000000.jpg,0.267333984375
7,18,exp_a1/148_sq\fg_ff0000_bg_ffffff.jpg,0.25390625
8,13,exp_a1/148_sq\fg_921e3e_bg_000000.jpg,0.24755859375
9,2,exp_a1/148_sq\fg_0000ff_bg_000000.jpg,0.2379150390625
10,12,exp_a1/148_sq\fg_888888_bg_ffffff.jpg,0.2344970703125
11,19,exp_a1/148_sq\fg_ffff00_bg_000000.jpg,0.2109375
12,15,exp_a1/148_sq\fg_921e3e_bg_ffffff.jpg,0.2069091796875
13,8,exp_a1/148_sq\fg_00ffff_bg_000000.jpg,0.2064208984375
14,11,exp_a1/148_sq\fg_888888_bg_000000.jpg,0.19384765625
15,14,exp_a1/148_sq\fg_921e3e_bg_888888.jpg,0.15087890625
16,3,exp_a1/148_sq\fg_0000ff_bg_888888.jpg,0.145263671875
17,9,exp_a1/148_sq\fg_00ffff_bg_888888.jpg,0.143310546875
18,20,exp_a1/148_sq\fg_ffff00_bg_888888.jpg,0.1282958984375
19,0,exp_a1/148_sq\fg_000000_bg_888888.jpg,0.1263427734375
20,22,exp_a1/148_sq\fg_ffffff_bg_000000.jpg,0.1182861328125
21,17,exp_a1/148_sq\fg_ff0000_bg_888888.jpg,0.103271484375
22,16,exp_a1/148_sq\fg_ff0000_bg_000000.jpg,0.101806640625
23,23,exp_a1/148_sq\fg_ffffff_bg_888888.jpg,0.09661865234375
0,19,exp_a1/200_sq\fg_ffff00_bg_000000.jpg,0.29443359375
1,5,exp_a1/200_sq\fg_00ff00_bg_000000.jpg,0.2822265625
2,10,exp_a1/200_sq\fg_00ffff_bg_ffffff.jpg,0.261962890625
3,11,exp_a1/200_sq\fg_888888_bg_000000.jpg,0.258544921875
4,18,exp_a1/200_sq\fg_ff0000_bg_ffffff.jpg,0.258544921875
5,21,exp_a1/200_sq\fg_ffff00_bg_ffffff.jpg,0.256103515625
6,13,exp_a1/200_sq\fg_921e3e_bg_000000.jpg,0.23486328125
7,8,exp_a1/200_sq\fg_00ffff_bg_000000.jpg,0.23486328125
8,2,exp_a1/200_sq\fg_0000ff_bg_000000.jpg,0.230712890625
9,7,exp_a1/200_sq\fg_00ff00_bg_ffffff.jpg,0.216796875
10,22,exp_a1/200_sq\fg_ffffff_bg_000000.jpg,0.19384765625
11,0,exp_a1/200_sq\fg_000000_bg_888888.jpg,0.1922607421875
12,20,exp_a1/200_sq\fg_ffff00_bg_888888.jpg,0.1849365234375
13,16,exp_a1/200_sq\fg_ff0000_bg_000000.jpg,0.1839599609375
14,6,exp_a1/200_sq\fg_00ff00_bg_888888.jpg,0.180419921875
15,14,exp_a1/200_sq\fg_921e3e_bg_888888.jpg,0.16748046875
16,3,exp_a1/200_sq\fg_0000ff_bg_888888.jpg,0.1595458984375
17,1,exp_a1/200_sq\fg_000000_bg_ffffff.jpg,0.1484375
18,4,exp_a1/200_sq\fg_0000ff_bg_ffffff.jpg,0.1319580078125
19,17,exp_a1/200_sq\fg_ff0000_bg_888888.jpg,0.10308837890625
20,23,exp_a1/200_sq\fg_ffffff_bg_888888.jpg,0.10272216796875
21,15,exp_a1/200_sq\fg_921e3e_bg_ffffff.jpg,0.09832763671875
22,9,exp_a1/200_sq\fg_00ffff_bg_888888.jpg,0.072021484375
23,12,exp_a1/200_sq\fg_888888_bg_ffffff.jpg,0.00981903076171875
0,20,exp_a1/4_sq\fg_ffff00_bg_888888.jpg,0.3955078125
1,14,exp_a1/4_sq\fg_921e3e_bg_888888.jpg,0.394775390625
2,23,exp_a1/4_sq\fg_ffffff_bg_888888.jpg,0.38427734375
3,9,exp_a1/4_sq\fg_00ffff_bg_888888.jpg,0.38134765625
4,0,exp_a1/4_sq\fg_000000_bg_888888.jpg,0.380859375
5,3,exp_a1/4_sq\fg_0000ff_bg_888888.jpg,0.3798828125
6,17,exp_a1/4_sq\fg_ff0000_bg_888888.jpg,0.376708984375
7,6,exp_a1/4_sq\fg_00ff00_bg_888888.jpg,0.371337890625
8,10,exp_a1/4_sq\fg_00ffff_bg_ffffff.jpg,0.26123046875
9,15,exp_a1/4_sq\fg_921e3e_bg_ffffff.jpg,0.2607421875
10,18,exp_a1/4_sq\fg_ff0000_bg_ffffff.jpg,0.260498046875
11,12,exp_a1/4_sq\fg_888888_bg_ffffff.jpg,0.260498046875
12,4,exp_a1/4_sq\fg_0000ff_bg_ffffff.jpg,0.260498046875
13,7,exp_a1/4_sq\fg_00ff00_bg_ffffff.jpg,0.260498046875
14,1,exp_a1/4_sq\fg_000000_bg_ffffff.jpg,0.26025390625
15,21,exp_a1/4_sq\fg_ffff00_bg_ffffff.jpg,0.26025390625
16,22,exp_a1/4_sq\fg_ffffff_bg_000000.jpg,0.1650390625
17,16,exp_a1/4_sq\fg_ff0000_bg_000000.jpg,0.1646728515625
18,2,exp_a1/4_sq\fg_0000ff_bg_000000.jpg,0.1646728515625
19,5,exp_a1/4_sq\fg_00ff00_bg_000000.jpg,0.1646728515625
20,13,exp_a1/4_sq\fg_921e3e_bg_000000.jpg,0.16455078125
21,11,exp_a1/4_sq\fg_888888_bg_000000.jpg,0.16455078125
22,8,exp_a1/4_sq\fg_00ffff_bg_000000.jpg,0.16455078125
23,19,exp_a1/4_sq\fg_ffff00_bg_000000.jpg,0.16455078125
0,6,exp_a1/56_sq\fg_00ff00_bg_888888.jpg,0.375
1,14,exp_a1/56_sq\fg_921e3e_bg_888888.jpg,0.360107421875
2,9,exp_a1/56_sq\fg_00ffff_bg_888888.jpg,0.35009765625
3,3,exp_a1/56_sq\fg_0000ff_bg_888888.jpg,0.342529296875
4,0,exp_a1/56_sq\fg_000000_bg_888888.jpg,0.341552734375
5,20,exp_a1/56_sq\fg_ffff00_bg_888888.jpg,0.3203125
6,21,exp_a1/56_sq\fg_ffff00_bg_ffffff.jpg,0.313720703125
7,1,exp_a1/56_sq\fg_000000_bg_ffffff.jpg,0.305908203125
8,4,exp_a1/56_sq\fg_0000ff_bg_ffffff.jpg,0.294677734375
9,10,exp_a1/56_sq\fg_00ffff_bg_ffffff.jpg,0.288818359375
10,12,exp_a1/56_sq\fg_888888_bg_ffffff.jpg,0.287109375
11,15,exp_a1/56_sq\fg_921e3e_bg_ffffff.jpg,0.28076171875
12,7,exp_a1/56_sq\fg_00ff00_bg_ffffff.jpg,0.27392578125
13,17,exp_a1/56_sq\fg_ff0000_bg_888888.jpg,0.25830078125
14,18,exp_a1/56_sq\fg_ff0000_bg_ffffff.jpg,0.25244140625
15,13,exp_a1/56_sq\fg_921e3e_bg_000000.jpg,0.2352294921875
16,11,exp_a1/56_sq\fg_888888_bg_000000.jpg,0.2318115234375
17,23,exp_a1/56_sq\fg_ffffff_bg_888888.jpg,0.2138671875
18,19,exp_a1/56_sq\fg_ffff00_bg_000000.jpg,0.1968994140625
19,22,exp_a1/56_sq\fg_ffffff_bg_000000.jpg,0.1881103515625
20,16,exp_a1/56_sq\fg_ff0000_bg_000000.jpg,0.186279296875
21,8,exp_a1/56_sq\fg_00ffff_bg_000000.jpg,0.1826171875
22,5,exp_a1/56_sq\fg_00ff00_bg_000000.jpg,0.1790771484375
23,2,exp_a1/56_sq\fg_0000ff_bg_000000.jpg,0.17529296875
0,4,exp_a1/colors\bg_888888.jpg,0.389404296875
1,8,exp_a1/colors\bg_ffffff.png,0.261474609375
2,7,exp_a1/colors\bg_ffff00.jpg,0.25732421875
3,6,exp_a1/colors\bg_ff0000.jpg,0.24267578125
4,5,exp_a1/colors\bg_921e3e.jpg,0.23193359375
5,1,exp_a1/colors\bg_0000ff.jpg,0.21337890625
6,2,exp_a1/colors\bg_00ff00.jpg,0.191162109375
7,3,exp_a1/colors\bg_00ffff.jpg,0.190185546875
8,0,exp_a1/colors\bg_000000.jpg,0.164794921875
