,Unnamed: 0,filepaths,similarity
0,14,exp_a1/112_sq\fg_921e3e_bg_888888.jpg,0.345947265625
1,10,exp_a1/112_sq\fg_00ffff_bg_ffffff.jpg,0.34521484375
2,6,exp_a1/112_sq\fg_00ff00_bg_888888.jpg,0.33740234375
3,21,exp_a1/112_sq\fg_ffff00_bg_ffffff.jpg,0.328857421875
4,1,exp_a1/112_sq\fg_000000_bg_ffffff.jpg,0.31689453125
5,9,exp_a1/112_sq\fg_00ffff_bg_888888.jpg,0.309326171875
6,18,exp_a1/112_sq\fg_ff0000_bg_ffffff.jpg,0.30712890625
7,7,exp_a1/112_sq\fg_00ff00_bg_ffffff.jpg,0.3056640625
8,4,exp_a1/112_sq\fg_0000ff_bg_ffffff.jpg,0.29931640625
9,12,exp_a1/112_sq\fg_888888_bg_ffffff.jpg,0.292724609375
10,3,exp_a1/112_sq\fg_0000ff_bg_888888.jpg,0.29248046875
11,5,exp_a1/112_sq\fg_00ff00_bg_000000.jpg,0.288818359375
12,15,exp_a1/112_sq\fg_921e3e_bg_ffffff.jpg,0.2802734375
13,13,exp_a1/112_sq\fg_921e3e_bg_000000.jpg,0.27978515625
14,11,exp_a1/112_sq\fg_888888_bg_000000.jpg,0.2763671875
15,8,exp_a1/112_sq\fg_00ffff_bg_000000.jpg,0.268798828125
16,2,exp_a1/112_sq\fg_0000ff_bg_000000.jpg,0.2459716796875
17,19,exp_a1/112_sq\fg_ffff00_bg_000000.jpg,0.2364501953125
18,20,exp_a1/112_sq\fg_ffff00_bg_888888.jpg,0.235107421875
19,0,exp_a1/112_sq\fg_000000_bg_888888.jpg,0.2333984375
20,16,exp_a1/112_sq\fg_ff0000_bg_000000.jpg,0.220947265625
21,22,exp_a1/112_sq\fg_ffffff_bg_000000.jpg,0.2196044921875
22,17,exp_a1/112_sq\fg_ff0000_bg_888888.jpg,0.190673828125
23,23,exp_a1/112_sq\fg_ffffff_bg_888888.jpg,0.1898193359375
0,23,exp_a1/12_sq\fg_ffffff_bg_888888.jpg,0.379150390625
1,3,exp_a1/12_sq\fg_0000ff_bg_888888.jpg,0.37255859375
2,0,exp_a1/12_sq\fg_000000_bg_888888.jpg,0.3701171875
3,14,exp_a1/12_sq\fg_921e3e_bg_888888.jpg,0.36767578125
4,20,exp_a1/12_sq\fg_ffff00_bg_888888.jpg,0.356689453125
5,17,exp_a1/12_sq\fg_ff0000_bg_888888.jpg,0.35205078125
6,9,exp_a1/12_sq\fg_00ffff_bg_888888.jpg,0.349853515625
7,6,exp_a1/12_sq\fg_00ff00_bg_888888.jpg,0.339111328125
8,12,exp_a1/12_sq\fg_888888_bg_ffffff.jpg,0.32666015625
9,15,exp_a1/12_sq\fg_921e3e_bg_ffffff.jpg,0.3251953125
10,4,exp_a1/12_sq\fg_0000ff_bg_ffffff.jpg,0.323486328125
11,1,exp_a1/12_sq\fg_000000_bg_ffffff.jpg,0.319580078125
12,7,exp_a1/12_sq\fg_00ff00_bg_ffffff.jpg,0.3193359375
13,10,exp_a1/12_sq\fg_00ffff_bg_ffffff.jpg,0.318115234375
14,21,exp_a1/12_sq\fg_ffff00_bg_ffffff.jpg,0.317138671875
15,18,exp_a1/12_sq\fg_ff0000_bg_ffffff.jpg,0.31689453125
16,22,exp_a1/12_sq\fg_ffffff_bg_000000.jpg,0.206298828125
17,16,exp_a1/12_sq\fg_ff0000_bg_000000.jpg,0.205810546875
18,11,exp_a1/12_sq\fg_888888_bg_000000.jpg,0.2056884765625
19,8,exp_a1/12_sq\fg_00ffff_bg_000000.jpg,0.2041015625
20,19,exp_a1/12_sq\fg_ffff00_bg_000000.jpg,0.2034912109375
21,5,exp_a1/12_sq\fg_00ff00_bg_000000.jpg,0.2034912109375
22,13,exp_a1/12_sq\fg_921e3e_bg_000000.jpg,0.2027587890625
23,2,exp_a1/12_sq\fg_0000ff_bg_000000.jpg,0.2020263671875
0,21,exp_a1/148_sq\fg_ffff00_bg_ffffff.jpg,0.339599609375
1,10,exp_a1/148_sq\fg_00ffff_bg_ffffff.jpg,0.338623046875
2,1,exp_a1/148_sq\fg_000000_bg_ffffff.jpg,0.307373046875
3,18,exp_a1/148_sq\fg_ff0000_bg_ffffff.jpg,0.305419921875
4,7,exp_a1/148_sq\fg_00ff00_bg_ffffff.jpg,0.300537109375
5,5,exp_a1/148_sq\fg_00ff00_bg_000000.jpg,0.2998046875
6,4,exp_a1/148_sq\fg_0000ff_bg_ffffff.jpg,0.285888671875
7,12,exp_a1/148_sq\fg_888888_bg_ffffff.jpg,0.27099609375
8,6,exp_a1/148_sq\fg_00ff00_bg_888888.jpg,0.270751953125
9,2,exp_a1/148_sq\fg_0000ff_bg_000000.jpg,0.269287109375
10,13,exp_a1/148_sq\fg_921e3e_bg_000000.jpg,0.26904296875
11,8,exp_a1/148_sq\fg_00ffff_bg_000000.jpg,0.251220703125
12,11,exp_a1/148_sq\fg_888888_bg_000000.jpg,0.2431640625
13,19,exp_a1/148_sq\fg_ffff00_bg_000000.jpg,0.23095703125
14,14,exp_a1/148_sq\fg_921e3e_bg_888888.jpg,0.2197265625
15,15,exp_a1/148_sq\fg_921e3e_bg_ffffff.jpg,0.2193603515625
16,3,exp_a1/148_sq\fg_0000ff_bg_888888.jpg,0.2071533203125
17,20,exp_a1/148_sq\fg_ffff00_bg_888888.jpg,0.200927734375
18,9,exp_a1/148_sq\fg_00ffff_bg_888888.jpg,0.183837890625
19,22,exp_a1/148_sq\fg_ffffff_bg_000000.jpg,0.1776123046875
20,0,exp_a1/148_sq\fg_000000_bg_888888.jpg,0.174560546875
21,16,exp_a1/148_sq\fg_ff0000_bg_000000.jpg,0.1519775390625
22,23,exp_a1/148_sq\fg_ffffff_bg_888888.jpg,0.14794921875
23,17,exp_a1/148_sq\fg_ff0000_bg_888888.jpg,0.1451416015625
0,5,exp_a1/200_sq\fg_00ff00_bg_000000.jpg,0.333984375
1,19,exp_a1/200_sq\fg_ffff00_bg_000000.jpg,0.32568359375
2,18,exp_a1/200_sq\fg_ff0000_bg_ffffff.jpg,0.30908203125
3,11,exp_a1/200_sq\fg_888888_bg_000000.jpg,0.30712890625
4,10,exp_a1/200_sq\fg_00ffff_bg_ffffff.jpg,0.3037109375
5,8,exp_a1/200_sq\fg_00ffff_bg_000000.jpg,0.291259765625
6,21,exp_a1/200_sq\fg_ffff00_bg_ffffff.jpg,0.277099609375
7,2,exp_a1/200_sq\fg_0000ff_bg_000000.jpg,0.26953125
8,13,exp_a1/200_sq\fg_921e3e_bg_000000.jpg,0.26904296875
9,7,exp_a1/200_sq\fg_00ff00_bg_ffffff.jpg,0.255615234375
10,22,exp_a1/200_sq\fg_ffffff_bg_000000.jpg,0.238037109375
11,20,exp_a1/200_sq\fg_ffff00_bg_888888.jpg,0.2373046875
12,0,exp_a1/200_sq\fg_000000_bg_888888.jpg,0.234619140625
13,16,exp_a1/200_sq\fg_ff0000_bg_000000.jpg,0.227783203125
14,3,exp_a1/200_sq\fg_0000ff_bg_888888.jpg,0.22314453125
15,14,exp_a1/200_sq\fg_921e3e_bg_888888.jpg,0.221923828125
16,6,exp_a1/200_sq\fg_00ff00_bg_888888.jpg,0.2015380859375
17,1,exp_a1/200_sq\fg_000000_bg_ffffff.jpg,0.1934814453125
18,17,exp_a1/200_sq\fg_ff0000_bg_888888.jpg,0.192626953125
19,23,exp_a1/200_sq\fg_ffffff_bg_888888.jpg,0.1888427734375
20,4,exp_a1/200_sq\fg_0000ff_bg_ffffff.jpg,0.1705322265625
21,9,exp_a1/200_sq\fg_00ffff_bg_888888.jpg,0.158203125
22,15,exp_a1/200_sq\fg_921e3e_bg_ffffff.jpg,0.14501953125
23,12,exp_a1/200_sq\fg_888888_bg_ffffff.jpg,0.061370849609375
0,0,exp_a1/4_sq\fg_000000_bg_888888.jpg,0.41357421875
1,3,exp_a1/4_sq\fg_0000ff_bg_888888.jpg,0.40283203125
2,9,exp_a1/4_sq\fg_00ffff_bg_888888.jpg,0.399658203125
3,14,exp_a1/4_sq\fg_921e3e_bg_888888.jpg,0.39697265625
4,23,exp_a1/4_sq\fg_ffffff_bg_888888.jpg,0.39404296875
5,17,exp_a1/4_sq\fg_ff0000_bg_888888.jpg,0.392333984375
6,20,exp_a1/4_sq\fg_ffff00_bg_888888.jpg,0.392333984375
7,6,exp_a1/4_sq\fg_00ff00_bg_888888.jpg,0.387939453125
8,4,exp_a1/4_sq\fg_0000ff_bg_ffffff.jpg,0.314453125
9,10,exp_a1/4_sq\fg_00ffff_bg_ffffff.jpg,0.314453125
10,1,exp_a1/4_sq\fg_000000_bg_ffffff.jpg,0.314453125
11,15,exp_a1/4_sq\fg_921e3e_bg_ffffff.jpg,0.314208984375
12,18,exp_a1/4_sq\fg_ff0000_bg_ffffff.jpg,0.314208984375
13,12,exp_a1/4_sq\fg_888888_bg_ffffff.jpg,0.31396484375
14,7,exp_a1/4_sq\fg_00ff00_bg_ffffff.jpg,0.31396484375
15,21,exp_a1/4_sq\fg_ffff00_bg_ffffff.jpg,0.31396484375
16,22,exp_a1/4_sq\fg_ffffff_bg_000000.jpg,0.2021484375
17,5,exp_a1/4_sq\fg_00ff00_bg_000000.jpg,0.2020263671875
18,13,exp_a1/4_sq\fg_921e3e_bg_000000.jpg,0.2017822265625
19,11,exp_a1/4_sq\fg_888888_bg_000000.jpg,0.2017822265625
20,2,exp_a1/4_sq\fg_0000ff_bg_000000.jpg,0.2017822265625
21,16,exp_a1/4_sq\fg_ff0000_bg_000000.jpg,0.20166015625
22,19,exp_a1/4_sq\fg_ffff00_bg_000000.jpg,0.20166015625
23,8,exp_a1/4_sq\fg_00ffff_bg_000000.jpg,0.20166015625
0,14,exp_a1/56_sq\fg_921e3e_bg_888888.jpg,0.395751953125
1,6,exp_a1/56_sq\fg_00ff00_bg_888888.jpg,0.386474609375
2,9,exp_a1/56_sq\fg_00ffff_bg_888888.jpg,0.38427734375
3,0,exp_a1/56_sq\fg_000000_bg_888888.jpg,0.3828125
4,3,exp_a1/56_sq\fg_0000ff_bg_888888.jpg,0.37890625
5,20,exp_a1/56_sq\fg_ffff00_bg_888888.jpg,0.365478515625
6,21,exp_a1/56_sq\fg_ffff00_bg_ffffff.jpg,0.35009765625
7,1,exp_a1/56_sq\fg_000000_bg_ffffff.jpg,0.34912109375
8,4,exp_a1/56_sq\fg_0000ff_bg_ffffff.jpg,0.337646484375
9,10,exp_a1/56_sq\fg_00ffff_bg_ffffff.jpg,0.33447265625
10,12,exp_a1/56_sq\fg_888888_bg_ffffff.jpg,0.325927734375
11,7,exp_a1/56_sq\fg_00ff00_bg_ffffff.jpg,0.32275390625
12,17,exp_a1/56_sq\fg_ff0000_bg_888888.jpg,0.320556640625
13,15,exp_a1/56_sq\fg_921e3e_bg_ffffff.jpg,0.318115234375
14,18,exp_a1/56_sq\fg_ff0000_bg_ffffff.jpg,0.3076171875
15,23,exp_a1/56_sq\fg_ffffff_bg_888888.jpg,0.287109375
16,11,exp_a1/56_sq\fg_888888_bg_000000.jpg,0.272216796875
17,13,exp_a1/56_sq\fg_921e3e_bg_000000.jpg,0.26416015625
18,22,exp_a1/56_sq\fg_ffffff_bg_000000.jpg,0.22607421875
19,19,exp_a1/56_sq\fg_ffff00_bg_000000.jpg,0.222900390625
20,16,exp_a1/56_sq\fg_ff0000_bg_000000.jpg,0.2225341796875
21,8,exp_a1/56_sq\fg_00ffff_bg_000000.jpg,0.2191162109375
22,5,exp_a1/56_sq\fg_00ff00_bg_000000.jpg,0.2154541015625
23,2,exp_a1/56_sq\fg_0000ff_bg_000000.jpg,0.21533203125
0,4,exp_a1/colors\bg_888888.jpg,0.411865234375
1,8,exp_a1/colors\bg_ffffff.png,0.313232421875
2,7,exp_a1/colors\bg_ffff00.jpg,0.30908203125
3,6,exp_a1/colors\bg_ff0000.jpg,0.28955078125
4,2,exp_a1/colors\bg_00ff00.jpg,0.255126953125
5,1,exp_a1/colors\bg_0000ff.jpg,0.25439453125
6,3,exp_a1/colors\bg_00ffff.jpg,0.24267578125
7,5,exp_a1/colors\bg_921e3e.jpg,0.2362060546875
8,0,exp_a1/colors\bg_000000.jpg,0.201904296875
