,Unnamed: 0,filepaths,similarity
0,14,exp_a1/112_sq\fg_921e3e_bg_888888.jpg,0.35009765625
1,6,exp_a1/112_sq\fg_00ff00_bg_888888.jpg,0.32958984375
2,3,exp_a1/112_sq\fg_0000ff_bg_888888.jpg,0.312744140625
3,9,exp_a1/112_sq\fg_00ffff_bg_888888.jpg,0.3046875
4,21,exp_a1/112_sq\fg_ffff00_bg_ffffff.jpg,0.290771484375
5,10,exp_a1/112_sq\fg_00ffff_bg_ffffff.jpg,0.281005859375
6,12,exp_a1/112_sq\fg_888888_bg_ffffff.jpg,0.274658203125
7,1,exp_a1/112_sq\fg_000000_bg_ffffff.jpg,0.273193359375
8,0,exp_a1/112_sq\fg_000000_bg_888888.jpg,0.26513671875
9,11,exp_a1/112_sq\fg_888888_bg_000000.jpg,0.25341796875
10,20,exp_a1/112_sq\fg_ffff00_bg_888888.jpg,0.251953125
11,5,exp_a1/112_sq\fg_00ff00_bg_000000.jpg,0.25048828125
12,18,exp_a1/112_sq\fg_ff0000_bg_ffffff.jpg,0.249755859375
13,13,exp_a1/112_sq\fg_921e3e_bg_000000.jpg,0.2496337890625
14,7,exp_a1/112_sq\fg_00ff00_bg_ffffff.jpg,0.24609375
15,4,exp_a1/112_sq\fg_0000ff_bg_ffffff.jpg,0.2347412109375
16,15,exp_a1/112_sq\fg_921e3e_bg_ffffff.jpg,0.2269287109375
17,8,exp_a1/112_sq\fg_00ffff_bg_000000.jpg,0.2237548828125
18,2,exp_a1/112_sq\fg_0000ff_bg_000000.jpg,0.2093505859375
19,19,exp_a1/112_sq\fg_ffff00_bg_000000.jpg,0.19140625
20,23,exp_a1/112_sq\fg_ffffff_bg_888888.jpg,0.1671142578125
21,17,exp_a1/112_sq\fg_ff0000_bg_888888.jpg,0.1668701171875
22,16,exp_a1/112_sq\fg_ff0000_bg_000000.jpg,0.1639404296875
23,22,exp_a1/112_sq\fg_ffffff_bg_000000.jpg,0.1617431640625
0,23,exp_a1/12_sq\fg_ffffff_bg_888888.jpg,0.356689453125
1,14,exp_a1/12_sq\fg_921e3e_bg_888888.jpg,0.35546875
2,3,exp_a1/12_sq\fg_0000ff_bg_888888.jpg,0.35302734375
3,0,exp_a1/12_sq\fg_000000_bg_888888.jpg,0.3525390625
4,6,exp_a1/12_sq\fg_00ff00_bg_888888.jpg,0.33984375
5,20,exp_a1/12_sq\fg_ffff00_bg_888888.jpg,0.328369140625
6,17,exp_a1/12_sq\fg_ff0000_bg_888888.jpg,0.32470703125
7,9,exp_a1/12_sq\fg_00ffff_bg_888888.jpg,0.32080078125
8,12,exp_a1/12_sq\fg_888888_bg_ffffff.jpg,0.2626953125
9,15,exp_a1/12_sq\fg_921e3e_bg_ffffff.jpg,0.26123046875
10,4,exp_a1/12_sq\fg_0000ff_bg_ffffff.jpg,0.260009765625
11,1,exp_a1/12_sq\fg_000000_bg_ffffff.jpg,0.257568359375
12,7,exp_a1/12_sq\fg_00ff00_bg_ffffff.jpg,0.257568359375
13,10,exp_a1/12_sq\fg_00ffff_bg_ffffff.jpg,0.2568359375
14,18,exp_a1/12_sq\fg_ff0000_bg_ffffff.jpg,0.256591796875
15,21,exp_a1/12_sq\fg_ffff00_bg_ffffff.jpg,0.256591796875
16,11,exp_a1/12_sq\fg_888888_bg_000000.jpg,0.16748046875
17,22,exp_a1/12_sq\fg_ffffff_bg_000000.jpg,0.16650390625
18,16,exp_a1/12_sq\fg_ff0000_bg_000000.jpg,0.1658935546875
19,8,exp_a1/12_sq\fg_00ffff_bg_000000.jpg,0.16552734375
20,5,exp_a1/12_sq\fg_00ff00_bg_000000.jpg,0.1651611328125
21,19,exp_a1/12_sq\fg_ffff00_bg_000000.jpg,0.1651611328125
22,13,exp_a1/12_sq\fg_921e3e_bg_000000.jpg,0.1646728515625
23,2,exp_a1/12_sq\fg_0000ff_bg_000000.jpg,0.1640625
0,21,exp_a1/148_sq\fg_ffff00_bg_ffffff.jpg,0.319580078125
1,10,exp_a1/148_sq\fg_00ffff_bg_ffffff.jpg,0.313232421875
2,1,exp_a1/148_sq\fg_000000_bg_ffffff.jpg,0.297607421875
3,7,exp_a1/148_sq\fg_00ff00_bg_ffffff.jpg,0.277587890625
4,5,exp_a1/148_sq\fg_00ff00_bg_000000.jpg,0.268798828125
5,12,exp_a1/148_sq\fg_888888_bg_ffffff.jpg,0.267333984375
6,6,exp_a1/148_sq\fg_00ff00_bg_888888.jpg,0.267333984375
7,4,exp_a1/148_sq\fg_0000ff_bg_ffffff.jpg,0.266357421875
8,11,exp_a1/148_sq\fg_888888_bg_000000.jpg,0.251953125
9,18,exp_a1/148_sq\fg_ff0000_bg_ffffff.jpg,0.247314453125
10,13,exp_a1/148_sq\fg_921e3e_bg_000000.jpg,0.24462890625
11,14,exp_a1/148_sq\fg_921e3e_bg_888888.jpg,0.244140625
12,3,exp_a1/148_sq\fg_0000ff_bg_888888.jpg,0.234375
13,2,exp_a1/148_sq\fg_0000ff_bg_000000.jpg,0.2333984375
14,0,exp_a1/148_sq\fg_000000_bg_888888.jpg,0.2171630859375
15,20,exp_a1/148_sq\fg_ffff00_bg_888888.jpg,0.208251953125
16,19,exp_a1/148_sq\fg_ffff00_bg_000000.jpg,0.194580078125
17,9,exp_a1/148_sq\fg_00ffff_bg_888888.jpg,0.193359375
18,8,exp_a1/148_sq\fg_00ffff_bg_000000.jpg,0.1925048828125
19,15,exp_a1/148_sq\fg_921e3e_bg_ffffff.jpg,0.1817626953125
20,23,exp_a1/148_sq\fg_ffffff_bg_888888.jpg,0.1300048828125
21,17,exp_a1/148_sq\fg_ff0000_bg_888888.jpg,0.1265869140625
22,22,exp_a1/148_sq\fg_ffffff_bg_000000.jpg,0.10699462890625
23,16,exp_a1/148_sq\fg_ff0000_bg_000000.jpg,0.082275390625
0,19,exp_a1/200_sq\fg_ffff00_bg_000000.jpg,0.296875
1,5,exp_a1/200_sq\fg_00ff00_bg_000000.jpg,0.274658203125
2,11,exp_a1/200_sq\fg_888888_bg_000000.jpg,0.2734375
3,10,exp_a1/200_sq\fg_00ffff_bg_ffffff.jpg,0.25146484375
4,13,exp_a1/200_sq\fg_921e3e_bg_000000.jpg,0.2496337890625
5,18,exp_a1/200_sq\fg_ff0000_bg_ffffff.jpg,0.2496337890625
6,21,exp_a1/200_sq\fg_ffff00_bg_ffffff.jpg,0.24853515625
7,8,exp_a1/200_sq\fg_00ffff_bg_000000.jpg,0.23583984375
8,0,exp_a1/200_sq\fg_000000_bg_888888.jpg,0.2353515625
9,2,exp_a1/200_sq\fg_0000ff_bg_000000.jpg,0.2294921875
10,14,exp_a1/200_sq\fg_921e3e_bg_888888.jpg,0.2275390625
11,3,exp_a1/200_sq\fg_0000ff_bg_888888.jpg,0.226318359375
12,7,exp_a1/200_sq\fg_00ff00_bg_ffffff.jpg,0.223388671875
13,20,exp_a1/200_sq\fg_ffff00_bg_888888.jpg,0.181640625
14,1,exp_a1/200_sq\fg_000000_bg_ffffff.jpg,0.1805419921875
15,22,exp_a1/200_sq\fg_ffffff_bg_000000.jpg,0.1727294921875
16,16,exp_a1/200_sq\fg_ff0000_bg_000000.jpg,0.163818359375
17,4,exp_a1/200_sq\fg_0000ff_bg_ffffff.jpg,0.1494140625
18,6,exp_a1/200_sq\fg_00ff00_bg_888888.jpg,0.1473388671875
19,17,exp_a1/200_sq\fg_ff0000_bg_888888.jpg,0.13232421875
20,23,exp_a1/200_sq\fg_ffffff_bg_888888.jpg,0.129638671875
21,15,exp_a1/200_sq\fg_921e3e_bg_ffffff.jpg,0.122314453125
22,9,exp_a1/200_sq\fg_00ffff_bg_888888.jpg,0.1031494140625
23,12,exp_a1/200_sq\fg_888888_bg_ffffff.jpg,0.04046630859375
0,9,exp_a1/4_sq\fg_00ffff_bg_888888.jpg,0.40625
1,6,exp_a1/4_sq\fg_00ff00_bg_888888.jpg,0.40625
2,17,exp_a1/4_sq\fg_ff0000_bg_888888.jpg,0.40380859375
3,0,exp_a1/4_sq\fg_000000_bg_888888.jpg,0.386962890625
4,3,exp_a1/4_sq\fg_0000ff_bg_888888.jpg,0.38671875
5,14,exp_a1/4_sq\fg_921e3e_bg_888888.jpg,0.38525390625
6,20,exp_a1/4_sq\fg_ffff00_bg_888888.jpg,0.380615234375
7,23,exp_a1/4_sq\fg_ffffff_bg_888888.jpg,0.37890625
8,10,exp_a1/4_sq\fg_00ffff_bg_ffffff.jpg,0.255859375
9,1,exp_a1/4_sq\fg_000000_bg_ffffff.jpg,0.255615234375
10,15,exp_a1/4_sq\fg_921e3e_bg_ffffff.jpg,0.255615234375
11,4,exp_a1/4_sq\fg_0000ff_bg_ffffff.jpg,0.255615234375
12,18,exp_a1/4_sq\fg_ff0000_bg_ffffff.jpg,0.255615234375
13,7,exp_a1/4_sq\fg_00ff00_bg_ffffff.jpg,0.25537109375
14,12,exp_a1/4_sq\fg_888888_bg_ffffff.jpg,0.25537109375
15,21,exp_a1/4_sq\fg_ffff00_bg_ffffff.jpg,0.255126953125
16,22,exp_a1/4_sq\fg_ffffff_bg_000000.jpg,0.164794921875
17,13,exp_a1/4_sq\fg_921e3e_bg_000000.jpg,0.1644287109375
18,5,exp_a1/4_sq\fg_00ff00_bg_000000.jpg,0.164306640625
19,16,exp_a1/4_sq\fg_ff0000_bg_000000.jpg,0.164306640625
20,2,exp_a1/4_sq\fg_0000ff_bg_000000.jpg,0.164306640625
21,8,exp_a1/4_sq\fg_00ffff_bg_000000.jpg,0.1641845703125
22,11,exp_a1/4_sq\fg_888888_bg_000000.jpg,0.1641845703125
23,19,exp_a1/4_sq\fg_ffff00_bg_000000.jpg,0.1641845703125
0,14,exp_a1/56_sq\fg_921e3e_bg_888888.jpg,0.388671875
1,0,exp_a1/56_sq\fg_000000_bg_888888.jpg,0.37841796875
2,9,exp_a1/56_sq\fg_00ffff_bg_888888.jpg,0.376708984375
3,6,exp_a1/56_sq\fg_00ff00_bg_888888.jpg,0.369384765625
4,3,exp_a1/56_sq\fg_0000ff_bg_888888.jpg,0.36865234375
5,20,exp_a1/56_sq\fg_ffff00_bg_888888.jpg,0.359130859375
6,17,exp_a1/56_sq\fg_ff0000_bg_888888.jpg,0.324951171875
7,23,exp_a1/56_sq\fg_ffffff_bg_888888.jpg,0.298095703125
8,21,exp_a1/56_sq\fg_ffff00_bg_ffffff.jpg,0.281982421875
9,1,exp_a1/56_sq\fg_000000_bg_ffffff.jpg,0.276611328125
10,12,exp_a1/56_sq\fg_888888_bg_ffffff.jpg,0.2724609375
11,4,exp_a1/56_sq\fg_0000ff_bg_ffffff.jpg,0.266357421875
12,10,exp_a1/56_sq\fg_00ffff_bg_ffffff.jpg,0.26220703125
13,7,exp_a1/56_sq\fg_00ff00_bg_ffffff.jpg,0.257568359375
14,15,exp_a1/56_sq\fg_921e3e_bg_ffffff.jpg,0.255859375
15,18,exp_a1/56_sq\fg_ff0000_bg_ffffff.jpg,0.24755859375
16,11,exp_a1/56_sq\fg_888888_bg_000000.jpg,0.23095703125
17,13,exp_a1/56_sq\fg_921e3e_bg_000000.jpg,0.22900390625
18,19,exp_a1/56_sq\fg_ffff00_bg_000000.jpg,0.1771240234375
19,2,exp_a1/56_sq\fg_0000ff_bg_000000.jpg,0.175048828125
20,8,exp_a1/56_sq\fg_00ffff_bg_000000.jpg,0.17431640625
21,5,exp_a1/56_sq\fg_00ff00_bg_000000.jpg,0.1712646484375
22,22,exp_a1/56_sq\fg_ffffff_bg_000000.jpg,0.1695556640625
23,16,exp_a1/56_sq\fg_ff0000_bg_000000.jpg,0.1630859375
0,4,exp_a1/colors\bg_888888.jpg,0.3876953125
1,8,exp_a1/colors\bg_ffffff.png,0.25537109375
2,7,exp_a1/colors\bg_ffff00.jpg,0.25
3,6,exp_a1/colors\bg_ff0000.jpg,0.2369384765625
4,1,exp_a1/colors\bg_0000ff.jpg,0.223876953125
5,5,exp_a1/colors\bg_921e3e.jpg,0.2049560546875
6,2,exp_a1/colors\bg_00ff00.jpg,0.1875
7,3,exp_a1/colors\bg_00ffff.jpg,0.181396484375
8,0,exp_a1/colors\bg_000000.jpg,0.1641845703125
