,Unnamed: 0,filepaths,similarity
0,6,exp_a1/112_sq\fg_00ff00_bg_888888.jpg,0.380126953125
1,9,exp_a1/112_sq\fg_00ffff_bg_888888.jpg,0.333740234375
2,14,exp_a1/112_sq\fg_921e3e_bg_888888.jpg,0.333251953125
3,10,exp_a1/112_sq\fg_00ffff_bg_ffffff.jpg,0.326416015625
4,1,exp_a1/112_sq\fg_000000_bg_ffffff.jpg,0.31982421875
5,21,exp_a1/112_sq\fg_ffff00_bg_ffffff.jpg,0.31591796875
6,7,exp_a1/112_sq\fg_00ff00_bg_ffffff.jpg,0.30712890625
7,12,exp_a1/112_sq\fg_888888_bg_ffffff.jpg,0.30322265625
8,4,exp_a1/112_sq\fg_0000ff_bg_ffffff.jpg,0.29345703125
9,3,exp_a1/112_sq\fg_0000ff_bg_888888.jpg,0.276123046875
10,15,exp_a1/112_sq\fg_921e3e_bg_ffffff.jpg,0.275634765625
11,18,exp_a1/112_sq\fg_ff0000_bg_ffffff.jpg,0.27294921875
12,11,exp_a1/112_sq\fg_888888_bg_000000.jpg,0.263427734375
13,5,exp_a1/112_sq\fg_00ff00_bg_000000.jpg,0.26123046875
14,13,exp_a1/112_sq\fg_921e3e_bg_000000.jpg,0.254638671875
15,8,exp_a1/112_sq\fg_00ffff_bg_000000.jpg,0.240966796875
16,2,exp_a1/112_sq\fg_0000ff_bg_000000.jpg,0.232177734375
17,19,exp_a1/112_sq\fg_ffff00_bg_000000.jpg,0.231689453125
18,16,exp_a1/112_sq\fg_ff0000_bg_000000.jpg,0.2264404296875
19,22,exp_a1/112_sq\fg_ffffff_bg_000000.jpg,0.22314453125
20,23,exp_a1/112_sq\fg_ffffff_bg_888888.jpg,0.21484375
21,17,exp_a1/112_sq\fg_ff0000_bg_888888.jpg,0.20751953125
22,20,exp_a1/112_sq\fg_ffff00_bg_888888.jpg,0.1925048828125
23,0,exp_a1/112_sq\fg_000000_bg_888888.jpg,0.1900634765625
0,14,exp_a1/12_sq\fg_921e3e_bg_888888.jpg,0.463134765625
1,6,exp_a1/12_sq\fg_00ff00_bg_888888.jpg,0.457763671875
2,3,exp_a1/12_sq\fg_0000ff_bg_888888.jpg,0.454345703125
3,0,exp_a1/12_sq\fg_000000_bg_888888.jpg,0.452880859375
4,23,exp_a1/12_sq\fg_ffffff_bg_888888.jpg,0.447509765625
5,9,exp_a1/12_sq\fg_00ffff_bg_888888.jpg,0.44580078125
6,17,exp_a1/12_sq\fg_ff0000_bg_888888.jpg,0.439697265625
7,20,exp_a1/12_sq\fg_ffff00_bg_888888.jpg,0.43359375
8,12,exp_a1/12_sq\fg_888888_bg_ffffff.jpg,0.283447265625
9,15,exp_a1/12_sq\fg_921e3e_bg_ffffff.jpg,0.282958984375
10,4,exp_a1/12_sq\fg_0000ff_bg_ffffff.jpg,0.28173828125
11,1,exp_a1/12_sq\fg_000000_bg_ffffff.jpg,0.280517578125
12,7,exp_a1/12_sq\fg_00ff00_bg_ffffff.jpg,0.27978515625
13,18,exp_a1/12_sq\fg_ff0000_bg_ffffff.jpg,0.27978515625
14,21,exp_a1/12_sq\fg_ffff00_bg_ffffff.jpg,0.279541015625
15,10,exp_a1/12_sq\fg_00ffff_bg_ffffff.jpg,0.279296875
16,22,exp_a1/12_sq\fg_ffffff_bg_000000.jpg,0.196533203125
17,16,exp_a1/12_sq\fg_ff0000_bg_000000.jpg,0.1959228515625
18,11,exp_a1/12_sq\fg_888888_bg_000000.jpg,0.1953125
19,8,exp_a1/12_sq\fg_00ffff_bg_000000.jpg,0.19482421875
20,19,exp_a1/12_sq\fg_ffff00_bg_000000.jpg,0.19482421875
21,5,exp_a1/12_sq\fg_00ff00_bg_000000.jpg,0.194091796875
22,13,exp_a1/12_sq\fg_921e3e_bg_000000.jpg,0.1937255859375
23,2,exp_a1/12_sq\fg_0000ff_bg_000000.jpg,0.193115234375
0,10,exp_a1/148_sq\fg_00ffff_bg_ffffff.jpg,0.341796875
1,1,exp_a1/148_sq\fg_000000_bg_ffffff.jpg,0.339111328125
2,21,exp_a1/148_sq\fg_ffff00_bg_ffffff.jpg,0.3388671875
3,6,exp_a1/148_sq\fg_00ff00_bg_888888.jpg,0.318603515625
4,7,exp_a1/148_sq\fg_00ff00_bg_ffffff.jpg,0.318359375
5,4,exp_a1/148_sq\fg_0000ff_bg_ffffff.jpg,0.313232421875
6,12,exp_a1/148_sq\fg_888888_bg_ffffff.jpg,0.297119140625
7,5,exp_a1/148_sq\fg_00ff00_bg_000000.jpg,0.273193359375
8,18,exp_a1/148_sq\fg_ff0000_bg_ffffff.jpg,0.267333984375
9,2,exp_a1/148_sq\fg_0000ff_bg_000000.jpg,0.260009765625
10,11,exp_a1/148_sq\fg_888888_bg_000000.jpg,0.25927734375
11,13,exp_a1/148_sq\fg_921e3e_bg_000000.jpg,0.252685546875
12,8,exp_a1/148_sq\fg_00ffff_bg_000000.jpg,0.2198486328125
13,19,exp_a1/148_sq\fg_ffff00_bg_000000.jpg,0.21875
14,15,exp_a1/148_sq\fg_921e3e_bg_ffffff.jpg,0.2176513671875
15,9,exp_a1/148_sq\fg_00ffff_bg_888888.jpg,0.1966552734375
16,20,exp_a1/148_sq\fg_ffff00_bg_888888.jpg,0.1715087890625
17,17,exp_a1/148_sq\fg_ff0000_bg_888888.jpg,0.16845703125
18,14,exp_a1/148_sq\fg_921e3e_bg_888888.jpg,0.164794921875
19,23,exp_a1/148_sq\fg_ffffff_bg_888888.jpg,0.1622314453125
20,22,exp_a1/148_sq\fg_ffffff_bg_000000.jpg,0.1602783203125
21,3,exp_a1/148_sq\fg_0000ff_bg_888888.jpg,0.1531982421875
22,16,exp_a1/148_sq\fg_ff0000_bg_000000.jpg,0.134521484375
23,0,exp_a1/148_sq\fg_000000_bg_888888.jpg,0.1318359375
0,11,exp_a1/200_sq\fg_888888_bg_000000.jpg,0.3056640625
1,5,exp_a1/200_sq\fg_00ff00_bg_000000.jpg,0.302734375
2,19,exp_a1/200_sq\fg_ffff00_bg_000000.jpg,0.30224609375
3,10,exp_a1/200_sq\fg_00ffff_bg_ffffff.jpg,0.298095703125
4,21,exp_a1/200_sq\fg_ffff00_bg_ffffff.jpg,0.28759765625
5,18,exp_a1/200_sq\fg_ff0000_bg_ffffff.jpg,0.278564453125
6,8,exp_a1/200_sq\fg_00ffff_bg_000000.jpg,0.260986328125
7,22,exp_a1/200_sq\fg_ffffff_bg_000000.jpg,0.244873046875
8,13,exp_a1/200_sq\fg_921e3e_bg_000000.jpg,0.2420654296875
9,2,exp_a1/200_sq\fg_0000ff_bg_000000.jpg,0.2413330078125
10,16,exp_a1/200_sq\fg_ff0000_bg_000000.jpg,0.23583984375
11,7,exp_a1/200_sq\fg_00ff00_bg_ffffff.jpg,0.235595703125
12,0,exp_a1/200_sq\fg_000000_bg_888888.jpg,0.233154296875
13,20,exp_a1/200_sq\fg_ffff00_bg_888888.jpg,0.1951904296875
14,17,exp_a1/200_sq\fg_ff0000_bg_888888.jpg,0.1920166015625
15,6,exp_a1/200_sq\fg_00ff00_bg_888888.jpg,0.191162109375
16,1,exp_a1/200_sq\fg_000000_bg_ffffff.jpg,0.1900634765625
17,23,exp_a1/200_sq\fg_ffffff_bg_888888.jpg,0.189697265625
18,3,exp_a1/200_sq\fg_0000ff_bg_888888.jpg,0.1796875
19,14,exp_a1/200_sq\fg_921e3e_bg_888888.jpg,0.1790771484375
20,4,exp_a1/200_sq\fg_0000ff_bg_ffffff.jpg,0.1785888671875
21,15,exp_a1/200_sq\fg_921e3e_bg_ffffff.jpg,0.1458740234375
22,9,exp_a1/200_sq\fg_00ffff_bg_888888.jpg,0.1390380859375
23,12,exp_a1/200_sq\fg_888888_bg_ffffff.jpg,0.05438232421875
0,3,exp_a1/4_sq\fg_0000ff_bg_888888.jpg,0.43359375
1,0,exp_a1/4_sq\fg_000000_bg_888888.jpg,0.4296875
2,20,exp_a1/4_sq\fg_ffff00_bg_888888.jpg,0.42919921875
3,9,exp_a1/4_sq\fg_00ffff_bg_888888.jpg,0.428955078125
4,14,exp_a1/4_sq\fg_921e3e_bg_888888.jpg,0.426025390625
5,6,exp_a1/4_sq\fg_00ff00_bg_888888.jpg,0.423095703125
6,17,exp_a1/4_sq\fg_ff0000_bg_888888.jpg,0.42041015625
7,23,exp_a1/4_sq\fg_ffffff_bg_888888.jpg,0.417724609375
8,10,exp_a1/4_sq\fg_00ffff_bg_ffffff.jpg,0.27978515625
9,4,exp_a1/4_sq\fg_0000ff_bg_ffffff.jpg,0.279541015625
10,18,exp_a1/4_sq\fg_ff0000_bg_ffffff.jpg,0.279541015625
11,7,exp_a1/4_sq\fg_00ff00_bg_ffffff.jpg,0.279296875
12,1,exp_a1/4_sq\fg_000000_bg_ffffff.jpg,0.279296875
13,15,exp_a1/4_sq\fg_921e3e_bg_ffffff.jpg,0.279296875
14,21,exp_a1/4_sq\fg_ffff00_bg_ffffff.jpg,0.279296875
15,12,exp_a1/4_sq\fg_888888_bg_ffffff.jpg,0.279052734375
16,22,exp_a1/4_sq\fg_ffffff_bg_000000.jpg,0.1942138671875
17,5,exp_a1/4_sq\fg_00ff00_bg_000000.jpg,0.19384765625
18,13,exp_a1/4_sq\fg_921e3e_bg_000000.jpg,0.1937255859375
19,16,exp_a1/4_sq\fg_ff0000_bg_000000.jpg,0.1937255859375
20,2,exp_a1/4_sq\fg_0000ff_bg_000000.jpg,0.1937255859375
21,11,exp_a1/4_sq\fg_888888_bg_000000.jpg,0.193603515625
22,19,exp_a1/4_sq\fg_ffff00_bg_000000.jpg,0.193603515625
23,8,exp_a1/4_sq\fg_00ffff_bg_000000.jpg,0.1934814453125
0,6,exp_a1/56_sq\fg_00ff00_bg_888888.jpg,0.430419921875
1,14,exp_a1/56_sq\fg_921e3e_bg_888888.jpg,0.41845703125
2,3,exp_a1/56_sq\fg_0000ff_bg_888888.jpg,0.40966796875
3,9,exp_a1/56_sq\fg_00ffff_bg_888888.jpg,0.400634765625
4,0,exp_a1/56_sq\fg_000000_bg_888888.jpg,0.39306640625
5,20,exp_a1/56_sq\fg_ffff00_bg_888888.jpg,0.365966796875
6,1,exp_a1/56_sq\fg_000000_bg_ffffff.jpg,0.31591796875
7,21,exp_a1/56_sq\fg_ffff00_bg_ffffff.jpg,0.3154296875
8,4,exp_a1/56_sq\fg_0000ff_bg_ffffff.jpg,0.308349609375
9,12,exp_a1/56_sq\fg_888888_bg_ffffff.jpg,0.30224609375
10,17,exp_a1/56_sq\fg_ff0000_bg_888888.jpg,0.3017578125
11,15,exp_a1/56_sq\fg_921e3e_bg_ffffff.jpg,0.2958984375
12,10,exp_a1/56_sq\fg_00ffff_bg_ffffff.jpg,0.294677734375
13,7,exp_a1/56_sq\fg_00ff00_bg_ffffff.jpg,0.29296875
14,18,exp_a1/56_sq\fg_ff0000_bg_ffffff.jpg,0.2734375
15,13,exp_a1/56_sq\fg_921e3e_bg_000000.jpg,0.2509765625
16,23,exp_a1/56_sq\fg_ffffff_bg_888888.jpg,0.248046875
17,11,exp_a1/56_sq\fg_888888_bg_000000.jpg,0.2371826171875
18,19,exp_a1/56_sq\fg_ffff00_bg_000000.jpg,0.2210693359375
19,16,exp_a1/56_sq\fg_ff0000_bg_000000.jpg,0.2115478515625
20,22,exp_a1/56_sq\fg_ffffff_bg_000000.jpg,0.2105712890625
21,8,exp_a1/56_sq\fg_00ffff_bg_000000.jpg,0.207275390625
22,2,exp_a1/56_sq\fg_0000ff_bg_000000.jpg,0.20263671875
23,5,exp_a1/56_sq\fg_00ff00_bg_000000.jpg,0.200927734375
0,4,exp_a1/colors\bg_888888.jpg,0.404296875
1,8,exp_a1/colors\bg_ffffff.png,0.279541015625
2,7,exp_a1/colors\bg_ffff00.jpg,0.274658203125
3,6,exp_a1/colors\bg_ff0000.jpg,0.262939453125
4,5,exp_a1/colors\bg_921e3e.jpg,0.255615234375
5,1,exp_a1/colors\bg_0000ff.jpg,0.240966796875
6,2,exp_a1/colors\bg_00ff00.jpg,0.2322998046875
7,3,exp_a1/colors\bg_00ffff.jpg,0.2266845703125
8,0,exp_a1/colors\bg_000000.jpg,0.1939697265625
