,Unnamed: 0,filepaths,similarity
0,1,exp_a1/112_sq\fg_000000_bg_ffffff.jpg,0.26318359375
1,22,exp_a1/112_sq\fg_ffffff_bg_000000.jpg,0.260986328125
2,4,exp_a1/112_sq\fg_0000ff_bg_ffffff.jpg,0.253173828125
3,10,exp_a1/112_sq\fg_00ffff_bg_ffffff.jpg,0.2490234375
4,3,exp_a1/112_sq\fg_0000ff_bg_888888.jpg,0.2471923828125
5,18,exp_a1/112_sq\fg_ff0000_bg_ffffff.jpg,0.2471923828125
6,23,exp_a1/112_sq\fg_ffffff_bg_888888.jpg,0.246826171875
7,15,exp_a1/112_sq\fg_921e3e_bg_ffffff.jpg,0.2451171875
8,20,exp_a1/112_sq\fg_ffff00_bg_888888.jpg,0.2451171875
9,21,exp_a1/112_sq\fg_ffff00_bg_ffffff.jpg,0.243896484375
10,13,exp_a1/112_sq\fg_921e3e_bg_000000.jpg,0.2435302734375
11,7,exp_a1/112_sq\fg_00ff00_bg_ffffff.jpg,0.2431640625
12,9,exp_a1/112_sq\fg_00ffff_bg_888888.jpg,0.23779296875
13,14,exp_a1/112_sq\fg_921e3e_bg_888888.jpg,0.2366943359375
14,2,exp_a1/112_sq\fg_0000ff_bg_000000.jpg,0.236328125
15,0,exp_a1/112_sq\fg_000000_bg_888888.jpg,0.2344970703125
16,8,exp_a1/112_sq\fg_00ffff_bg_000000.jpg,0.23388671875
17,16,exp_a1/112_sq\fg_ff0000_bg_000000.jpg,0.232177734375
18,11,exp_a1/112_sq\fg_888888_bg_000000.jpg,0.2314453125
19,19,exp_a1/112_sq\fg_ffff00_bg_000000.jpg,0.2314453125
20,17,exp_a1/112_sq\fg_ff0000_bg_888888.jpg,0.2303466796875
21,6,exp_a1/112_sq\fg_00ff00_bg_888888.jpg,0.228759765625
22,12,exp_a1/112_sq\fg_888888_bg_ffffff.jpg,0.2203369140625
23,5,exp_a1/112_sq\fg_00ff00_bg_000000.jpg,0.2166748046875
0,22,exp_a1/12_sq\fg_ffffff_bg_000000.jpg,0.269775390625
1,11,exp_a1/12_sq\fg_888888_bg_000000.jpg,0.267333984375
2,1,exp_a1/12_sq\fg_000000_bg_ffffff.jpg,0.26171875
3,13,exp_a1/12_sq\fg_921e3e_bg_000000.jpg,0.261474609375
4,12,exp_a1/12_sq\fg_888888_bg_ffffff.jpg,0.255615234375
5,10,exp_a1/12_sq\fg_00ffff_bg_ffffff.jpg,0.25390625
6,8,exp_a1/12_sq\fg_00ffff_bg_000000.jpg,0.251708984375
7,18,exp_a1/12_sq\fg_ff0000_bg_ffffff.jpg,0.2493896484375
8,2,exp_a1/12_sq\fg_0000ff_bg_000000.jpg,0.2476806640625
9,15,exp_a1/12_sq\fg_921e3e_bg_ffffff.jpg,0.24755859375
10,4,exp_a1/12_sq\fg_0000ff_bg_ffffff.jpg,0.2457275390625
11,23,exp_a1/12_sq\fg_ffffff_bg_888888.jpg,0.2452392578125
12,5,exp_a1/12_sq\fg_00ff00_bg_000000.jpg,0.242431640625
13,7,exp_a1/12_sq\fg_00ff00_bg_ffffff.jpg,0.2423095703125
14,19,exp_a1/12_sq\fg_ffff00_bg_000000.jpg,0.2421875
15,16,exp_a1/12_sq\fg_ff0000_bg_000000.jpg,0.2413330078125
16,21,exp_a1/12_sq\fg_ffff00_bg_ffffff.jpg,0.2366943359375
17,0,exp_a1/12_sq\fg_000000_bg_888888.jpg,0.234375
18,9,exp_a1/12_sq\fg_00ffff_bg_888888.jpg,0.2340087890625
19,3,exp_a1/12_sq\fg_0000ff_bg_888888.jpg,0.2314453125
20,14,exp_a1/12_sq\fg_921e3e_bg_888888.jpg,0.2288818359375
21,17,exp_a1/12_sq\fg_ff0000_bg_888888.jpg,0.225830078125
22,20,exp_a1/12_sq\fg_ffff00_bg_888888.jpg,0.218017578125
23,6,exp_a1/12_sq\fg_00ff00_bg_888888.jpg,0.2142333984375
0,22,exp_a1/148_sq\fg_ffffff_bg_000000.jpg,0.261962890625
1,1,exp_a1/148_sq\fg_000000_bg_ffffff.jpg,0.2607421875
2,4,exp_a1/148_sq\fg_0000ff_bg_ffffff.jpg,0.2474365234375
3,23,exp_a1/148_sq\fg_ffffff_bg_888888.jpg,0.2469482421875
4,18,exp_a1/148_sq\fg_ff0000_bg_ffffff.jpg,0.24560546875
5,10,exp_a1/148_sq\fg_00ffff_bg_ffffff.jpg,0.2437744140625
6,0,exp_a1/148_sq\fg_000000_bg_888888.jpg,0.2425537109375
7,15,exp_a1/148_sq\fg_921e3e_bg_ffffff.jpg,0.2408447265625
8,13,exp_a1/148_sq\fg_921e3e_bg_000000.jpg,0.2403564453125
9,7,exp_a1/148_sq\fg_00ff00_bg_ffffff.jpg,0.23974609375
10,11,exp_a1/148_sq\fg_888888_bg_000000.jpg,0.238037109375
11,21,exp_a1/148_sq\fg_ffff00_bg_ffffff.jpg,0.2374267578125
12,16,exp_a1/148_sq\fg_ff0000_bg_000000.jpg,0.2371826171875
13,8,exp_a1/148_sq\fg_00ffff_bg_000000.jpg,0.232666015625
14,2,exp_a1/148_sq\fg_0000ff_bg_000000.jpg,0.2320556640625
15,19,exp_a1/148_sq\fg_ffff00_bg_000000.jpg,0.2298583984375
16,3,exp_a1/148_sq\fg_0000ff_bg_888888.jpg,0.2266845703125
17,9,exp_a1/148_sq\fg_00ffff_bg_888888.jpg,0.2257080078125
18,12,exp_a1/148_sq\fg_888888_bg_ffffff.jpg,0.222900390625
19,20,exp_a1/148_sq\fg_ffff00_bg_888888.jpg,0.221435546875
20,5,exp_a1/148_sq\fg_00ff00_bg_000000.jpg,0.21826171875
21,17,exp_a1/148_sq\fg_ff0000_bg_888888.jpg,0.216064453125
22,14,exp_a1/148_sq\fg_921e3e_bg_888888.jpg,0.2147216796875
23,6,exp_a1/148_sq\fg_00ff00_bg_888888.jpg,0.1798095703125
0,22,exp_a1/200_sq\fg_ffffff_bg_000000.jpg,0.263427734375
1,1,exp_a1/200_sq\fg_000000_bg_ffffff.jpg,0.26220703125
2,0,exp_a1/200_sq\fg_000000_bg_888888.jpg,0.260986328125
3,10,exp_a1/200_sq\fg_00ffff_bg_ffffff.jpg,0.255859375
4,23,exp_a1/200_sq\fg_ffffff_bg_888888.jpg,0.255859375
5,8,exp_a1/200_sq\fg_00ffff_bg_000000.jpg,0.250244140625
6,3,exp_a1/200_sq\fg_0000ff_bg_888888.jpg,0.2486572265625
7,4,exp_a1/200_sq\fg_0000ff_bg_ffffff.jpg,0.24853515625
8,9,exp_a1/200_sq\fg_00ffff_bg_888888.jpg,0.245361328125
9,13,exp_a1/200_sq\fg_921e3e_bg_000000.jpg,0.241943359375
10,21,exp_a1/200_sq\fg_ffff00_bg_ffffff.jpg,0.2413330078125
11,18,exp_a1/200_sq\fg_ff0000_bg_ffffff.jpg,0.2410888671875
12,17,exp_a1/200_sq\fg_ff0000_bg_888888.jpg,0.2384033203125
13,7,exp_a1/200_sq\fg_00ff00_bg_ffffff.jpg,0.23828125
14,2,exp_a1/200_sq\fg_0000ff_bg_000000.jpg,0.23779296875
15,16,exp_a1/200_sq\fg_ff0000_bg_000000.jpg,0.23681640625
16,5,exp_a1/200_sq\fg_00ff00_bg_000000.jpg,0.236083984375
17,15,exp_a1/200_sq\fg_921e3e_bg_ffffff.jpg,0.2349853515625
18,6,exp_a1/200_sq\fg_00ff00_bg_888888.jpg,0.234130859375
19,14,exp_a1/200_sq\fg_921e3e_bg_888888.jpg,0.233154296875
20,19,exp_a1/200_sq\fg_ffff00_bg_000000.jpg,0.233154296875
21,20,exp_a1/200_sq\fg_ffff00_bg_888888.jpg,0.232177734375
22,12,exp_a1/200_sq\fg_888888_bg_ffffff.jpg,0.20263671875
23,11,exp_a1/200_sq\fg_888888_bg_000000.jpg,0.191162109375
0,11,exp_a1/4_sq\fg_888888_bg_000000.jpg,0.26611328125
1,13,exp_a1/4_sq\fg_921e3e_bg_000000.jpg,0.265380859375
2,22,exp_a1/4_sq\fg_ffffff_bg_000000.jpg,0.263916015625
3,2,exp_a1/4_sq\fg_0000ff_bg_000000.jpg,0.263427734375
4,16,exp_a1/4_sq\fg_ff0000_bg_000000.jpg,0.258544921875
5,8,exp_a1/4_sq\fg_00ffff_bg_000000.jpg,0.25830078125
6,19,exp_a1/4_sq\fg_ffff00_bg_000000.jpg,0.258056640625
7,1,exp_a1/4_sq\fg_000000_bg_ffffff.jpg,0.25634765625
8,5,exp_a1/4_sq\fg_00ff00_bg_000000.jpg,0.2548828125
9,12,exp_a1/4_sq\fg_888888_bg_ffffff.jpg,0.249755859375
10,10,exp_a1/4_sq\fg_00ffff_bg_ffffff.jpg,0.248291015625
11,18,exp_a1/4_sq\fg_ff0000_bg_ffffff.jpg,0.2479248046875
12,0,exp_a1/4_sq\fg_000000_bg_888888.jpg,0.244384765625
13,15,exp_a1/4_sq\fg_921e3e_bg_ffffff.jpg,0.2440185546875
14,4,exp_a1/4_sq\fg_0000ff_bg_ffffff.jpg,0.2440185546875
15,7,exp_a1/4_sq\fg_00ff00_bg_ffffff.jpg,0.2415771484375
16,23,exp_a1/4_sq\fg_ffffff_bg_888888.jpg,0.2388916015625
17,21,exp_a1/4_sq\fg_ffff00_bg_ffffff.jpg,0.2381591796875
18,9,exp_a1/4_sq\fg_00ffff_bg_888888.jpg,0.2303466796875
19,3,exp_a1/4_sq\fg_0000ff_bg_888888.jpg,0.22900390625
20,14,exp_a1/4_sq\fg_921e3e_bg_888888.jpg,0.222412109375
21,6,exp_a1/4_sq\fg_00ff00_bg_888888.jpg,0.2188720703125
22,20,exp_a1/4_sq\fg_ffff00_bg_888888.jpg,0.2103271484375
23,17,exp_a1/4_sq\fg_ff0000_bg_888888.jpg,0.20263671875
0,22,exp_a1/56_sq\fg_ffffff_bg_000000.jpg,0.26953125
1,1,exp_a1/56_sq\fg_000000_bg_ffffff.jpg,0.261962890625
2,11,exp_a1/56_sq\fg_888888_bg_000000.jpg,0.25830078125
3,4,exp_a1/56_sq\fg_0000ff_bg_ffffff.jpg,0.253662109375
4,10,exp_a1/56_sq\fg_00ffff_bg_ffffff.jpg,0.25146484375
5,7,exp_a1/56_sq\fg_00ff00_bg_ffffff.jpg,0.248291015625
6,12,exp_a1/56_sq\fg_888888_bg_ffffff.jpg,0.2479248046875
7,18,exp_a1/56_sq\fg_ff0000_bg_ffffff.jpg,0.24609375
8,13,exp_a1/56_sq\fg_921e3e_bg_000000.jpg,0.245849609375
9,8,exp_a1/56_sq\fg_00ffff_bg_000000.jpg,0.2449951171875
10,15,exp_a1/56_sq\fg_921e3e_bg_ffffff.jpg,0.2435302734375
11,2,exp_a1/56_sq\fg_0000ff_bg_000000.jpg,0.2430419921875
12,21,exp_a1/56_sq\fg_ffff00_bg_ffffff.jpg,0.242431640625
13,23,exp_a1/56_sq\fg_ffffff_bg_888888.jpg,0.2418212890625
14,3,exp_a1/56_sq\fg_0000ff_bg_888888.jpg,0.2413330078125
15,20,exp_a1/56_sq\fg_ffff00_bg_888888.jpg,0.240966796875
16,16,exp_a1/56_sq\fg_ff0000_bg_000000.jpg,0.238037109375
17,19,exp_a1/56_sq\fg_ffff00_bg_000000.jpg,0.2349853515625
18,5,exp_a1/56_sq\fg_00ff00_bg_000000.jpg,0.2344970703125
19,0,exp_a1/56_sq\fg_000000_bg_888888.jpg,0.234375
20,14,exp_a1/56_sq\fg_921e3e_bg_888888.jpg,0.2335205078125
21,17,exp_a1/56_sq\fg_ff0000_bg_888888.jpg,0.2247314453125
22,9,exp_a1/56_sq\fg_00ffff_bg_888888.jpg,0.224365234375
23,6,exp_a1/56_sq\fg_00ff00_bg_888888.jpg,0.2200927734375
0,0,exp_a1/colors\bg_000000.jpg,0.2666015625
1,8,exp_a1/colors\bg_ffffff.png,0.25634765625
2,1,exp_a1/colors\bg_0000ff.jpg,0.2440185546875
3,5,exp_a1/colors\bg_921e3e.jpg,0.24267578125
4,3,exp_a1/colors\bg_00ffff.jpg,0.2421875
5,6,exp_a1/colors\bg_ff0000.jpg,0.234619140625
6,7,exp_a1/colors\bg_ffff00.jpg,0.2279052734375
7,2,exp_a1/colors\bg_00ff00.jpg,0.21923828125
8,4,exp_a1/colors\bg_888888.jpg,0.21044921875
