,Unnamed: 0,filepaths,similarity
0,3,exp_a1/112_sq\fg_0000ff_bg_888888.jpg,0.269287109375
1,20,exp_a1/112_sq\fg_ffff00_bg_888888.jpg,0.267578125
2,21,exp_a1/112_sq\fg_ffff00_bg_ffffff.jpg,0.267333984375
3,1,exp_a1/112_sq\fg_000000_bg_ffffff.jpg,0.26708984375
4,4,exp_a1/112_sq\fg_0000ff_bg_ffffff.jpg,0.2666015625
5,18,exp_a1/112_sq\fg_ff0000_bg_ffffff.jpg,0.26171875
6,10,exp_a1/112_sq\fg_00ffff_bg_ffffff.jpg,0.261474609375
7,15,exp_a1/112_sq\fg_921e3e_bg_ffffff.jpg,0.259033203125
8,7,exp_a1/112_sq\fg_00ff00_bg_ffffff.jpg,0.2578125
9,23,exp_a1/112_sq\fg_ffffff_bg_888888.jpg,0.253173828125
10,14,exp_a1/112_sq\fg_921e3e_bg_888888.jpg,0.2529296875
11,13,exp_a1/112_sq\fg_921e3e_bg_000000.jpg,0.251953125
12,22,exp_a1/112_sq\fg_ffffff_bg_000000.jpg,0.251953125
13,9,exp_a1/112_sq\fg_00ffff_bg_888888.jpg,0.2509765625
14,17,exp_a1/112_sq\fg_ff0000_bg_888888.jpg,0.2486572265625
15,2,exp_a1/112_sq\fg_0000ff_bg_000000.jpg,0.2484130859375
16,19,exp_a1/112_sq\fg_ffff00_bg_000000.jpg,0.24560546875
17,16,exp_a1/112_sq\fg_ff0000_bg_000000.jpg,0.2432861328125
18,8,exp_a1/112_sq\fg_00ffff_bg_000000.jpg,0.2413330078125
19,6,exp_a1/112_sq\fg_00ff00_bg_888888.jpg,0.23779296875
20,0,exp_a1/112_sq\fg_000000_bg_888888.jpg,0.23681640625
21,5,exp_a1/112_sq\fg_00ff00_bg_000000.jpg,0.2357177734375
22,11,exp_a1/112_sq\fg_888888_bg_000000.jpg,0.2276611328125
23,12,exp_a1/112_sq\fg_888888_bg_ffffff.jpg,0.224609375
0,10,exp_a1/12_sq\fg_00ffff_bg_ffffff.jpg,0.263916015625
1,22,exp_a1/12_sq\fg_ffffff_bg_000000.jpg,0.261962890625
2,8,exp_a1/12_sq\fg_00ffff_bg_000000.jpg,0.260986328125
3,2,exp_a1/12_sq\fg_0000ff_bg_000000.jpg,0.259033203125
4,18,exp_a1/12_sq\fg_ff0000_bg_ffffff.jpg,0.259033203125
5,15,exp_a1/12_sq\fg_921e3e_bg_ffffff.jpg,0.259033203125
6,1,exp_a1/12_sq\fg_000000_bg_ffffff.jpg,0.258056640625
7,14,exp_a1/12_sq\fg_921e3e_bg_888888.jpg,0.258056640625
8,9,exp_a1/12_sq\fg_00ffff_bg_888888.jpg,0.257080078125
9,13,exp_a1/12_sq\fg_921e3e_bg_000000.jpg,0.257080078125
10,5,exp_a1/12_sq\fg_00ff00_bg_000000.jpg,0.2568359375
11,11,exp_a1/12_sq\fg_888888_bg_000000.jpg,0.256591796875
12,12,exp_a1/12_sq\fg_888888_bg_ffffff.jpg,0.254638671875
13,16,exp_a1/12_sq\fg_ff0000_bg_000000.jpg,0.252685546875
14,4,exp_a1/12_sq\fg_0000ff_bg_ffffff.jpg,0.25244140625
15,19,exp_a1/12_sq\fg_ffff00_bg_000000.jpg,0.25244140625
16,0,exp_a1/12_sq\fg_000000_bg_888888.jpg,0.252197265625
17,3,exp_a1/12_sq\fg_0000ff_bg_888888.jpg,0.251953125
18,21,exp_a1/12_sq\fg_ffff00_bg_ffffff.jpg,0.25146484375
19,17,exp_a1/12_sq\fg_ff0000_bg_888888.jpg,0.250732421875
20,7,exp_a1/12_sq\fg_00ff00_bg_ffffff.jpg,0.250732421875
21,23,exp_a1/12_sq\fg_ffffff_bg_888888.jpg,0.2469482421875
22,20,exp_a1/12_sq\fg_ffff00_bg_888888.jpg,0.2462158203125
23,6,exp_a1/12_sq\fg_00ff00_bg_888888.jpg,0.238037109375
0,4,exp_a1/148_sq\fg_0000ff_bg_ffffff.jpg,0.26171875
1,18,exp_a1/148_sq\fg_ff0000_bg_ffffff.jpg,0.2607421875
2,1,exp_a1/148_sq\fg_000000_bg_ffffff.jpg,0.26025390625
3,21,exp_a1/148_sq\fg_ffff00_bg_ffffff.jpg,0.25830078125
4,3,exp_a1/148_sq\fg_0000ff_bg_888888.jpg,0.25634765625
5,10,exp_a1/148_sq\fg_00ffff_bg_ffffff.jpg,0.25634765625
6,15,exp_a1/148_sq\fg_921e3e_bg_ffffff.jpg,0.25537109375
7,7,exp_a1/148_sq\fg_00ff00_bg_ffffff.jpg,0.2548828125
8,22,exp_a1/148_sq\fg_ffffff_bg_000000.jpg,0.253662109375
9,13,exp_a1/148_sq\fg_921e3e_bg_000000.jpg,0.253173828125
10,2,exp_a1/148_sq\fg_0000ff_bg_000000.jpg,0.2493896484375
11,0,exp_a1/148_sq\fg_000000_bg_888888.jpg,0.2464599609375
12,19,exp_a1/148_sq\fg_ffff00_bg_000000.jpg,0.2464599609375
13,20,exp_a1/148_sq\fg_ffff00_bg_888888.jpg,0.2462158203125
14,16,exp_a1/148_sq\fg_ff0000_bg_000000.jpg,0.2432861328125
15,9,exp_a1/148_sq\fg_00ffff_bg_888888.jpg,0.2430419921875
16,14,exp_a1/148_sq\fg_921e3e_bg_888888.jpg,0.24267578125
17,23,exp_a1/148_sq\fg_ffffff_bg_888888.jpg,0.2403564453125
18,8,exp_a1/148_sq\fg_00ffff_bg_000000.jpg,0.2364501953125
19,17,exp_a1/148_sq\fg_ff0000_bg_888888.jpg,0.23583984375
20,11,exp_a1/148_sq\fg_888888_bg_000000.jpg,0.2337646484375
21,5,exp_a1/148_sq\fg_00ff00_bg_000000.jpg,0.228515625
22,12,exp_a1/148_sq\fg_888888_bg_ffffff.jpg,0.226806640625
23,6,exp_a1/148_sq\fg_00ff00_bg_888888.jpg,0.2010498046875
0,3,exp_a1/200_sq\fg_0000ff_bg_888888.jpg,0.262939453125
1,10,exp_a1/200_sq\fg_00ffff_bg_ffffff.jpg,0.261962890625
2,9,exp_a1/200_sq\fg_00ffff_bg_888888.jpg,0.257568359375
3,21,exp_a1/200_sq\fg_ffff00_bg_ffffff.jpg,0.2568359375
4,8,exp_a1/200_sq\fg_00ffff_bg_000000.jpg,0.255859375
5,0,exp_a1/200_sq\fg_000000_bg_888888.jpg,0.255126953125
6,1,exp_a1/200_sq\fg_000000_bg_ffffff.jpg,0.254638671875
7,22,exp_a1/200_sq\fg_ffffff_bg_000000.jpg,0.25439453125
8,4,exp_a1/200_sq\fg_0000ff_bg_ffffff.jpg,0.254150390625
9,20,exp_a1/200_sq\fg_ffff00_bg_888888.jpg,0.2529296875
10,15,exp_a1/200_sq\fg_921e3e_bg_ffffff.jpg,0.251708984375
11,18,exp_a1/200_sq\fg_ff0000_bg_ffffff.jpg,0.250244140625
12,13,exp_a1/200_sq\fg_921e3e_bg_000000.jpg,0.2493896484375
13,19,exp_a1/200_sq\fg_ffff00_bg_000000.jpg,0.2493896484375
14,5,exp_a1/200_sq\fg_00ff00_bg_000000.jpg,0.248779296875
15,14,exp_a1/200_sq\fg_921e3e_bg_888888.jpg,0.2481689453125
16,7,exp_a1/200_sq\fg_00ff00_bg_ffffff.jpg,0.2476806640625
17,6,exp_a1/200_sq\fg_00ff00_bg_888888.jpg,0.2470703125
18,2,exp_a1/200_sq\fg_0000ff_bg_000000.jpg,0.2459716796875
19,17,exp_a1/200_sq\fg_ff0000_bg_888888.jpg,0.245361328125
20,16,exp_a1/200_sq\fg_ff0000_bg_000000.jpg,0.24462890625
21,23,exp_a1/200_sq\fg_ffffff_bg_888888.jpg,0.2427978515625
22,12,exp_a1/200_sq\fg_888888_bg_ffffff.jpg,0.2125244140625
23,11,exp_a1/200_sq\fg_888888_bg_000000.jpg,0.1976318359375
0,13,exp_a1/4_sq\fg_921e3e_bg_000000.jpg,0.255126953125
1,11,exp_a1/4_sq\fg_888888_bg_000000.jpg,0.254638671875
2,18,exp_a1/4_sq\fg_ff0000_bg_ffffff.jpg,0.2529296875
3,19,exp_a1/4_sq\fg_ffff00_bg_000000.jpg,0.252685546875
4,2,exp_a1/4_sq\fg_0000ff_bg_000000.jpg,0.25244140625
5,0,exp_a1/4_sq\fg_000000_bg_888888.jpg,0.2509765625
6,22,exp_a1/4_sq\fg_ffffff_bg_000000.jpg,0.2509765625
7,8,exp_a1/4_sq\fg_00ffff_bg_000000.jpg,0.250732421875
8,16,exp_a1/4_sq\fg_ff0000_bg_000000.jpg,0.25048828125
9,12,exp_a1/4_sq\fg_888888_bg_ffffff.jpg,0.25048828125
10,10,exp_a1/4_sq\fg_00ffff_bg_ffffff.jpg,0.2498779296875
11,1,exp_a1/4_sq\fg_000000_bg_ffffff.jpg,0.2498779296875
12,9,exp_a1/4_sq\fg_00ffff_bg_888888.jpg,0.2491455078125
13,5,exp_a1/4_sq\fg_00ff00_bg_000000.jpg,0.247802734375
14,15,exp_a1/4_sq\fg_921e3e_bg_ffffff.jpg,0.24755859375
15,3,exp_a1/4_sq\fg_0000ff_bg_888888.jpg,0.2467041015625
16,7,exp_a1/4_sq\fg_00ff00_bg_ffffff.jpg,0.2440185546875
17,4,exp_a1/4_sq\fg_0000ff_bg_ffffff.jpg,0.2435302734375
18,23,exp_a1/4_sq\fg_ffffff_bg_888888.jpg,0.2427978515625
19,21,exp_a1/4_sq\fg_ffff00_bg_ffffff.jpg,0.2418212890625
20,14,exp_a1/4_sq\fg_921e3e_bg_888888.jpg,0.24072265625
21,6,exp_a1/4_sq\fg_00ff00_bg_888888.jpg,0.231689453125
22,20,exp_a1/4_sq\fg_ffff00_bg_888888.jpg,0.2301025390625
23,17,exp_a1/4_sq\fg_ff0000_bg_888888.jpg,0.2198486328125
0,4,exp_a1/56_sq\fg_0000ff_bg_ffffff.jpg,0.274169921875
1,10,exp_a1/56_sq\fg_00ffff_bg_ffffff.jpg,0.270263671875
2,1,exp_a1/56_sq\fg_000000_bg_ffffff.jpg,0.268798828125
3,21,exp_a1/56_sq\fg_ffff00_bg_ffffff.jpg,0.268798828125
4,7,exp_a1/56_sq\fg_00ff00_bg_ffffff.jpg,0.2666015625
5,18,exp_a1/56_sq\fg_ff0000_bg_ffffff.jpg,0.26416015625
6,3,exp_a1/56_sq\fg_0000ff_bg_888888.jpg,0.263427734375
7,15,exp_a1/56_sq\fg_921e3e_bg_ffffff.jpg,0.26318359375
8,8,exp_a1/56_sq\fg_00ffff_bg_000000.jpg,0.261962890625
9,2,exp_a1/56_sq\fg_0000ff_bg_000000.jpg,0.261474609375
10,22,exp_a1/56_sq\fg_ffffff_bg_000000.jpg,0.2587890625
11,20,exp_a1/56_sq\fg_ffff00_bg_888888.jpg,0.258056640625
12,13,exp_a1/56_sq\fg_921e3e_bg_000000.jpg,0.257080078125
13,11,exp_a1/56_sq\fg_888888_bg_000000.jpg,0.25341796875
14,5,exp_a1/56_sq\fg_00ff00_bg_000000.jpg,0.251953125
15,19,exp_a1/56_sq\fg_ffff00_bg_000000.jpg,0.251953125
16,16,exp_a1/56_sq\fg_ff0000_bg_000000.jpg,0.2486572265625
17,9,exp_a1/56_sq\fg_00ffff_bg_888888.jpg,0.247802734375
18,12,exp_a1/56_sq\fg_888888_bg_ffffff.jpg,0.2476806640625
19,14,exp_a1/56_sq\fg_921e3e_bg_888888.jpg,0.247314453125
20,17,exp_a1/56_sq\fg_ff0000_bg_888888.jpg,0.2464599609375
21,23,exp_a1/56_sq\fg_ffffff_bg_888888.jpg,0.2447509765625
22,0,exp_a1/56_sq\fg_000000_bg_888888.jpg,0.2430419921875
23,6,exp_a1/56_sq\fg_00ff00_bg_888888.jpg,0.2412109375
0,5,exp_a1/colors\bg_921e3e.jpg,0.255126953125
1,0,exp_a1/colors\bg_000000.jpg,0.2548828125
2,6,exp_a1/colors\bg_ff0000.jpg,0.254150390625
3,1,exp_a1/colors\bg_0000ff.jpg,0.252685546875
4,8,exp_a1/colors\bg_ffffff.png,0.2474365234375
5,3,exp_a1/colors\bg_00ffff.jpg,0.245849609375
6,2,exp_a1/colors\bg_00ff00.jpg,0.2403564453125
7,7,exp_a1/colors\bg_ffff00.jpg,0.239013671875
8,4,exp_a1/colors\bg_888888.jpg,0.2177734375
