,Unnamed: 0,filepaths,similarity
0,6,exp_a1/112_sq\fg_00ff00_bg_888888.jpg,0.337890625
1,14,exp_a1/112_sq\fg_921e3e_bg_888888.jpg,0.3115234375
2,10,exp_a1/112_sq\fg_00ffff_bg_ffffff.jpg,0.303955078125
3,21,exp_a1/112_sq\fg_ffff00_bg_ffffff.jpg,0.30078125
4,1,exp_a1/112_sq\fg_000000_bg_ffffff.jpg,0.30029296875
5,9,exp_a1/112_sq\fg_00ffff_bg_888888.jpg,0.292724609375
6,18,exp_a1/112_sq\fg_ff0000_bg_ffffff.jpg,0.2861328125
7,7,exp_a1/112_sq\fg_00ff00_bg_ffffff.jpg,0.27734375
8,13,exp_a1/112_sq\fg_921e3e_bg_000000.jpg,0.27294921875
9,4,exp_a1/112_sq\fg_0000ff_bg_ffffff.jpg,0.27099609375
10,11,exp_a1/112_sq\fg_888888_bg_000000.jpg,0.270751953125
11,12,exp_a1/112_sq\fg_888888_bg_ffffff.jpg,0.267578125
12,3,exp_a1/112_sq\fg_0000ff_bg_888888.jpg,0.267578125
13,15,exp_a1/112_sq\fg_921e3e_bg_ffffff.jpg,0.2666015625
14,5,exp_a1/112_sq\fg_00ff00_bg_000000.jpg,0.26025390625
15,8,exp_a1/112_sq\fg_00ffff_bg_000000.jpg,0.2384033203125
16,2,exp_a1/112_sq\fg_0000ff_bg_000000.jpg,0.22119140625
17,16,exp_a1/112_sq\fg_ff0000_bg_000000.jpg,0.21337890625
18,22,exp_a1/112_sq\fg_ffffff_bg_000000.jpg,0.208984375
19,19,exp_a1/112_sq\fg_ffff00_bg_000000.jpg,0.2025146484375
20,0,exp_a1/112_sq\fg_000000_bg_888888.jpg,0.194091796875
21,20,exp_a1/112_sq\fg_ffff00_bg_888888.jpg,0.1820068359375
22,23,exp_a1/112_sq\fg_ffffff_bg_888888.jpg,0.1649169921875
23,17,exp_a1/112_sq\fg_ff0000_bg_888888.jpg,0.16455078125
0,23,exp_a1/12_sq\fg_ffffff_bg_888888.jpg,0.366943359375
1,3,exp_a1/12_sq\fg_0000ff_bg_888888.jpg,0.35791015625
2,14,exp_a1/12_sq\fg_921e3e_bg_888888.jpg,0.357177734375
3,0,exp_a1/12_sq\fg_000000_bg_888888.jpg,0.35302734375
4,20,exp_a1/12_sq\fg_ffff00_bg_888888.jpg,0.349853515625
5,17,exp_a1/12_sq\fg_ff0000_bg_888888.jpg,0.348876953125
6,9,exp_a1/12_sq\fg_00ffff_bg_888888.jpg,0.345947265625
7,6,exp_a1/12_sq\fg_00ff00_bg_888888.jpg,0.338623046875
8,12,exp_a1/12_sq\fg_888888_bg_ffffff.jpg,0.298828125
9,15,exp_a1/12_sq\fg_921e3e_bg_ffffff.jpg,0.298095703125
10,4,exp_a1/12_sq\fg_0000ff_bg_ffffff.jpg,0.29541015625
11,1,exp_a1/12_sq\fg_000000_bg_ffffff.jpg,0.2939453125
12,18,exp_a1/12_sq\fg_ff0000_bg_ffffff.jpg,0.293212890625
13,21,exp_a1/12_sq\fg_ffff00_bg_ffffff.jpg,0.293212890625
14,10,exp_a1/12_sq\fg_00ffff_bg_ffffff.jpg,0.292724609375
15,7,exp_a1/12_sq\fg_00ff00_bg_ffffff.jpg,0.292724609375
16,11,exp_a1/12_sq\fg_888888_bg_000000.jpg,0.176513671875
17,22,exp_a1/12_sq\fg_ffffff_bg_000000.jpg,0.1754150390625
18,16,exp_a1/12_sq\fg_ff0000_bg_000000.jpg,0.1749267578125
19,8,exp_a1/12_sq\fg_00ffff_bg_000000.jpg,0.1741943359375
20,5,exp_a1/12_sq\fg_00ff00_bg_000000.jpg,0.174072265625
21,19,exp_a1/12_sq\fg_ffff00_bg_000000.jpg,0.1739501953125
22,13,exp_a1/12_sq\fg_921e3e_bg_000000.jpg,0.1734619140625
23,2,exp_a1/12_sq\fg_0000ff_bg_000000.jpg,0.1729736328125
0,10,exp_a1/148_sq\fg_00ffff_bg_ffffff.jpg,0.32763671875
1,21,exp_a1/148_sq\fg_ffff00_bg_ffffff.jpg,0.3212890625
2,1,exp_a1/148_sq\fg_000000_bg_ffffff.jpg,0.306884765625
3,7,exp_a1/148_sq\fg_00ff00_bg_ffffff.jpg,0.2861328125
4,18,exp_a1/148_sq\fg_ff0000_bg_ffffff.jpg,0.285888671875
5,4,exp_a1/148_sq\fg_0000ff_bg_ffffff.jpg,0.2822265625
6,13,exp_a1/148_sq\fg_921e3e_bg_000000.jpg,0.27587890625
7,5,exp_a1/148_sq\fg_00ff00_bg_000000.jpg,0.27490234375
8,6,exp_a1/148_sq\fg_00ff00_bg_888888.jpg,0.27294921875
9,11,exp_a1/148_sq\fg_888888_bg_000000.jpg,0.266845703125
10,2,exp_a1/148_sq\fg_0000ff_bg_000000.jpg,0.252685546875
11,12,exp_a1/148_sq\fg_888888_bg_ffffff.jpg,0.2498779296875
12,15,exp_a1/148_sq\fg_921e3e_bg_ffffff.jpg,0.2117919921875
13,19,exp_a1/148_sq\fg_ffff00_bg_000000.jpg,0.2091064453125
14,8,exp_a1/148_sq\fg_00ffff_bg_000000.jpg,0.2086181640625
15,14,exp_a1/148_sq\fg_921e3e_bg_888888.jpg,0.1580810546875
16,3,exp_a1/148_sq\fg_0000ff_bg_888888.jpg,0.1571044921875
17,9,exp_a1/148_sq\fg_00ffff_bg_888888.jpg,0.1475830078125
18,22,exp_a1/148_sq\fg_ffffff_bg_000000.jpg,0.142822265625
19,20,exp_a1/148_sq\fg_ffff00_bg_888888.jpg,0.1407470703125
20,0,exp_a1/148_sq\fg_000000_bg_888888.jpg,0.13330078125
21,16,exp_a1/148_sq\fg_ff0000_bg_000000.jpg,0.11834716796875
22,17,exp_a1/148_sq\fg_ff0000_bg_888888.jpg,0.1036376953125
23,23,exp_a1/148_sq\fg_ffffff_bg_888888.jpg,0.0982666015625
0,5,exp_a1/200_sq\fg_00ff00_bg_000000.jpg,0.301513671875
1,11,exp_a1/200_sq\fg_888888_bg_000000.jpg,0.300537109375
2,18,exp_a1/200_sq\fg_ff0000_bg_ffffff.jpg,0.2890625
3,19,exp_a1/200_sq\fg_ffff00_bg_000000.jpg,0.278564453125
4,10,exp_a1/200_sq\fg_00ffff_bg_ffffff.jpg,0.274658203125
5,13,exp_a1/200_sq\fg_921e3e_bg_000000.jpg,0.2724609375
6,8,exp_a1/200_sq\fg_00ffff_bg_000000.jpg,0.262451171875
7,21,exp_a1/200_sq\fg_ffff00_bg_ffffff.jpg,0.25390625
8,2,exp_a1/200_sq\fg_0000ff_bg_000000.jpg,0.24853515625
9,7,exp_a1/200_sq\fg_00ff00_bg_ffffff.jpg,0.2476806640625
10,22,exp_a1/200_sq\fg_ffffff_bg_000000.jpg,0.2071533203125
11,16,exp_a1/200_sq\fg_ff0000_bg_000000.jpg,0.1976318359375
12,0,exp_a1/200_sq\fg_000000_bg_888888.jpg,0.192626953125
13,1,exp_a1/200_sq\fg_000000_bg_ffffff.jpg,0.1864013671875
14,6,exp_a1/200_sq\fg_00ff00_bg_888888.jpg,0.173095703125
15,14,exp_a1/200_sq\fg_921e3e_bg_888888.jpg,0.169921875
16,20,exp_a1/200_sq\fg_ffff00_bg_888888.jpg,0.1678466796875
17,3,exp_a1/200_sq\fg_0000ff_bg_888888.jpg,0.1651611328125
18,4,exp_a1/200_sq\fg_0000ff_bg_ffffff.jpg,0.1622314453125
19,15,exp_a1/200_sq\fg_921e3e_bg_ffffff.jpg,0.1336669921875
20,17,exp_a1/200_sq\fg_ff0000_bg_888888.jpg,0.11663818359375
21,23,exp_a1/200_sq\fg_ffffff_bg_888888.jpg,0.1151123046875
22,9,exp_a1/200_sq\fg_00ffff_bg_888888.jpg,0.0960693359375
23,12,exp_a1/200_sq\fg_888888_bg_ffffff.jpg,0.055419921875
0,9,exp_a1/4_sq\fg_00ffff_bg_888888.jpg,0.39306640625
1,3,exp_a1/4_sq\fg_0000ff_bg_888888.jpg,0.385009765625
2,23,exp_a1/4_sq\fg_ffffff_bg_888888.jpg,0.382080078125
3,14,exp_a1/4_sq\fg_921e3e_bg_888888.jpg,0.38037109375
4,0,exp_a1/4_sq\fg_000000_bg_888888.jpg,0.380126953125
5,17,exp_a1/4_sq\fg_ff0000_bg_888888.jpg,0.3798828125
6,6,exp_a1/4_sq\fg_00ff00_bg_888888.jpg,0.378662109375
7,20,exp_a1/4_sq\fg_ffff00_bg_888888.jpg,0.37744140625
8,10,exp_a1/4_sq\fg_00ffff_bg_ffffff.jpg,0.2939453125
9,12,exp_a1/4_sq\fg_888888_bg_ffffff.jpg,0.29345703125
10,7,exp_a1/4_sq\fg_00ff00_bg_ffffff.jpg,0.29345703125
11,4,exp_a1/4_sq\fg_0000ff_bg_ffffff.jpg,0.29345703125
12,1,exp_a1/4_sq\fg_000000_bg_ffffff.jpg,0.29345703125
13,15,exp_a1/4_sq\fg_921e3e_bg_ffffff.jpg,0.29345703125
14,18,exp_a1/4_sq\fg_ff0000_bg_ffffff.jpg,0.29345703125
15,21,exp_a1/4_sq\fg_ffff00_bg_ffffff.jpg,0.293212890625
16,22,exp_a1/4_sq\fg_ffffff_bg_000000.jpg,0.1737060546875
17,5,exp_a1/4_sq\fg_00ff00_bg_000000.jpg,0.1734619140625
18,2,exp_a1/4_sq\fg_0000ff_bg_000000.jpg,0.1734619140625
19,16,exp_a1/4_sq\fg_ff0000_bg_000000.jpg,0.17333984375
20,13,exp_a1/4_sq\fg_921e3e_bg_000000.jpg,0.17333984375
21,19,exp_a1/4_sq\fg_ffff00_bg_000000.jpg,0.1732177734375
22,11,exp_a1/4_sq\fg_888888_bg_000000.jpg,0.1732177734375
23,8,exp_a1/4_sq\fg_00ffff_bg_000000.jpg,0.1732177734375
0,6,exp_a1/56_sq\fg_00ff00_bg_888888.jpg,0.381103515625
1,14,exp_a1/56_sq\fg_921e3e_bg_888888.jpg,0.373291015625
2,3,exp_a1/56_sq\fg_0000ff_bg_888888.jpg,0.3662109375
3,9,exp_a1/56_sq\fg_00ffff_bg_888888.jpg,0.36328125
4,0,exp_a1/56_sq\fg_000000_bg_888888.jpg,0.362060546875
5,20,exp_a1/56_sq\fg_ffff00_bg_888888.jpg,0.3359375
6,21,exp_a1/56_sq\fg_ffff00_bg_ffffff.jpg,0.308837890625
7,1,exp_a1/56_sq\fg_000000_bg_ffffff.jpg,0.296875
8,10,exp_a1/56_sq\fg_00ffff_bg_ffffff.jpg,0.294921875
9,4,exp_a1/56_sq\fg_0000ff_bg_ffffff.jpg,0.2900390625
10,7,exp_a1/56_sq\fg_00ff00_bg_ffffff.jpg,0.283935546875
11,18,exp_a1/56_sq\fg_ff0000_bg_ffffff.jpg,0.28271484375
12,12,exp_a1/56_sq\fg_888888_bg_ffffff.jpg,0.282470703125
13,15,exp_a1/56_sq\fg_921e3e_bg_ffffff.jpg,0.272216796875
14,17,exp_a1/56_sq\fg_ff0000_bg_888888.jpg,0.27197265625
15,11,exp_a1/56_sq\fg_888888_bg_000000.jpg,0.254150390625
16,13,exp_a1/56_sq\fg_921e3e_bg_000000.jpg,0.24609375
17,23,exp_a1/56_sq\fg_ffffff_bg_888888.jpg,0.228515625
18,19,exp_a1/56_sq\fg_ffff00_bg_000000.jpg,0.189208984375
19,2,exp_a1/56_sq\fg_0000ff_bg_000000.jpg,0.1846923828125
20,22,exp_a1/56_sq\fg_ffffff_bg_000000.jpg,0.1834716796875
21,5,exp_a1/56_sq\fg_00ff00_bg_000000.jpg,0.179931640625
22,8,exp_a1/56_sq\fg_00ffff_bg_000000.jpg,0.1793212890625
23,16,exp_a1/56_sq\fg_ff0000_bg_000000.jpg,0.1767578125
0,4,exp_a1/colors\bg_888888.jpg,0.396728515625
1,8,exp_a1/colors\bg_ffffff.png,0.2939453125
2,7,exp_a1/colors\bg_ffff00.jpg,0.290771484375
3,6,exp_a1/colors\bg_ff0000.jpg,0.23974609375
4,1,exp_a1/colors\bg_0000ff.jpg,0.2381591796875
5,5,exp_a1/colors\bg_921e3e.jpg,0.2352294921875
6,3,exp_a1/colors\bg_00ffff.jpg,0.225341796875
7,2,exp_a1/colors\bg_00ff00.jpg,0.20703125
8,0,exp_a1/colors\bg_000000.jpg,0.1734619140625
