,Unnamed: 0,filepaths,similarity
0,14,exp_a1/112_sq\fg_921e3e_bg_888888.jpg,0.328125
1,6,exp_a1/112_sq\fg_00ff00_bg_888888.jpg,0.323974609375
2,9,exp_a1/112_sq\fg_00ffff_bg_888888.jpg,0.29931640625
3,3,exp_a1/112_sq\fg_0000ff_bg_888888.jpg,0.296630859375
4,10,exp_a1/112_sq\fg_00ffff_bg_ffffff.jpg,0.286376953125
5,21,exp_a1/112_sq\fg_ffff00_bg_ffffff.jpg,0.2861328125
6,12,exp_a1/112_sq\fg_888888_bg_ffffff.jpg,0.27099609375
7,18,exp_a1/112_sq\fg_ff0000_bg_ffffff.jpg,0.2685546875
8,1,exp_a1/112_sq\fg_000000_bg_ffffff.jpg,0.26513671875
9,11,exp_a1/112_sq\fg_888888_bg_000000.jpg,0.26171875
10,13,exp_a1/112_sq\fg_921e3e_bg_000000.jpg,0.2437744140625
11,7,exp_a1/112_sq\fg_00ff00_bg_ffffff.jpg,0.242919921875
12,0,exp_a1/112_sq\fg_000000_bg_888888.jpg,0.2415771484375
13,5,exp_a1/112_sq\fg_00ff00_bg_000000.jpg,0.2347412109375
14,20,exp_a1/112_sq\fg_ffff00_bg_888888.jpg,0.2294921875
15,15,exp_a1/112_sq\fg_921e3e_bg_ffffff.jpg,0.225830078125
16,4,exp_a1/112_sq\fg_0000ff_bg_ffffff.jpg,0.218994140625
17,8,exp_a1/112_sq\fg_00ffff_bg_000000.jpg,0.216552734375
18,2,exp_a1/112_sq\fg_0000ff_bg_000000.jpg,0.1973876953125
19,19,exp_a1/112_sq\fg_ffff00_bg_000000.jpg,0.19140625
20,23,exp_a1/112_sq\fg_ffffff_bg_888888.jpg,0.184326171875
21,17,exp_a1/112_sq\fg_ff0000_bg_888888.jpg,0.1824951171875
22,22,exp_a1/112_sq\fg_ffffff_bg_000000.jpg,0.1798095703125
23,16,exp_a1/112_sq\fg_ff0000_bg_000000.jpg,0.178466796875
0,23,exp_a1/12_sq\fg_ffffff_bg_888888.jpg,0.346435546875
1,14,exp_a1/12_sq\fg_921e3e_bg_888888.jpg,0.342529296875
2,3,exp_a1/12_sq\fg_0000ff_bg_888888.jpg,0.340576171875
3,0,exp_a1/12_sq\fg_000000_bg_888888.jpg,0.335205078125
4,20,exp_a1/12_sq\fg_ffff00_bg_888888.jpg,0.328125
5,17,exp_a1/12_sq\fg_ff0000_bg_888888.jpg,0.314697265625
6,9,exp_a1/12_sq\fg_00ffff_bg_888888.jpg,0.31298828125
7,6,exp_a1/12_sq\fg_00ff00_bg_888888.jpg,0.30712890625
8,12,exp_a1/12_sq\fg_888888_bg_ffffff.jpg,0.28076171875
9,15,exp_a1/12_sq\fg_921e3e_bg_ffffff.jpg,0.27978515625
10,4,exp_a1/12_sq\fg_0000ff_bg_ffffff.jpg,0.278076171875
11,1,exp_a1/12_sq\fg_000000_bg_ffffff.jpg,0.275390625
12,7,exp_a1/12_sq\fg_00ff00_bg_ffffff.jpg,0.274169921875
13,10,exp_a1/12_sq\fg_00ffff_bg_ffffff.jpg,0.27392578125
14,21,exp_a1/12_sq\fg_ffff00_bg_ffffff.jpg,0.27392578125
15,18,exp_a1/12_sq\fg_ff0000_bg_ffffff.jpg,0.2734375
16,22,exp_a1/12_sq\fg_ffffff_bg_000000.jpg,0.1566162109375
17,16,exp_a1/12_sq\fg_ff0000_bg_000000.jpg,0.15625
18,11,exp_a1/12_sq\fg_888888_bg_000000.jpg,0.155517578125
19,8,exp_a1/12_sq\fg_00ffff_bg_000000.jpg,0.1551513671875
20,19,exp_a1/12_sq\fg_ffff00_bg_000000.jpg,0.1549072265625
21,5,exp_a1/12_sq\fg_00ff00_bg_000000.jpg,0.1544189453125
22,13,exp_a1/12_sq\fg_921e3e_bg_000000.jpg,0.1534423828125
23,2,exp_a1/12_sq\fg_0000ff_bg_000000.jpg,0.153076171875
0,10,exp_a1/148_sq\fg_00ffff_bg_ffffff.jpg,0.30224609375
1,21,exp_a1/148_sq\fg_ffff00_bg_ffffff.jpg,0.297119140625
2,1,exp_a1/148_sq\fg_000000_bg_ffffff.jpg,0.28125
3,6,exp_a1/148_sq\fg_00ff00_bg_888888.jpg,0.279296875
4,18,exp_a1/148_sq\fg_ff0000_bg_ffffff.jpg,0.2705078125
5,4,exp_a1/148_sq\fg_0000ff_bg_ffffff.jpg,0.26708984375
6,7,exp_a1/148_sq\fg_00ff00_bg_ffffff.jpg,0.255615234375
7,11,exp_a1/148_sq\fg_888888_bg_000000.jpg,0.25048828125
8,5,exp_a1/148_sq\fg_00ff00_bg_000000.jpg,0.2484130859375
9,13,exp_a1/148_sq\fg_921e3e_bg_000000.jpg,0.2421875
10,12,exp_a1/148_sq\fg_888888_bg_ffffff.jpg,0.240234375
11,2,exp_a1/148_sq\fg_0000ff_bg_000000.jpg,0.225341796875
12,3,exp_a1/148_sq\fg_0000ff_bg_888888.jpg,0.2178955078125
13,14,exp_a1/148_sq\fg_921e3e_bg_888888.jpg,0.2149658203125
14,9,exp_a1/148_sq\fg_00ffff_bg_888888.jpg,0.2025146484375
15,8,exp_a1/148_sq\fg_00ffff_bg_000000.jpg,0.19677734375
16,0,exp_a1/148_sq\fg_000000_bg_888888.jpg,0.1915283203125
17,19,exp_a1/148_sq\fg_ffff00_bg_000000.jpg,0.1878662109375
18,15,exp_a1/148_sq\fg_921e3e_bg_ffffff.jpg,0.1866455078125
19,20,exp_a1/148_sq\fg_ffff00_bg_888888.jpg,0.1842041015625
20,23,exp_a1/148_sq\fg_ffffff_bg_888888.jpg,0.146484375
21,17,exp_a1/148_sq\fg_ff0000_bg_888888.jpg,0.1461181640625
22,22,exp_a1/148_sq\fg_ffffff_bg_000000.jpg,0.1328125
23,16,exp_a1/148_sq\fg_ff0000_bg_000000.jpg,0.10870361328125
0,19,exp_a1/200_sq\fg_ffff00_bg_000000.jpg,0.284423828125
1,5,exp_a1/200_sq\fg_00ff00_bg_000000.jpg,0.2783203125
2,18,exp_a1/200_sq\fg_ff0000_bg_ffffff.jpg,0.26904296875
3,11,exp_a1/200_sq\fg_888888_bg_000000.jpg,0.268310546875
4,13,exp_a1/200_sq\fg_921e3e_bg_000000.jpg,0.241943359375
5,8,exp_a1/200_sq\fg_00ffff_bg_000000.jpg,0.2410888671875
6,10,exp_a1/200_sq\fg_00ffff_bg_ffffff.jpg,0.23046875
7,0,exp_a1/200_sq\fg_000000_bg_888888.jpg,0.225341796875
8,2,exp_a1/200_sq\fg_0000ff_bg_000000.jpg,0.2225341796875
9,3,exp_a1/200_sq\fg_0000ff_bg_888888.jpg,0.2208251953125
10,14,exp_a1/200_sq\fg_921e3e_bg_888888.jpg,0.2135009765625
11,21,exp_a1/200_sq\fg_ffff00_bg_ffffff.jpg,0.206298828125
12,7,exp_a1/200_sq\fg_00ff00_bg_ffffff.jpg,0.1990966796875
13,22,exp_a1/200_sq\fg_ffffff_bg_000000.jpg,0.196044921875
14,16,exp_a1/200_sq\fg_ff0000_bg_000000.jpg,0.186279296875
15,20,exp_a1/200_sq\fg_ffff00_bg_888888.jpg,0.16748046875
16,6,exp_a1/200_sq\fg_00ff00_bg_888888.jpg,0.1636962890625
17,1,exp_a1/200_sq\fg_000000_bg_ffffff.jpg,0.150634765625
18,17,exp_a1/200_sq\fg_ff0000_bg_888888.jpg,0.14306640625
19,23,exp_a1/200_sq\fg_ffffff_bg_888888.jpg,0.138671875
20,9,exp_a1/200_sq\fg_00ffff_bg_888888.jpg,0.1236572265625
21,4,exp_a1/200_sq\fg_0000ff_bg_ffffff.jpg,0.122802734375
22,15,exp_a1/200_sq\fg_921e3e_bg_ffffff.jpg,0.10858154296875
23,12,exp_a1/200_sq\fg_888888_bg_ffffff.jpg,0.0335693359375
0,0,exp_a1/4_sq\fg_000000_bg_888888.jpg,0.3720703125
1,23,exp_a1/4_sq\fg_ffffff_bg_888888.jpg,0.370361328125
2,20,exp_a1/4_sq\fg_ffff00_bg_888888.jpg,0.36767578125
3,3,exp_a1/4_sq\fg_0000ff_bg_888888.jpg,0.36279296875
4,14,exp_a1/4_sq\fg_921e3e_bg_888888.jpg,0.361572265625
5,9,exp_a1/4_sq\fg_00ffff_bg_888888.jpg,0.356201171875
6,17,exp_a1/4_sq\fg_ff0000_bg_888888.jpg,0.354736328125
7,6,exp_a1/4_sq\fg_00ff00_bg_888888.jpg,0.34716796875
8,12,exp_a1/4_sq\fg_888888_bg_ffffff.jpg,0.2734375
9,7,exp_a1/4_sq\fg_00ff00_bg_ffffff.jpg,0.2734375
10,10,exp_a1/4_sq\fg_00ffff_bg_ffffff.jpg,0.2734375
11,4,exp_a1/4_sq\fg_0000ff_bg_ffffff.jpg,0.273193359375
12,1,exp_a1/4_sq\fg_000000_bg_ffffff.jpg,0.273193359375
13,15,exp_a1/4_sq\fg_921e3e_bg_ffffff.jpg,0.273193359375
14,18,exp_a1/4_sq\fg_ff0000_bg_ffffff.jpg,0.27294921875
15,21,exp_a1/4_sq\fg_ffff00_bg_ffffff.jpg,0.27294921875
16,22,exp_a1/4_sq\fg_ffffff_bg_000000.jpg,0.1536865234375
17,19,exp_a1/4_sq\fg_ffff00_bg_000000.jpg,0.1533203125
18,2,exp_a1/4_sq\fg_0000ff_bg_000000.jpg,0.1533203125
19,5,exp_a1/4_sq\fg_00ff00_bg_000000.jpg,0.1533203125
20,16,exp_a1/4_sq\fg_ff0000_bg_000000.jpg,0.1531982421875
21,13,exp_a1/4_sq\fg_921e3e_bg_000000.jpg,0.1531982421875
22,11,exp_a1/4_sq\fg_888888_bg_000000.jpg,0.153076171875
23,8,exp_a1/4_sq\fg_00ffff_bg_000000.jpg,0.1529541015625
0,14,exp_a1/56_sq\fg_921e3e_bg_888888.jpg,0.37255859375
1,0,exp_a1/56_sq\fg_000000_bg_888888.jpg,0.36279296875
2,9,exp_a1/56_sq\fg_00ffff_bg_888888.jpg,0.360595703125
3,3,exp_a1/56_sq\fg_0000ff_bg_888888.jpg,0.356689453125
4,6,exp_a1/56_sq\fg_00ff00_bg_888888.jpg,0.3564453125
5,20,exp_a1/56_sq\fg_ffff00_bg_888888.jpg,0.341796875
6,17,exp_a1/56_sq\fg_ff0000_bg_888888.jpg,0.30712890625
7,21,exp_a1/56_sq\fg_ffff00_bg_ffffff.jpg,0.3037109375
8,1,exp_a1/56_sq\fg_000000_bg_ffffff.jpg,0.300048828125
9,4,exp_a1/56_sq\fg_0000ff_bg_ffffff.jpg,0.2890625
10,10,exp_a1/56_sq\fg_00ffff_bg_ffffff.jpg,0.282958984375
11,7,exp_a1/56_sq\fg_00ff00_bg_ffffff.jpg,0.279296875
12,12,exp_a1/56_sq\fg_888888_bg_ffffff.jpg,0.279052734375
13,23,exp_a1/56_sq\fg_ffffff_bg_888888.jpg,0.27294921875
14,15,exp_a1/56_sq\fg_921e3e_bg_ffffff.jpg,0.267578125
15,18,exp_a1/56_sq\fg_ff0000_bg_ffffff.jpg,0.2666015625
16,11,exp_a1/56_sq\fg_888888_bg_000000.jpg,0.2393798828125
17,13,exp_a1/56_sq\fg_921e3e_bg_000000.jpg,0.224609375
18,22,exp_a1/56_sq\fg_ffffff_bg_000000.jpg,0.1746826171875
19,19,exp_a1/56_sq\fg_ffff00_bg_000000.jpg,0.1741943359375
20,16,exp_a1/56_sq\fg_ff0000_bg_000000.jpg,0.172119140625
21,8,exp_a1/56_sq\fg_00ffff_bg_000000.jpg,0.171142578125
22,5,exp_a1/56_sq\fg_00ff00_bg_000000.jpg,0.16748046875
23,2,exp_a1/56_sq\fg_0000ff_bg_000000.jpg,0.166015625
0,4,exp_a1/colors\bg_888888.jpg,0.380615234375
1,8,exp_a1/colors\bg_ffffff.png,0.27294921875
2,7,exp_a1/colors\bg_ffff00.jpg,0.26953125
3,6,exp_a1/colors\bg_ff0000.jpg,0.22705078125
4,1,exp_a1/colors\bg_0000ff.jpg,0.22314453125
5,5,exp_a1/colors\bg_921e3e.jpg,0.2105712890625
6,2,exp_a1/colors\bg_00ff00.jpg,0.196044921875
7,3,exp_a1/colors\bg_00ffff.jpg,0.1934814453125
8,0,exp_a1/colors\bg_000000.jpg,0.1534423828125
