,Unnamed: 0,filepaths,similarity
0,6,exp_a1/112_sq\fg_00ff00_bg_888888.jpg,0.332763671875
1,21,exp_a1/112_sq\fg_ffff00_bg_ffffff.jpg,0.3076171875
2,10,exp_a1/112_sq\fg_00ffff_bg_ffffff.jpg,0.30615234375
3,14,exp_a1/112_sq\fg_921e3e_bg_888888.jpg,0.304443359375
4,9,exp_a1/112_sq\fg_00ffff_bg_888888.jpg,0.299072265625
5,12,exp_a1/112_sq\fg_888888_bg_ffffff.jpg,0.282470703125
6,1,exp_a1/112_sq\fg_000000_bg_ffffff.jpg,0.279052734375
7,7,exp_a1/112_sq\fg_00ff00_bg_ffffff.jpg,0.27490234375
8,18,exp_a1/112_sq\fg_ff0000_bg_ffffff.jpg,0.26708984375
9,4,exp_a1/112_sq\fg_0000ff_bg_ffffff.jpg,0.26611328125
10,3,exp_a1/112_sq\fg_0000ff_bg_888888.jpg,0.260498046875
11,15,exp_a1/112_sq\fg_921e3e_bg_ffffff.jpg,0.251220703125
12,11,exp_a1/112_sq\fg_888888_bg_000000.jpg,0.2366943359375
13,13,exp_a1/112_sq\fg_921e3e_bg_000000.jpg,0.23486328125
14,5,exp_a1/112_sq\fg_00ff00_bg_000000.jpg,0.2340087890625
15,8,exp_a1/112_sq\fg_00ffff_bg_000000.jpg,0.2159423828125
16,23,exp_a1/112_sq\fg_ffffff_bg_888888.jpg,0.2003173828125
17,17,exp_a1/112_sq\fg_ff0000_bg_888888.jpg,0.1988525390625
18,16,exp_a1/112_sq\fg_ff0000_bg_000000.jpg,0.197265625
19,0,exp_a1/112_sq\fg_000000_bg_888888.jpg,0.1971435546875
20,22,exp_a1/112_sq\fg_ffffff_bg_000000.jpg,0.19580078125
21,2,exp_a1/112_sq\fg_0000ff_bg_000000.jpg,0.1932373046875
22,20,exp_a1/112_sq\fg_ffff00_bg_888888.jpg,0.1876220703125
23,19,exp_a1/112_sq\fg_ffff00_bg_000000.jpg,0.18505859375
0,23,exp_a1/12_sq\fg_ffffff_bg_888888.jpg,0.370849609375
1,14,exp_a1/12_sq\fg_921e3e_bg_888888.jpg,0.364501953125
2,3,exp_a1/12_sq\fg_0000ff_bg_888888.jpg,0.36376953125
3,0,exp_a1/12_sq\fg_000000_bg_888888.jpg,0.36083984375
4,20,exp_a1/12_sq\fg_ffff00_bg_888888.jpg,0.35791015625
5,9,exp_a1/12_sq\fg_00ffff_bg_888888.jpg,0.3525390625
6,17,exp_a1/12_sq\fg_ff0000_bg_888888.jpg,0.351806640625
7,6,exp_a1/12_sq\fg_00ff00_bg_888888.jpg,0.34130859375
8,12,exp_a1/12_sq\fg_888888_bg_ffffff.jpg,0.27587890625
9,15,exp_a1/12_sq\fg_921e3e_bg_ffffff.jpg,0.275634765625
10,4,exp_a1/12_sq\fg_0000ff_bg_ffffff.jpg,0.27490234375
11,18,exp_a1/12_sq\fg_ff0000_bg_ffffff.jpg,0.2744140625
12,1,exp_a1/12_sq\fg_000000_bg_ffffff.jpg,0.274169921875
13,10,exp_a1/12_sq\fg_00ffff_bg_ffffff.jpg,0.27392578125
14,21,exp_a1/12_sq\fg_ffff00_bg_ffffff.jpg,0.27392578125
15,7,exp_a1/12_sq\fg_00ff00_bg_ffffff.jpg,0.273681640625
16,22,exp_a1/12_sq\fg_ffffff_bg_000000.jpg,0.15869140625
17,11,exp_a1/12_sq\fg_888888_bg_000000.jpg,0.1583251953125
18,16,exp_a1/12_sq\fg_ff0000_bg_000000.jpg,0.158203125
19,8,exp_a1/12_sq\fg_00ffff_bg_000000.jpg,0.157470703125
20,5,exp_a1/12_sq\fg_00ff00_bg_000000.jpg,0.1572265625
21,19,exp_a1/12_sq\fg_ffff00_bg_000000.jpg,0.1571044921875
22,13,exp_a1/12_sq\fg_921e3e_bg_000000.jpg,0.1563720703125
23,2,exp_a1/12_sq\fg_0000ff_bg_000000.jpg,0.1561279296875
0,10,exp_a1/148_sq\fg_00ffff_bg_ffffff.jpg,0.330078125
1,21,exp_a1/148_sq\fg_ffff00_bg_ffffff.jpg,0.326904296875
2,1,exp_a1/148_sq\fg_000000_bg_ffffff.jpg,0.307373046875
3,7,exp_a1/148_sq\fg_00ff00_bg_ffffff.jpg,0.299072265625
4,4,exp_a1/148_sq\fg_0000ff_bg_ffffff.jpg,0.289794921875
5,6,exp_a1/148_sq\fg_00ff00_bg_888888.jpg,0.283935546875
6,18,exp_a1/148_sq\fg_ff0000_bg_ffffff.jpg,0.266357421875
7,12,exp_a1/148_sq\fg_888888_bg_ffffff.jpg,0.26318359375
8,5,exp_a1/148_sq\fg_00ff00_bg_000000.jpg,0.2457275390625
9,13,exp_a1/148_sq\fg_921e3e_bg_000000.jpg,0.2310791015625
10,11,exp_a1/148_sq\fg_888888_bg_000000.jpg,0.2177734375
11,2,exp_a1/148_sq\fg_0000ff_bg_000000.jpg,0.2132568359375
12,15,exp_a1/148_sq\fg_921e3e_bg_ffffff.jpg,0.20556640625
13,19,exp_a1/148_sq\fg_ffff00_bg_000000.jpg,0.1988525390625
14,8,exp_a1/148_sq\fg_00ffff_bg_000000.jpg,0.1917724609375
15,9,exp_a1/148_sq\fg_00ffff_bg_888888.jpg,0.1798095703125
16,3,exp_a1/148_sq\fg_0000ff_bg_888888.jpg,0.16796875
17,14,exp_a1/148_sq\fg_921e3e_bg_888888.jpg,0.1651611328125
18,20,exp_a1/148_sq\fg_ffff00_bg_888888.jpg,0.158203125
19,17,exp_a1/148_sq\fg_ff0000_bg_888888.jpg,0.1470947265625
20,0,exp_a1/148_sq\fg_000000_bg_888888.jpg,0.14697265625
21,23,exp_a1/148_sq\fg_ffffff_bg_888888.jpg,0.1446533203125
22,22,exp_a1/148_sq\fg_ffffff_bg_000000.jpg,0.13818359375
23,16,exp_a1/148_sq\fg_ff0000_bg_000000.jpg,0.12255859375
0,18,exp_a1/200_sq\fg_ff0000_bg_ffffff.jpg,0.27734375
1,5,exp_a1/200_sq\fg_00ff00_bg_000000.jpg,0.275634765625
2,11,exp_a1/200_sq\fg_888888_bg_000000.jpg,0.275634765625
3,10,exp_a1/200_sq\fg_00ffff_bg_ffffff.jpg,0.262939453125
4,19,exp_a1/200_sq\fg_ffff00_bg_000000.jpg,0.25830078125
5,7,exp_a1/200_sq\fg_00ff00_bg_ffffff.jpg,0.25146484375
6,21,exp_a1/200_sq\fg_ffff00_bg_ffffff.jpg,0.2410888671875
7,8,exp_a1/200_sq\fg_00ffff_bg_000000.jpg,0.2325439453125
8,13,exp_a1/200_sq\fg_921e3e_bg_000000.jpg,0.2266845703125
9,2,exp_a1/200_sq\fg_0000ff_bg_000000.jpg,0.2099609375
10,22,exp_a1/200_sq\fg_ffffff_bg_000000.jpg,0.2042236328125
11,0,exp_a1/200_sq\fg_000000_bg_888888.jpg,0.203857421875
12,16,exp_a1/200_sq\fg_ff0000_bg_000000.jpg,0.190185546875
13,20,exp_a1/200_sq\fg_ffff00_bg_888888.jpg,0.18603515625
14,1,exp_a1/200_sq\fg_000000_bg_ffffff.jpg,0.1820068359375
15,6,exp_a1/200_sq\fg_00ff00_bg_888888.jpg,0.180419921875
16,3,exp_a1/200_sq\fg_0000ff_bg_888888.jpg,0.1800537109375
17,14,exp_a1/200_sq\fg_921e3e_bg_888888.jpg,0.173095703125
18,4,exp_a1/200_sq\fg_0000ff_bg_ffffff.jpg,0.16259765625
19,17,exp_a1/200_sq\fg_ff0000_bg_888888.jpg,0.162353515625
20,23,exp_a1/200_sq\fg_ffffff_bg_888888.jpg,0.1561279296875
21,15,exp_a1/200_sq\fg_921e3e_bg_ffffff.jpg,0.1336669921875
22,9,exp_a1/200_sq\fg_00ffff_bg_888888.jpg,0.10296630859375
23,12,exp_a1/200_sq\fg_888888_bg_ffffff.jpg,0.061279296875
0,0,exp_a1/4_sq\fg_000000_bg_888888.jpg,0.3876953125
1,23,exp_a1/4_sq\fg_ffffff_bg_888888.jpg,0.3837890625
2,3,exp_a1/4_sq\fg_0000ff_bg_888888.jpg,0.38134765625
3,14,exp_a1/4_sq\fg_921e3e_bg_888888.jpg,0.3798828125
4,9,exp_a1/4_sq\fg_00ffff_bg_888888.jpg,0.377197265625
5,17,exp_a1/4_sq\fg_ff0000_bg_888888.jpg,0.375
6,20,exp_a1/4_sq\fg_ffff00_bg_888888.jpg,0.372314453125
7,6,exp_a1/4_sq\fg_00ff00_bg_888888.jpg,0.367919921875
8,10,exp_a1/4_sq\fg_00ffff_bg_ffffff.jpg,0.27490234375
9,12,exp_a1/4_sq\fg_888888_bg_ffffff.jpg,0.274658203125
10,18,exp_a1/4_sq\fg_ff0000_bg_ffffff.jpg,0.274658203125
11,4,exp_a1/4_sq\fg_0000ff_bg_ffffff.jpg,0.274658203125
12,7,exp_a1/4_sq\fg_00ff00_bg_ffffff.jpg,0.274658203125
13,1,exp_a1/4_sq\fg_000000_bg_ffffff.jpg,0.274658203125
14,15,exp_a1/4_sq\fg_921e3e_bg_ffffff.jpg,0.274658203125
15,21,exp_a1/4_sq\fg_ffff00_bg_ffffff.jpg,0.2744140625
16,22,exp_a1/4_sq\fg_ffffff_bg_000000.jpg,0.156494140625
17,19,exp_a1/4_sq\fg_ffff00_bg_000000.jpg,0.15625
18,2,exp_a1/4_sq\fg_0000ff_bg_000000.jpg,0.15625
19,5,exp_a1/4_sq\fg_00ff00_bg_000000.jpg,0.15625
20,13,exp_a1/4_sq\fg_921e3e_bg_000000.jpg,0.15625
21,16,exp_a1/4_sq\fg_ff0000_bg_000000.jpg,0.1561279296875
22,8,exp_a1/4_sq\fg_00ffff_bg_000000.jpg,0.1561279296875
23,11,exp_a1/4_sq\fg_888888_bg_000000.jpg,0.156005859375
0,6,exp_a1/56_sq\fg_00ff00_bg_888888.jpg,0.380126953125
1,14,exp_a1/56_sq\fg_921e3e_bg_888888.jpg,0.3671875
2,9,exp_a1/56_sq\fg_00ffff_bg_888888.jpg,0.365966796875
3,3,exp_a1/56_sq\fg_0000ff_bg_888888.jpg,0.35009765625
4,0,exp_a1/56_sq\fg_000000_bg_888888.jpg,0.346435546875
5,20,exp_a1/56_sq\fg_ffff00_bg_888888.jpg,0.3349609375
6,21,exp_a1/56_sq\fg_ffff00_bg_ffffff.jpg,0.322509765625
7,1,exp_a1/56_sq\fg_000000_bg_ffffff.jpg,0.30419921875
8,10,exp_a1/56_sq\fg_00ffff_bg_ffffff.jpg,0.301513671875
9,17,exp_a1/56_sq\fg_ff0000_bg_888888.jpg,0.299560546875
10,4,exp_a1/56_sq\fg_0000ff_bg_ffffff.jpg,0.295654296875
11,7,exp_a1/56_sq\fg_00ff00_bg_ffffff.jpg,0.284912109375
12,12,exp_a1/56_sq\fg_888888_bg_ffffff.jpg,0.27978515625
13,15,exp_a1/56_sq\fg_921e3e_bg_ffffff.jpg,0.27392578125
14,18,exp_a1/56_sq\fg_ff0000_bg_ffffff.jpg,0.2646484375
15,23,exp_a1/56_sq\fg_ffffff_bg_888888.jpg,0.256591796875
16,13,exp_a1/56_sq\fg_921e3e_bg_000000.jpg,0.21826171875
17,11,exp_a1/56_sq\fg_888888_bg_000000.jpg,0.2154541015625
18,22,exp_a1/56_sq\fg_ffffff_bg_000000.jpg,0.1884765625
19,16,exp_a1/56_sq\fg_ff0000_bg_000000.jpg,0.1878662109375
20,19,exp_a1/56_sq\fg_ffff00_bg_000000.jpg,0.177978515625
21,8,exp_a1/56_sq\fg_00ffff_bg_000000.jpg,0.1776123046875
22,5,exp_a1/56_sq\fg_00ff00_bg_000000.jpg,0.169921875
23,2,exp_a1/56_sq\fg_0000ff_bg_000000.jpg,0.1669921875
0,4,exp_a1/colors\bg_888888.jpg,0.396240234375
1,8,exp_a1/colors\bg_ffffff.png,0.274658203125
2,7,exp_a1/colors\bg_ffff00.jpg,0.271240234375
3,6,exp_a1/colors\bg_ff0000.jpg,0.223388671875
4,5,exp_a1/colors\bg_921e3e.jpg,0.2105712890625
5,2,exp_a1/colors\bg_00ff00.jpg,0.2064208984375
6,1,exp_a1/colors\bg_0000ff.jpg,0.203857421875
7,3,exp_a1/colors\bg_00ffff.jpg,0.2032470703125
8,0,exp_a1/colors\bg_000000.jpg,0.1563720703125
