,Unnamed: 0,filepaths,similarity
0,14,exp_a1/112_sq\fg_921e3e_bg_888888.jpg,0.364501953125
1,3,exp_a1/112_sq\fg_0000ff_bg_888888.jpg,0.328125
2,6,exp_a1/112_sq\fg_00ff00_bg_888888.jpg,0.320068359375
3,9,exp_a1/112_sq\fg_00ffff_bg_888888.jpg,0.2978515625
4,0,exp_a1/112_sq\fg_000000_bg_888888.jpg,0.2802734375
5,7,exp_a1/112_sq\fg_00ff00_bg_ffffff.jpg,0.259033203125
6,10,exp_a1/112_sq\fg_00ffff_bg_ffffff.jpg,0.25634765625
7,20,exp_a1/112_sq\fg_ffff00_bg_888888.jpg,0.25537109375
8,1,exp_a1/112_sq\fg_000000_bg_ffffff.jpg,0.24951171875
9,21,exp_a1/112_sq\fg_ffff00_bg_ffffff.jpg,0.245361328125
10,12,exp_a1/112_sq\fg_888888_bg_ffffff.jpg,0.2452392578125
11,11,exp_a1/112_sq\fg_888888_bg_000000.jpg,0.2318115234375
12,13,exp_a1/112_sq\fg_921e3e_bg_000000.jpg,0.2288818359375
13,4,exp_a1/112_sq\fg_0000ff_bg_ffffff.jpg,0.2255859375
14,5,exp_a1/112_sq\fg_00ff00_bg_000000.jpg,0.222412109375
15,15,exp_a1/112_sq\fg_921e3e_bg_ffffff.jpg,0.2218017578125
16,18,exp_a1/112_sq\fg_ff0000_bg_ffffff.jpg,0.208740234375
17,8,exp_a1/112_sq\fg_00ffff_bg_000000.jpg,0.2039794921875
18,2,exp_a1/112_sq\fg_0000ff_bg_000000.jpg,0.1827392578125
19,19,exp_a1/112_sq\fg_ffff00_bg_000000.jpg,0.1802978515625
20,23,exp_a1/112_sq\fg_ffffff_bg_888888.jpg,0.16650390625
21,17,exp_a1/112_sq\fg_ff0000_bg_888888.jpg,0.166015625
22,16,exp_a1/112_sq\fg_ff0000_bg_000000.jpg,0.1407470703125
23,22,exp_a1/112_sq\fg_ffffff_bg_000000.jpg,0.1402587890625
0,3,exp_a1/12_sq\fg_0000ff_bg_888888.jpg,0.36474609375
1,0,exp_a1/12_sq\fg_000000_bg_888888.jpg,0.361083984375
2,23,exp_a1/12_sq\fg_ffffff_bg_888888.jpg,0.360107421875
3,14,exp_a1/12_sq\fg_921e3e_bg_888888.jpg,0.357421875
4,20,exp_a1/12_sq\fg_ffff00_bg_888888.jpg,0.345947265625
5,9,exp_a1/12_sq\fg_00ffff_bg_888888.jpg,0.328125
6,17,exp_a1/12_sq\fg_ff0000_bg_888888.jpg,0.327392578125
7,6,exp_a1/12_sq\fg_00ff00_bg_888888.jpg,0.324462890625
8,12,exp_a1/12_sq\fg_888888_bg_ffffff.jpg,0.2232666015625
9,15,exp_a1/12_sq\fg_921e3e_bg_ffffff.jpg,0.22216796875
10,4,exp_a1/12_sq\fg_0000ff_bg_ffffff.jpg,0.220703125
11,1,exp_a1/12_sq\fg_000000_bg_ffffff.jpg,0.216796875
12,7,exp_a1/12_sq\fg_00ff00_bg_ffffff.jpg,0.21630859375
13,10,exp_a1/12_sq\fg_00ffff_bg_ffffff.jpg,0.2158203125
14,18,exp_a1/12_sq\fg_ff0000_bg_ffffff.jpg,0.21533203125
15,21,exp_a1/12_sq\fg_ffff00_bg_ffffff.jpg,0.2152099609375
16,11,exp_a1/12_sq\fg_888888_bg_000000.jpg,0.139404296875
17,22,exp_a1/12_sq\fg_ffffff_bg_000000.jpg,0.1390380859375
18,16,exp_a1/12_sq\fg_ff0000_bg_000000.jpg,0.138427734375
19,8,exp_a1/12_sq\fg_00ffff_bg_000000.jpg,0.1370849609375
20,19,exp_a1/12_sq\fg_ffff00_bg_000000.jpg,0.136962890625
21,5,exp_a1/12_sq\fg_00ff00_bg_000000.jpg,0.1365966796875
22,13,exp_a1/12_sq\fg_921e3e_bg_000000.jpg,0.1361083984375
23,2,exp_a1/12_sq\fg_0000ff_bg_000000.jpg,0.135498046875
0,10,exp_a1/148_sq\fg_00ffff_bg_ffffff.jpg,0.28857421875
1,6,exp_a1/148_sq\fg_00ff00_bg_888888.jpg,0.276123046875
2,21,exp_a1/148_sq\fg_ffff00_bg_ffffff.jpg,0.27587890625
3,1,exp_a1/148_sq\fg_000000_bg_ffffff.jpg,0.275634765625
4,7,exp_a1/148_sq\fg_00ff00_bg_ffffff.jpg,0.264404296875
5,14,exp_a1/148_sq\fg_921e3e_bg_888888.jpg,0.2607421875
6,3,exp_a1/148_sq\fg_0000ff_bg_888888.jpg,0.2578125
7,4,exp_a1/148_sq\fg_0000ff_bg_ffffff.jpg,0.2529296875
8,11,exp_a1/148_sq\fg_888888_bg_000000.jpg,0.2467041015625
9,20,exp_a1/148_sq\fg_ffff00_bg_888888.jpg,0.2353515625
10,13,exp_a1/148_sq\fg_921e3e_bg_000000.jpg,0.23486328125
11,0,exp_a1/148_sq\fg_000000_bg_888888.jpg,0.233642578125
12,5,exp_a1/148_sq\fg_00ff00_bg_000000.jpg,0.231689453125
13,12,exp_a1/148_sq\fg_888888_bg_ffffff.jpg,0.223876953125
14,9,exp_a1/148_sq\fg_00ffff_bg_888888.jpg,0.21826171875
15,18,exp_a1/148_sq\fg_ff0000_bg_ffffff.jpg,0.208984375
16,2,exp_a1/148_sq\fg_0000ff_bg_000000.jpg,0.2081298828125
17,19,exp_a1/148_sq\fg_ffff00_bg_000000.jpg,0.17822265625
18,15,exp_a1/148_sq\fg_921e3e_bg_ffffff.jpg,0.1776123046875
19,8,exp_a1/148_sq\fg_00ffff_bg_000000.jpg,0.1754150390625
20,23,exp_a1/148_sq\fg_ffffff_bg_888888.jpg,0.134765625
21,17,exp_a1/148_sq\fg_ff0000_bg_888888.jpg,0.128662109375
22,22,exp_a1/148_sq\fg_ffffff_bg_000000.jpg,0.1004638671875
23,16,exp_a1/148_sq\fg_ff0000_bg_000000.jpg,0.069580078125
0,11,exp_a1/200_sq\fg_888888_bg_000000.jpg,0.277099609375
1,19,exp_a1/200_sq\fg_ffff00_bg_000000.jpg,0.251953125
2,14,exp_a1/200_sq\fg_921e3e_bg_888888.jpg,0.25146484375
3,3,exp_a1/200_sq\fg_0000ff_bg_888888.jpg,0.251220703125
4,5,exp_a1/200_sq\fg_00ff00_bg_000000.jpg,0.2493896484375
5,0,exp_a1/200_sq\fg_000000_bg_888888.jpg,0.2486572265625
6,13,exp_a1/200_sq\fg_921e3e_bg_000000.jpg,0.2451171875
7,10,exp_a1/200_sq\fg_00ffff_bg_ffffff.jpg,0.2412109375
8,21,exp_a1/200_sq\fg_ffff00_bg_ffffff.jpg,0.22119140625
9,7,exp_a1/200_sq\fg_00ff00_bg_ffffff.jpg,0.2117919921875
10,2,exp_a1/200_sq\fg_0000ff_bg_000000.jpg,0.2108154296875
11,18,exp_a1/200_sq\fg_ff0000_bg_ffffff.jpg,0.21044921875
12,8,exp_a1/200_sq\fg_00ffff_bg_000000.jpg,0.2022705078125
13,1,exp_a1/200_sq\fg_000000_bg_ffffff.jpg,0.174072265625
14,20,exp_a1/200_sq\fg_ffff00_bg_888888.jpg,0.166259765625
15,6,exp_a1/200_sq\fg_00ff00_bg_888888.jpg,0.148681640625
16,4,exp_a1/200_sq\fg_0000ff_bg_ffffff.jpg,0.1461181640625
17,22,exp_a1/200_sq\fg_ffffff_bg_000000.jpg,0.1314697265625
18,15,exp_a1/200_sq\fg_921e3e_bg_ffffff.jpg,0.1256103515625
19,16,exp_a1/200_sq\fg_ff0000_bg_000000.jpg,0.12152099609375
20,17,exp_a1/200_sq\fg_ff0000_bg_888888.jpg,0.1015625
21,9,exp_a1/200_sq\fg_00ffff_bg_888888.jpg,0.10040283203125
22,23,exp_a1/200_sq\fg_ffffff_bg_888888.jpg,0.09893798828125
23,12,exp_a1/200_sq\fg_888888_bg_ffffff.jpg,0.046722412109375
0,9,exp_a1/4_sq\fg_00ffff_bg_888888.jpg,0.405517578125
1,17,exp_a1/4_sq\fg_ff0000_bg_888888.jpg,0.404296875
2,0,exp_a1/4_sq\fg_000000_bg_888888.jpg,0.4013671875
3,3,exp_a1/4_sq\fg_0000ff_bg_888888.jpg,0.400634765625
4,23,exp_a1/4_sq\fg_ffffff_bg_888888.jpg,0.398193359375
5,6,exp_a1/4_sq\fg_00ff00_bg_888888.jpg,0.386962890625
6,20,exp_a1/4_sq\fg_ffff00_bg_888888.jpg,0.385009765625
7,14,exp_a1/4_sq\fg_921e3e_bg_888888.jpg,0.384033203125
8,7,exp_a1/4_sq\fg_00ff00_bg_ffffff.jpg,0.21435546875
9,4,exp_a1/4_sq\fg_0000ff_bg_ffffff.jpg,0.21435546875
10,10,exp_a1/4_sq\fg_00ffff_bg_ffffff.jpg,0.21435546875
11,1,exp_a1/4_sq\fg_000000_bg_ffffff.jpg,0.21435546875
12,18,exp_a1/4_sq\fg_ff0000_bg_ffffff.jpg,0.2142333984375
13,15,exp_a1/4_sq\fg_921e3e_bg_ffffff.jpg,0.2142333984375
14,12,exp_a1/4_sq\fg_888888_bg_ffffff.jpg,0.2142333984375
15,21,exp_a1/4_sq\fg_ffff00_bg_ffffff.jpg,0.2137451171875
16,22,exp_a1/4_sq\fg_ffffff_bg_000000.jpg,0.13623046875
17,13,exp_a1/4_sq\fg_921e3e_bg_000000.jpg,0.1358642578125
18,5,exp_a1/4_sq\fg_00ff00_bg_000000.jpg,0.1358642578125
19,16,exp_a1/4_sq\fg_ff0000_bg_000000.jpg,0.1357421875
20,2,exp_a1/4_sq\fg_0000ff_bg_000000.jpg,0.1357421875
21,19,exp_a1/4_sq\fg_ffff00_bg_000000.jpg,0.1357421875
22,11,exp_a1/4_sq\fg_888888_bg_000000.jpg,0.1356201171875
23,8,exp_a1/4_sq\fg_00ffff_bg_000000.jpg,0.1356201171875
0,14,exp_a1/56_sq\fg_921e3e_bg_888888.jpg,0.400146484375
1,0,exp_a1/56_sq\fg_000000_bg_888888.jpg,0.38427734375
2,9,exp_a1/56_sq\fg_00ffff_bg_888888.jpg,0.3779296875
3,3,exp_a1/56_sq\fg_0000ff_bg_888888.jpg,0.373291015625
4,20,exp_a1/56_sq\fg_ffff00_bg_888888.jpg,0.367919921875
5,6,exp_a1/56_sq\fg_00ff00_bg_888888.jpg,0.36572265625
6,17,exp_a1/56_sq\fg_ff0000_bg_888888.jpg,0.334716796875
7,23,exp_a1/56_sq\fg_ffffff_bg_888888.jpg,0.306640625
8,1,exp_a1/56_sq\fg_000000_bg_ffffff.jpg,0.2464599609375
9,12,exp_a1/56_sq\fg_888888_bg_ffffff.jpg,0.244140625
10,21,exp_a1/56_sq\fg_ffff00_bg_ffffff.jpg,0.240478515625
11,4,exp_a1/56_sq\fg_0000ff_bg_ffffff.jpg,0.2342529296875
12,7,exp_a1/56_sq\fg_00ff00_bg_ffffff.jpg,0.2261962890625
13,10,exp_a1/56_sq\fg_00ffff_bg_ffffff.jpg,0.2244873046875
14,15,exp_a1/56_sq\fg_921e3e_bg_ffffff.jpg,0.2198486328125
15,11,exp_a1/56_sq\fg_888888_bg_000000.jpg,0.2100830078125
16,18,exp_a1/56_sq\fg_ff0000_bg_ffffff.jpg,0.207763671875
17,13,exp_a1/56_sq\fg_921e3e_bg_000000.jpg,0.2066650390625
18,19,exp_a1/56_sq\fg_ffff00_bg_000000.jpg,0.1590576171875
19,22,exp_a1/56_sq\fg_ffffff_bg_000000.jpg,0.154296875
20,8,exp_a1/56_sq\fg_00ffff_bg_000000.jpg,0.1534423828125
21,16,exp_a1/56_sq\fg_ff0000_bg_000000.jpg,0.150390625
22,2,exp_a1/56_sq\fg_0000ff_bg_000000.jpg,0.148681640625
23,5,exp_a1/56_sq\fg_00ff00_bg_000000.jpg,0.148193359375
0,4,exp_a1/colors\bg_888888.jpg,0.40966796875
1,8,exp_a1/colors\bg_ffffff.png,0.2138671875
2,7,exp_a1/colors\bg_ffff00.jpg,0.208984375
3,1,exp_a1/colors\bg_0000ff.jpg,0.2056884765625
4,5,exp_a1/colors\bg_921e3e.jpg,0.2039794921875
5,6,exp_a1/colors\bg_ff0000.jpg,0.2030029296875
6,2,exp_a1/colors\bg_00ff00.jpg,0.1546630859375
7,0,exp_a1/colors\bg_000000.jpg,0.1358642578125
8,3,exp_a1/colors\bg_00ffff.jpg,0.1329345703125
