,Unnamed: 0,filepaths,similarity
0,20,exp_a1/112_sq\fg_ffff00_bg_888888.jpg,0.23095703125
1,1,exp_a1/112_sq\fg_000000_bg_ffffff.jpg,0.227294921875
2,22,exp_a1/112_sq\fg_ffffff_bg_000000.jpg,0.2261962890625
3,17,exp_a1/112_sq\fg_ff0000_bg_888888.jpg,0.2254638671875
4,16,exp_a1/112_sq\fg_ff0000_bg_000000.jpg,0.2244873046875
5,19,exp_a1/112_sq\fg_ffff00_bg_000000.jpg,0.223876953125
6,18,exp_a1/112_sq\fg_ff0000_bg_ffffff.jpg,0.22021484375
7,3,exp_a1/112_sq\fg_0000ff_bg_888888.jpg,0.2196044921875
8,13,exp_a1/112_sq\fg_921e3e_bg_000000.jpg,0.2191162109375
9,10,exp_a1/112_sq\fg_00ffff_bg_ffffff.jpg,0.216064453125
10,0,exp_a1/112_sq\fg_000000_bg_888888.jpg,0.2159423828125
11,23,exp_a1/112_sq\fg_ffffff_bg_888888.jpg,0.215087890625
12,11,exp_a1/112_sq\fg_888888_bg_000000.jpg,0.214111328125
13,14,exp_a1/112_sq\fg_921e3e_bg_888888.jpg,0.2137451171875
14,2,exp_a1/112_sq\fg_0000ff_bg_000000.jpg,0.212890625
15,4,exp_a1/112_sq\fg_0000ff_bg_ffffff.jpg,0.2115478515625
16,21,exp_a1/112_sq\fg_ffff00_bg_ffffff.jpg,0.2115478515625
17,8,exp_a1/112_sq\fg_00ffff_bg_000000.jpg,0.2100830078125
18,15,exp_a1/112_sq\fg_921e3e_bg_ffffff.jpg,0.2060546875
19,9,exp_a1/112_sq\fg_00ffff_bg_888888.jpg,0.2056884765625
20,5,exp_a1/112_sq\fg_00ff00_bg_000000.jpg,0.2030029296875
21,7,exp_a1/112_sq\fg_00ff00_bg_ffffff.jpg,0.2021484375
22,12,exp_a1/112_sq\fg_888888_bg_ffffff.jpg,0.20166015625
23,6,exp_a1/112_sq\fg_00ff00_bg_888888.jpg,0.19873046875
0,11,exp_a1/12_sq\fg_888888_bg_000000.jpg,0.228759765625
1,22,exp_a1/12_sq\fg_ffffff_bg_000000.jpg,0.228515625
2,13,exp_a1/12_sq\fg_921e3e_bg_000000.jpg,0.2265625
3,16,exp_a1/12_sq\fg_ff0000_bg_000000.jpg,0.2197265625
4,2,exp_a1/12_sq\fg_0000ff_bg_000000.jpg,0.217529296875
5,12,exp_a1/12_sq\fg_888888_bg_ffffff.jpg,0.2174072265625
6,8,exp_a1/12_sq\fg_00ffff_bg_000000.jpg,0.21533203125
7,1,exp_a1/12_sq\fg_000000_bg_ffffff.jpg,0.215087890625
8,19,exp_a1/12_sq\fg_ffff00_bg_000000.jpg,0.2119140625
9,5,exp_a1/12_sq\fg_00ff00_bg_000000.jpg,0.2105712890625
10,18,exp_a1/12_sq\fg_ff0000_bg_ffffff.jpg,0.209716796875
11,15,exp_a1/12_sq\fg_921e3e_bg_ffffff.jpg,0.207763671875
12,10,exp_a1/12_sq\fg_00ffff_bg_ffffff.jpg,0.207275390625
13,23,exp_a1/12_sq\fg_ffffff_bg_888888.jpg,0.2034912109375
14,0,exp_a1/12_sq\fg_000000_bg_888888.jpg,0.2021484375
15,14,exp_a1/12_sq\fg_921e3e_bg_888888.jpg,0.201171875
16,17,exp_a1/12_sq\fg_ff0000_bg_888888.jpg,0.1986083984375
17,9,exp_a1/12_sq\fg_00ffff_bg_888888.jpg,0.197265625
18,4,exp_a1/12_sq\fg_0000ff_bg_ffffff.jpg,0.196533203125
19,7,exp_a1/12_sq\fg_00ff00_bg_ffffff.jpg,0.196044921875
20,21,exp_a1/12_sq\fg_ffff00_bg_ffffff.jpg,0.1944580078125
21,3,exp_a1/12_sq\fg_0000ff_bg_888888.jpg,0.1934814453125
22,20,exp_a1/12_sq\fg_ffff00_bg_888888.jpg,0.186767578125
23,6,exp_a1/12_sq\fg_00ff00_bg_888888.jpg,0.1798095703125
0,22,exp_a1/148_sq\fg_ffffff_bg_000000.jpg,0.22802734375
1,16,exp_a1/148_sq\fg_ff0000_bg_000000.jpg,0.226806640625
2,1,exp_a1/148_sq\fg_000000_bg_ffffff.jpg,0.2254638671875
3,15,exp_a1/148_sq\fg_921e3e_bg_ffffff.jpg,0.2227783203125
4,18,exp_a1/148_sq\fg_ff0000_bg_ffffff.jpg,0.220458984375
5,19,exp_a1/148_sq\fg_ffff00_bg_000000.jpg,0.2200927734375
6,11,exp_a1/148_sq\fg_888888_bg_000000.jpg,0.2197265625
7,13,exp_a1/148_sq\fg_921e3e_bg_000000.jpg,0.21923828125
8,0,exp_a1/148_sq\fg_000000_bg_888888.jpg,0.21728515625
9,21,exp_a1/148_sq\fg_ffff00_bg_ffffff.jpg,0.2139892578125
10,8,exp_a1/148_sq\fg_00ffff_bg_000000.jpg,0.2113037109375
11,23,exp_a1/148_sq\fg_ffffff_bg_888888.jpg,0.2100830078125
12,10,exp_a1/148_sq\fg_00ffff_bg_ffffff.jpg,0.2095947265625
13,4,exp_a1/148_sq\fg_0000ff_bg_ffffff.jpg,0.2091064453125
14,7,exp_a1/148_sq\fg_00ff00_bg_ffffff.jpg,0.2088623046875
15,2,exp_a1/148_sq\fg_0000ff_bg_000000.jpg,0.208740234375
16,5,exp_a1/148_sq\fg_00ff00_bg_000000.jpg,0.208251953125
17,17,exp_a1/148_sq\fg_ff0000_bg_888888.jpg,0.20703125
18,12,exp_a1/148_sq\fg_888888_bg_ffffff.jpg,0.2047119140625
19,20,exp_a1/148_sq\fg_ffff00_bg_888888.jpg,0.1988525390625
20,3,exp_a1/148_sq\fg_0000ff_bg_888888.jpg,0.189697265625
21,9,exp_a1/148_sq\fg_00ffff_bg_888888.jpg,0.1859130859375
22,14,exp_a1/148_sq\fg_921e3e_bg_888888.jpg,0.18359375
23,6,exp_a1/148_sq\fg_00ff00_bg_888888.jpg,0.15869140625
0,1,exp_a1/200_sq\fg_000000_bg_ffffff.jpg,0.23046875
1,10,exp_a1/200_sq\fg_00ffff_bg_ffffff.jpg,0.226318359375
2,0,exp_a1/200_sq\fg_000000_bg_888888.jpg,0.2254638671875
3,19,exp_a1/200_sq\fg_ffff00_bg_000000.jpg,0.224365234375
4,18,exp_a1/200_sq\fg_ff0000_bg_ffffff.jpg,0.2227783203125
5,16,exp_a1/200_sq\fg_ff0000_bg_000000.jpg,0.221923828125
6,17,exp_a1/200_sq\fg_ff0000_bg_888888.jpg,0.218994140625
7,15,exp_a1/200_sq\fg_921e3e_bg_ffffff.jpg,0.2186279296875
8,21,exp_a1/200_sq\fg_ffff00_bg_ffffff.jpg,0.21826171875
9,2,exp_a1/200_sq\fg_0000ff_bg_000000.jpg,0.2152099609375
10,8,exp_a1/200_sq\fg_00ffff_bg_000000.jpg,0.2142333984375
11,13,exp_a1/200_sq\fg_921e3e_bg_000000.jpg,0.21337890625
12,23,exp_a1/200_sq\fg_ffffff_bg_888888.jpg,0.2132568359375
13,9,exp_a1/200_sq\fg_00ffff_bg_888888.jpg,0.212646484375
14,20,exp_a1/200_sq\fg_ffff00_bg_888888.jpg,0.2122802734375
15,22,exp_a1/200_sq\fg_ffffff_bg_000000.jpg,0.2117919921875
16,4,exp_a1/200_sq\fg_0000ff_bg_ffffff.jpg,0.2109375
17,7,exp_a1/200_sq\fg_00ff00_bg_ffffff.jpg,0.2103271484375
18,5,exp_a1/200_sq\fg_00ff00_bg_000000.jpg,0.2088623046875
19,6,exp_a1/200_sq\fg_00ff00_bg_888888.jpg,0.2076416015625
20,3,exp_a1/200_sq\fg_0000ff_bg_888888.jpg,0.20703125
21,14,exp_a1/200_sq\fg_921e3e_bg_888888.jpg,0.201904296875
22,12,exp_a1/200_sq\fg_888888_bg_ffffff.jpg,0.1954345703125
23,11,exp_a1/200_sq\fg_888888_bg_000000.jpg,0.190185546875
0,11,exp_a1/4_sq\fg_888888_bg_000000.jpg,0.232177734375
1,13,exp_a1/4_sq\fg_921e3e_bg_000000.jpg,0.2320556640625
2,2,exp_a1/4_sq\fg_0000ff_bg_000000.jpg,0.2318115234375
3,16,exp_a1/4_sq\fg_ff0000_bg_000000.jpg,0.23046875
4,22,exp_a1/4_sq\fg_ffffff_bg_000000.jpg,0.228759765625
5,19,exp_a1/4_sq\fg_ffff00_bg_000000.jpg,0.22802734375
6,5,exp_a1/4_sq\fg_00ff00_bg_000000.jpg,0.226806640625
7,8,exp_a1/4_sq\fg_00ffff_bg_000000.jpg,0.2257080078125
8,0,exp_a1/4_sq\fg_000000_bg_888888.jpg,0.21923828125
9,9,exp_a1/4_sq\fg_00ffff_bg_888888.jpg,0.216064453125
10,18,exp_a1/4_sq\fg_ff0000_bg_ffffff.jpg,0.21435546875
11,12,exp_a1/4_sq\fg_888888_bg_ffffff.jpg,0.2138671875
12,1,exp_a1/4_sq\fg_000000_bg_ffffff.jpg,0.2117919921875
13,6,exp_a1/4_sq\fg_00ff00_bg_888888.jpg,0.2091064453125
14,3,exp_a1/4_sq\fg_0000ff_bg_888888.jpg,0.2078857421875
15,10,exp_a1/4_sq\fg_00ffff_bg_ffffff.jpg,0.206787109375
16,23,exp_a1/4_sq\fg_ffffff_bg_888888.jpg,0.2052001953125
17,15,exp_a1/4_sq\fg_921e3e_bg_ffffff.jpg,0.204833984375
18,7,exp_a1/4_sq\fg_00ff00_bg_ffffff.jpg,0.2044677734375
19,20,exp_a1/4_sq\fg_ffff00_bg_888888.jpg,0.203125
20,14,exp_a1/4_sq\fg_921e3e_bg_888888.jpg,0.1993408203125
21,4,exp_a1/4_sq\fg_0000ff_bg_ffffff.jpg,0.1986083984375
22,21,exp_a1/4_sq\fg_ffff00_bg_ffffff.jpg,0.197509765625
23,17,exp_a1/4_sq\fg_ff0000_bg_888888.jpg,0.1964111328125
0,17,exp_a1/56_sq\fg_ff0000_bg_888888.jpg,0.2332763671875
1,20,exp_a1/56_sq\fg_ffff00_bg_888888.jpg,0.232666015625
2,22,exp_a1/56_sq\fg_ffffff_bg_000000.jpg,0.23193359375
3,11,exp_a1/56_sq\fg_888888_bg_000000.jpg,0.2308349609375
4,16,exp_a1/56_sq\fg_ff0000_bg_000000.jpg,0.22802734375
5,13,exp_a1/56_sq\fg_921e3e_bg_000000.jpg,0.2266845703125
6,1,exp_a1/56_sq\fg_000000_bg_ffffff.jpg,0.2266845703125
7,2,exp_a1/56_sq\fg_0000ff_bg_000000.jpg,0.22509765625
8,8,exp_a1/56_sq\fg_00ffff_bg_000000.jpg,0.22314453125
9,14,exp_a1/56_sq\fg_921e3e_bg_888888.jpg,0.22119140625
10,3,exp_a1/56_sq\fg_0000ff_bg_888888.jpg,0.217529296875
11,19,exp_a1/56_sq\fg_ffff00_bg_000000.jpg,0.2169189453125
12,23,exp_a1/56_sq\fg_ffffff_bg_888888.jpg,0.216552734375
13,0,exp_a1/56_sq\fg_000000_bg_888888.jpg,0.216064453125
14,4,exp_a1/56_sq\fg_0000ff_bg_ffffff.jpg,0.2159423828125
15,12,exp_a1/56_sq\fg_888888_bg_ffffff.jpg,0.2156982421875
16,10,exp_a1/56_sq\fg_00ffff_bg_ffffff.jpg,0.2144775390625
17,5,exp_a1/56_sq\fg_00ff00_bg_000000.jpg,0.2139892578125
18,18,exp_a1/56_sq\fg_ff0000_bg_ffffff.jpg,0.213134765625
19,15,exp_a1/56_sq\fg_921e3e_bg_ffffff.jpg,0.2098388671875
20,21,exp_a1/56_sq\fg_ffff00_bg_ffffff.jpg,0.2093505859375
21,7,exp_a1/56_sq\fg_00ff00_bg_ffffff.jpg,0.206298828125
22,9,exp_a1/56_sq\fg_00ffff_bg_888888.jpg,0.1943359375
23,6,exp_a1/56_sq\fg_00ff00_bg_888888.jpg,0.191650390625
0,0,exp_a1/colors\bg_000000.jpg,0.2332763671875
1,8,exp_a1/colors\bg_ffffff.png,0.2265625
2,5,exp_a1/colors\bg_921e3e.jpg,0.222900390625
3,3,exp_a1/colors\bg_00ffff.jpg,0.2197265625
4,7,exp_a1/colors\bg_ffff00.jpg,0.21826171875
5,6,exp_a1/colors\bg_ff0000.jpg,0.218017578125
6,1,exp_a1/colors\bg_0000ff.jpg,0.215576171875
7,4,exp_a1/colors\bg_888888.jpg,0.21142578125
8,2,exp_a1/colors\bg_00ff00.jpg,0.2037353515625
