,Unnamed: 0,filepaths,similarity
0,6,exp_a1/112_sq\fg_00ff00_bg_888888.jpg,0.309814453125
1,14,exp_a1/112_sq\fg_921e3e_bg_888888.jpg,0.301513671875
2,21,exp_a1/112_sq\fg_ffff00_bg_ffffff.jpg,0.272216796875
3,10,exp_a1/112_sq\fg_00ffff_bg_ffffff.jpg,0.263916015625
4,9,exp_a1/112_sq\fg_00ffff_bg_888888.jpg,0.26025390625
5,1,exp_a1/112_sq\fg_000000_bg_ffffff.jpg,0.25732421875
6,12,exp_a1/112_sq\fg_888888_bg_ffffff.jpg,0.24951171875
7,18,exp_a1/112_sq\fg_ff0000_bg_ffffff.jpg,0.246826171875
8,3,exp_a1/112_sq\fg_0000ff_bg_888888.jpg,0.2457275390625
9,13,exp_a1/112_sq\fg_921e3e_bg_000000.jpg,0.23779296875
10,11,exp_a1/112_sq\fg_888888_bg_000000.jpg,0.2349853515625
11,7,exp_a1/112_sq\fg_00ff00_bg_ffffff.jpg,0.233154296875
12,4,exp_a1/112_sq\fg_0000ff_bg_ffffff.jpg,0.2288818359375
13,15,exp_a1/112_sq\fg_921e3e_bg_ffffff.jpg,0.227294921875
14,5,exp_a1/112_sq\fg_00ff00_bg_000000.jpg,0.2197265625
15,8,exp_a1/112_sq\fg_00ffff_bg_000000.jpg,0.2030029296875
16,2,exp_a1/112_sq\fg_0000ff_bg_000000.jpg,0.1856689453125
17,0,exp_a1/112_sq\fg_000000_bg_888888.jpg,0.1834716796875
18,19,exp_a1/112_sq\fg_ffff00_bg_000000.jpg,0.182373046875
19,22,exp_a1/112_sq\fg_ffffff_bg_000000.jpg,0.1646728515625
20,16,exp_a1/112_sq\fg_ff0000_bg_000000.jpg,0.1640625
21,20,exp_a1/112_sq\fg_ffff00_bg_888888.jpg,0.16015625
22,23,exp_a1/112_sq\fg_ffffff_bg_888888.jpg,0.14111328125
23,17,exp_a1/112_sq\fg_ff0000_bg_888888.jpg,0.1395263671875
0,14,exp_a1/12_sq\fg_921e3e_bg_888888.jpg,0.344970703125
1,3,exp_a1/12_sq\fg_0000ff_bg_888888.jpg,0.33984375
2,23,exp_a1/12_sq\fg_ffffff_bg_888888.jpg,0.339111328125
3,0,exp_a1/12_sq\fg_000000_bg_888888.jpg,0.336181640625
4,17,exp_a1/12_sq\fg_ff0000_bg_888888.jpg,0.3232421875
5,20,exp_a1/12_sq\fg_ffff00_bg_888888.jpg,0.322509765625
6,9,exp_a1/12_sq\fg_00ffff_bg_888888.jpg,0.317138671875
7,6,exp_a1/12_sq\fg_00ff00_bg_888888.jpg,0.31494140625
8,12,exp_a1/12_sq\fg_888888_bg_ffffff.jpg,0.260498046875
9,15,exp_a1/12_sq\fg_921e3e_bg_ffffff.jpg,0.260009765625
10,4,exp_a1/12_sq\fg_0000ff_bg_ffffff.jpg,0.2587890625
11,1,exp_a1/12_sq\fg_000000_bg_ffffff.jpg,0.257080078125
12,21,exp_a1/12_sq\fg_ffff00_bg_ffffff.jpg,0.256591796875
13,7,exp_a1/12_sq\fg_00ff00_bg_ffffff.jpg,0.25634765625
14,10,exp_a1/12_sq\fg_00ffff_bg_ffffff.jpg,0.256103515625
15,18,exp_a1/12_sq\fg_ff0000_bg_ffffff.jpg,0.256103515625
16,22,exp_a1/12_sq\fg_ffffff_bg_000000.jpg,0.1558837890625
17,16,exp_a1/12_sq\fg_ff0000_bg_000000.jpg,0.1556396484375
18,11,exp_a1/12_sq\fg_888888_bg_000000.jpg,0.155517578125
19,8,exp_a1/12_sq\fg_00ffff_bg_000000.jpg,0.1553955078125
20,5,exp_a1/12_sq\fg_00ff00_bg_000000.jpg,0.1551513671875
21,19,exp_a1/12_sq\fg_ffff00_bg_000000.jpg,0.155029296875
22,13,exp_a1/12_sq\fg_921e3e_bg_000000.jpg,0.154541015625
23,2,exp_a1/12_sq\fg_0000ff_bg_000000.jpg,0.154541015625
0,21,exp_a1/148_sq\fg_ffff00_bg_ffffff.jpg,0.28515625
1,10,exp_a1/148_sq\fg_00ffff_bg_ffffff.jpg,0.276611328125
2,1,exp_a1/148_sq\fg_000000_bg_ffffff.jpg,0.264892578125
3,7,exp_a1/148_sq\fg_00ff00_bg_ffffff.jpg,0.252685546875
4,6,exp_a1/148_sq\fg_00ff00_bg_888888.jpg,0.252197265625
5,18,exp_a1/148_sq\fg_ff0000_bg_ffffff.jpg,0.2509765625
6,4,exp_a1/148_sq\fg_0000ff_bg_ffffff.jpg,0.2431640625
7,13,exp_a1/148_sq\fg_921e3e_bg_000000.jpg,0.2333984375
8,5,exp_a1/148_sq\fg_00ff00_bg_000000.jpg,0.2333984375
9,12,exp_a1/148_sq\fg_888888_bg_ffffff.jpg,0.2281494140625
10,11,exp_a1/148_sq\fg_888888_bg_000000.jpg,0.214111328125
11,2,exp_a1/148_sq\fg_0000ff_bg_000000.jpg,0.2078857421875
12,8,exp_a1/148_sq\fg_00ffff_bg_000000.jpg,0.1923828125
13,19,exp_a1/148_sq\fg_ffff00_bg_000000.jpg,0.1871337890625
14,15,exp_a1/148_sq\fg_921e3e_bg_ffffff.jpg,0.1829833984375
15,14,exp_a1/148_sq\fg_921e3e_bg_888888.jpg,0.15283203125
16,3,exp_a1/148_sq\fg_0000ff_bg_888888.jpg,0.141357421875
17,0,exp_a1/148_sq\fg_000000_bg_888888.jpg,0.12744140625
18,9,exp_a1/148_sq\fg_00ffff_bg_888888.jpg,0.126708984375
19,20,exp_a1/148_sq\fg_ffff00_bg_888888.jpg,0.12646484375
20,22,exp_a1/148_sq\fg_ffffff_bg_000000.jpg,0.09979248046875
21,17,exp_a1/148_sq\fg_ff0000_bg_888888.jpg,0.0985107421875
22,23,exp_a1/148_sq\fg_ffffff_bg_888888.jpg,0.093505859375
23,16,exp_a1/148_sq\fg_ff0000_bg_000000.jpg,0.0816650390625
0,5,exp_a1/200_sq\fg_00ff00_bg_000000.jpg,0.27685546875
1,11,exp_a1/200_sq\fg_888888_bg_000000.jpg,0.27197265625
2,10,exp_a1/200_sq\fg_00ffff_bg_ffffff.jpg,0.263427734375
3,19,exp_a1/200_sq\fg_ffff00_bg_000000.jpg,0.255859375
4,18,exp_a1/200_sq\fg_ff0000_bg_ffffff.jpg,0.25146484375
5,8,exp_a1/200_sq\fg_00ffff_bg_000000.jpg,0.2314453125
6,13,exp_a1/200_sq\fg_921e3e_bg_000000.jpg,0.2271728515625
7,21,exp_a1/200_sq\fg_ffff00_bg_ffffff.jpg,0.2261962890625
8,7,exp_a1/200_sq\fg_00ff00_bg_ffffff.jpg,0.220703125
9,2,exp_a1/200_sq\fg_0000ff_bg_000000.jpg,0.20654296875
10,0,exp_a1/200_sq\fg_000000_bg_888888.jpg,0.1837158203125
11,6,exp_a1/200_sq\fg_00ff00_bg_888888.jpg,0.18115234375
12,22,exp_a1/200_sq\fg_ffffff_bg_000000.jpg,0.180908203125
13,16,exp_a1/200_sq\fg_ff0000_bg_000000.jpg,0.1746826171875
14,1,exp_a1/200_sq\fg_000000_bg_ffffff.jpg,0.1712646484375
15,20,exp_a1/200_sq\fg_ffff00_bg_888888.jpg,0.1683349609375
16,14,exp_a1/200_sq\fg_921e3e_bg_888888.jpg,0.1531982421875
17,3,exp_a1/200_sq\fg_0000ff_bg_888888.jpg,0.1455078125
18,4,exp_a1/200_sq\fg_0000ff_bg_ffffff.jpg,0.13623046875
19,17,exp_a1/200_sq\fg_ff0000_bg_888888.jpg,0.1334228515625
20,23,exp_a1/200_sq\fg_ffffff_bg_888888.jpg,0.13134765625
21,15,exp_a1/200_sq\fg_921e3e_bg_ffffff.jpg,0.11029052734375
22,9,exp_a1/200_sq\fg_00ffff_bg_888888.jpg,0.10687255859375
23,12,exp_a1/200_sq\fg_888888_bg_ffffff.jpg,0.0321044921875
0,9,exp_a1/4_sq\fg_00ffff_bg_888888.jpg,0.37060546875
1,0,exp_a1/4_sq\fg_000000_bg_888888.jpg,0.368896484375
2,3,exp_a1/4_sq\fg_0000ff_bg_888888.jpg,0.3642578125
3,14,exp_a1/4_sq\fg_921e3e_bg_888888.jpg,0.36181640625
4,20,exp_a1/4_sq\fg_ffff00_bg_888888.jpg,0.359375
5,23,exp_a1/4_sq\fg_ffffff_bg_888888.jpg,0.358642578125
6,17,exp_a1/4_sq\fg_ff0000_bg_888888.jpg,0.3583984375
7,6,exp_a1/4_sq\fg_00ff00_bg_888888.jpg,0.35302734375
8,10,exp_a1/4_sq\fg_00ffff_bg_ffffff.jpg,0.256103515625
9,15,exp_a1/4_sq\fg_921e3e_bg_ffffff.jpg,0.256103515625
10,1,exp_a1/4_sq\fg_000000_bg_ffffff.jpg,0.255859375
11,4,exp_a1/4_sq\fg_0000ff_bg_ffffff.jpg,0.255859375
12,7,exp_a1/4_sq\fg_00ff00_bg_ffffff.jpg,0.255859375
13,18,exp_a1/4_sq\fg_ff0000_bg_ffffff.jpg,0.255859375
14,12,exp_a1/4_sq\fg_888888_bg_ffffff.jpg,0.255859375
15,21,exp_a1/4_sq\fg_ffff00_bg_ffffff.jpg,0.25537109375
16,22,exp_a1/4_sq\fg_ffffff_bg_000000.jpg,0.1552734375
17,2,exp_a1/4_sq\fg_0000ff_bg_000000.jpg,0.1551513671875
18,16,exp_a1/4_sq\fg_ff0000_bg_000000.jpg,0.155029296875
19,5,exp_a1/4_sq\fg_00ff00_bg_000000.jpg,0.1549072265625
20,11,exp_a1/4_sq\fg_888888_bg_000000.jpg,0.1549072265625
21,13,exp_a1/4_sq\fg_921e3e_bg_000000.jpg,0.1549072265625
22,8,exp_a1/4_sq\fg_00ffff_bg_000000.jpg,0.1549072265625
23,19,exp_a1/4_sq\fg_ffff00_bg_000000.jpg,0.1549072265625
0,14,exp_a1/56_sq\fg_921e3e_bg_888888.jpg,0.3603515625
1,6,exp_a1/56_sq\fg_00ff00_bg_888888.jpg,0.35498046875
2,3,exp_a1/56_sq\fg_0000ff_bg_888888.jpg,0.346923828125
3,0,exp_a1/56_sq\fg_000000_bg_888888.jpg,0.3447265625
4,9,exp_a1/56_sq\fg_00ffff_bg_888888.jpg,0.33544921875
5,20,exp_a1/56_sq\fg_ffff00_bg_888888.jpg,0.31787109375
6,21,exp_a1/56_sq\fg_ffff00_bg_ffffff.jpg,0.279052734375
7,1,exp_a1/56_sq\fg_000000_bg_ffffff.jpg,0.2783203125
8,12,exp_a1/56_sq\fg_888888_bg_ffffff.jpg,0.275634765625
9,4,exp_a1/56_sq\fg_0000ff_bg_ffffff.jpg,0.2705078125
10,10,exp_a1/56_sq\fg_00ffff_bg_ffffff.jpg,0.26416015625
11,7,exp_a1/56_sq\fg_00ff00_bg_ffffff.jpg,0.257080078125
12,15,exp_a1/56_sq\fg_921e3e_bg_ffffff.jpg,0.255859375
13,17,exp_a1/56_sq\fg_ff0000_bg_888888.jpg,0.252685546875
14,18,exp_a1/56_sq\fg_ff0000_bg_ffffff.jpg,0.24755859375
15,11,exp_a1/56_sq\fg_888888_bg_000000.jpg,0.218994140625
16,13,exp_a1/56_sq\fg_921e3e_bg_000000.jpg,0.216064453125
17,23,exp_a1/56_sq\fg_ffffff_bg_888888.jpg,0.212646484375
18,19,exp_a1/56_sq\fg_ffff00_bg_000000.jpg,0.1700439453125
19,22,exp_a1/56_sq\fg_ffffff_bg_000000.jpg,0.16748046875
20,16,exp_a1/56_sq\fg_ff0000_bg_000000.jpg,0.1661376953125
21,2,exp_a1/56_sq\fg_0000ff_bg_000000.jpg,0.1591796875
22,8,exp_a1/56_sq\fg_00ffff_bg_000000.jpg,0.158203125
23,5,exp_a1/56_sq\fg_00ff00_bg_000000.jpg,0.1563720703125
0,4,exp_a1/colors\bg_888888.jpg,0.387451171875
1,8,exp_a1/colors\bg_ffffff.png,0.255859375
2,7,exp_a1/colors\bg_ffff00.jpg,0.252197265625
3,6,exp_a1/colors\bg_ff0000.jpg,0.214111328125
4,1,exp_a1/colors\bg_0000ff.jpg,0.2069091796875
5,2,exp_a1/colors\bg_00ff00.jpg,0.1976318359375
6,5,exp_a1/colors\bg_921e3e.jpg,0.197265625
7,3,exp_a1/colors\bg_00ffff.jpg,0.183349609375
8,0,exp_a1/colors\bg_000000.jpg,0.1551513671875
