,Unnamed: 0,filepaths,similarity
0,6,exp_a1/112_sq\fg_00ff00_bg_888888.jpg,0.3525390625
1,14,exp_a1/112_sq\fg_921e3e_bg_888888.jpg,0.304931640625
2,9,exp_a1/112_sq\fg_00ffff_bg_888888.jpg,0.304931640625
3,21,exp_a1/112_sq\fg_ffff00_bg_ffffff.jpg,0.281982421875
4,12,exp_a1/112_sq\fg_888888_bg_ffffff.jpg,0.279541015625
5,10,exp_a1/112_sq\fg_00ffff_bg_ffffff.jpg,0.279296875
6,1,exp_a1/112_sq\fg_000000_bg_ffffff.jpg,0.275390625
7,5,exp_a1/112_sq\fg_00ff00_bg_000000.jpg,0.269775390625
8,4,exp_a1/112_sq\fg_0000ff_bg_ffffff.jpg,0.2685546875
9,11,exp_a1/112_sq\fg_888888_bg_000000.jpg,0.26171875
10,7,exp_a1/112_sq\fg_00ff00_bg_ffffff.jpg,0.260009765625
11,13,exp_a1/112_sq\fg_921e3e_bg_000000.jpg,0.250244140625
12,3,exp_a1/112_sq\fg_0000ff_bg_888888.jpg,0.247314453125
13,8,exp_a1/112_sq\fg_00ffff_bg_000000.jpg,0.2421875
14,15,exp_a1/112_sq\fg_921e3e_bg_ffffff.jpg,0.236328125
15,2,exp_a1/112_sq\fg_0000ff_bg_000000.jpg,0.232177734375
16,18,exp_a1/112_sq\fg_ff0000_bg_ffffff.jpg,0.22900390625
17,19,exp_a1/112_sq\fg_ffff00_bg_000000.jpg,0.226806640625
18,16,exp_a1/112_sq\fg_ff0000_bg_000000.jpg,0.1998291015625
19,22,exp_a1/112_sq\fg_ffffff_bg_000000.jpg,0.197021484375
20,23,exp_a1/112_sq\fg_ffffff_bg_888888.jpg,0.173095703125
21,17,exp_a1/112_sq\fg_ff0000_bg_888888.jpg,0.1685791015625
22,20,exp_a1/112_sq\fg_ffff00_bg_888888.jpg,0.166259765625
23,0,exp_a1/112_sq\fg_000000_bg_888888.jpg,0.163330078125
0,14,exp_a1/12_sq\fg_921e3e_bg_888888.jpg,0.41455078125
1,23,exp_a1/12_sq\fg_ffffff_bg_888888.jpg,0.4140625
2,17,exp_a1/12_sq\fg_ff0000_bg_888888.jpg,0.41162109375
3,0,exp_a1/12_sq\fg_000000_bg_888888.jpg,0.40673828125
4,3,exp_a1/12_sq\fg_0000ff_bg_888888.jpg,0.406494140625
5,6,exp_a1/12_sq\fg_00ff00_bg_888888.jpg,0.4033203125
6,9,exp_a1/12_sq\fg_00ffff_bg_888888.jpg,0.40234375
7,20,exp_a1/12_sq\fg_ffff00_bg_888888.jpg,0.392822265625
8,12,exp_a1/12_sq\fg_888888_bg_ffffff.jpg,0.2425537109375
9,15,exp_a1/12_sq\fg_921e3e_bg_ffffff.jpg,0.24169921875
10,4,exp_a1/12_sq\fg_0000ff_bg_ffffff.jpg,0.2396240234375
11,1,exp_a1/12_sq\fg_000000_bg_ffffff.jpg,0.2381591796875
12,18,exp_a1/12_sq\fg_ff0000_bg_ffffff.jpg,0.2374267578125
13,21,exp_a1/12_sq\fg_ffff00_bg_ffffff.jpg,0.2373046875
14,7,exp_a1/12_sq\fg_00ff00_bg_ffffff.jpg,0.2371826171875
15,10,exp_a1/12_sq\fg_00ffff_bg_ffffff.jpg,0.237060546875
16,22,exp_a1/12_sq\fg_ffffff_bg_000000.jpg,0.1920166015625
17,16,exp_a1/12_sq\fg_ff0000_bg_000000.jpg,0.191162109375
18,11,exp_a1/12_sq\fg_888888_bg_000000.jpg,0.1910400390625
19,8,exp_a1/12_sq\fg_00ffff_bg_000000.jpg,0.189453125
20,19,exp_a1/12_sq\fg_ffff00_bg_000000.jpg,0.189453125
21,5,exp_a1/12_sq\fg_00ff00_bg_000000.jpg,0.18896484375
22,13,exp_a1/12_sq\fg_921e3e_bg_000000.jpg,0.1885986328125
23,2,exp_a1/12_sq\fg_0000ff_bg_000000.jpg,0.18798828125
0,21,exp_a1/148_sq\fg_ffff00_bg_ffffff.jpg,0.300537109375
1,6,exp_a1/148_sq\fg_00ff00_bg_888888.jpg,0.294921875
2,10,exp_a1/148_sq\fg_00ffff_bg_ffffff.jpg,0.293212890625
3,1,exp_a1/148_sq\fg_000000_bg_ffffff.jpg,0.29052734375
4,5,exp_a1/148_sq\fg_00ff00_bg_000000.jpg,0.27392578125
5,12,exp_a1/148_sq\fg_888888_bg_ffffff.jpg,0.26953125
6,4,exp_a1/148_sq\fg_0000ff_bg_ffffff.jpg,0.26953125
7,7,exp_a1/148_sq\fg_00ff00_bg_ffffff.jpg,0.256591796875
8,2,exp_a1/148_sq\fg_0000ff_bg_000000.jpg,0.255859375
9,13,exp_a1/148_sq\fg_921e3e_bg_000000.jpg,0.2420654296875
10,11,exp_a1/148_sq\fg_888888_bg_000000.jpg,0.2315673828125
11,19,exp_a1/148_sq\fg_ffff00_bg_000000.jpg,0.2259521484375
12,18,exp_a1/148_sq\fg_ff0000_bg_ffffff.jpg,0.2244873046875
13,8,exp_a1/148_sq\fg_00ffff_bg_000000.jpg,0.21533203125
14,15,exp_a1/148_sq\fg_921e3e_bg_ffffff.jpg,0.187744140625
15,9,exp_a1/148_sq\fg_00ffff_bg_888888.jpg,0.1673583984375
16,20,exp_a1/148_sq\fg_ffff00_bg_888888.jpg,0.1466064453125
17,14,exp_a1/148_sq\fg_921e3e_bg_888888.jpg,0.1339111328125
18,22,exp_a1/148_sq\fg_ffffff_bg_000000.jpg,0.1326904296875
19,17,exp_a1/148_sq\fg_ff0000_bg_888888.jpg,0.132080078125
20,3,exp_a1/148_sq\fg_0000ff_bg_888888.jpg,0.12493896484375
21,23,exp_a1/148_sq\fg_ffffff_bg_888888.jpg,0.1226806640625
22,16,exp_a1/148_sq\fg_ff0000_bg_000000.jpg,0.11126708984375
23,0,exp_a1/148_sq\fg_000000_bg_888888.jpg,0.10369873046875
0,5,exp_a1/200_sq\fg_00ff00_bg_000000.jpg,0.295654296875
1,19,exp_a1/200_sq\fg_ffff00_bg_000000.jpg,0.293701171875
2,11,exp_a1/200_sq\fg_888888_bg_000000.jpg,0.278564453125
3,21,exp_a1/200_sq\fg_ffff00_bg_ffffff.jpg,0.250244140625
4,8,exp_a1/200_sq\fg_00ffff_bg_000000.jpg,0.25
5,10,exp_a1/200_sq\fg_00ffff_bg_ffffff.jpg,0.23828125
6,2,exp_a1/200_sq\fg_0000ff_bg_000000.jpg,0.237548828125
7,13,exp_a1/200_sq\fg_921e3e_bg_000000.jpg,0.236083984375
8,18,exp_a1/200_sq\fg_ff0000_bg_ffffff.jpg,0.234375
9,22,exp_a1/200_sq\fg_ffffff_bg_000000.jpg,0.2213134765625
10,16,exp_a1/200_sq\fg_ff0000_bg_000000.jpg,0.21484375
11,0,exp_a1/200_sq\fg_000000_bg_888888.jpg,0.209716796875
12,7,exp_a1/200_sq\fg_00ff00_bg_ffffff.jpg,0.2020263671875
13,20,exp_a1/200_sq\fg_ffff00_bg_888888.jpg,0.1951904296875
14,6,exp_a1/200_sq\fg_00ff00_bg_888888.jpg,0.1795654296875
15,1,exp_a1/200_sq\fg_000000_bg_ffffff.jpg,0.156005859375
16,3,exp_a1/200_sq\fg_0000ff_bg_888888.jpg,0.15478515625
17,17,exp_a1/200_sq\fg_ff0000_bg_888888.jpg,0.15478515625
18,23,exp_a1/200_sq\fg_ffffff_bg_888888.jpg,0.1524658203125
19,4,exp_a1/200_sq\fg_0000ff_bg_ffffff.jpg,0.14306640625
20,14,exp_a1/200_sq\fg_921e3e_bg_888888.jpg,0.1402587890625
21,15,exp_a1/200_sq\fg_921e3e_bg_ffffff.jpg,0.11993408203125
22,9,exp_a1/200_sq\fg_00ffff_bg_888888.jpg,0.1080322265625
23,12,exp_a1/200_sq\fg_888888_bg_ffffff.jpg,0.0252685546875
0,3,exp_a1/4_sq\fg_0000ff_bg_888888.jpg,0.4150390625
1,0,exp_a1/4_sq\fg_000000_bg_888888.jpg,0.4130859375
2,14,exp_a1/4_sq\fg_921e3e_bg_888888.jpg,0.412841796875
3,20,exp_a1/4_sq\fg_ffff00_bg_888888.jpg,0.410400390625
4,9,exp_a1/4_sq\fg_00ffff_bg_888888.jpg,0.409912109375
5,23,exp_a1/4_sq\fg_ffffff_bg_888888.jpg,0.40869140625
6,17,exp_a1/4_sq\fg_ff0000_bg_888888.jpg,0.408447265625
7,6,exp_a1/4_sq\fg_00ff00_bg_888888.jpg,0.40771484375
8,10,exp_a1/4_sq\fg_00ffff_bg_ffffff.jpg,0.23779296875
9,4,exp_a1/4_sq\fg_0000ff_bg_ffffff.jpg,0.237548828125
10,18,exp_a1/4_sq\fg_ff0000_bg_ffffff.jpg,0.2374267578125
11,15,exp_a1/4_sq\fg_921e3e_bg_ffffff.jpg,0.2374267578125
12,1,exp_a1/4_sq\fg_000000_bg_ffffff.jpg,0.2373046875
13,7,exp_a1/4_sq\fg_00ff00_bg_ffffff.jpg,0.2373046875
14,12,exp_a1/4_sq\fg_888888_bg_ffffff.jpg,0.2373046875
15,21,exp_a1/4_sq\fg_ffff00_bg_ffffff.jpg,0.2371826171875
16,22,exp_a1/4_sq\fg_ffffff_bg_000000.jpg,0.1885986328125
17,5,exp_a1/4_sq\fg_00ff00_bg_000000.jpg,0.188232421875
18,13,exp_a1/4_sq\fg_921e3e_bg_000000.jpg,0.1881103515625
19,11,exp_a1/4_sq\fg_888888_bg_000000.jpg,0.18798828125
20,16,exp_a1/4_sq\fg_ff0000_bg_000000.jpg,0.18798828125
21,8,exp_a1/4_sq\fg_00ffff_bg_000000.jpg,0.1878662109375
22,19,exp_a1/4_sq\fg_ffff00_bg_000000.jpg,0.1878662109375
23,2,exp_a1/4_sq\fg_0000ff_bg_000000.jpg,0.1878662109375
0,6,exp_a1/56_sq\fg_00ff00_bg_888888.jpg,0.41259765625
1,14,exp_a1/56_sq\fg_921e3e_bg_888888.jpg,0.399658203125
2,3,exp_a1/56_sq\fg_0000ff_bg_888888.jpg,0.392822265625
3,9,exp_a1/56_sq\fg_00ffff_bg_888888.jpg,0.376953125
4,0,exp_a1/56_sq\fg_000000_bg_888888.jpg,0.373779296875
5,20,exp_a1/56_sq\fg_ffff00_bg_888888.jpg,0.340576171875
6,17,exp_a1/56_sq\fg_ff0000_bg_888888.jpg,0.27978515625
7,21,exp_a1/56_sq\fg_ffff00_bg_ffffff.jpg,0.276611328125
8,1,exp_a1/56_sq\fg_000000_bg_ffffff.jpg,0.275634765625
9,12,exp_a1/56_sq\fg_888888_bg_ffffff.jpg,0.275146484375
10,4,exp_a1/56_sq\fg_0000ff_bg_ffffff.jpg,0.269775390625
11,10,exp_a1/56_sq\fg_00ffff_bg_ffffff.jpg,0.25927734375
12,7,exp_a1/56_sq\fg_00ff00_bg_ffffff.jpg,0.257568359375
13,15,exp_a1/56_sq\fg_921e3e_bg_ffffff.jpg,0.257568359375
14,13,exp_a1/56_sq\fg_921e3e_bg_000000.jpg,0.25
15,11,exp_a1/56_sq\fg_888888_bg_000000.jpg,0.2335205078125
16,18,exp_a1/56_sq\fg_ff0000_bg_ffffff.jpg,0.23095703125
17,23,exp_a1/56_sq\fg_ffffff_bg_888888.jpg,0.2257080078125
18,19,exp_a1/56_sq\fg_ffff00_bg_000000.jpg,0.218994140625
19,22,exp_a1/56_sq\fg_ffffff_bg_000000.jpg,0.21142578125
20,8,exp_a1/56_sq\fg_00ffff_bg_000000.jpg,0.207275390625
21,16,exp_a1/56_sq\fg_ff0000_bg_000000.jpg,0.205322265625
22,5,exp_a1/56_sq\fg_00ff00_bg_000000.jpg,0.2020263671875
23,2,exp_a1/56_sq\fg_0000ff_bg_000000.jpg,0.200439453125
0,4,exp_a1/colors\bg_888888.jpg,0.400146484375
1,6,exp_a1/colors\bg_ff0000.jpg,0.24462890625
2,5,exp_a1/colors\bg_921e3e.jpg,0.243408203125
3,8,exp_a1/colors\bg_ffffff.png,0.2379150390625
4,7,exp_a1/colors\bg_ffff00.jpg,0.2318115234375
5,1,exp_a1/colors\bg_0000ff.jpg,0.2315673828125
6,2,exp_a1/colors\bg_00ff00.jpg,0.2091064453125
7,0,exp_a1/colors\bg_000000.jpg,0.1881103515625
8,3,exp_a1/colors\bg_00ffff.jpg,0.1827392578125
