,Unnamed: 0,filepaths,similarity
0,6,exp_a1/112_sq\fg_00ff00_bg_888888.jpg,0.32666015625
1,14,exp_a1/112_sq\fg_921e3e_bg_888888.jpg,0.31787109375
2,21,exp_a1/112_sq\fg_ffff00_bg_ffffff.jpg,0.31494140625
3,10,exp_a1/112_sq\fg_00ffff_bg_ffffff.jpg,0.309326171875
4,1,exp_a1/112_sq\fg_000000_bg_ffffff.jpg,0.297607421875
5,4,exp_a1/112_sq\fg_0000ff_bg_ffffff.jpg,0.29541015625
6,9,exp_a1/112_sq\fg_00ffff_bg_888888.jpg,0.289794921875
7,12,exp_a1/112_sq\fg_888888_bg_ffffff.jpg,0.283203125
8,15,exp_a1/112_sq\fg_921e3e_bg_ffffff.jpg,0.28125
9,18,exp_a1/112_sq\fg_ff0000_bg_ffffff.jpg,0.281005859375
10,7,exp_a1/112_sq\fg_00ff00_bg_ffffff.jpg,0.2802734375
11,11,exp_a1/112_sq\fg_888888_bg_000000.jpg,0.270751953125
12,3,exp_a1/112_sq\fg_0000ff_bg_888888.jpg,0.25830078125
13,5,exp_a1/112_sq\fg_00ff00_bg_000000.jpg,0.252197265625
14,13,exp_a1/112_sq\fg_921e3e_bg_000000.jpg,0.23876953125
15,8,exp_a1/112_sq\fg_00ffff_bg_000000.jpg,0.2236328125
16,22,exp_a1/112_sq\fg_ffffff_bg_000000.jpg,0.2205810546875
17,16,exp_a1/112_sq\fg_ff0000_bg_000000.jpg,0.218994140625
18,2,exp_a1/112_sq\fg_0000ff_bg_000000.jpg,0.206787109375
19,19,exp_a1/112_sq\fg_ffff00_bg_000000.jpg,0.1988525390625
20,0,exp_a1/112_sq\fg_000000_bg_888888.jpg,0.193603515625
21,20,exp_a1/112_sq\fg_ffff00_bg_888888.jpg,0.18798828125
22,23,exp_a1/112_sq\fg_ffffff_bg_888888.jpg,0.16015625
23,17,exp_a1/112_sq\fg_ff0000_bg_888888.jpg,0.15576171875
0,3,exp_a1/12_sq\fg_0000ff_bg_888888.jpg,0.35400390625
1,0,exp_a1/12_sq\fg_000000_bg_888888.jpg,0.35009765625
2,14,exp_a1/12_sq\fg_921e3e_bg_888888.jpg,0.35009765625
3,23,exp_a1/12_sq\fg_ffffff_bg_888888.jpg,0.347412109375
4,20,exp_a1/12_sq\fg_ffff00_bg_888888.jpg,0.336669921875
5,17,exp_a1/12_sq\fg_ff0000_bg_888888.jpg,0.328369140625
6,9,exp_a1/12_sq\fg_00ffff_bg_888888.jpg,0.32470703125
7,6,exp_a1/12_sq\fg_00ff00_bg_888888.jpg,0.314208984375
8,12,exp_a1/12_sq\fg_888888_bg_ffffff.jpg,0.296630859375
9,15,exp_a1/12_sq\fg_921e3e_bg_ffffff.jpg,0.296630859375
10,4,exp_a1/12_sq\fg_0000ff_bg_ffffff.jpg,0.29541015625
11,1,exp_a1/12_sq\fg_000000_bg_ffffff.jpg,0.294677734375
12,18,exp_a1/12_sq\fg_ff0000_bg_ffffff.jpg,0.294189453125
13,21,exp_a1/12_sq\fg_ffff00_bg_ffffff.jpg,0.294189453125
14,10,exp_a1/12_sq\fg_00ffff_bg_ffffff.jpg,0.29345703125
15,7,exp_a1/12_sq\fg_00ff00_bg_ffffff.jpg,0.29345703125
16,22,exp_a1/12_sq\fg_ffffff_bg_000000.jpg,0.1722412109375
17,11,exp_a1/12_sq\fg_888888_bg_000000.jpg,0.1719970703125
18,16,exp_a1/12_sq\fg_ff0000_bg_000000.jpg,0.171875
19,8,exp_a1/12_sq\fg_00ffff_bg_000000.jpg,0.1705322265625
20,5,exp_a1/12_sq\fg_00ff00_bg_000000.jpg,0.1700439453125
21,19,exp_a1/12_sq\fg_ffff00_bg_000000.jpg,0.1697998046875
22,13,exp_a1/12_sq\fg_921e3e_bg_000000.jpg,0.1693115234375
23,2,exp_a1/12_sq\fg_0000ff_bg_000000.jpg,0.16845703125
0,10,exp_a1/148_sq\fg_00ffff_bg_ffffff.jpg,0.325927734375
1,21,exp_a1/148_sq\fg_ffff00_bg_ffffff.jpg,0.317138671875
2,7,exp_a1/148_sq\fg_00ff00_bg_ffffff.jpg,0.294921875
3,1,exp_a1/148_sq\fg_000000_bg_ffffff.jpg,0.286376953125
4,18,exp_a1/148_sq\fg_ff0000_bg_ffffff.jpg,0.282958984375
5,4,exp_a1/148_sq\fg_0000ff_bg_ffffff.jpg,0.272216796875
6,6,exp_a1/148_sq\fg_00ff00_bg_888888.jpg,0.26123046875
7,12,exp_a1/148_sq\fg_888888_bg_ffffff.jpg,0.2607421875
8,5,exp_a1/148_sq\fg_00ff00_bg_000000.jpg,0.2607421875
9,11,exp_a1/148_sq\fg_888888_bg_000000.jpg,0.235107421875
10,13,exp_a1/148_sq\fg_921e3e_bg_000000.jpg,0.2330322265625
11,2,exp_a1/148_sq\fg_0000ff_bg_000000.jpg,0.2265625
12,8,exp_a1/148_sq\fg_00ffff_bg_000000.jpg,0.211181640625
13,19,exp_a1/148_sq\fg_ffff00_bg_000000.jpg,0.20556640625
14,15,exp_a1/148_sq\fg_921e3e_bg_ffffff.jpg,0.2001953125
15,14,exp_a1/148_sq\fg_921e3e_bg_888888.jpg,0.166748046875
16,17,exp_a1/148_sq\fg_ff0000_bg_888888.jpg,0.16357421875
17,23,exp_a1/148_sq\fg_ffffff_bg_888888.jpg,0.1610107421875
18,9,exp_a1/148_sq\fg_00ffff_bg_888888.jpg,0.158203125
19,3,exp_a1/148_sq\fg_0000ff_bg_888888.jpg,0.1539306640625
20,22,exp_a1/148_sq\fg_ffffff_bg_000000.jpg,0.1507568359375
21,20,exp_a1/148_sq\fg_ffff00_bg_888888.jpg,0.1439208984375
22,16,exp_a1/148_sq\fg_ff0000_bg_000000.jpg,0.13427734375
23,0,exp_a1/148_sq\fg_000000_bg_888888.jpg,0.1334228515625
0,5,exp_a1/200_sq\fg_00ff00_bg_000000.jpg,0.31103515625
1,18,exp_a1/200_sq\fg_ff0000_bg_ffffff.jpg,0.295166015625
2,11,exp_a1/200_sq\fg_888888_bg_000000.jpg,0.287353515625
3,19,exp_a1/200_sq\fg_ffff00_bg_000000.jpg,0.283203125
4,8,exp_a1/200_sq\fg_00ffff_bg_000000.jpg,0.27978515625
5,10,exp_a1/200_sq\fg_00ffff_bg_ffffff.jpg,0.2724609375
6,22,exp_a1/200_sq\fg_ffffff_bg_000000.jpg,0.245361328125
7,21,exp_a1/200_sq\fg_ffff00_bg_ffffff.jpg,0.244384765625
8,7,exp_a1/200_sq\fg_00ff00_bg_ffffff.jpg,0.234130859375
9,16,exp_a1/200_sq\fg_ff0000_bg_000000.jpg,0.231201171875
10,20,exp_a1/200_sq\fg_ffff00_bg_888888.jpg,0.221435546875
11,13,exp_a1/200_sq\fg_921e3e_bg_000000.jpg,0.22119140625
12,2,exp_a1/200_sq\fg_0000ff_bg_000000.jpg,0.220947265625
13,0,exp_a1/200_sq\fg_000000_bg_888888.jpg,0.2110595703125
14,6,exp_a1/200_sq\fg_00ff00_bg_888888.jpg,0.204833984375
15,17,exp_a1/200_sq\fg_ff0000_bg_888888.jpg,0.2025146484375
16,23,exp_a1/200_sq\fg_ffffff_bg_888888.jpg,0.1978759765625
17,3,exp_a1/200_sq\fg_0000ff_bg_888888.jpg,0.1785888671875
18,14,exp_a1/200_sq\fg_921e3e_bg_888888.jpg,0.1734619140625
19,1,exp_a1/200_sq\fg_000000_bg_ffffff.jpg,0.1680908203125
20,9,exp_a1/200_sq\fg_00ffff_bg_888888.jpg,0.150146484375
21,4,exp_a1/200_sq\fg_0000ff_bg_ffffff.jpg,0.14599609375
22,15,exp_a1/200_sq\fg_921e3e_bg_ffffff.jpg,0.11199951171875
23,12,exp_a1/200_sq\fg_888888_bg_ffffff.jpg,0.031951904296875
0,0,exp_a1/4_sq\fg_000000_bg_888888.jpg,0.389404296875
1,3,exp_a1/4_sq\fg_0000ff_bg_888888.jpg,0.36865234375
2,23,exp_a1/4_sq\fg_ffffff_bg_888888.jpg,0.36279296875
3,14,exp_a1/4_sq\fg_921e3e_bg_888888.jpg,0.356689453125
4,20,exp_a1/4_sq\fg_ffff00_bg_888888.jpg,0.35546875
5,9,exp_a1/4_sq\fg_00ffff_bg_888888.jpg,0.347900390625
6,17,exp_a1/4_sq\fg_ff0000_bg_888888.jpg,0.34716796875
7,6,exp_a1/4_sq\fg_00ff00_bg_888888.jpg,0.341552734375
8,10,exp_a1/4_sq\fg_00ffff_bg_ffffff.jpg,0.29541015625
9,15,exp_a1/4_sq\fg_921e3e_bg_ffffff.jpg,0.29541015625
10,18,exp_a1/4_sq\fg_ff0000_bg_ffffff.jpg,0.295166015625
11,12,exp_a1/4_sq\fg_888888_bg_ffffff.jpg,0.294921875
12,7,exp_a1/4_sq\fg_00ff00_bg_ffffff.jpg,0.294921875
13,1,exp_a1/4_sq\fg_000000_bg_ffffff.jpg,0.294921875
14,4,exp_a1/4_sq\fg_0000ff_bg_ffffff.jpg,0.294921875
15,21,exp_a1/4_sq\fg_ffff00_bg_ffffff.jpg,0.294677734375
16,22,exp_a1/4_sq\fg_ffffff_bg_000000.jpg,0.168701171875
17,5,exp_a1/4_sq\fg_00ff00_bg_000000.jpg,0.1685791015625
18,13,exp_a1/4_sq\fg_921e3e_bg_000000.jpg,0.16845703125
19,11,exp_a1/4_sq\fg_888888_bg_000000.jpg,0.1683349609375
20,8,exp_a1/4_sq\fg_00ffff_bg_000000.jpg,0.1683349609375
21,2,exp_a1/4_sq\fg_0000ff_bg_000000.jpg,0.1683349609375
22,19,exp_a1/4_sq\fg_ffff00_bg_000000.jpg,0.168212890625
23,16,exp_a1/4_sq\fg_ff0000_bg_000000.jpg,0.168212890625
0,6,exp_a1/56_sq\fg_00ff00_bg_888888.jpg,0.375244140625
1,14,exp_a1/56_sq\fg_921e3e_bg_888888.jpg,0.369384765625
2,9,exp_a1/56_sq\fg_00ffff_bg_888888.jpg,0.3642578125
3,0,exp_a1/56_sq\fg_000000_bg_888888.jpg,0.360107421875
4,3,exp_a1/56_sq\fg_0000ff_bg_888888.jpg,0.35791015625
5,20,exp_a1/56_sq\fg_ffff00_bg_888888.jpg,0.345947265625
6,21,exp_a1/56_sq\fg_ffff00_bg_ffffff.jpg,0.3349609375
7,1,exp_a1/56_sq\fg_000000_bg_ffffff.jpg,0.328857421875
8,4,exp_a1/56_sq\fg_0000ff_bg_ffffff.jpg,0.321044921875
9,10,exp_a1/56_sq\fg_00ffff_bg_ffffff.jpg,0.3173828125
10,12,exp_a1/56_sq\fg_888888_bg_ffffff.jpg,0.310546875
11,7,exp_a1/56_sq\fg_00ff00_bg_ffffff.jpg,0.307373046875
12,15,exp_a1/56_sq\fg_921e3e_bg_ffffff.jpg,0.30224609375
13,18,exp_a1/56_sq\fg_ff0000_bg_ffffff.jpg,0.284912109375
14,17,exp_a1/56_sq\fg_ff0000_bg_888888.jpg,0.283447265625
15,23,exp_a1/56_sq\fg_ffffff_bg_888888.jpg,0.243896484375
16,11,exp_a1/56_sq\fg_888888_bg_000000.jpg,0.2369384765625
17,13,exp_a1/56_sq\fg_921e3e_bg_000000.jpg,0.2265625
18,22,exp_a1/56_sq\fg_ffffff_bg_000000.jpg,0.19091796875
19,16,exp_a1/56_sq\fg_ff0000_bg_000000.jpg,0.188720703125
20,19,exp_a1/56_sq\fg_ffff00_bg_000000.jpg,0.1885986328125
21,8,exp_a1/56_sq\fg_00ffff_bg_000000.jpg,0.1849365234375
22,2,exp_a1/56_sq\fg_0000ff_bg_000000.jpg,0.1805419921875
23,5,exp_a1/56_sq\fg_00ff00_bg_000000.jpg,0.1800537109375
0,4,exp_a1/colors\bg_888888.jpg,0.372802734375
1,8,exp_a1/colors\bg_ffffff.png,0.295654296875
2,7,exp_a1/colors\bg_ffff00.jpg,0.292724609375
3,3,exp_a1/colors\bg_00ffff.jpg,0.2469482421875
4,2,exp_a1/colors\bg_00ff00.jpg,0.24609375
5,6,exp_a1/colors\bg_ff0000.jpg,0.245849609375
6,1,exp_a1/colors\bg_0000ff.jpg,0.2181396484375
7,5,exp_a1/colors\bg_921e3e.jpg,0.208984375
8,0,exp_a1/colors\bg_000000.jpg,0.168212890625
