,Unnamed: 0,filepaths,similarity
0,6,exp_a1/112_sq\fg_00ff00_bg_888888.jpg,0.3271484375
1,14,exp_a1/112_sq\fg_921e3e_bg_888888.jpg,0.3076171875
2,21,exp_a1/112_sq\fg_ffff00_bg_ffffff.jpg,0.2998046875
3,10,exp_a1/112_sq\fg_00ffff_bg_ffffff.jpg,0.2900390625
4,18,exp_a1/112_sq\fg_ff0000_bg_ffffff.jpg,0.288818359375
5,9,exp_a1/112_sq\fg_00ffff_bg_888888.jpg,0.278076171875
6,1,exp_a1/112_sq\fg_000000_bg_ffffff.jpg,0.2744140625
7,12,exp_a1/112_sq\fg_888888_bg_ffffff.jpg,0.27294921875
8,5,exp_a1/112_sq\fg_00ff00_bg_000000.jpg,0.266845703125
9,7,exp_a1/112_sq\fg_00ff00_bg_ffffff.jpg,0.262939453125
10,11,exp_a1/112_sq\fg_888888_bg_000000.jpg,0.26025390625
11,4,exp_a1/112_sq\fg_0000ff_bg_ffffff.jpg,0.258056640625
12,13,exp_a1/112_sq\fg_921e3e_bg_000000.jpg,0.258056640625
13,3,exp_a1/112_sq\fg_0000ff_bg_888888.jpg,0.25341796875
14,15,exp_a1/112_sq\fg_921e3e_bg_ffffff.jpg,0.2464599609375
15,8,exp_a1/112_sq\fg_00ffff_bg_000000.jpg,0.2359619140625
16,2,exp_a1/112_sq\fg_0000ff_bg_000000.jpg,0.2122802734375
17,19,exp_a1/112_sq\fg_ffff00_bg_000000.jpg,0.212158203125
18,16,exp_a1/112_sq\fg_ff0000_bg_000000.jpg,0.1888427734375
19,22,exp_a1/112_sq\fg_ffffff_bg_000000.jpg,0.1885986328125
20,0,exp_a1/112_sq\fg_000000_bg_888888.jpg,0.1846923828125
21,20,exp_a1/112_sq\fg_ffff00_bg_888888.jpg,0.165771484375
22,23,exp_a1/112_sq\fg_ffffff_bg_888888.jpg,0.1549072265625
23,17,exp_a1/112_sq\fg_ff0000_bg_888888.jpg,0.151123046875
0,23,exp_a1/12_sq\fg_ffffff_bg_888888.jpg,0.3583984375
1,14,exp_a1/12_sq\fg_921e3e_bg_888888.jpg,0.34375
2,3,exp_a1/12_sq\fg_0000ff_bg_888888.jpg,0.343017578125
3,17,exp_a1/12_sq\fg_ff0000_bg_888888.jpg,0.3408203125
4,0,exp_a1/12_sq\fg_000000_bg_888888.jpg,0.337646484375
5,9,exp_a1/12_sq\fg_00ffff_bg_888888.jpg,0.33447265625
6,6,exp_a1/12_sq\fg_00ff00_bg_888888.jpg,0.333984375
7,20,exp_a1/12_sq\fg_ffff00_bg_888888.jpg,0.33349609375
8,12,exp_a1/12_sq\fg_888888_bg_ffffff.jpg,0.298583984375
9,15,exp_a1/12_sq\fg_921e3e_bg_ffffff.jpg,0.298095703125
10,4,exp_a1/12_sq\fg_0000ff_bg_ffffff.jpg,0.29736328125
11,1,exp_a1/12_sq\fg_000000_bg_ffffff.jpg,0.295654296875
12,10,exp_a1/12_sq\fg_00ffff_bg_ffffff.jpg,0.295166015625
13,18,exp_a1/12_sq\fg_ff0000_bg_ffffff.jpg,0.295166015625
14,7,exp_a1/12_sq\fg_00ff00_bg_ffffff.jpg,0.295166015625
15,21,exp_a1/12_sq\fg_ffff00_bg_ffffff.jpg,0.295166015625
16,22,exp_a1/12_sq\fg_ffffff_bg_000000.jpg,0.175048828125
17,16,exp_a1/12_sq\fg_ff0000_bg_000000.jpg,0.1744384765625
18,11,exp_a1/12_sq\fg_888888_bg_000000.jpg,0.174072265625
19,8,exp_a1/12_sq\fg_00ffff_bg_000000.jpg,0.1734619140625
20,19,exp_a1/12_sq\fg_ffff00_bg_000000.jpg,0.1732177734375
21,5,exp_a1/12_sq\fg_00ff00_bg_000000.jpg,0.172607421875
22,13,exp_a1/12_sq\fg_921e3e_bg_000000.jpg,0.17236328125
23,2,exp_a1/12_sq\fg_0000ff_bg_000000.jpg,0.171875
0,21,exp_a1/148_sq\fg_ffff00_bg_ffffff.jpg,0.308349609375
1,10,exp_a1/148_sq\fg_00ffff_bg_ffffff.jpg,0.3046875
2,1,exp_a1/148_sq\fg_000000_bg_ffffff.jpg,0.298095703125
3,18,exp_a1/148_sq\fg_ff0000_bg_ffffff.jpg,0.287841796875
4,5,exp_a1/148_sq\fg_00ff00_bg_000000.jpg,0.284423828125
5,7,exp_a1/148_sq\fg_00ff00_bg_ffffff.jpg,0.271484375
6,4,exp_a1/148_sq\fg_0000ff_bg_ffffff.jpg,0.271240234375
7,6,exp_a1/148_sq\fg_00ff00_bg_888888.jpg,0.26708984375
8,13,exp_a1/148_sq\fg_921e3e_bg_000000.jpg,0.261962890625
9,11,exp_a1/148_sq\fg_888888_bg_000000.jpg,0.237548828125
10,12,exp_a1/148_sq\fg_888888_bg_ffffff.jpg,0.2374267578125
11,2,exp_a1/148_sq\fg_0000ff_bg_000000.jpg,0.23681640625
12,19,exp_a1/148_sq\fg_ffff00_bg_000000.jpg,0.2178955078125
13,8,exp_a1/148_sq\fg_00ffff_bg_000000.jpg,0.215087890625
14,15,exp_a1/148_sq\fg_921e3e_bg_ffffff.jpg,0.200439453125
15,14,exp_a1/148_sq\fg_921e3e_bg_888888.jpg,0.15673828125
16,3,exp_a1/148_sq\fg_0000ff_bg_888888.jpg,0.149169921875
17,9,exp_a1/148_sq\fg_00ffff_bg_888888.jpg,0.1390380859375
18,0,exp_a1/148_sq\fg_000000_bg_888888.jpg,0.1307373046875
19,20,exp_a1/148_sq\fg_ffff00_bg_888888.jpg,0.12371826171875
20,22,exp_a1/148_sq\fg_ffffff_bg_000000.jpg,0.12176513671875
21,17,exp_a1/148_sq\fg_ff0000_bg_888888.jpg,0.10247802734375
22,16,exp_a1/148_sq\fg_ff0000_bg_000000.jpg,0.0980224609375
23,23,exp_a1/148_sq\fg_ffffff_bg_888888.jpg,0.09796142578125
0,5,exp_a1/200_sq\fg_00ff00_bg_000000.jpg,0.3056640625
1,19,exp_a1/200_sq\fg_ffff00_bg_000000.jpg,0.2978515625
2,18,exp_a1/200_sq\fg_ff0000_bg_ffffff.jpg,0.288818359375
3,8,exp_a1/200_sq\fg_00ffff_bg_000000.jpg,0.2724609375
4,10,exp_a1/200_sq\fg_00ffff_bg_ffffff.jpg,0.2724609375
5,11,exp_a1/200_sq\fg_888888_bg_000000.jpg,0.270263671875
6,13,exp_a1/200_sq\fg_921e3e_bg_000000.jpg,0.2685546875
7,21,exp_a1/200_sq\fg_ffff00_bg_ffffff.jpg,0.240234375
8,7,exp_a1/200_sq\fg_00ff00_bg_ffffff.jpg,0.225830078125
9,2,exp_a1/200_sq\fg_0000ff_bg_000000.jpg,0.2257080078125
10,22,exp_a1/200_sq\fg_ffffff_bg_000000.jpg,0.20703125
11,16,exp_a1/200_sq\fg_ff0000_bg_000000.jpg,0.199951171875
12,0,exp_a1/200_sq\fg_000000_bg_888888.jpg,0.1929931640625
13,6,exp_a1/200_sq\fg_00ff00_bg_888888.jpg,0.1851806640625
14,20,exp_a1/200_sq\fg_ffff00_bg_888888.jpg,0.181640625
15,1,exp_a1/200_sq\fg_000000_bg_ffffff.jpg,0.1668701171875
16,14,exp_a1/200_sq\fg_921e3e_bg_888888.jpg,0.1639404296875
17,3,exp_a1/200_sq\fg_0000ff_bg_888888.jpg,0.1600341796875
18,23,exp_a1/200_sq\fg_ffffff_bg_888888.jpg,0.142333984375
19,17,exp_a1/200_sq\fg_ff0000_bg_888888.jpg,0.1416015625
20,4,exp_a1/200_sq\fg_0000ff_bg_ffffff.jpg,0.12841796875
21,15,exp_a1/200_sq\fg_921e3e_bg_ffffff.jpg,0.097412109375
22,9,exp_a1/200_sq\fg_00ffff_bg_888888.jpg,0.09588623046875
23,12,exp_a1/200_sq\fg_888888_bg_ffffff.jpg,0.02239990234375
0,9,exp_a1/4_sq\fg_00ffff_bg_888888.jpg,0.384033203125
1,6,exp_a1/4_sq\fg_00ff00_bg_888888.jpg,0.377197265625
2,23,exp_a1/4_sq\fg_ffffff_bg_888888.jpg,0.37353515625
3,3,exp_a1/4_sq\fg_0000ff_bg_888888.jpg,0.37158203125
4,17,exp_a1/4_sq\fg_ff0000_bg_888888.jpg,0.369873046875
5,0,exp_a1/4_sq\fg_000000_bg_888888.jpg,0.368408203125
6,20,exp_a1/4_sq\fg_ffff00_bg_888888.jpg,0.3681640625
7,14,exp_a1/4_sq\fg_921e3e_bg_888888.jpg,0.364990234375
8,10,exp_a1/4_sq\fg_00ffff_bg_ffffff.jpg,0.294677734375
9,15,exp_a1/4_sq\fg_921e3e_bg_ffffff.jpg,0.29443359375
10,1,exp_a1/4_sq\fg_000000_bg_ffffff.jpg,0.29443359375
11,7,exp_a1/4_sq\fg_00ff00_bg_ffffff.jpg,0.29443359375
12,12,exp_a1/4_sq\fg_888888_bg_ffffff.jpg,0.29443359375
13,4,exp_a1/4_sq\fg_0000ff_bg_ffffff.jpg,0.29443359375
14,18,exp_a1/4_sq\fg_ff0000_bg_ffffff.jpg,0.294189453125
15,21,exp_a1/4_sq\fg_ffff00_bg_ffffff.jpg,0.2939453125
16,22,exp_a1/4_sq\fg_ffffff_bg_000000.jpg,0.1724853515625
17,16,exp_a1/4_sq\fg_ff0000_bg_000000.jpg,0.1722412109375
18,2,exp_a1/4_sq\fg_0000ff_bg_000000.jpg,0.1722412109375
19,19,exp_a1/4_sq\fg_ffff00_bg_000000.jpg,0.172119140625
20,5,exp_a1/4_sq\fg_00ff00_bg_000000.jpg,0.172119140625
21,13,exp_a1/4_sq\fg_921e3e_bg_000000.jpg,0.1719970703125
22,11,exp_a1/4_sq\fg_888888_bg_000000.jpg,0.1719970703125
23,8,exp_a1/4_sq\fg_00ffff_bg_000000.jpg,0.171875
0,6,exp_a1/56_sq\fg_00ff00_bg_888888.jpg,0.368408203125
1,14,exp_a1/56_sq\fg_921e3e_bg_888888.jpg,0.367431640625
2,3,exp_a1/56_sq\fg_0000ff_bg_888888.jpg,0.359375
3,0,exp_a1/56_sq\fg_000000_bg_888888.jpg,0.35205078125
4,9,exp_a1/56_sq\fg_00ffff_bg_888888.jpg,0.34619140625
5,20,exp_a1/56_sq\fg_ffff00_bg_888888.jpg,0.321533203125
6,1,exp_a1/56_sq\fg_000000_bg_ffffff.jpg,0.308837890625
7,21,exp_a1/56_sq\fg_ffff00_bg_ffffff.jpg,0.3076171875
8,4,exp_a1/56_sq\fg_0000ff_bg_ffffff.jpg,0.298583984375
9,10,exp_a1/56_sq\fg_00ffff_bg_ffffff.jpg,0.29345703125
10,12,exp_a1/56_sq\fg_888888_bg_ffffff.jpg,0.29150390625
11,18,exp_a1/56_sq\fg_ff0000_bg_ffffff.jpg,0.28662109375
12,7,exp_a1/56_sq\fg_00ff00_bg_ffffff.jpg,0.28564453125
13,15,exp_a1/56_sq\fg_921e3e_bg_ffffff.jpg,0.284423828125
14,17,exp_a1/56_sq\fg_ff0000_bg_888888.jpg,0.25341796875
15,11,exp_a1/56_sq\fg_888888_bg_000000.jpg,0.2410888671875
16,13,exp_a1/56_sq\fg_921e3e_bg_000000.jpg,0.239990234375
17,23,exp_a1/56_sq\fg_ffffff_bg_888888.jpg,0.211669921875
18,19,exp_a1/56_sq\fg_ffff00_bg_000000.jpg,0.196044921875
19,22,exp_a1/56_sq\fg_ffffff_bg_000000.jpg,0.1912841796875
20,16,exp_a1/56_sq\fg_ff0000_bg_000000.jpg,0.1866455078125
21,8,exp_a1/56_sq\fg_00ffff_bg_000000.jpg,0.185791015625
22,5,exp_a1/56_sq\fg_00ff00_bg_000000.jpg,0.1827392578125
23,2,exp_a1/56_sq\fg_0000ff_bg_000000.jpg,0.1822509765625
0,4,exp_a1/colors\bg_888888.jpg,0.3896484375
1,8,exp_a1/colors\bg_ffffff.png,0.294189453125
2,7,exp_a1/colors\bg_ffff00.jpg,0.2900390625
3,6,exp_a1/colors\bg_ff0000.jpg,0.24609375
4,5,exp_a1/colors\bg_921e3e.jpg,0.2296142578125
5,1,exp_a1/colors\bg_0000ff.jpg,0.22607421875
6,3,exp_a1/colors\bg_00ffff.jpg,0.2164306640625
7,2,exp_a1/colors\bg_00ff00.jpg,0.2056884765625
8,0,exp_a1/colors\bg_000000.jpg,0.1724853515625
