,Unnamed: 0,filepaths,similarity
0,3,exp_a1/112_sq\fg_0000ff_bg_888888.jpg,0.2369384765625
1,1,exp_a1/112_sq\fg_000000_bg_ffffff.jpg,0.23583984375
2,20,exp_a1/112_sq\fg_ffff00_bg_888888.jpg,0.2281494140625
3,22,exp_a1/112_sq\fg_ffffff_bg_000000.jpg,0.227294921875
4,4,exp_a1/112_sq\fg_0000ff_bg_ffffff.jpg,0.2255859375
5,16,exp_a1/112_sq\fg_ff0000_bg_000000.jpg,0.223876953125
6,18,exp_a1/112_sq\fg_ff0000_bg_ffffff.jpg,0.22265625
7,13,exp_a1/112_sq\fg_921e3e_bg_000000.jpg,0.2225341796875
8,15,exp_a1/112_sq\fg_921e3e_bg_ffffff.jpg,0.2213134765625
9,21,exp_a1/112_sq\fg_ffff00_bg_ffffff.jpg,0.220703125
10,2,exp_a1/112_sq\fg_0000ff_bg_000000.jpg,0.22021484375
11,14,exp_a1/112_sq\fg_921e3e_bg_888888.jpg,0.21875
12,11,exp_a1/112_sq\fg_888888_bg_000000.jpg,0.2176513671875
13,0,exp_a1/112_sq\fg_000000_bg_888888.jpg,0.217529296875
14,17,exp_a1/112_sq\fg_ff0000_bg_888888.jpg,0.216552734375
15,10,exp_a1/112_sq\fg_00ffff_bg_ffffff.jpg,0.2158203125
16,23,exp_a1/112_sq\fg_ffffff_bg_888888.jpg,0.2156982421875
17,5,exp_a1/112_sq\fg_00ff00_bg_000000.jpg,0.21484375
18,8,exp_a1/112_sq\fg_00ffff_bg_000000.jpg,0.2142333984375
19,19,exp_a1/112_sq\fg_ffff00_bg_000000.jpg,0.2142333984375
20,7,exp_a1/112_sq\fg_00ff00_bg_ffffff.jpg,0.2139892578125
21,9,exp_a1/112_sq\fg_00ffff_bg_888888.jpg,0.21142578125
22,6,exp_a1/112_sq\fg_00ff00_bg_888888.jpg,0.2030029296875
23,12,exp_a1/112_sq\fg_888888_bg_ffffff.jpg,0.20263671875
0,22,exp_a1/12_sq\fg_ffffff_bg_000000.jpg,0.2396240234375
1,11,exp_a1/12_sq\fg_888888_bg_000000.jpg,0.2374267578125
2,13,exp_a1/12_sq\fg_921e3e_bg_000000.jpg,0.2359619140625
3,5,exp_a1/12_sq\fg_00ff00_bg_000000.jpg,0.2291259765625
4,2,exp_a1/12_sq\fg_0000ff_bg_000000.jpg,0.2275390625
5,16,exp_a1/12_sq\fg_ff0000_bg_000000.jpg,0.2257080078125
6,8,exp_a1/12_sq\fg_00ffff_bg_000000.jpg,0.2257080078125
7,12,exp_a1/12_sq\fg_888888_bg_ffffff.jpg,0.2255859375
8,1,exp_a1/12_sq\fg_000000_bg_ffffff.jpg,0.2242431640625
9,19,exp_a1/12_sq\fg_ffff00_bg_000000.jpg,0.223388671875
10,0,exp_a1/12_sq\fg_000000_bg_888888.jpg,0.2230224609375
11,10,exp_a1/12_sq\fg_00ffff_bg_ffffff.jpg,0.221923828125
12,14,exp_a1/12_sq\fg_921e3e_bg_888888.jpg,0.220458984375
13,15,exp_a1/12_sq\fg_921e3e_bg_ffffff.jpg,0.2200927734375
14,18,exp_a1/12_sq\fg_ff0000_bg_ffffff.jpg,0.21728515625
15,23,exp_a1/12_sq\fg_ffffff_bg_888888.jpg,0.215087890625
16,9,exp_a1/12_sq\fg_00ffff_bg_888888.jpg,0.21484375
17,7,exp_a1/12_sq\fg_00ff00_bg_ffffff.jpg,0.21484375
18,17,exp_a1/12_sq\fg_ff0000_bg_888888.jpg,0.2142333984375
19,4,exp_a1/12_sq\fg_0000ff_bg_ffffff.jpg,0.212890625
20,21,exp_a1/12_sq\fg_ffff00_bg_ffffff.jpg,0.2125244140625
21,3,exp_a1/12_sq\fg_0000ff_bg_888888.jpg,0.210693359375
22,20,exp_a1/12_sq\fg_ffff00_bg_888888.jpg,0.2044677734375
23,6,exp_a1/12_sq\fg_00ff00_bg_888888.jpg,0.1986083984375
0,1,exp_a1/148_sq\fg_000000_bg_ffffff.jpg,0.234375
1,22,exp_a1/148_sq\fg_ffffff_bg_000000.jpg,0.2294921875
2,15,exp_a1/148_sq\fg_921e3e_bg_ffffff.jpg,0.2235107421875
3,13,exp_a1/148_sq\fg_921e3e_bg_000000.jpg,0.2227783203125
4,0,exp_a1/148_sq\fg_000000_bg_888888.jpg,0.22265625
5,16,exp_a1/148_sq\fg_ff0000_bg_000000.jpg,0.2220458984375
6,18,exp_a1/148_sq\fg_ff0000_bg_ffffff.jpg,0.221923828125
7,11,exp_a1/148_sq\fg_888888_bg_000000.jpg,0.2208251953125
8,4,exp_a1/148_sq\fg_0000ff_bg_ffffff.jpg,0.2198486328125
9,19,exp_a1/148_sq\fg_ffff00_bg_000000.jpg,0.2178955078125
10,2,exp_a1/148_sq\fg_0000ff_bg_000000.jpg,0.216064453125
11,23,exp_a1/148_sq\fg_ffffff_bg_888888.jpg,0.2132568359375
12,7,exp_a1/148_sq\fg_00ff00_bg_ffffff.jpg,0.2132568359375
13,3,exp_a1/148_sq\fg_0000ff_bg_888888.jpg,0.211181640625
14,8,exp_a1/148_sq\fg_00ffff_bg_000000.jpg,0.2110595703125
15,21,exp_a1/148_sq\fg_ffff00_bg_ffffff.jpg,0.2103271484375
16,10,exp_a1/148_sq\fg_00ffff_bg_ffffff.jpg,0.2100830078125
17,17,exp_a1/148_sq\fg_ff0000_bg_888888.jpg,0.2078857421875
18,5,exp_a1/148_sq\fg_00ff00_bg_000000.jpg,0.207763671875
19,12,exp_a1/148_sq\fg_888888_bg_ffffff.jpg,0.2020263671875
20,20,exp_a1/148_sq\fg_ffff00_bg_888888.jpg,0.2010498046875
21,9,exp_a1/148_sq\fg_00ffff_bg_888888.jpg,0.1961669921875
22,14,exp_a1/148_sq\fg_921e3e_bg_888888.jpg,0.1934814453125
23,6,exp_a1/148_sq\fg_00ff00_bg_888888.jpg,0.168212890625
0,22,exp_a1/200_sq\fg_ffffff_bg_000000.jpg,0.2340087890625
1,1,exp_a1/200_sq\fg_000000_bg_ffffff.jpg,0.23388671875
2,0,exp_a1/200_sq\fg_000000_bg_888888.jpg,0.229736328125
3,3,exp_a1/200_sq\fg_0000ff_bg_888888.jpg,0.225341796875
4,18,exp_a1/200_sq\fg_ff0000_bg_ffffff.jpg,0.22216796875
5,15,exp_a1/200_sq\fg_921e3e_bg_ffffff.jpg,0.2215576171875
6,19,exp_a1/200_sq\fg_ffff00_bg_000000.jpg,0.2188720703125
7,4,exp_a1/200_sq\fg_0000ff_bg_ffffff.jpg,0.2177734375
8,21,exp_a1/200_sq\fg_ffff00_bg_ffffff.jpg,0.2176513671875
9,10,exp_a1/200_sq\fg_00ffff_bg_ffffff.jpg,0.2171630859375
10,2,exp_a1/200_sq\fg_0000ff_bg_000000.jpg,0.2169189453125
11,8,exp_a1/200_sq\fg_00ffff_bg_000000.jpg,0.2164306640625
12,16,exp_a1/200_sq\fg_ff0000_bg_000000.jpg,0.21630859375
13,20,exp_a1/200_sq\fg_ffff00_bg_888888.jpg,0.2161865234375
14,7,exp_a1/200_sq\fg_00ff00_bg_ffffff.jpg,0.215576171875
15,17,exp_a1/200_sq\fg_ff0000_bg_888888.jpg,0.21533203125
16,23,exp_a1/200_sq\fg_ffffff_bg_888888.jpg,0.214111328125
17,6,exp_a1/200_sq\fg_00ff00_bg_888888.jpg,0.2138671875
18,13,exp_a1/200_sq\fg_921e3e_bg_000000.jpg,0.2137451171875
19,5,exp_a1/200_sq\fg_00ff00_bg_000000.jpg,0.2120361328125
20,14,exp_a1/200_sq\fg_921e3e_bg_888888.jpg,0.20947265625
21,9,exp_a1/200_sq\fg_00ffff_bg_888888.jpg,0.2080078125
22,12,exp_a1/200_sq\fg_888888_bg_ffffff.jpg,0.1900634765625
23,11,exp_a1/200_sq\fg_888888_bg_000000.jpg,0.1881103515625
0,11,exp_a1/4_sq\fg_888888_bg_000000.jpg,0.240966796875
1,16,exp_a1/4_sq\fg_ff0000_bg_000000.jpg,0.239501953125
2,13,exp_a1/4_sq\fg_921e3e_bg_000000.jpg,0.239501953125
3,2,exp_a1/4_sq\fg_0000ff_bg_000000.jpg,0.2392578125
4,22,exp_a1/4_sq\fg_ffffff_bg_000000.jpg,0.2388916015625
5,19,exp_a1/4_sq\fg_ffff00_bg_000000.jpg,0.23681640625
6,5,exp_a1/4_sq\fg_00ff00_bg_000000.jpg,0.234375
7,8,exp_a1/4_sq\fg_00ffff_bg_000000.jpg,0.23388671875
8,0,exp_a1/4_sq\fg_000000_bg_888888.jpg,0.223876953125
9,12,exp_a1/4_sq\fg_888888_bg_ffffff.jpg,0.2227783203125
10,18,exp_a1/4_sq\fg_ff0000_bg_ffffff.jpg,0.2200927734375
11,23,exp_a1/4_sq\fg_ffffff_bg_888888.jpg,0.2183837890625
12,1,exp_a1/4_sq\fg_000000_bg_ffffff.jpg,0.2177734375
13,9,exp_a1/4_sq\fg_00ffff_bg_888888.jpg,0.2158203125
14,3,exp_a1/4_sq\fg_0000ff_bg_888888.jpg,0.213623046875
15,15,exp_a1/4_sq\fg_921e3e_bg_ffffff.jpg,0.2132568359375
16,14,exp_a1/4_sq\fg_921e3e_bg_888888.jpg,0.2130126953125
17,6,exp_a1/4_sq\fg_00ff00_bg_888888.jpg,0.2108154296875
18,10,exp_a1/4_sq\fg_00ffff_bg_ffffff.jpg,0.210693359375
19,7,exp_a1/4_sq\fg_00ff00_bg_ffffff.jpg,0.2076416015625
20,21,exp_a1/4_sq\fg_ffff00_bg_ffffff.jpg,0.205322265625
21,20,exp_a1/4_sq\fg_ffff00_bg_888888.jpg,0.2052001953125
22,17,exp_a1/4_sq\fg_ff0000_bg_888888.jpg,0.20458984375
23,4,exp_a1/4_sq\fg_0000ff_bg_ffffff.jpg,0.20458984375
0,1,exp_a1/56_sq\fg_000000_bg_ffffff.jpg,0.23876953125
1,22,exp_a1/56_sq\fg_ffffff_bg_000000.jpg,0.23828125
2,11,exp_a1/56_sq\fg_888888_bg_000000.jpg,0.2374267578125
3,3,exp_a1/56_sq\fg_0000ff_bg_888888.jpg,0.23486328125
4,4,exp_a1/56_sq\fg_0000ff_bg_ffffff.jpg,0.23388671875
5,8,exp_a1/56_sq\fg_00ffff_bg_000000.jpg,0.2320556640625
6,2,exp_a1/56_sq\fg_0000ff_bg_000000.jpg,0.2303466796875
7,13,exp_a1/56_sq\fg_921e3e_bg_000000.jpg,0.229736328125
8,16,exp_a1/56_sq\fg_ff0000_bg_000000.jpg,0.22900390625
9,15,exp_a1/56_sq\fg_921e3e_bg_ffffff.jpg,0.2265625
10,20,exp_a1/56_sq\fg_ffff00_bg_888888.jpg,0.22607421875
11,5,exp_a1/56_sq\fg_00ff00_bg_000000.jpg,0.2259521484375
12,21,exp_a1/56_sq\fg_ffff00_bg_ffffff.jpg,0.223388671875
13,7,exp_a1/56_sq\fg_00ff00_bg_ffffff.jpg,0.2232666015625
14,18,exp_a1/56_sq\fg_ff0000_bg_ffffff.jpg,0.22314453125
15,14,exp_a1/56_sq\fg_921e3e_bg_888888.jpg,0.2230224609375
16,10,exp_a1/56_sq\fg_00ffff_bg_ffffff.jpg,0.2225341796875
17,0,exp_a1/56_sq\fg_000000_bg_888888.jpg,0.2225341796875
18,23,exp_a1/56_sq\fg_ffffff_bg_888888.jpg,0.2208251953125
19,19,exp_a1/56_sq\fg_ffff00_bg_000000.jpg,0.220703125
20,12,exp_a1/56_sq\fg_888888_bg_ffffff.jpg,0.2186279296875
21,17,exp_a1/56_sq\fg_ff0000_bg_888888.jpg,0.2144775390625
22,6,exp_a1/56_sq\fg_00ff00_bg_888888.jpg,0.207763671875
23,9,exp_a1/56_sq\fg_00ffff_bg_888888.jpg,0.207275390625
0,0,exp_a1/colors\bg_000000.jpg,0.2371826171875
1,1,exp_a1/colors\bg_0000ff.jpg,0.2247314453125
2,6,exp_a1/colors\bg_ff0000.jpg,0.22412109375
3,5,exp_a1/colors\bg_921e3e.jpg,0.2235107421875
4,7,exp_a1/colors\bg_ffff00.jpg,0.2186279296875
5,8,exp_a1/colors\bg_ffffff.png,0.2166748046875
6,3,exp_a1/colors\bg_00ffff.jpg,0.214599609375
7,2,exp_a1/colors\bg_00ff00.jpg,0.2138671875
8,4,exp_a1/colors\bg_888888.jpg,0.20654296875
