,Unnamed: 0,filepaths,similarity
0,9,exp_a1/112_sq\fg_00ffff_bg_888888.jpg,0.31494140625
1,17,exp_a1/112_sq\fg_ff0000_bg_888888.jpg,0.314697265625
2,14,exp_a1/112_sq\fg_921e3e_bg_888888.jpg,0.312744140625
3,20,exp_a1/112_sq\fg_ffff00_bg_888888.jpg,0.31103515625
4,3,exp_a1/112_sq\fg_0000ff_bg_888888.jpg,0.3095703125
5,6,exp_a1/112_sq\fg_00ff00_bg_888888.jpg,0.306396484375
6,7,exp_a1/112_sq\fg_00ff00_bg_ffffff.jpg,0.3046875
7,2,exp_a1/112_sq\fg_0000ff_bg_000000.jpg,0.3017578125
8,18,exp_a1/112_sq\fg_ff0000_bg_ffffff.jpg,0.300048828125
9,16,exp_a1/112_sq\fg_ff0000_bg_000000.jpg,0.300048828125
10,23,exp_a1/112_sq\fg_ffffff_bg_888888.jpg,0.2998046875
11,13,exp_a1/112_sq\fg_921e3e_bg_000000.jpg,0.299560546875
12,5,exp_a1/112_sq\fg_00ff00_bg_000000.jpg,0.29931640625
13,8,exp_a1/112_sq\fg_00ffff_bg_000000.jpg,0.296630859375
14,19,exp_a1/112_sq\fg_ffff00_bg_000000.jpg,0.2958984375
15,10,exp_a1/112_sq\fg_00ffff_bg_ffffff.jpg,0.293701171875
16,21,exp_a1/112_sq\fg_ffff00_bg_ffffff.jpg,0.29248046875
17,22,exp_a1/112_sq\fg_ffffff_bg_000000.jpg,0.291015625
18,4,exp_a1/112_sq\fg_0000ff_bg_ffffff.jpg,0.290283203125
19,15,exp_a1/112_sq\fg_921e3e_bg_ffffff.jpg,0.287841796875
20,0,exp_a1/112_sq\fg_000000_bg_888888.jpg,0.2763671875
21,11,exp_a1/112_sq\fg_888888_bg_000000.jpg,0.2763671875
22,1,exp_a1/112_sq\fg_000000_bg_ffffff.jpg,0.274658203125
23,12,exp_a1/112_sq\fg_888888_bg_ffffff.jpg,0.26806640625
0,23,exp_a1/12_sq\fg_ffffff_bg_888888.jpg,0.314697265625
1,17,exp_a1/12_sq\fg_ff0000_bg_888888.jpg,0.3095703125
2,3,exp_a1/12_sq\fg_0000ff_bg_888888.jpg,0.307373046875
3,9,exp_a1/12_sq\fg_00ffff_bg_888888.jpg,0.30615234375
4,14,exp_a1/12_sq\fg_921e3e_bg_888888.jpg,0.3046875
5,20,exp_a1/12_sq\fg_ffff00_bg_888888.jpg,0.303955078125
6,22,exp_a1/12_sq\fg_ffffff_bg_000000.jpg,0.301513671875
7,2,exp_a1/12_sq\fg_0000ff_bg_000000.jpg,0.30078125
8,5,exp_a1/12_sq\fg_00ff00_bg_000000.jpg,0.30078125
9,8,exp_a1/12_sq\fg_00ffff_bg_000000.jpg,0.30078125
10,10,exp_a1/12_sq\fg_00ffff_bg_ffffff.jpg,0.30029296875
11,0,exp_a1/12_sq\fg_000000_bg_888888.jpg,0.2998046875
12,19,exp_a1/12_sq\fg_ffff00_bg_000000.jpg,0.299072265625
13,11,exp_a1/12_sq\fg_888888_bg_000000.jpg,0.298095703125
14,18,exp_a1/12_sq\fg_ff0000_bg_ffffff.jpg,0.298095703125
15,16,exp_a1/12_sq\fg_ff0000_bg_000000.jpg,0.2978515625
16,13,exp_a1/12_sq\fg_921e3e_bg_000000.jpg,0.29638671875
17,21,exp_a1/12_sq\fg_ffff00_bg_ffffff.jpg,0.295166015625
18,7,exp_a1/12_sq\fg_00ff00_bg_ffffff.jpg,0.293701171875
19,4,exp_a1/12_sq\fg_0000ff_bg_ffffff.jpg,0.29296875
20,6,exp_a1/12_sq\fg_00ff00_bg_888888.jpg,0.291259765625
21,15,exp_a1/12_sq\fg_921e3e_bg_ffffff.jpg,0.291015625
22,1,exp_a1/12_sq\fg_000000_bg_ffffff.jpg,0.284912109375
23,12,exp_a1/12_sq\fg_888888_bg_ffffff.jpg,0.280029296875
0,20,exp_a1/148_sq\fg_ffff00_bg_888888.jpg,0.313720703125
1,14,exp_a1/148_sq\fg_921e3e_bg_888888.jpg,0.312744140625
2,17,exp_a1/148_sq\fg_ff0000_bg_888888.jpg,0.31005859375
3,9,exp_a1/148_sq\fg_00ffff_bg_888888.jpg,0.3095703125
4,3,exp_a1/148_sq\fg_0000ff_bg_888888.jpg,0.307373046875
5,2,exp_a1/148_sq\fg_0000ff_bg_000000.jpg,0.304443359375
6,13,exp_a1/148_sq\fg_921e3e_bg_000000.jpg,0.302978515625
7,18,exp_a1/148_sq\fg_ff0000_bg_ffffff.jpg,0.299072265625
8,8,exp_a1/148_sq\fg_00ffff_bg_000000.jpg,0.297607421875
9,19,exp_a1/148_sq\fg_ffff00_bg_000000.jpg,0.297607421875
10,21,exp_a1/148_sq\fg_ffff00_bg_ffffff.jpg,0.297607421875
11,5,exp_a1/148_sq\fg_00ff00_bg_000000.jpg,0.297119140625
12,16,exp_a1/148_sq\fg_ff0000_bg_000000.jpg,0.29541015625
13,7,exp_a1/148_sq\fg_00ff00_bg_ffffff.jpg,0.294921875
14,4,exp_a1/148_sq\fg_0000ff_bg_ffffff.jpg,0.294189453125
15,23,exp_a1/148_sq\fg_ffffff_bg_888888.jpg,0.293212890625
16,10,exp_a1/148_sq\fg_00ffff_bg_ffffff.jpg,0.291259765625
17,22,exp_a1/148_sq\fg_ffffff_bg_000000.jpg,0.28857421875
18,15,exp_a1/148_sq\fg_921e3e_bg_ffffff.jpg,0.2880859375
19,0,exp_a1/148_sq\fg_000000_bg_888888.jpg,0.280517578125
20,6,exp_a1/148_sq\fg_00ff00_bg_888888.jpg,0.27880859375
21,1,exp_a1/148_sq\fg_000000_bg_ffffff.jpg,0.27685546875
22,11,exp_a1/148_sq\fg_888888_bg_000000.jpg,0.27294921875
23,12,exp_a1/148_sq\fg_888888_bg_ffffff.jpg,0.264404296875
0,17,exp_a1/200_sq\fg_ff0000_bg_888888.jpg,0.302978515625
1,5,exp_a1/200_sq\fg_00ff00_bg_000000.jpg,0.301025390625
2,16,exp_a1/200_sq\fg_ff0000_bg_000000.jpg,0.30078125
3,13,exp_a1/200_sq\fg_921e3e_bg_000000.jpg,0.29931640625
4,9,exp_a1/200_sq\fg_00ffff_bg_888888.jpg,0.299072265625
5,20,exp_a1/200_sq\fg_ffff00_bg_888888.jpg,0.297607421875
6,14,exp_a1/200_sq\fg_921e3e_bg_888888.jpg,0.297607421875
7,3,exp_a1/200_sq\fg_0000ff_bg_888888.jpg,0.29638671875
8,4,exp_a1/200_sq\fg_0000ff_bg_ffffff.jpg,0.294921875
9,7,exp_a1/200_sq\fg_00ff00_bg_ffffff.jpg,0.29443359375
10,8,exp_a1/200_sq\fg_00ffff_bg_000000.jpg,0.294189453125
11,21,exp_a1/200_sq\fg_ffff00_bg_ffffff.jpg,0.294189453125
12,19,exp_a1/200_sq\fg_ffff00_bg_000000.jpg,0.29345703125
13,22,exp_a1/200_sq\fg_ffffff_bg_000000.jpg,0.29248046875
14,2,exp_a1/200_sq\fg_0000ff_bg_000000.jpg,0.291748046875
15,0,exp_a1/200_sq\fg_000000_bg_888888.jpg,0.291015625
16,1,exp_a1/200_sq\fg_000000_bg_ffffff.jpg,0.29052734375
17,6,exp_a1/200_sq\fg_00ff00_bg_888888.jpg,0.28857421875
18,10,exp_a1/200_sq\fg_00ffff_bg_ffffff.jpg,0.2880859375
19,18,exp_a1/200_sq\fg_ff0000_bg_ffffff.jpg,0.28466796875
20,15,exp_a1/200_sq\fg_921e3e_bg_ffffff.jpg,0.281982421875
21,23,exp_a1/200_sq\fg_ffffff_bg_888888.jpg,0.2734375
22,12,exp_a1/200_sq\fg_888888_bg_ffffff.jpg,0.2529296875
23,11,exp_a1/200_sq\fg_888888_bg_000000.jpg,0.2435302734375
0,5,exp_a1/4_sq\fg_00ff00_bg_000000.jpg,0.29296875
1,8,exp_a1/4_sq\fg_00ffff_bg_000000.jpg,0.29248046875
2,19,exp_a1/4_sq\fg_ffff00_bg_000000.jpg,0.290283203125
3,13,exp_a1/4_sq\fg_921e3e_bg_000000.jpg,0.2900390625
4,2,exp_a1/4_sq\fg_0000ff_bg_000000.jpg,0.289306640625
5,11,exp_a1/4_sq\fg_888888_bg_000000.jpg,0.289306640625
6,16,exp_a1/4_sq\fg_ff0000_bg_000000.jpg,0.288818359375
7,22,exp_a1/4_sq\fg_ffffff_bg_000000.jpg,0.28857421875
8,10,exp_a1/4_sq\fg_00ffff_bg_ffffff.jpg,0.283935546875
9,12,exp_a1/4_sq\fg_888888_bg_ffffff.jpg,0.283203125
10,18,exp_a1/4_sq\fg_ff0000_bg_ffffff.jpg,0.282958984375
11,9,exp_a1/4_sq\fg_00ffff_bg_888888.jpg,0.282470703125
12,15,exp_a1/4_sq\fg_921e3e_bg_ffffff.jpg,0.282470703125
13,23,exp_a1/4_sq\fg_ffffff_bg_888888.jpg,0.28125
14,7,exp_a1/4_sq\fg_00ff00_bg_ffffff.jpg,0.279296875
15,14,exp_a1/4_sq\fg_921e3e_bg_888888.jpg,0.2783203125
16,21,exp_a1/4_sq\fg_ffff00_bg_ffffff.jpg,0.27783203125
17,1,exp_a1/4_sq\fg_000000_bg_ffffff.jpg,0.276611328125
18,4,exp_a1/4_sq\fg_0000ff_bg_ffffff.jpg,0.276123046875
19,3,exp_a1/4_sq\fg_0000ff_bg_888888.jpg,0.27490234375
20,20,exp_a1/4_sq\fg_ffff00_bg_888888.jpg,0.271484375
21,0,exp_a1/4_sq\fg_000000_bg_888888.jpg,0.268798828125
22,17,exp_a1/4_sq\fg_ff0000_bg_888888.jpg,0.2646484375
23,6,exp_a1/4_sq\fg_00ff00_bg_888888.jpg,0.256591796875
0,5,exp_a1/56_sq\fg_00ff00_bg_000000.jpg,0.301513671875
1,19,exp_a1/56_sq\fg_ffff00_bg_000000.jpg,0.301025390625
2,8,exp_a1/56_sq\fg_00ffff_bg_000000.jpg,0.299072265625
3,16,exp_a1/56_sq\fg_ff0000_bg_000000.jpg,0.29833984375
4,13,exp_a1/56_sq\fg_921e3e_bg_000000.jpg,0.29736328125
5,6,exp_a1/56_sq\fg_00ff00_bg_888888.jpg,0.296142578125
6,9,exp_a1/56_sq\fg_00ffff_bg_888888.jpg,0.295654296875
7,2,exp_a1/56_sq\fg_0000ff_bg_000000.jpg,0.29541015625
8,20,exp_a1/56_sq\fg_ffff00_bg_888888.jpg,0.294677734375
9,23,exp_a1/56_sq\fg_ffffff_bg_888888.jpg,0.29345703125
10,10,exp_a1/56_sq\fg_00ffff_bg_ffffff.jpg,0.29345703125
11,22,exp_a1/56_sq\fg_ffffff_bg_000000.jpg,0.2919921875
12,3,exp_a1/56_sq\fg_0000ff_bg_888888.jpg,0.2919921875
13,7,exp_a1/56_sq\fg_00ff00_bg_ffffff.jpg,0.291015625
14,17,exp_a1/56_sq\fg_ff0000_bg_888888.jpg,0.28857421875
15,14,exp_a1/56_sq\fg_921e3e_bg_888888.jpg,0.2880859375
16,18,exp_a1/56_sq\fg_ff0000_bg_ffffff.jpg,0.28662109375
17,11,exp_a1/56_sq\fg_888888_bg_000000.jpg,0.28515625
18,21,exp_a1/56_sq\fg_ffff00_bg_ffffff.jpg,0.28271484375
19,15,exp_a1/56_sq\fg_921e3e_bg_ffffff.jpg,0.281982421875
20,4,exp_a1/56_sq\fg_0000ff_bg_ffffff.jpg,0.280029296875
21,12,exp_a1/56_sq\fg_888888_bg_ffffff.jpg,0.277587890625
22,1,exp_a1/56_sq\fg_000000_bg_ffffff.jpg,0.274169921875
23,0,exp_a1/56_sq\fg_000000_bg_888888.jpg,0.27197265625
0,0,exp_a1/colors\bg_000000.jpg,0.28955078125
1,6,exp_a1/colors\bg_ff0000.jpg,0.278564453125
2,1,exp_a1/colors\bg_0000ff.jpg,0.276611328125
3,5,exp_a1/colors\bg_921e3e.jpg,0.272216796875
4,8,exp_a1/colors\bg_ffffff.png,0.271728515625
5,2,exp_a1/colors\bg_00ff00.jpg,0.259521484375
6,7,exp_a1/colors\bg_ffff00.jpg,0.2587890625
7,3,exp_a1/colors\bg_00ffff.jpg,0.250244140625
8,4,exp_a1/colors\bg_888888.jpg,0.2342529296875
