,Unnamed: 0,filepaths,similarity
0,17,exp_a1/112_sq\fg_ff0000_bg_888888.jpg,0.248779296875
1,19,exp_a1/112_sq\fg_ffff00_bg_000000.jpg,0.2467041015625
2,20,exp_a1/112_sq\fg_ffff00_bg_888888.jpg,0.24560546875
3,18,exp_a1/112_sq\fg_ff0000_bg_ffffff.jpg,0.24365234375
4,1,exp_a1/112_sq\fg_000000_bg_ffffff.jpg,0.2423095703125
5,13,exp_a1/112_sq\fg_921e3e_bg_000000.jpg,0.241943359375
6,22,exp_a1/112_sq\fg_ffffff_bg_000000.jpg,0.2408447265625
7,21,exp_a1/112_sq\fg_ffff00_bg_ffffff.jpg,0.240234375
8,10,exp_a1/112_sq\fg_00ffff_bg_ffffff.jpg,0.2388916015625
9,4,exp_a1/112_sq\fg_0000ff_bg_ffffff.jpg,0.238525390625
10,3,exp_a1/112_sq\fg_0000ff_bg_888888.jpg,0.2381591796875
11,23,exp_a1/112_sq\fg_ffffff_bg_888888.jpg,0.2362060546875
12,15,exp_a1/112_sq\fg_921e3e_bg_ffffff.jpg,0.2354736328125
13,16,exp_a1/112_sq\fg_ff0000_bg_000000.jpg,0.23486328125
14,0,exp_a1/112_sq\fg_000000_bg_888888.jpg,0.230712890625
15,8,exp_a1/112_sq\fg_00ffff_bg_000000.jpg,0.2291259765625
16,11,exp_a1/112_sq\fg_888888_bg_000000.jpg,0.2275390625
17,14,exp_a1/112_sq\fg_921e3e_bg_888888.jpg,0.227294921875
18,5,exp_a1/112_sq\fg_00ff00_bg_000000.jpg,0.2266845703125
19,7,exp_a1/112_sq\fg_00ff00_bg_ffffff.jpg,0.2264404296875
20,2,exp_a1/112_sq\fg_0000ff_bg_000000.jpg,0.2264404296875
21,9,exp_a1/112_sq\fg_00ffff_bg_888888.jpg,0.2242431640625
22,12,exp_a1/112_sq\fg_888888_bg_ffffff.jpg,0.223388671875
23,6,exp_a1/112_sq\fg_00ff00_bg_888888.jpg,0.2196044921875
0,22,exp_a1/12_sq\fg_ffffff_bg_000000.jpg,0.242431640625
1,13,exp_a1/12_sq\fg_921e3e_bg_000000.jpg,0.2423095703125
2,11,exp_a1/12_sq\fg_888888_bg_000000.jpg,0.2420654296875
3,12,exp_a1/12_sq\fg_888888_bg_ffffff.jpg,0.2386474609375
4,1,exp_a1/12_sq\fg_000000_bg_ffffff.jpg,0.23828125
5,19,exp_a1/12_sq\fg_ffff00_bg_000000.jpg,0.2353515625
6,2,exp_a1/12_sq\fg_0000ff_bg_000000.jpg,0.2353515625
7,16,exp_a1/12_sq\fg_ff0000_bg_000000.jpg,0.2344970703125
8,15,exp_a1/12_sq\fg_921e3e_bg_ffffff.jpg,0.23291015625
9,8,exp_a1/12_sq\fg_00ffff_bg_000000.jpg,0.232421875
10,18,exp_a1/12_sq\fg_ff0000_bg_ffffff.jpg,0.23193359375
11,5,exp_a1/12_sq\fg_00ff00_bg_000000.jpg,0.2298583984375
12,10,exp_a1/12_sq\fg_00ffff_bg_ffffff.jpg,0.228759765625
13,21,exp_a1/12_sq\fg_ffff00_bg_ffffff.jpg,0.225830078125
14,7,exp_a1/12_sq\fg_00ff00_bg_ffffff.jpg,0.2242431640625
15,4,exp_a1/12_sq\fg_0000ff_bg_ffffff.jpg,0.2227783203125
16,17,exp_a1/12_sq\fg_ff0000_bg_888888.jpg,0.215087890625
17,23,exp_a1/12_sq\fg_ffffff_bg_888888.jpg,0.214111328125
18,20,exp_a1/12_sq\fg_ffff00_bg_888888.jpg,0.2135009765625
19,9,exp_a1/12_sq\fg_00ffff_bg_888888.jpg,0.212158203125
20,3,exp_a1/12_sq\fg_0000ff_bg_888888.jpg,0.2100830078125
21,0,exp_a1/12_sq\fg_000000_bg_888888.jpg,0.2099609375
22,14,exp_a1/12_sq\fg_921e3e_bg_888888.jpg,0.2095947265625
23,6,exp_a1/12_sq\fg_00ff00_bg_888888.jpg,0.2025146484375
0,15,exp_a1/148_sq\fg_921e3e_bg_ffffff.jpg,0.251708984375
1,18,exp_a1/148_sq\fg_ff0000_bg_ffffff.jpg,0.2421875
2,22,exp_a1/148_sq\fg_ffffff_bg_000000.jpg,0.2412109375
3,1,exp_a1/148_sq\fg_000000_bg_ffffff.jpg,0.2403564453125
4,21,exp_a1/148_sq\fg_ffff00_bg_ffffff.jpg,0.2396240234375
5,16,exp_a1/148_sq\fg_ff0000_bg_000000.jpg,0.2379150390625
6,13,exp_a1/148_sq\fg_921e3e_bg_000000.jpg,0.234375
7,0,exp_a1/148_sq\fg_000000_bg_888888.jpg,0.234130859375
8,19,exp_a1/148_sq\fg_ffff00_bg_000000.jpg,0.234130859375
9,7,exp_a1/148_sq\fg_00ff00_bg_ffffff.jpg,0.234130859375
10,10,exp_a1/148_sq\fg_00ffff_bg_ffffff.jpg,0.2333984375
11,4,exp_a1/148_sq\fg_0000ff_bg_ffffff.jpg,0.2325439453125
12,17,exp_a1/148_sq\fg_ff0000_bg_888888.jpg,0.230224609375
13,11,exp_a1/148_sq\fg_888888_bg_000000.jpg,0.230224609375
14,23,exp_a1/148_sq\fg_ffffff_bg_888888.jpg,0.2293701171875
15,8,exp_a1/148_sq\fg_00ffff_bg_000000.jpg,0.22802734375
16,5,exp_a1/148_sq\fg_00ff00_bg_000000.jpg,0.22802734375
17,12,exp_a1/148_sq\fg_888888_bg_ffffff.jpg,0.2237548828125
18,2,exp_a1/148_sq\fg_0000ff_bg_000000.jpg,0.22216796875
19,20,exp_a1/148_sq\fg_ffff00_bg_888888.jpg,0.2203369140625
20,3,exp_a1/148_sq\fg_0000ff_bg_888888.jpg,0.2158203125
21,9,exp_a1/148_sq\fg_00ffff_bg_888888.jpg,0.2098388671875
22,14,exp_a1/148_sq\fg_921e3e_bg_888888.jpg,0.2054443359375
23,6,exp_a1/148_sq\fg_00ff00_bg_888888.jpg,0.1873779296875
0,10,exp_a1/200_sq\fg_00ffff_bg_ffffff.jpg,0.249267578125
1,15,exp_a1/200_sq\fg_921e3e_bg_ffffff.jpg,0.248779296875
2,21,exp_a1/200_sq\fg_ffff00_bg_ffffff.jpg,0.248291015625
3,18,exp_a1/200_sq\fg_ff0000_bg_ffffff.jpg,0.2451171875
4,19,exp_a1/200_sq\fg_ffff00_bg_000000.jpg,0.244384765625
5,1,exp_a1/200_sq\fg_000000_bg_ffffff.jpg,0.2435302734375
6,0,exp_a1/200_sq\fg_000000_bg_888888.jpg,0.2412109375
7,2,exp_a1/200_sq\fg_0000ff_bg_000000.jpg,0.24072265625
8,16,exp_a1/200_sq\fg_ff0000_bg_000000.jpg,0.2396240234375
9,4,exp_a1/200_sq\fg_0000ff_bg_ffffff.jpg,0.239013671875
10,13,exp_a1/200_sq\fg_921e3e_bg_000000.jpg,0.238525390625
11,7,exp_a1/200_sq\fg_00ff00_bg_ffffff.jpg,0.23681640625
12,22,exp_a1/200_sq\fg_ffffff_bg_000000.jpg,0.235595703125
13,8,exp_a1/200_sq\fg_00ffff_bg_000000.jpg,0.2347412109375
14,5,exp_a1/200_sq\fg_00ff00_bg_000000.jpg,0.2344970703125
15,17,exp_a1/200_sq\fg_ff0000_bg_888888.jpg,0.2335205078125
16,9,exp_a1/200_sq\fg_00ffff_bg_888888.jpg,0.2315673828125
17,20,exp_a1/200_sq\fg_ffff00_bg_888888.jpg,0.2305908203125
18,3,exp_a1/200_sq\fg_0000ff_bg_888888.jpg,0.2296142578125
19,23,exp_a1/200_sq\fg_ffffff_bg_888888.jpg,0.2288818359375
20,6,exp_a1/200_sq\fg_00ff00_bg_888888.jpg,0.2265625
21,14,exp_a1/200_sq\fg_921e3e_bg_888888.jpg,0.21923828125
22,12,exp_a1/200_sq\fg_888888_bg_ffffff.jpg,0.2166748046875
23,11,exp_a1/200_sq\fg_888888_bg_000000.jpg,0.2109375
0,11,exp_a1/4_sq\fg_888888_bg_000000.jpg,0.2454833984375
1,13,exp_a1/4_sq\fg_921e3e_bg_000000.jpg,0.245361328125
2,2,exp_a1/4_sq\fg_0000ff_bg_000000.jpg,0.2449951171875
3,19,exp_a1/4_sq\fg_ffff00_bg_000000.jpg,0.2432861328125
4,16,exp_a1/4_sq\fg_ff0000_bg_000000.jpg,0.2431640625
5,12,exp_a1/4_sq\fg_888888_bg_ffffff.jpg,0.2421875
6,22,exp_a1/4_sq\fg_ffffff_bg_000000.jpg,0.2421875
7,5,exp_a1/4_sq\fg_00ff00_bg_000000.jpg,0.2418212890625
8,8,exp_a1/4_sq\fg_00ffff_bg_000000.jpg,0.2396240234375
9,15,exp_a1/4_sq\fg_921e3e_bg_ffffff.jpg,0.2371826171875
10,18,exp_a1/4_sq\fg_ff0000_bg_ffffff.jpg,0.236572265625
11,1,exp_a1/4_sq\fg_000000_bg_ffffff.jpg,0.236328125
12,0,exp_a1/4_sq\fg_000000_bg_888888.jpg,0.2325439453125
13,9,exp_a1/4_sq\fg_00ffff_bg_888888.jpg,0.23193359375
14,10,exp_a1/4_sq\fg_00ffff_bg_ffffff.jpg,0.2308349609375
15,21,exp_a1/4_sq\fg_ffff00_bg_ffffff.jpg,0.23046875
16,7,exp_a1/4_sq\fg_00ff00_bg_ffffff.jpg,0.2293701171875
17,6,exp_a1/4_sq\fg_00ff00_bg_888888.jpg,0.2274169921875
18,3,exp_a1/4_sq\fg_0000ff_bg_888888.jpg,0.2266845703125
19,23,exp_a1/4_sq\fg_ffffff_bg_888888.jpg,0.2255859375
20,4,exp_a1/4_sq\fg_0000ff_bg_ffffff.jpg,0.2254638671875
21,20,exp_a1/4_sq\fg_ffff00_bg_888888.jpg,0.2252197265625
22,14,exp_a1/4_sq\fg_921e3e_bg_888888.jpg,0.21630859375
23,17,exp_a1/4_sq\fg_ff0000_bg_888888.jpg,0.2110595703125
0,1,exp_a1/56_sq\fg_000000_bg_ffffff.jpg,0.25341796875
1,17,exp_a1/56_sq\fg_ff0000_bg_888888.jpg,0.252685546875
2,20,exp_a1/56_sq\fg_ffff00_bg_888888.jpg,0.251953125
3,13,exp_a1/56_sq\fg_921e3e_bg_000000.jpg,0.24560546875
4,4,exp_a1/56_sq\fg_0000ff_bg_ffffff.jpg,0.24462890625
5,16,exp_a1/56_sq\fg_ff0000_bg_000000.jpg,0.243896484375
6,22,exp_a1/56_sq\fg_ffffff_bg_000000.jpg,0.2421875
7,15,exp_a1/56_sq\fg_921e3e_bg_ffffff.jpg,0.241455078125
8,11,exp_a1/56_sq\fg_888888_bg_000000.jpg,0.239990234375
9,8,exp_a1/56_sq\fg_00ffff_bg_000000.jpg,0.2393798828125
10,14,exp_a1/56_sq\fg_921e3e_bg_888888.jpg,0.2386474609375
11,3,exp_a1/56_sq\fg_0000ff_bg_888888.jpg,0.2384033203125
12,21,exp_a1/56_sq\fg_ffff00_bg_ffffff.jpg,0.2374267578125
13,18,exp_a1/56_sq\fg_ff0000_bg_ffffff.jpg,0.2366943359375
14,10,exp_a1/56_sq\fg_00ffff_bg_ffffff.jpg,0.2364501953125
15,2,exp_a1/56_sq\fg_0000ff_bg_000000.jpg,0.236328125
16,7,exp_a1/56_sq\fg_00ff00_bg_ffffff.jpg,0.2359619140625
17,0,exp_a1/56_sq\fg_000000_bg_888888.jpg,0.23583984375
18,19,exp_a1/56_sq\fg_ffff00_bg_000000.jpg,0.235107421875
19,12,exp_a1/56_sq\fg_888888_bg_ffffff.jpg,0.232666015625
20,5,exp_a1/56_sq\fg_00ff00_bg_000000.jpg,0.231201171875
21,23,exp_a1/56_sq\fg_ffffff_bg_888888.jpg,0.2294921875
22,6,exp_a1/56_sq\fg_00ff00_bg_888888.jpg,0.21630859375
23,9,exp_a1/56_sq\fg_00ffff_bg_888888.jpg,0.215087890625
0,0,exp_a1/colors\bg_000000.jpg,0.248291015625
1,8,exp_a1/colors\bg_ffffff.png,0.2474365234375
2,5,exp_a1/colors\bg_921e3e.jpg,0.2471923828125
3,6,exp_a1/colors\bg_ff0000.jpg,0.2445068359375
4,3,exp_a1/colors\bg_00ffff.jpg,0.2386474609375
5,1,exp_a1/colors\bg_0000ff.jpg,0.2369384765625
6,7,exp_a1/colors\bg_ffff00.jpg,0.2353515625
7,2,exp_a1/colors\bg_00ff00.jpg,0.233642578125
8,4,exp_a1/colors\bg_888888.jpg,0.2257080078125
