,Unnamed: 0,filepaths,similarity
0,6,exp_a1/112_sq\fg_00ff00_bg_888888.jpg,0.34423828125
1,14,exp_a1/112_sq\fg_921e3e_bg_888888.jpg,0.32470703125
2,9,exp_a1/112_sq\fg_00ffff_bg_888888.jpg,0.310302734375
3,21,exp_a1/112_sq\fg_ffff00_bg_ffffff.jpg,0.30126953125
4,12,exp_a1/112_sq\fg_888888_bg_ffffff.jpg,0.2998046875
5,10,exp_a1/112_sq\fg_00ffff_bg_ffffff.jpg,0.297607421875
6,3,exp_a1/112_sq\fg_0000ff_bg_888888.jpg,0.2900390625
7,1,exp_a1/112_sq\fg_000000_bg_ffffff.jpg,0.280517578125
8,7,exp_a1/112_sq\fg_00ff00_bg_ffffff.jpg,0.274658203125
9,4,exp_a1/112_sq\fg_0000ff_bg_ffffff.jpg,0.267578125
10,5,exp_a1/112_sq\fg_00ff00_bg_000000.jpg,0.26025390625
11,18,exp_a1/112_sq\fg_ff0000_bg_ffffff.jpg,0.256103515625
12,15,exp_a1/112_sq\fg_921e3e_bg_ffffff.jpg,0.252685546875
13,11,exp_a1/112_sq\fg_888888_bg_000000.jpg,0.25048828125
14,13,exp_a1/112_sq\fg_921e3e_bg_000000.jpg,0.236328125
15,0,exp_a1/112_sq\fg_000000_bg_888888.jpg,0.23291015625
16,8,exp_a1/112_sq\fg_00ffff_bg_000000.jpg,0.23095703125
17,20,exp_a1/112_sq\fg_ffff00_bg_888888.jpg,0.22900390625
18,22,exp_a1/112_sq\fg_ffffff_bg_000000.jpg,0.2049560546875
19,16,exp_a1/112_sq\fg_ff0000_bg_000000.jpg,0.203857421875
20,2,exp_a1/112_sq\fg_0000ff_bg_000000.jpg,0.2022705078125
21,19,exp_a1/112_sq\fg_ffff00_bg_000000.jpg,0.1917724609375
22,23,exp_a1/112_sq\fg_ffffff_bg_888888.jpg,0.1839599609375
23,17,exp_a1/112_sq\fg_ff0000_bg_888888.jpg,0.18017578125
0,3,exp_a1/12_sq\fg_0000ff_bg_888888.jpg,0.354248046875
1,14,exp_a1/12_sq\fg_921e3e_bg_888888.jpg,0.352783203125
2,23,exp_a1/12_sq\fg_ffffff_bg_888888.jpg,0.350830078125
3,0,exp_a1/12_sq\fg_000000_bg_888888.jpg,0.348388671875
4,6,exp_a1/12_sq\fg_00ff00_bg_888888.jpg,0.34228515625
5,20,exp_a1/12_sq\fg_ffff00_bg_888888.jpg,0.33251953125
6,17,exp_a1/12_sq\fg_ff0000_bg_888888.jpg,0.3203125
7,9,exp_a1/12_sq\fg_00ffff_bg_888888.jpg,0.31982421875
8,12,exp_a1/12_sq\fg_888888_bg_ffffff.jpg,0.266845703125
9,15,exp_a1/12_sq\fg_921e3e_bg_ffffff.jpg,0.26611328125
10,4,exp_a1/12_sq\fg_0000ff_bg_ffffff.jpg,0.265625
11,18,exp_a1/12_sq\fg_ff0000_bg_ffffff.jpg,0.265380859375
12,10,exp_a1/12_sq\fg_00ffff_bg_ffffff.jpg,0.264892578125
13,1,exp_a1/12_sq\fg_000000_bg_ffffff.jpg,0.2646484375
14,7,exp_a1/12_sq\fg_00ff00_bg_ffffff.jpg,0.2646484375
15,21,exp_a1/12_sq\fg_ffff00_bg_ffffff.jpg,0.264404296875
16,11,exp_a1/12_sq\fg_888888_bg_000000.jpg,0.1595458984375
17,22,exp_a1/12_sq\fg_ffffff_bg_000000.jpg,0.1590576171875
18,16,exp_a1/12_sq\fg_ff0000_bg_000000.jpg,0.158447265625
19,8,exp_a1/12_sq\fg_00ffff_bg_000000.jpg,0.156982421875
20,19,exp_a1/12_sq\fg_ffff00_bg_000000.jpg,0.15673828125
21,5,exp_a1/12_sq\fg_00ff00_bg_000000.jpg,0.1563720703125
22,13,exp_a1/12_sq\fg_921e3e_bg_000000.jpg,0.1558837890625
23,2,exp_a1/12_sq\fg_0000ff_bg_000000.jpg,0.1549072265625
0,10,exp_a1/148_sq\fg_00ffff_bg_ffffff.jpg,0.3125
1,21,exp_a1/148_sq\fg_ffff00_bg_ffffff.jpg,0.306396484375
2,6,exp_a1/148_sq\fg_00ff00_bg_888888.jpg,0.295166015625
3,1,exp_a1/148_sq\fg_000000_bg_ffffff.jpg,0.289794921875
4,7,exp_a1/148_sq\fg_00ff00_bg_ffffff.jpg,0.28515625
5,4,exp_a1/148_sq\fg_0000ff_bg_ffffff.jpg,0.2744140625
6,5,exp_a1/148_sq\fg_00ff00_bg_000000.jpg,0.269287109375
7,12,exp_a1/148_sq\fg_888888_bg_ffffff.jpg,0.259765625
8,18,exp_a1/148_sq\fg_ff0000_bg_ffffff.jpg,0.255126953125
9,13,exp_a1/148_sq\fg_921e3e_bg_000000.jpg,0.23583984375
10,11,exp_a1/148_sq\fg_888888_bg_000000.jpg,0.233154296875
11,2,exp_a1/148_sq\fg_0000ff_bg_000000.jpg,0.224609375
12,9,exp_a1/148_sq\fg_00ffff_bg_888888.jpg,0.2088623046875
13,14,exp_a1/148_sq\fg_921e3e_bg_888888.jpg,0.2056884765625
14,8,exp_a1/148_sq\fg_00ffff_bg_000000.jpg,0.2052001953125
15,3,exp_a1/148_sq\fg_0000ff_bg_888888.jpg,0.2022705078125
16,20,exp_a1/148_sq\fg_ffff00_bg_888888.jpg,0.1971435546875
17,19,exp_a1/148_sq\fg_ffff00_bg_000000.jpg,0.195556640625
18,0,exp_a1/148_sq\fg_000000_bg_888888.jpg,0.1910400390625
19,15,exp_a1/148_sq\fg_921e3e_bg_ffffff.jpg,0.1806640625
20,17,exp_a1/148_sq\fg_ff0000_bg_888888.jpg,0.1676025390625
21,23,exp_a1/148_sq\fg_ffffff_bg_888888.jpg,0.1650390625
22,22,exp_a1/148_sq\fg_ffffff_bg_000000.jpg,0.1231689453125
23,16,exp_a1/148_sq\fg_ff0000_bg_000000.jpg,0.10333251953125
0,5,exp_a1/200_sq\fg_00ff00_bg_000000.jpg,0.305419921875
1,19,exp_a1/200_sq\fg_ffff00_bg_000000.jpg,0.279541015625
2,8,exp_a1/200_sq\fg_00ffff_bg_000000.jpg,0.263916015625
3,18,exp_a1/200_sq\fg_ff0000_bg_ffffff.jpg,0.263671875
4,11,exp_a1/200_sq\fg_888888_bg_000000.jpg,0.259765625
5,10,exp_a1/200_sq\fg_00ffff_bg_ffffff.jpg,0.252685546875
6,13,exp_a1/200_sq\fg_921e3e_bg_000000.jpg,0.2427978515625
7,21,exp_a1/200_sq\fg_ffff00_bg_ffffff.jpg,0.2275390625
8,0,exp_a1/200_sq\fg_000000_bg_888888.jpg,0.2244873046875
9,7,exp_a1/200_sq\fg_00ff00_bg_ffffff.jpg,0.224365234375
10,2,exp_a1/200_sq\fg_0000ff_bg_000000.jpg,0.2113037109375
11,14,exp_a1/200_sq\fg_921e3e_bg_888888.jpg,0.20361328125
12,22,exp_a1/200_sq\fg_ffffff_bg_000000.jpg,0.2021484375
13,3,exp_a1/200_sq\fg_0000ff_bg_888888.jpg,0.2010498046875
14,16,exp_a1/200_sq\fg_ff0000_bg_000000.jpg,0.1910400390625
15,20,exp_a1/200_sq\fg_ffff00_bg_888888.jpg,0.1871337890625
16,6,exp_a1/200_sq\fg_00ff00_bg_888888.jpg,0.1829833984375
17,17,exp_a1/200_sq\fg_ff0000_bg_888888.jpg,0.1607666015625
18,1,exp_a1/200_sq\fg_000000_bg_ffffff.jpg,0.1605224609375
19,23,exp_a1/200_sq\fg_ffffff_bg_888888.jpg,0.1527099609375
20,9,exp_a1/200_sq\fg_00ffff_bg_888888.jpg,0.14404296875
21,4,exp_a1/200_sq\fg_0000ff_bg_ffffff.jpg,0.1282958984375
22,15,exp_a1/200_sq\fg_921e3e_bg_ffffff.jpg,0.0938720703125
23,12,exp_a1/200_sq\fg_888888_bg_ffffff.jpg,0.015380859375
0,6,exp_a1/4_sq\fg_00ff00_bg_888888.jpg,0.404052734375
1,9,exp_a1/4_sq\fg_00ffff_bg_888888.jpg,0.39697265625
2,17,exp_a1/4_sq\fg_ff0000_bg_888888.jpg,0.39599609375
3,0,exp_a1/4_sq\fg_000000_bg_888888.jpg,0.38525390625
4,3,exp_a1/4_sq\fg_0000ff_bg_888888.jpg,0.385009765625
5,23,exp_a1/4_sq\fg_ffffff_bg_888888.jpg,0.381103515625
6,20,exp_a1/4_sq\fg_ffff00_bg_888888.jpg,0.379150390625
7,14,exp_a1/4_sq\fg_921e3e_bg_888888.jpg,0.37890625
8,10,exp_a1/4_sq\fg_00ffff_bg_ffffff.jpg,0.265625
9,4,exp_a1/4_sq\fg_0000ff_bg_ffffff.jpg,0.265380859375
10,15,exp_a1/4_sq\fg_921e3e_bg_ffffff.jpg,0.26513671875
11,18,exp_a1/4_sq\fg_ff0000_bg_ffffff.jpg,0.26513671875
12,7,exp_a1/4_sq\fg_00ff00_bg_ffffff.jpg,0.26513671875
13,12,exp_a1/4_sq\fg_888888_bg_ffffff.jpg,0.26513671875
14,1,exp_a1/4_sq\fg_000000_bg_ffffff.jpg,0.26513671875
15,21,exp_a1/4_sq\fg_ffff00_bg_ffffff.jpg,0.264892578125
16,22,exp_a1/4_sq\fg_ffffff_bg_000000.jpg,0.1551513671875
17,5,exp_a1/4_sq\fg_00ff00_bg_000000.jpg,0.1549072265625
18,13,exp_a1/4_sq\fg_921e3e_bg_000000.jpg,0.15478515625
19,19,exp_a1/4_sq\fg_ffff00_bg_000000.jpg,0.15478515625
20,2,exp_a1/4_sq\fg_0000ff_bg_000000.jpg,0.1546630859375
21,8,exp_a1/4_sq\fg_00ffff_bg_000000.jpg,0.1546630859375
22,16,exp_a1/4_sq\fg_ff0000_bg_000000.jpg,0.154541015625
23,11,exp_a1/4_sq\fg_888888_bg_000000.jpg,0.154541015625
0,14,exp_a1/56_sq\fg_921e3e_bg_888888.jpg,0.3740234375
1,6,exp_a1/56_sq\fg_00ff00_bg_888888.jpg,0.36962890625
2,9,exp_a1/56_sq\fg_00ffff_bg_888888.jpg,0.3681640625
3,0,exp_a1/56_sq\fg_000000_bg_888888.jpg,0.362060546875
4,3,exp_a1/56_sq\fg_0000ff_bg_888888.jpg,0.357177734375
5,20,exp_a1/56_sq\fg_ffff00_bg_888888.jpg,0.347900390625
6,17,exp_a1/56_sq\fg_ff0000_bg_888888.jpg,0.304443359375
7,1,exp_a1/56_sq\fg_000000_bg_ffffff.jpg,0.297119140625
8,21,exp_a1/56_sq\fg_ffff00_bg_ffffff.jpg,0.2900390625
9,4,exp_a1/56_sq\fg_0000ff_bg_ffffff.jpg,0.284912109375
10,7,exp_a1/56_sq\fg_00ff00_bg_ffffff.jpg,0.27587890625
11,10,exp_a1/56_sq\fg_00ffff_bg_ffffff.jpg,0.274658203125
12,12,exp_a1/56_sq\fg_888888_bg_ffffff.jpg,0.271728515625
13,23,exp_a1/56_sq\fg_ffffff_bg_888888.jpg,0.269287109375
14,15,exp_a1/56_sq\fg_921e3e_bg_ffffff.jpg,0.26123046875
15,18,exp_a1/56_sq\fg_ff0000_bg_ffffff.jpg,0.254638671875
16,11,exp_a1/56_sq\fg_888888_bg_000000.jpg,0.231689453125
17,13,exp_a1/56_sq\fg_921e3e_bg_000000.jpg,0.2198486328125
18,22,exp_a1/56_sq\fg_ffffff_bg_000000.jpg,0.1844482421875
19,16,exp_a1/56_sq\fg_ff0000_bg_000000.jpg,0.181884765625
20,19,exp_a1/56_sq\fg_ffff00_bg_000000.jpg,0.1771240234375
21,8,exp_a1/56_sq\fg_00ffff_bg_000000.jpg,0.1763916015625
22,5,exp_a1/56_sq\fg_00ff00_bg_000000.jpg,0.1702880859375
23,2,exp_a1/56_sq\fg_0000ff_bg_000000.jpg,0.169921875
0,4,exp_a1/colors\bg_888888.jpg,0.390380859375
1,8,exp_a1/colors\bg_ffffff.png,0.265380859375
2,7,exp_a1/colors\bg_ffff00.jpg,0.2607421875
3,2,exp_a1/colors\bg_00ff00.jpg,0.2244873046875
4,6,exp_a1/colors\bg_ff0000.jpg,0.222412109375
5,1,exp_a1/colors\bg_0000ff.jpg,0.213623046875
6,3,exp_a1/colors\bg_00ffff.jpg,0.2130126953125
7,5,exp_a1/colors\bg_921e3e.jpg,0.21142578125
8,0,exp_a1/colors\bg_000000.jpg,0.15478515625
