,Unnamed: 0,filepaths,similarity
0,6,exp_a1/112_sq\fg_00ff00_bg_888888.jpg,0.365234375
1,9,exp_a1/112_sq\fg_00ffff_bg_888888.jpg,0.309326171875
2,14,exp_a1/112_sq\fg_921e3e_bg_888888.jpg,0.30517578125
3,10,exp_a1/112_sq\fg_00ffff_bg_ffffff.jpg,0.301513671875
4,12,exp_a1/112_sq\fg_888888_bg_ffffff.jpg,0.2958984375
5,21,exp_a1/112_sq\fg_ffff00_bg_ffffff.jpg,0.27392578125
6,7,exp_a1/112_sq\fg_00ff00_bg_ffffff.jpg,0.272705078125
7,1,exp_a1/112_sq\fg_000000_bg_ffffff.jpg,0.27001953125
8,11,exp_a1/112_sq\fg_888888_bg_000000.jpg,0.266845703125
9,18,exp_a1/112_sq\fg_ff0000_bg_ffffff.jpg,0.265625
10,3,exp_a1/112_sq\fg_0000ff_bg_888888.jpg,0.258544921875
11,4,exp_a1/112_sq\fg_0000ff_bg_ffffff.jpg,0.25439453125
12,15,exp_a1/112_sq\fg_921e3e_bg_ffffff.jpg,0.244384765625
13,13,exp_a1/112_sq\fg_921e3e_bg_000000.jpg,0.2403564453125
14,5,exp_a1/112_sq\fg_00ff00_bg_000000.jpg,0.2379150390625
15,8,exp_a1/112_sq\fg_00ffff_bg_000000.jpg,0.206298828125
16,2,exp_a1/112_sq\fg_0000ff_bg_000000.jpg,0.1939697265625
17,23,exp_a1/112_sq\fg_ffffff_bg_888888.jpg,0.19384765625
18,16,exp_a1/112_sq\fg_ff0000_bg_000000.jpg,0.192138671875
19,17,exp_a1/112_sq\fg_ff0000_bg_888888.jpg,0.191650390625
20,22,exp_a1/112_sq\fg_ffffff_bg_000000.jpg,0.1890869140625
21,19,exp_a1/112_sq\fg_ffff00_bg_000000.jpg,0.187744140625
22,20,exp_a1/112_sq\fg_ffff00_bg_888888.jpg,0.1739501953125
23,0,exp_a1/112_sq\fg_000000_bg_888888.jpg,0.168212890625
0,23,exp_a1/12_sq\fg_ffffff_bg_888888.jpg,0.416015625
1,17,exp_a1/12_sq\fg_ff0000_bg_888888.jpg,0.41552734375
2,6,exp_a1/12_sq\fg_00ff00_bg_888888.jpg,0.410888671875
3,14,exp_a1/12_sq\fg_921e3e_bg_888888.jpg,0.408203125
4,9,exp_a1/12_sq\fg_00ffff_bg_888888.jpg,0.406494140625
5,3,exp_a1/12_sq\fg_0000ff_bg_888888.jpg,0.40283203125
6,0,exp_a1/12_sq\fg_000000_bg_888888.jpg,0.400146484375
7,20,exp_a1/12_sq\fg_ffff00_bg_888888.jpg,0.396240234375
8,12,exp_a1/12_sq\fg_888888_bg_ffffff.jpg,0.279541015625
9,15,exp_a1/12_sq\fg_921e3e_bg_ffffff.jpg,0.278564453125
10,4,exp_a1/12_sq\fg_0000ff_bg_ffffff.jpg,0.277099609375
11,1,exp_a1/12_sq\fg_000000_bg_ffffff.jpg,0.27587890625
12,7,exp_a1/12_sq\fg_00ff00_bg_ffffff.jpg,0.275146484375
13,10,exp_a1/12_sq\fg_00ffff_bg_ffffff.jpg,0.27490234375
14,18,exp_a1/12_sq\fg_ff0000_bg_ffffff.jpg,0.27490234375
15,21,exp_a1/12_sq\fg_ffff00_bg_ffffff.jpg,0.27490234375
16,22,exp_a1/12_sq\fg_ffffff_bg_000000.jpg,0.15478515625
17,16,exp_a1/12_sq\fg_ff0000_bg_000000.jpg,0.1544189453125
18,11,exp_a1/12_sq\fg_888888_bg_000000.jpg,0.154052734375
19,8,exp_a1/12_sq\fg_00ffff_bg_000000.jpg,0.153564453125
20,19,exp_a1/12_sq\fg_ffff00_bg_000000.jpg,0.1531982421875
21,5,exp_a1/12_sq\fg_00ff00_bg_000000.jpg,0.153076171875
22,13,exp_a1/12_sq\fg_921e3e_bg_000000.jpg,0.15234375
23,2,exp_a1/12_sq\fg_0000ff_bg_000000.jpg,0.1522216796875
0,10,exp_a1/148_sq\fg_00ffff_bg_ffffff.jpg,0.32373046875
1,21,exp_a1/148_sq\fg_ffff00_bg_ffffff.jpg,0.309326171875
2,6,exp_a1/148_sq\fg_00ff00_bg_888888.jpg,0.30908203125
3,7,exp_a1/148_sq\fg_00ff00_bg_ffffff.jpg,0.29052734375
4,12,exp_a1/148_sq\fg_888888_bg_ffffff.jpg,0.28466796875
5,1,exp_a1/148_sq\fg_000000_bg_ffffff.jpg,0.2822265625
6,4,exp_a1/148_sq\fg_0000ff_bg_ffffff.jpg,0.265380859375
7,18,exp_a1/148_sq\fg_ff0000_bg_ffffff.jpg,0.26220703125
8,5,exp_a1/148_sq\fg_00ff00_bg_000000.jpg,0.247802734375
9,11,exp_a1/148_sq\fg_888888_bg_000000.jpg,0.2467041015625
10,13,exp_a1/148_sq\fg_921e3e_bg_000000.jpg,0.24169921875
11,2,exp_a1/148_sq\fg_0000ff_bg_000000.jpg,0.2254638671875
12,19,exp_a1/148_sq\fg_ffff00_bg_000000.jpg,0.189208984375
13,8,exp_a1/148_sq\fg_00ffff_bg_000000.jpg,0.1875
14,15,exp_a1/148_sq\fg_921e3e_bg_ffffff.jpg,0.1815185546875
15,9,exp_a1/148_sq\fg_00ffff_bg_888888.jpg,0.171142578125
16,20,exp_a1/148_sq\fg_ffff00_bg_888888.jpg,0.153564453125
17,22,exp_a1/148_sq\fg_ffffff_bg_000000.jpg,0.1466064453125
18,17,exp_a1/148_sq\fg_ff0000_bg_888888.jpg,0.1431884765625
19,3,exp_a1/148_sq\fg_0000ff_bg_888888.jpg,0.134033203125
20,14,exp_a1/148_sq\fg_921e3e_bg_888888.jpg,0.1334228515625
21,23,exp_a1/148_sq\fg_ffffff_bg_888888.jpg,0.1322021484375
22,16,exp_a1/148_sq\fg_ff0000_bg_000000.jpg,0.12646484375
23,0,exp_a1/148_sq\fg_000000_bg_888888.jpg,0.1077880859375
0,11,exp_a1/200_sq\fg_888888_bg_000000.jpg,0.29541015625
1,5,exp_a1/200_sq\fg_00ff00_bg_000000.jpg,0.28369140625
2,19,exp_a1/200_sq\fg_ffff00_bg_000000.jpg,0.271484375
3,18,exp_a1/200_sq\fg_ff0000_bg_ffffff.jpg,0.26953125
4,8,exp_a1/200_sq\fg_00ffff_bg_000000.jpg,0.25927734375
5,10,exp_a1/200_sq\fg_00ffff_bg_ffffff.jpg,0.25634765625
6,22,exp_a1/200_sq\fg_ffffff_bg_000000.jpg,0.2435302734375
7,13,exp_a1/200_sq\fg_921e3e_bg_000000.jpg,0.23388671875
8,16,exp_a1/200_sq\fg_ff0000_bg_000000.jpg,0.2327880859375
9,21,exp_a1/200_sq\fg_ffff00_bg_ffffff.jpg,0.2314453125
10,7,exp_a1/200_sq\fg_00ff00_bg_ffffff.jpg,0.222900390625
11,2,exp_a1/200_sq\fg_0000ff_bg_000000.jpg,0.2066650390625
12,6,exp_a1/200_sq\fg_00ff00_bg_888888.jpg,0.2001953125
13,0,exp_a1/200_sq\fg_000000_bg_888888.jpg,0.1925048828125
14,20,exp_a1/200_sq\fg_ffff00_bg_888888.jpg,0.176025390625
15,1,exp_a1/200_sq\fg_000000_bg_ffffff.jpg,0.1702880859375
16,3,exp_a1/200_sq\fg_0000ff_bg_888888.jpg,0.157958984375
17,4,exp_a1/200_sq\fg_0000ff_bg_ffffff.jpg,0.1549072265625
18,17,exp_a1/200_sq\fg_ff0000_bg_888888.jpg,0.1495361328125
19,23,exp_a1/200_sq\fg_ffffff_bg_888888.jpg,0.145751953125
20,14,exp_a1/200_sq\fg_921e3e_bg_888888.jpg,0.13720703125
21,15,exp_a1/200_sq\fg_921e3e_bg_ffffff.jpg,0.1263427734375
22,9,exp_a1/200_sq\fg_00ffff_bg_888888.jpg,0.10443115234375
23,12,exp_a1/200_sq\fg_888888_bg_ffffff.jpg,0.035430908203125
0,3,exp_a1/4_sq\fg_0000ff_bg_888888.jpg,0.4150390625
1,0,exp_a1/4_sq\fg_000000_bg_888888.jpg,0.41259765625
2,14,exp_a1/4_sq\fg_921e3e_bg_888888.jpg,0.412353515625
3,23,exp_a1/4_sq\fg_ffffff_bg_888888.jpg,0.41015625
4,9,exp_a1/4_sq\fg_00ffff_bg_888888.jpg,0.40869140625
5,20,exp_a1/4_sq\fg_ffff00_bg_888888.jpg,0.408447265625
6,17,exp_a1/4_sq\fg_ff0000_bg_888888.jpg,0.407470703125
7,6,exp_a1/4_sq\fg_00ff00_bg_888888.jpg,0.4072265625
8,10,exp_a1/4_sq\fg_00ffff_bg_ffffff.jpg,0.2744140625
9,4,exp_a1/4_sq\fg_0000ff_bg_ffffff.jpg,0.274169921875
10,15,exp_a1/4_sq\fg_921e3e_bg_ffffff.jpg,0.274169921875
11,1,exp_a1/4_sq\fg_000000_bg_ffffff.jpg,0.274169921875
12,21,exp_a1/4_sq\fg_ffff00_bg_ffffff.jpg,0.27392578125
13,18,exp_a1/4_sq\fg_ff0000_bg_ffffff.jpg,0.27392578125
14,12,exp_a1/4_sq\fg_888888_bg_ffffff.jpg,0.27392578125
15,7,exp_a1/4_sq\fg_00ff00_bg_ffffff.jpg,0.27392578125
16,22,exp_a1/4_sq\fg_ffffff_bg_000000.jpg,0.15283203125
17,16,exp_a1/4_sq\fg_ff0000_bg_000000.jpg,0.152587890625
18,2,exp_a1/4_sq\fg_0000ff_bg_000000.jpg,0.152587890625
19,5,exp_a1/4_sq\fg_00ff00_bg_000000.jpg,0.1524658203125
20,13,exp_a1/4_sq\fg_921e3e_bg_000000.jpg,0.15234375
21,11,exp_a1/4_sq\fg_888888_bg_000000.jpg,0.15234375
22,19,exp_a1/4_sq\fg_ffff00_bg_000000.jpg,0.15234375
23,8,exp_a1/4_sq\fg_00ffff_bg_000000.jpg,0.1522216796875
0,6,exp_a1/56_sq\fg_00ff00_bg_888888.jpg,0.419189453125
1,14,exp_a1/56_sq\fg_921e3e_bg_888888.jpg,0.3974609375
2,3,exp_a1/56_sq\fg_0000ff_bg_888888.jpg,0.3955078125
3,9,exp_a1/56_sq\fg_00ffff_bg_888888.jpg,0.3828125
4,0,exp_a1/56_sq\fg_000000_bg_888888.jpg,0.378662109375
5,20,exp_a1/56_sq\fg_ffff00_bg_888888.jpg,0.34619140625
6,21,exp_a1/56_sq\fg_ffff00_bg_ffffff.jpg,0.310302734375
7,1,exp_a1/56_sq\fg_000000_bg_ffffff.jpg,0.306396484375
8,4,exp_a1/56_sq\fg_0000ff_bg_ffffff.jpg,0.29931640625
9,10,exp_a1/56_sq\fg_00ffff_bg_ffffff.jpg,0.29833984375
10,12,exp_a1/56_sq\fg_888888_bg_ffffff.jpg,0.2978515625
11,7,exp_a1/56_sq\fg_00ff00_bg_ffffff.jpg,0.28662109375
12,15,exp_a1/56_sq\fg_921e3e_bg_ffffff.jpg,0.28515625
13,17,exp_a1/56_sq\fg_ff0000_bg_888888.jpg,0.279052734375
14,18,exp_a1/56_sq\fg_ff0000_bg_ffffff.jpg,0.265625
15,23,exp_a1/56_sq\fg_ffffff_bg_888888.jpg,0.224609375
16,13,exp_a1/56_sq\fg_921e3e_bg_000000.jpg,0.2193603515625
17,11,exp_a1/56_sq\fg_888888_bg_000000.jpg,0.215087890625
18,19,exp_a1/56_sq\fg_ffff00_bg_000000.jpg,0.177490234375
19,22,exp_a1/56_sq\fg_ffffff_bg_000000.jpg,0.1773681640625
20,16,exp_a1/56_sq\fg_ff0000_bg_000000.jpg,0.1734619140625
21,8,exp_a1/56_sq\fg_00ffff_bg_000000.jpg,0.170166015625
22,5,exp_a1/56_sq\fg_00ff00_bg_000000.jpg,0.1650390625
23,2,exp_a1/56_sq\fg_0000ff_bg_000000.jpg,0.1629638671875
0,4,exp_a1/colors\bg_888888.jpg,0.400390625
1,8,exp_a1/colors\bg_ffffff.png,0.27392578125
2,7,exp_a1/colors\bg_ffff00.jpg,0.268798828125
3,5,exp_a1/colors\bg_921e3e.jpg,0.2261962890625
4,6,exp_a1/colors\bg_ff0000.jpg,0.2191162109375
5,3,exp_a1/colors\bg_00ffff.jpg,0.213134765625
6,1,exp_a1/colors\bg_0000ff.jpg,0.2027587890625
7,2,exp_a1/colors\bg_00ff00.jpg,0.202392578125
8,0,exp_a1/colors\bg_000000.jpg,0.1524658203125
