,Unnamed: 0,filepaths,similarity
0,10,exp_a1/112_sq\fg_00ffff_bg_ffffff.jpg,0.2177734375
1,18,exp_a1/112_sq\fg_ff0000_bg_ffffff.jpg,0.2159423828125
2,1,exp_a1/112_sq\fg_000000_bg_ffffff.jpg,0.2125244140625
3,12,exp_a1/112_sq\fg_888888_bg_ffffff.jpg,0.21142578125
4,4,exp_a1/112_sq\fg_0000ff_bg_ffffff.jpg,0.21142578125
5,20,exp_a1/112_sq\fg_ffff00_bg_888888.jpg,0.2108154296875
6,11,exp_a1/112_sq\fg_888888_bg_000000.jpg,0.2108154296875
7,21,exp_a1/112_sq\fg_ffff00_bg_ffffff.jpg,0.21044921875
8,22,exp_a1/112_sq\fg_ffffff_bg_000000.jpg,0.2103271484375
9,2,exp_a1/112_sq\fg_0000ff_bg_000000.jpg,0.209716796875
10,0,exp_a1/112_sq\fg_000000_bg_888888.jpg,0.2095947265625
11,8,exp_a1/112_sq\fg_00ffff_bg_000000.jpg,0.208984375
12,3,exp_a1/112_sq\fg_0000ff_bg_888888.jpg,0.207763671875
13,16,exp_a1/112_sq\fg_ff0000_bg_000000.jpg,0.2076416015625
14,7,exp_a1/112_sq\fg_00ff00_bg_ffffff.jpg,0.20751953125
15,23,exp_a1/112_sq\fg_ffffff_bg_888888.jpg,0.20703125
16,5,exp_a1/112_sq\fg_00ff00_bg_000000.jpg,0.2066650390625
17,9,exp_a1/112_sq\fg_00ffff_bg_888888.jpg,0.2064208984375
18,13,exp_a1/112_sq\fg_921e3e_bg_000000.jpg,0.205810546875
19,15,exp_a1/112_sq\fg_921e3e_bg_ffffff.jpg,0.205322265625
20,19,exp_a1/112_sq\fg_ffff00_bg_000000.jpg,0.203857421875
21,17,exp_a1/112_sq\fg_ff0000_bg_888888.jpg,0.2037353515625
22,14,exp_a1/112_sq\fg_921e3e_bg_888888.jpg,0.20361328125
23,6,exp_a1/112_sq\fg_00ff00_bg_888888.jpg,0.1925048828125
0,10,exp_a1/12_sq\fg_00ffff_bg_ffffff.jpg,0.2142333984375
1,12,exp_a1/12_sq\fg_888888_bg_ffffff.jpg,0.213134765625
2,18,exp_a1/12_sq\fg_ff0000_bg_ffffff.jpg,0.2113037109375
3,9,exp_a1/12_sq\fg_00ffff_bg_888888.jpg,0.20947265625
4,1,exp_a1/12_sq\fg_000000_bg_ffffff.jpg,0.2091064453125
5,7,exp_a1/12_sq\fg_00ff00_bg_ffffff.jpg,0.20751953125
6,23,exp_a1/12_sq\fg_ffffff_bg_888888.jpg,0.2069091796875
7,22,exp_a1/12_sq\fg_ffffff_bg_000000.jpg,0.2060546875
8,15,exp_a1/12_sq\fg_921e3e_bg_ffffff.jpg,0.205810546875
9,4,exp_a1/12_sq\fg_0000ff_bg_ffffff.jpg,0.2056884765625
10,3,exp_a1/12_sq\fg_0000ff_bg_888888.jpg,0.2049560546875
11,17,exp_a1/12_sq\fg_ff0000_bg_888888.jpg,0.2047119140625
12,11,exp_a1/12_sq\fg_888888_bg_000000.jpg,0.20458984375
13,13,exp_a1/12_sq\fg_921e3e_bg_000000.jpg,0.2042236328125
14,6,exp_a1/12_sq\fg_00ff00_bg_888888.jpg,0.2041015625
15,8,exp_a1/12_sq\fg_00ffff_bg_000000.jpg,0.202880859375
16,14,exp_a1/12_sq\fg_921e3e_bg_888888.jpg,0.2027587890625
17,20,exp_a1/12_sq\fg_ffff00_bg_888888.jpg,0.2021484375
18,5,exp_a1/12_sq\fg_00ff00_bg_000000.jpg,0.2021484375
19,0,exp_a1/12_sq\fg_000000_bg_888888.jpg,0.2015380859375
20,2,exp_a1/12_sq\fg_0000ff_bg_000000.jpg,0.2012939453125
21,21,exp_a1/12_sq\fg_ffff00_bg_ffffff.jpg,0.2012939453125
22,16,exp_a1/12_sq\fg_ff0000_bg_000000.jpg,0.2005615234375
23,19,exp_a1/12_sq\fg_ffff00_bg_000000.jpg,0.2001953125
0,11,exp_a1/148_sq\fg_888888_bg_000000.jpg,0.2132568359375
1,15,exp_a1/148_sq\fg_921e3e_bg_ffffff.jpg,0.2127685546875
2,1,exp_a1/148_sq\fg_000000_bg_ffffff.jpg,0.21240234375
3,0,exp_a1/148_sq\fg_000000_bg_888888.jpg,0.212158203125
4,22,exp_a1/148_sq\fg_ffffff_bg_000000.jpg,0.2120361328125
5,18,exp_a1/148_sq\fg_ff0000_bg_ffffff.jpg,0.2117919921875
6,5,exp_a1/148_sq\fg_00ff00_bg_000000.jpg,0.2099609375
7,2,exp_a1/148_sq\fg_0000ff_bg_000000.jpg,0.2095947265625
8,13,exp_a1/148_sq\fg_921e3e_bg_000000.jpg,0.20947265625
9,16,exp_a1/148_sq\fg_ff0000_bg_000000.jpg,0.209228515625
10,23,exp_a1/148_sq\fg_ffffff_bg_888888.jpg,0.209228515625
11,8,exp_a1/148_sq\fg_00ffff_bg_000000.jpg,0.208984375
12,19,exp_a1/148_sq\fg_ffff00_bg_000000.jpg,0.208984375
13,10,exp_a1/148_sq\fg_00ffff_bg_ffffff.jpg,0.2083740234375
14,7,exp_a1/148_sq\fg_00ff00_bg_ffffff.jpg,0.206787109375
15,21,exp_a1/148_sq\fg_ffff00_bg_ffffff.jpg,0.2059326171875
16,4,exp_a1/148_sq\fg_0000ff_bg_ffffff.jpg,0.205810546875
17,12,exp_a1/148_sq\fg_888888_bg_ffffff.jpg,0.2044677734375
18,20,exp_a1/148_sq\fg_ffff00_bg_888888.jpg,0.202392578125
19,17,exp_a1/148_sq\fg_ff0000_bg_888888.jpg,0.2015380859375
20,3,exp_a1/148_sq\fg_0000ff_bg_888888.jpg,0.2003173828125
21,14,exp_a1/148_sq\fg_921e3e_bg_888888.jpg,0.1962890625
22,9,exp_a1/148_sq\fg_00ffff_bg_888888.jpg,0.1956787109375
23,6,exp_a1/148_sq\fg_00ff00_bg_888888.jpg,0.1669921875
0,10,exp_a1/200_sq\fg_00ffff_bg_ffffff.jpg,0.2142333984375
1,21,exp_a1/200_sq\fg_ffff00_bg_ffffff.jpg,0.2125244140625
2,23,exp_a1/200_sq\fg_ffffff_bg_888888.jpg,0.2117919921875
3,9,exp_a1/200_sq\fg_00ffff_bg_888888.jpg,0.2113037109375
4,3,exp_a1/200_sq\fg_0000ff_bg_888888.jpg,0.2110595703125
5,1,exp_a1/200_sq\fg_000000_bg_ffffff.jpg,0.2109375
6,17,exp_a1/200_sq\fg_ff0000_bg_888888.jpg,0.2099609375
7,18,exp_a1/200_sq\fg_ff0000_bg_ffffff.jpg,0.2099609375
8,20,exp_a1/200_sq\fg_ffff00_bg_888888.jpg,0.2091064453125
9,4,exp_a1/200_sq\fg_0000ff_bg_ffffff.jpg,0.2083740234375
10,16,exp_a1/200_sq\fg_ff0000_bg_000000.jpg,0.2081298828125
11,2,exp_a1/200_sq\fg_0000ff_bg_000000.jpg,0.2080078125
12,5,exp_a1/200_sq\fg_00ff00_bg_000000.jpg,0.2078857421875
13,15,exp_a1/200_sq\fg_921e3e_bg_ffffff.jpg,0.2078857421875
14,19,exp_a1/200_sq\fg_ffff00_bg_000000.jpg,0.2076416015625
15,6,exp_a1/200_sq\fg_00ff00_bg_888888.jpg,0.2069091796875
16,13,exp_a1/200_sq\fg_921e3e_bg_000000.jpg,0.2066650390625
17,7,exp_a1/200_sq\fg_00ff00_bg_ffffff.jpg,0.206298828125
18,8,exp_a1/200_sq\fg_00ffff_bg_000000.jpg,0.2061767578125
19,0,exp_a1/200_sq\fg_000000_bg_888888.jpg,0.205810546875
20,22,exp_a1/200_sq\fg_ffffff_bg_000000.jpg,0.2056884765625
21,12,exp_a1/200_sq\fg_888888_bg_ffffff.jpg,0.2037353515625
22,14,exp_a1/200_sq\fg_921e3e_bg_888888.jpg,0.198974609375
23,11,exp_a1/200_sq\fg_888888_bg_000000.jpg,0.1968994140625
0,6,exp_a1/4_sq\fg_00ff00_bg_888888.jpg,0.21435546875
1,9,exp_a1/4_sq\fg_00ffff_bg_888888.jpg,0.2130126953125
2,3,exp_a1/4_sq\fg_0000ff_bg_888888.jpg,0.2119140625
3,12,exp_a1/4_sq\fg_888888_bg_ffffff.jpg,0.2117919921875
4,18,exp_a1/4_sq\fg_ff0000_bg_ffffff.jpg,0.2117919921875
5,0,exp_a1/4_sq\fg_000000_bg_888888.jpg,0.208740234375
6,20,exp_a1/4_sq\fg_ffff00_bg_888888.jpg,0.2086181640625
7,10,exp_a1/4_sq\fg_00ffff_bg_ffffff.jpg,0.208251953125
8,11,exp_a1/4_sq\fg_888888_bg_000000.jpg,0.2071533203125
9,13,exp_a1/4_sq\fg_921e3e_bg_000000.jpg,0.20703125
10,7,exp_a1/4_sq\fg_00ff00_bg_ffffff.jpg,0.206787109375
11,2,exp_a1/4_sq\fg_0000ff_bg_000000.jpg,0.2060546875
12,15,exp_a1/4_sq\fg_921e3e_bg_ffffff.jpg,0.205810546875
13,19,exp_a1/4_sq\fg_ffff00_bg_000000.jpg,0.2052001953125
14,1,exp_a1/4_sq\fg_000000_bg_ffffff.jpg,0.2052001953125
15,5,exp_a1/4_sq\fg_00ff00_bg_000000.jpg,0.20458984375
16,22,exp_a1/4_sq\fg_ffffff_bg_000000.jpg,0.2044677734375
17,16,exp_a1/4_sq\fg_ff0000_bg_000000.jpg,0.204345703125
18,17,exp_a1/4_sq\fg_ff0000_bg_888888.jpg,0.2030029296875
19,8,exp_a1/4_sq\fg_00ffff_bg_000000.jpg,0.2027587890625
20,4,exp_a1/4_sq\fg_0000ff_bg_ffffff.jpg,0.20263671875
21,23,exp_a1/4_sq\fg_ffffff_bg_888888.jpg,0.2022705078125
22,21,exp_a1/4_sq\fg_ffff00_bg_ffffff.jpg,0.2008056640625
23,14,exp_a1/4_sq\fg_921e3e_bg_888888.jpg,0.1998291015625
0,10,exp_a1/56_sq\fg_00ffff_bg_ffffff.jpg,0.2225341796875
1,1,exp_a1/56_sq\fg_000000_bg_ffffff.jpg,0.2208251953125
2,18,exp_a1/56_sq\fg_ff0000_bg_ffffff.jpg,0.21875
3,12,exp_a1/56_sq\fg_888888_bg_ffffff.jpg,0.21533203125
4,4,exp_a1/56_sq\fg_0000ff_bg_ffffff.jpg,0.21484375
5,11,exp_a1/56_sq\fg_888888_bg_000000.jpg,0.21484375
6,7,exp_a1/56_sq\fg_00ff00_bg_ffffff.jpg,0.2142333984375
7,8,exp_a1/56_sq\fg_00ffff_bg_000000.jpg,0.2135009765625
8,0,exp_a1/56_sq\fg_000000_bg_888888.jpg,0.21337890625
9,2,exp_a1/56_sq\fg_0000ff_bg_000000.jpg,0.21142578125
10,22,exp_a1/56_sq\fg_ffffff_bg_000000.jpg,0.2110595703125
11,23,exp_a1/56_sq\fg_ffffff_bg_888888.jpg,0.2095947265625
12,14,exp_a1/56_sq\fg_921e3e_bg_888888.jpg,0.2093505859375
13,3,exp_a1/56_sq\fg_0000ff_bg_888888.jpg,0.2091064453125
14,15,exp_a1/56_sq\fg_921e3e_bg_ffffff.jpg,0.208984375
15,21,exp_a1/56_sq\fg_ffff00_bg_ffffff.jpg,0.2088623046875
16,20,exp_a1/56_sq\fg_ffff00_bg_888888.jpg,0.208740234375
17,13,exp_a1/56_sq\fg_921e3e_bg_000000.jpg,0.207275390625
18,5,exp_a1/56_sq\fg_00ff00_bg_000000.jpg,0.206298828125
19,17,exp_a1/56_sq\fg_ff0000_bg_888888.jpg,0.2056884765625
20,16,exp_a1/56_sq\fg_ff0000_bg_000000.jpg,0.203857421875
21,19,exp_a1/56_sq\fg_ffff00_bg_000000.jpg,0.202880859375
22,9,exp_a1/56_sq\fg_00ffff_bg_888888.jpg,0.198486328125
23,6,exp_a1/56_sq\fg_00ff00_bg_888888.jpg,0.19091796875
0,5,exp_a1/colors\bg_921e3e.jpg,0.21875
1,3,exp_a1/colors\bg_00ffff.jpg,0.217529296875
2,1,exp_a1/colors\bg_0000ff.jpg,0.2171630859375
3,4,exp_a1/colors\bg_888888.jpg,0.2154541015625
4,6,exp_a1/colors\bg_ff0000.jpg,0.214599609375
5,2,exp_a1/colors\bg_00ff00.jpg,0.21142578125
6,7,exp_a1/colors\bg_ffff00.jpg,0.2100830078125
7,8,exp_a1/colors\bg_ffffff.png,0.20947265625
8,0,exp_a1/colors\bg_000000.jpg,0.2059326171875
