,Unnamed: 0,filepaths,similarity
0,3,exp_a1/112_sq\fg_0000ff_bg_888888.jpg,0.274658203125
1,20,exp_a1/112_sq\fg_ffff00_bg_888888.jpg,0.272705078125
2,4,exp_a1/112_sq\fg_0000ff_bg_ffffff.jpg,0.271240234375
3,21,exp_a1/112_sq\fg_ffff00_bg_ffffff.jpg,0.269287109375
4,1,exp_a1/112_sq\fg_000000_bg_ffffff.jpg,0.266357421875
5,10,exp_a1/112_sq\fg_00ffff_bg_ffffff.jpg,0.264892578125
6,18,exp_a1/112_sq\fg_ff0000_bg_ffffff.jpg,0.262451171875
7,7,exp_a1/112_sq\fg_00ff00_bg_ffffff.jpg,0.260986328125
8,15,exp_a1/112_sq\fg_921e3e_bg_ffffff.jpg,0.259765625
9,23,exp_a1/112_sq\fg_ffffff_bg_888888.jpg,0.259521484375
10,9,exp_a1/112_sq\fg_00ffff_bg_888888.jpg,0.25830078125
11,14,exp_a1/112_sq\fg_921e3e_bg_888888.jpg,0.258056640625
12,22,exp_a1/112_sq\fg_ffffff_bg_000000.jpg,0.253662109375
13,17,exp_a1/112_sq\fg_ff0000_bg_888888.jpg,0.25341796875
14,13,exp_a1/112_sq\fg_921e3e_bg_000000.jpg,0.25244140625
15,2,exp_a1/112_sq\fg_0000ff_bg_000000.jpg,0.251953125
16,19,exp_a1/112_sq\fg_ffff00_bg_000000.jpg,0.2474365234375
17,8,exp_a1/112_sq\fg_00ffff_bg_000000.jpg,0.245361328125
18,16,exp_a1/112_sq\fg_ff0000_bg_000000.jpg,0.2445068359375
19,6,exp_a1/112_sq\fg_00ff00_bg_888888.jpg,0.2432861328125
20,0,exp_a1/112_sq\fg_000000_bg_888888.jpg,0.241943359375
21,5,exp_a1/112_sq\fg_00ff00_bg_000000.jpg,0.2386474609375
22,11,exp_a1/112_sq\fg_888888_bg_000000.jpg,0.232666015625
23,12,exp_a1/112_sq\fg_888888_bg_ffffff.jpg,0.2298583984375
0,10,exp_a1/12_sq\fg_00ffff_bg_ffffff.jpg,0.268310546875
1,22,exp_a1/12_sq\fg_ffffff_bg_000000.jpg,0.263427734375
2,8,exp_a1/12_sq\fg_00ffff_bg_000000.jpg,0.26318359375
3,2,exp_a1/12_sq\fg_0000ff_bg_000000.jpg,0.260986328125
4,14,exp_a1/12_sq\fg_921e3e_bg_888888.jpg,0.2607421875
5,9,exp_a1/12_sq\fg_00ffff_bg_888888.jpg,0.2607421875
6,5,exp_a1/12_sq\fg_00ff00_bg_000000.jpg,0.260009765625
7,15,exp_a1/12_sq\fg_921e3e_bg_ffffff.jpg,0.25927734375
8,1,exp_a1/12_sq\fg_000000_bg_ffffff.jpg,0.25927734375
9,18,exp_a1/12_sq\fg_ff0000_bg_ffffff.jpg,0.259033203125
10,11,exp_a1/12_sq\fg_888888_bg_000000.jpg,0.257568359375
11,13,exp_a1/12_sq\fg_921e3e_bg_000000.jpg,0.257080078125
12,3,exp_a1/12_sq\fg_0000ff_bg_888888.jpg,0.25634765625
13,12,exp_a1/12_sq\fg_888888_bg_ffffff.jpg,0.256103515625
14,0,exp_a1/12_sq\fg_000000_bg_888888.jpg,0.255859375
15,4,exp_a1/12_sq\fg_0000ff_bg_ffffff.jpg,0.255859375
16,16,exp_a1/12_sq\fg_ff0000_bg_000000.jpg,0.254150390625
17,23,exp_a1/12_sq\fg_ffffff_bg_888888.jpg,0.25390625
18,7,exp_a1/12_sq\fg_00ff00_bg_ffffff.jpg,0.253173828125
19,17,exp_a1/12_sq\fg_ff0000_bg_888888.jpg,0.253173828125
20,19,exp_a1/12_sq\fg_ffff00_bg_000000.jpg,0.252685546875
21,21,exp_a1/12_sq\fg_ffff00_bg_ffffff.jpg,0.251708984375
22,20,exp_a1/12_sq\fg_ffff00_bg_888888.jpg,0.2467041015625
23,6,exp_a1/12_sq\fg_00ff00_bg_888888.jpg,0.2391357421875
0,4,exp_a1/148_sq\fg_0000ff_bg_ffffff.jpg,0.2646484375
1,18,exp_a1/148_sq\fg_ff0000_bg_ffffff.jpg,0.26171875
2,3,exp_a1/148_sq\fg_0000ff_bg_888888.jpg,0.26025390625
3,1,exp_a1/148_sq\fg_000000_bg_ffffff.jpg,0.260009765625
4,10,exp_a1/148_sq\fg_00ffff_bg_ffffff.jpg,0.259765625
5,21,exp_a1/148_sq\fg_ffff00_bg_ffffff.jpg,0.259033203125
6,7,exp_a1/148_sq\fg_00ff00_bg_ffffff.jpg,0.25732421875
7,15,exp_a1/148_sq\fg_921e3e_bg_ffffff.jpg,0.255859375
8,22,exp_a1/148_sq\fg_ffffff_bg_000000.jpg,0.2548828125
9,13,exp_a1/148_sq\fg_921e3e_bg_000000.jpg,0.25341796875
10,2,exp_a1/148_sq\fg_0000ff_bg_000000.jpg,0.252685546875
11,0,exp_a1/148_sq\fg_000000_bg_888888.jpg,0.2509765625
12,20,exp_a1/148_sq\fg_ffff00_bg_888888.jpg,0.25
13,9,exp_a1/148_sq\fg_00ffff_bg_888888.jpg,0.2493896484375
14,19,exp_a1/148_sq\fg_ffff00_bg_000000.jpg,0.248291015625
15,23,exp_a1/148_sq\fg_ffffff_bg_888888.jpg,0.2467041015625
16,16,exp_a1/148_sq\fg_ff0000_bg_000000.jpg,0.2457275390625
17,14,exp_a1/148_sq\fg_921e3e_bg_888888.jpg,0.2454833984375
18,17,exp_a1/148_sq\fg_ff0000_bg_888888.jpg,0.2418212890625
19,8,exp_a1/148_sq\fg_00ffff_bg_000000.jpg,0.2403564453125
20,11,exp_a1/148_sq\fg_888888_bg_000000.jpg,0.2379150390625
21,5,exp_a1/148_sq\fg_00ff00_bg_000000.jpg,0.2310791015625
22,12,exp_a1/148_sq\fg_888888_bg_ffffff.jpg,0.23095703125
23,6,exp_a1/148_sq\fg_00ff00_bg_888888.jpg,0.2073974609375
0,10,exp_a1/200_sq\fg_00ffff_bg_ffffff.jpg,0.265869140625
1,3,exp_a1/200_sq\fg_0000ff_bg_888888.jpg,0.265625
2,9,exp_a1/200_sq\fg_00ffff_bg_888888.jpg,0.2607421875
3,8,exp_a1/200_sq\fg_00ffff_bg_000000.jpg,0.260009765625
4,4,exp_a1/200_sq\fg_0000ff_bg_ffffff.jpg,0.258056640625
5,21,exp_a1/200_sq\fg_ffff00_bg_ffffff.jpg,0.2578125
6,0,exp_a1/200_sq\fg_000000_bg_888888.jpg,0.256591796875
7,1,exp_a1/200_sq\fg_000000_bg_ffffff.jpg,0.25634765625
8,22,exp_a1/200_sq\fg_ffffff_bg_000000.jpg,0.256103515625
9,20,exp_a1/200_sq\fg_ffff00_bg_888888.jpg,0.253662109375
10,18,exp_a1/200_sq\fg_ff0000_bg_ffffff.jpg,0.25244140625
11,15,exp_a1/200_sq\fg_921e3e_bg_ffffff.jpg,0.252197265625
12,5,exp_a1/200_sq\fg_00ff00_bg_000000.jpg,0.251708984375
13,7,exp_a1/200_sq\fg_00ff00_bg_ffffff.jpg,0.251220703125
14,2,exp_a1/200_sq\fg_0000ff_bg_000000.jpg,0.2509765625
15,19,exp_a1/200_sq\fg_ffff00_bg_000000.jpg,0.250244140625
16,13,exp_a1/200_sq\fg_921e3e_bg_000000.jpg,0.2491455078125
17,6,exp_a1/200_sq\fg_00ff00_bg_888888.jpg,0.2490234375
18,14,exp_a1/200_sq\fg_921e3e_bg_888888.jpg,0.2484130859375
19,17,exp_a1/200_sq\fg_ff0000_bg_888888.jpg,0.2474365234375
20,16,exp_a1/200_sq\fg_ff0000_bg_000000.jpg,0.2467041015625
21,23,exp_a1/200_sq\fg_ffffff_bg_888888.jpg,0.2454833984375
22,12,exp_a1/200_sq\fg_888888_bg_ffffff.jpg,0.2181396484375
23,11,exp_a1/200_sq\fg_888888_bg_000000.jpg,0.2039794921875
0,13,exp_a1/4_sq\fg_921e3e_bg_000000.jpg,0.255126953125
1,0,exp_a1/4_sq\fg_000000_bg_888888.jpg,0.2548828125
2,11,exp_a1/4_sq\fg_888888_bg_000000.jpg,0.2548828125
3,9,exp_a1/4_sq\fg_00ffff_bg_888888.jpg,0.254638671875
4,18,exp_a1/4_sq\fg_ff0000_bg_ffffff.jpg,0.253662109375
5,2,exp_a1/4_sq\fg_0000ff_bg_000000.jpg,0.25244140625
6,19,exp_a1/4_sq\fg_ffff00_bg_000000.jpg,0.25244140625
7,10,exp_a1/4_sq\fg_00ffff_bg_ffffff.jpg,0.251708984375
8,22,exp_a1/4_sq\fg_ffffff_bg_000000.jpg,0.250732421875
9,3,exp_a1/4_sq\fg_0000ff_bg_888888.jpg,0.25048828125
10,16,exp_a1/4_sq\fg_ff0000_bg_000000.jpg,0.25048828125
11,8,exp_a1/4_sq\fg_00ffff_bg_000000.jpg,0.250244140625
12,12,exp_a1/4_sq\fg_888888_bg_ffffff.jpg,0.2493896484375
13,23,exp_a1/4_sq\fg_ffffff_bg_888888.jpg,0.2493896484375
14,1,exp_a1/4_sq\fg_000000_bg_ffffff.jpg,0.247802734375
15,5,exp_a1/4_sq\fg_00ff00_bg_000000.jpg,0.2476806640625
16,15,exp_a1/4_sq\fg_921e3e_bg_ffffff.jpg,0.2452392578125
17,7,exp_a1/4_sq\fg_00ff00_bg_ffffff.jpg,0.2445068359375
18,4,exp_a1/4_sq\fg_0000ff_bg_ffffff.jpg,0.2445068359375
19,14,exp_a1/4_sq\fg_921e3e_bg_888888.jpg,0.2432861328125
20,21,exp_a1/4_sq\fg_ffff00_bg_ffffff.jpg,0.239990234375
21,6,exp_a1/4_sq\fg_00ff00_bg_888888.jpg,0.2373046875
22,20,exp_a1/4_sq\fg_ffff00_bg_888888.jpg,0.2342529296875
23,17,exp_a1/4_sq\fg_ff0000_bg_888888.jpg,0.2244873046875
0,4,exp_a1/56_sq\fg_0000ff_bg_ffffff.jpg,0.27587890625
1,10,exp_a1/56_sq\fg_00ffff_bg_ffffff.jpg,0.273193359375
2,3,exp_a1/56_sq\fg_0000ff_bg_888888.jpg,0.27001953125
3,7,exp_a1/56_sq\fg_00ff00_bg_ffffff.jpg,0.269775390625
4,21,exp_a1/56_sq\fg_ffff00_bg_ffffff.jpg,0.269287109375
5,1,exp_a1/56_sq\fg_000000_bg_ffffff.jpg,0.26904296875
6,8,exp_a1/56_sq\fg_00ffff_bg_000000.jpg,0.264404296875
7,18,exp_a1/56_sq\fg_ff0000_bg_ffffff.jpg,0.264404296875
8,20,exp_a1/56_sq\fg_ffff00_bg_888888.jpg,0.263916015625
9,2,exp_a1/56_sq\fg_0000ff_bg_000000.jpg,0.263916015625
10,15,exp_a1/56_sq\fg_921e3e_bg_ffffff.jpg,0.262939453125
11,22,exp_a1/56_sq\fg_ffffff_bg_000000.jpg,0.260986328125
12,13,exp_a1/56_sq\fg_921e3e_bg_000000.jpg,0.257080078125
13,11,exp_a1/56_sq\fg_888888_bg_000000.jpg,0.25537109375
14,5,exp_a1/56_sq\fg_00ff00_bg_000000.jpg,0.2548828125
15,14,exp_a1/56_sq\fg_921e3e_bg_888888.jpg,0.25439453125
16,9,exp_a1/56_sq\fg_00ffff_bg_888888.jpg,0.253173828125
17,19,exp_a1/56_sq\fg_ffff00_bg_000000.jpg,0.2529296875
18,23,exp_a1/56_sq\fg_ffffff_bg_888888.jpg,0.251953125
19,17,exp_a1/56_sq\fg_ff0000_bg_888888.jpg,0.251708984375
20,16,exp_a1/56_sq\fg_ff0000_bg_000000.jpg,0.250732421875
21,12,exp_a1/56_sq\fg_888888_bg_ffffff.jpg,0.25048828125
22,0,exp_a1/56_sq\fg_000000_bg_888888.jpg,0.249267578125
23,6,exp_a1/56_sq\fg_00ff00_bg_888888.jpg,0.2462158203125
0,1,exp_a1/colors\bg_0000ff.jpg,0.25634765625
1,5,exp_a1/colors\bg_921e3e.jpg,0.255859375
2,0,exp_a1/colors\bg_000000.jpg,0.255126953125
3,6,exp_a1/colors\bg_ff0000.jpg,0.25341796875
4,3,exp_a1/colors\bg_00ffff.jpg,0.2496337890625
5,8,exp_a1/colors\bg_ffffff.png,0.2484130859375
6,2,exp_a1/colors\bg_00ff00.jpg,0.2423095703125
7,7,exp_a1/colors\bg_ffff00.jpg,0.240234375
8,4,exp_a1/colors\bg_888888.jpg,0.22509765625
