,Unnamed: 0,filepaths,similarity
0,14,exp_a1/112_sq\fg_921e3e_bg_888888.jpg,0.3154296875
1,9,exp_a1/112_sq\fg_00ffff_bg_888888.jpg,0.3154296875
2,20,exp_a1/112_sq\fg_ffff00_bg_888888.jpg,0.312744140625
3,17,exp_a1/112_sq\fg_ff0000_bg_888888.jpg,0.312255859375
4,3,exp_a1/112_sq\fg_0000ff_bg_888888.jpg,0.3115234375
5,18,exp_a1/112_sq\fg_ff0000_bg_ffffff.jpg,0.30908203125
6,7,exp_a1/112_sq\fg_00ff00_bg_ffffff.jpg,0.30859375
7,23,exp_a1/112_sq\fg_ffffff_bg_888888.jpg,0.306884765625
8,16,exp_a1/112_sq\fg_ff0000_bg_000000.jpg,0.3046875
9,2,exp_a1/112_sq\fg_0000ff_bg_000000.jpg,0.303955078125
10,6,exp_a1/112_sq\fg_00ff00_bg_888888.jpg,0.303466796875
11,13,exp_a1/112_sq\fg_921e3e_bg_000000.jpg,0.30224609375
12,22,exp_a1/112_sq\fg_ffffff_bg_000000.jpg,0.30029296875
13,5,exp_a1/112_sq\fg_00ff00_bg_000000.jpg,0.299560546875
14,21,exp_a1/112_sq\fg_ffff00_bg_ffffff.jpg,0.298828125
15,10,exp_a1/112_sq\fg_00ffff_bg_ffffff.jpg,0.29833984375
16,19,exp_a1/112_sq\fg_ffff00_bg_000000.jpg,0.2978515625
17,8,exp_a1/112_sq\fg_00ffff_bg_000000.jpg,0.297607421875
18,4,exp_a1/112_sq\fg_0000ff_bg_ffffff.jpg,0.29736328125
19,15,exp_a1/112_sq\fg_921e3e_bg_ffffff.jpg,0.294921875
20,1,exp_a1/112_sq\fg_000000_bg_ffffff.jpg,0.283447265625
21,11,exp_a1/112_sq\fg_888888_bg_000000.jpg,0.279296875
22,0,exp_a1/112_sq\fg_000000_bg_888888.jpg,0.277587890625
23,12,exp_a1/112_sq\fg_888888_bg_ffffff.jpg,0.273193359375
0,23,exp_a1/12_sq\fg_ffffff_bg_888888.jpg,0.314697265625
1,22,exp_a1/12_sq\fg_ffffff_bg_000000.jpg,0.313720703125
2,10,exp_a1/12_sq\fg_00ffff_bg_ffffff.jpg,0.310302734375
3,8,exp_a1/12_sq\fg_00ffff_bg_000000.jpg,0.30859375
4,3,exp_a1/12_sq\fg_0000ff_bg_888888.jpg,0.308349609375
5,5,exp_a1/12_sq\fg_00ff00_bg_000000.jpg,0.308349609375
6,2,exp_a1/12_sq\fg_0000ff_bg_000000.jpg,0.308349609375
7,18,exp_a1/12_sq\fg_ff0000_bg_ffffff.jpg,0.30810546875
8,9,exp_a1/12_sq\fg_00ffff_bg_888888.jpg,0.30712890625
9,14,exp_a1/12_sq\fg_921e3e_bg_888888.jpg,0.306884765625
10,19,exp_a1/12_sq\fg_ffff00_bg_000000.jpg,0.306396484375
11,17,exp_a1/12_sq\fg_ff0000_bg_888888.jpg,0.30615234375
12,11,exp_a1/12_sq\fg_888888_bg_000000.jpg,0.30615234375
13,21,exp_a1/12_sq\fg_ffff00_bg_ffffff.jpg,0.3046875
14,13,exp_a1/12_sq\fg_921e3e_bg_000000.jpg,0.3046875
15,16,exp_a1/12_sq\fg_ff0000_bg_000000.jpg,0.3046875
16,15,exp_a1/12_sq\fg_921e3e_bg_ffffff.jpg,0.30419921875
17,0,exp_a1/12_sq\fg_000000_bg_888888.jpg,0.302978515625
18,20,exp_a1/12_sq\fg_ffff00_bg_888888.jpg,0.302490234375
19,7,exp_a1/12_sq\fg_00ff00_bg_ffffff.jpg,0.301513671875
20,4,exp_a1/12_sq\fg_0000ff_bg_ffffff.jpg,0.301513671875
21,1,exp_a1/12_sq\fg_000000_bg_ffffff.jpg,0.298095703125
22,12,exp_a1/12_sq\fg_888888_bg_ffffff.jpg,0.29541015625
23,6,exp_a1/12_sq\fg_00ff00_bg_888888.jpg,0.2900390625
0,14,exp_a1/148_sq\fg_921e3e_bg_888888.jpg,0.31298828125
1,20,exp_a1/148_sq\fg_ffff00_bg_888888.jpg,0.3125
2,17,exp_a1/148_sq\fg_ff0000_bg_888888.jpg,0.308349609375
3,2,exp_a1/148_sq\fg_0000ff_bg_000000.jpg,0.307861328125
4,9,exp_a1/148_sq\fg_00ffff_bg_888888.jpg,0.307861328125
5,18,exp_a1/148_sq\fg_ff0000_bg_ffffff.jpg,0.3076171875
6,21,exp_a1/148_sq\fg_ffff00_bg_ffffff.jpg,0.306884765625
7,13,exp_a1/148_sq\fg_921e3e_bg_000000.jpg,0.3056640625
8,3,exp_a1/148_sq\fg_0000ff_bg_888888.jpg,0.304931640625
9,4,exp_a1/148_sq\fg_0000ff_bg_ffffff.jpg,0.30224609375
10,16,exp_a1/148_sq\fg_ff0000_bg_000000.jpg,0.30078125
11,19,exp_a1/148_sq\fg_ffff00_bg_000000.jpg,0.2998046875
12,7,exp_a1/148_sq\fg_00ff00_bg_ffffff.jpg,0.2998046875
13,22,exp_a1/148_sq\fg_ffffff_bg_000000.jpg,0.29833984375
14,10,exp_a1/148_sq\fg_00ffff_bg_ffffff.jpg,0.2978515625
15,8,exp_a1/148_sq\fg_00ffff_bg_000000.jpg,0.297607421875
16,23,exp_a1/148_sq\fg_ffffff_bg_888888.jpg,0.29736328125
17,15,exp_a1/148_sq\fg_921e3e_bg_ffffff.jpg,0.2958984375
18,5,exp_a1/148_sq\fg_00ff00_bg_000000.jpg,0.2958984375
19,1,exp_a1/148_sq\fg_000000_bg_ffffff.jpg,0.283935546875
20,0,exp_a1/148_sq\fg_000000_bg_888888.jpg,0.283447265625
21,11,exp_a1/148_sq\fg_888888_bg_000000.jpg,0.275634765625
22,6,exp_a1/148_sq\fg_00ff00_bg_888888.jpg,0.2705078125
23,12,exp_a1/148_sq\fg_888888_bg_ffffff.jpg,0.268310546875
0,17,exp_a1/200_sq\fg_ff0000_bg_888888.jpg,0.300048828125
1,9,exp_a1/200_sq\fg_00ffff_bg_888888.jpg,0.29931640625
2,21,exp_a1/200_sq\fg_ffff00_bg_ffffff.jpg,0.298583984375
3,16,exp_a1/200_sq\fg_ff0000_bg_000000.jpg,0.29833984375
4,1,exp_a1/200_sq\fg_000000_bg_ffffff.jpg,0.297607421875
5,4,exp_a1/200_sq\fg_0000ff_bg_ffffff.jpg,0.297607421875
6,14,exp_a1/200_sq\fg_921e3e_bg_888888.jpg,0.296875
7,5,exp_a1/200_sq\fg_00ff00_bg_000000.jpg,0.296630859375
8,0,exp_a1/200_sq\fg_000000_bg_888888.jpg,0.295166015625
9,3,exp_a1/200_sq\fg_0000ff_bg_888888.jpg,0.295166015625
10,13,exp_a1/200_sq\fg_921e3e_bg_000000.jpg,0.294921875
11,22,exp_a1/200_sq\fg_ffffff_bg_000000.jpg,0.294677734375
12,20,exp_a1/200_sq\fg_ffff00_bg_888888.jpg,0.2939453125
13,8,exp_a1/200_sq\fg_00ffff_bg_000000.jpg,0.293701171875
14,10,exp_a1/200_sq\fg_00ffff_bg_ffffff.jpg,0.292724609375
15,7,exp_a1/200_sq\fg_00ff00_bg_ffffff.jpg,0.291259765625
16,19,exp_a1/200_sq\fg_ffff00_bg_000000.jpg,0.29052734375
17,18,exp_a1/200_sq\fg_ff0000_bg_ffffff.jpg,0.28759765625
18,2,exp_a1/200_sq\fg_0000ff_bg_000000.jpg,0.286865234375
19,15,exp_a1/200_sq\fg_921e3e_bg_ffffff.jpg,0.28515625
20,6,exp_a1/200_sq\fg_00ff00_bg_888888.jpg,0.283447265625
21,23,exp_a1/200_sq\fg_ffffff_bg_888888.jpg,0.279541015625
22,12,exp_a1/200_sq\fg_888888_bg_ffffff.jpg,0.2529296875
23,11,exp_a1/200_sq\fg_888888_bg_000000.jpg,0.2403564453125
0,5,exp_a1/4_sq\fg_00ff00_bg_000000.jpg,0.302001953125
1,8,exp_a1/4_sq\fg_00ffff_bg_000000.jpg,0.300537109375
2,19,exp_a1/4_sq\fg_ffff00_bg_000000.jpg,0.298828125
3,11,exp_a1/4_sq\fg_888888_bg_000000.jpg,0.298095703125
4,13,exp_a1/4_sq\fg_921e3e_bg_000000.jpg,0.298095703125
5,2,exp_a1/4_sq\fg_0000ff_bg_000000.jpg,0.297607421875
6,16,exp_a1/4_sq\fg_ff0000_bg_000000.jpg,0.29736328125
7,22,exp_a1/4_sq\fg_ffffff_bg_000000.jpg,0.296875
8,23,exp_a1/4_sq\fg_ffffff_bg_888888.jpg,0.295654296875
9,12,exp_a1/4_sq\fg_888888_bg_ffffff.jpg,0.29443359375
10,18,exp_a1/4_sq\fg_ff0000_bg_ffffff.jpg,0.2939453125
11,10,exp_a1/4_sq\fg_00ffff_bg_ffffff.jpg,0.293212890625
12,15,exp_a1/4_sq\fg_921e3e_bg_ffffff.jpg,0.292724609375
13,14,exp_a1/4_sq\fg_921e3e_bg_888888.jpg,0.29150390625
14,9,exp_a1/4_sq\fg_00ffff_bg_888888.jpg,0.289306640625
15,1,exp_a1/4_sq\fg_000000_bg_ffffff.jpg,0.28857421875
16,21,exp_a1/4_sq\fg_ffff00_bg_ffffff.jpg,0.28857421875
17,7,exp_a1/4_sq\fg_00ff00_bg_ffffff.jpg,0.285888671875
18,3,exp_a1/4_sq\fg_0000ff_bg_888888.jpg,0.28369140625
19,4,exp_a1/4_sq\fg_0000ff_bg_ffffff.jpg,0.283447265625
20,0,exp_a1/4_sq\fg_000000_bg_888888.jpg,0.282470703125
21,20,exp_a1/4_sq\fg_ffff00_bg_888888.jpg,0.281494140625
22,17,exp_a1/4_sq\fg_ff0000_bg_888888.jpg,0.2744140625
23,6,exp_a1/4_sq\fg_00ff00_bg_888888.jpg,0.26513671875
0,19,exp_a1/56_sq\fg_ffff00_bg_000000.jpg,0.307373046875
1,8,exp_a1/56_sq\fg_00ffff_bg_000000.jpg,0.30712890625
2,5,exp_a1/56_sq\fg_00ff00_bg_000000.jpg,0.30615234375
3,22,exp_a1/56_sq\fg_ffffff_bg_000000.jpg,0.3056640625
4,16,exp_a1/56_sq\fg_ff0000_bg_000000.jpg,0.305419921875
5,2,exp_a1/56_sq\fg_0000ff_bg_000000.jpg,0.3046875
6,13,exp_a1/56_sq\fg_921e3e_bg_000000.jpg,0.3046875
7,10,exp_a1/56_sq\fg_00ffff_bg_ffffff.jpg,0.300048828125
8,23,exp_a1/56_sq\fg_ffffff_bg_888888.jpg,0.2998046875
9,20,exp_a1/56_sq\fg_ffff00_bg_888888.jpg,0.298583984375
10,7,exp_a1/56_sq\fg_00ff00_bg_ffffff.jpg,0.296142578125
11,3,exp_a1/56_sq\fg_0000ff_bg_888888.jpg,0.295654296875
12,9,exp_a1/56_sq\fg_00ffff_bg_888888.jpg,0.294921875
13,18,exp_a1/56_sq\fg_ff0000_bg_ffffff.jpg,0.294677734375
14,11,exp_a1/56_sq\fg_888888_bg_000000.jpg,0.29345703125
15,6,exp_a1/56_sq\fg_00ff00_bg_888888.jpg,0.293212890625
16,14,exp_a1/56_sq\fg_921e3e_bg_888888.jpg,0.292236328125
17,21,exp_a1/56_sq\fg_ffff00_bg_ffffff.jpg,0.2919921875
18,15,exp_a1/56_sq\fg_921e3e_bg_ffffff.jpg,0.291748046875
19,4,exp_a1/56_sq\fg_0000ff_bg_ffffff.jpg,0.288818359375
20,17,exp_a1/56_sq\fg_ff0000_bg_888888.jpg,0.288330078125
21,12,exp_a1/56_sq\fg_888888_bg_ffffff.jpg,0.287353515625
22,1,exp_a1/56_sq\fg_000000_bg_ffffff.jpg,0.285400390625
23,0,exp_a1/56_sq\fg_000000_bg_888888.jpg,0.276611328125
0,0,exp_a1/colors\bg_000000.jpg,0.29443359375
1,1,exp_a1/colors\bg_0000ff.jpg,0.275634765625
2,8,exp_a1/colors\bg_ffffff.png,0.275390625
3,6,exp_a1/colors\bg_ff0000.jpg,0.272705078125
4,5,exp_a1/colors\bg_921e3e.jpg,0.269287109375
5,7,exp_a1/colors\bg_ffff00.jpg,0.25927734375
6,2,exp_a1/colors\bg_00ff00.jpg,0.2568359375
7,3,exp_a1/colors\bg_00ffff.jpg,0.25634765625
8,4,exp_a1/colors\bg_888888.jpg,0.2454833984375
