,Unnamed: 0,filepaths,similarity
0,1,exp_a1/112_sq\fg_000000_bg_ffffff.jpg,0.270751953125
1,21,exp_a1/112_sq\fg_ffff00_bg_ffffff.jpg,0.269775390625
2,4,exp_a1/112_sq\fg_0000ff_bg_ffffff.jpg,0.268798828125
3,20,exp_a1/112_sq\fg_ffff00_bg_888888.jpg,0.26806640625
4,3,exp_a1/112_sq\fg_0000ff_bg_888888.jpg,0.264404296875
5,18,exp_a1/112_sq\fg_ff0000_bg_ffffff.jpg,0.263916015625
6,15,exp_a1/112_sq\fg_921e3e_bg_ffffff.jpg,0.263916015625
7,10,exp_a1/112_sq\fg_00ffff_bg_ffffff.jpg,0.261474609375
8,7,exp_a1/112_sq\fg_00ff00_bg_ffffff.jpg,0.259521484375
9,23,exp_a1/112_sq\fg_ffffff_bg_888888.jpg,0.2578125
10,22,exp_a1/112_sq\fg_ffffff_bg_000000.jpg,0.2578125
11,13,exp_a1/112_sq\fg_921e3e_bg_000000.jpg,0.25634765625
12,17,exp_a1/112_sq\fg_ff0000_bg_888888.jpg,0.253662109375
13,14,exp_a1/112_sq\fg_921e3e_bg_888888.jpg,0.2529296875
14,2,exp_a1/112_sq\fg_0000ff_bg_000000.jpg,0.2493896484375
15,16,exp_a1/112_sq\fg_ff0000_bg_000000.jpg,0.2476806640625
16,19,exp_a1/112_sq\fg_ffff00_bg_000000.jpg,0.2476806640625
17,9,exp_a1/112_sq\fg_00ffff_bg_888888.jpg,0.247314453125
18,8,exp_a1/112_sq\fg_00ffff_bg_000000.jpg,0.2420654296875
19,5,exp_a1/112_sq\fg_00ff00_bg_000000.jpg,0.2373046875
20,0,exp_a1/112_sq\fg_000000_bg_888888.jpg,0.2371826171875
21,6,exp_a1/112_sq\fg_00ff00_bg_888888.jpg,0.237060546875
22,11,exp_a1/112_sq\fg_888888_bg_000000.jpg,0.229736328125
23,12,exp_a1/112_sq\fg_888888_bg_ffffff.jpg,0.226318359375
0,22,exp_a1/12_sq\fg_ffffff_bg_000000.jpg,0.26318359375
1,13,exp_a1/12_sq\fg_921e3e_bg_000000.jpg,0.259521484375
2,11,exp_a1/12_sq\fg_888888_bg_000000.jpg,0.258056640625
3,1,exp_a1/12_sq\fg_000000_bg_ffffff.jpg,0.257568359375
4,18,exp_a1/12_sq\fg_ff0000_bg_ffffff.jpg,0.25732421875
5,12,exp_a1/12_sq\fg_888888_bg_ffffff.jpg,0.255615234375
6,14,exp_a1/12_sq\fg_921e3e_bg_888888.jpg,0.255615234375
7,15,exp_a1/12_sq\fg_921e3e_bg_ffffff.jpg,0.2548828125
8,2,exp_a1/12_sq\fg_0000ff_bg_000000.jpg,0.254638671875
9,8,exp_a1/12_sq\fg_00ffff_bg_000000.jpg,0.253173828125
10,10,exp_a1/12_sq\fg_00ffff_bg_ffffff.jpg,0.252197265625
11,19,exp_a1/12_sq\fg_ffff00_bg_000000.jpg,0.251953125
12,16,exp_a1/12_sq\fg_ff0000_bg_000000.jpg,0.251953125
13,0,exp_a1/12_sq\fg_000000_bg_888888.jpg,0.25
14,21,exp_a1/12_sq\fg_ffff00_bg_ffffff.jpg,0.249755859375
15,17,exp_a1/12_sq\fg_ff0000_bg_888888.jpg,0.2493896484375
16,9,exp_a1/12_sq\fg_00ffff_bg_888888.jpg,0.248779296875
17,5,exp_a1/12_sq\fg_00ff00_bg_000000.jpg,0.2481689453125
18,3,exp_a1/12_sq\fg_0000ff_bg_888888.jpg,0.2464599609375
19,20,exp_a1/12_sq\fg_ffff00_bg_888888.jpg,0.245361328125
20,23,exp_a1/12_sq\fg_ffffff_bg_888888.jpg,0.2440185546875
21,7,exp_a1/12_sq\fg_00ff00_bg_ffffff.jpg,0.243896484375
22,4,exp_a1/12_sq\fg_0000ff_bg_ffffff.jpg,0.2430419921875
23,6,exp_a1/12_sq\fg_00ff00_bg_888888.jpg,0.2374267578125
0,18,exp_a1/148_sq\fg_ff0000_bg_ffffff.jpg,0.266845703125
1,1,exp_a1/148_sq\fg_000000_bg_ffffff.jpg,0.2646484375
2,15,exp_a1/148_sq\fg_921e3e_bg_ffffff.jpg,0.263427734375
3,4,exp_a1/148_sq\fg_0000ff_bg_ffffff.jpg,0.26220703125
4,21,exp_a1/148_sq\fg_ffff00_bg_ffffff.jpg,0.260498046875
5,22,exp_a1/148_sq\fg_ffffff_bg_000000.jpg,0.258544921875
6,10,exp_a1/148_sq\fg_00ffff_bg_ffffff.jpg,0.25830078125
7,7,exp_a1/148_sq\fg_00ff00_bg_ffffff.jpg,0.256591796875
8,13,exp_a1/148_sq\fg_921e3e_bg_000000.jpg,0.25537109375
9,3,exp_a1/148_sq\fg_0000ff_bg_888888.jpg,0.251953125
10,2,exp_a1/148_sq\fg_0000ff_bg_000000.jpg,0.251708984375
11,19,exp_a1/148_sq\fg_ffff00_bg_000000.jpg,0.251220703125
12,20,exp_a1/148_sq\fg_ffff00_bg_888888.jpg,0.2498779296875
13,16,exp_a1/148_sq\fg_ff0000_bg_000000.jpg,0.248291015625
14,0,exp_a1/148_sq\fg_000000_bg_888888.jpg,0.246826171875
15,23,exp_a1/148_sq\fg_ffffff_bg_888888.jpg,0.2445068359375
16,14,exp_a1/148_sq\fg_921e3e_bg_888888.jpg,0.24267578125
17,9,exp_a1/148_sq\fg_00ffff_bg_888888.jpg,0.2403564453125
18,8,exp_a1/148_sq\fg_00ffff_bg_000000.jpg,0.239990234375
19,17,exp_a1/148_sq\fg_ff0000_bg_888888.jpg,0.23828125
20,5,exp_a1/148_sq\fg_00ff00_bg_000000.jpg,0.2349853515625
21,11,exp_a1/148_sq\fg_888888_bg_000000.jpg,0.23486328125
22,12,exp_a1/148_sq\fg_888888_bg_ffffff.jpg,0.2274169921875
23,6,exp_a1/148_sq\fg_00ff00_bg_888888.jpg,0.2060546875
0,10,exp_a1/200_sq\fg_00ffff_bg_ffffff.jpg,0.262451171875
1,21,exp_a1/200_sq\fg_ffff00_bg_ffffff.jpg,0.259765625
2,3,exp_a1/200_sq\fg_0000ff_bg_888888.jpg,0.258544921875
3,1,exp_a1/200_sq\fg_000000_bg_ffffff.jpg,0.258544921875
4,22,exp_a1/200_sq\fg_ffffff_bg_000000.jpg,0.257568359375
5,15,exp_a1/200_sq\fg_921e3e_bg_ffffff.jpg,0.257080078125
6,0,exp_a1/200_sq\fg_000000_bg_888888.jpg,0.256103515625
7,18,exp_a1/200_sq\fg_ff0000_bg_ffffff.jpg,0.255615234375
8,4,exp_a1/200_sq\fg_0000ff_bg_ffffff.jpg,0.254150390625
9,9,exp_a1/200_sq\fg_00ffff_bg_888888.jpg,0.25341796875
10,13,exp_a1/200_sq\fg_921e3e_bg_000000.jpg,0.253173828125
11,19,exp_a1/200_sq\fg_ffff00_bg_000000.jpg,0.253173828125
12,20,exp_a1/200_sq\fg_ffff00_bg_888888.jpg,0.252197265625
13,8,exp_a1/200_sq\fg_00ffff_bg_000000.jpg,0.251708984375
14,14,exp_a1/200_sq\fg_921e3e_bg_888888.jpg,0.250244140625
15,16,exp_a1/200_sq\fg_ff0000_bg_000000.jpg,0.249755859375
16,17,exp_a1/200_sq\fg_ff0000_bg_888888.jpg,0.2496337890625
17,5,exp_a1/200_sq\fg_00ff00_bg_000000.jpg,0.248779296875
18,7,exp_a1/200_sq\fg_00ff00_bg_ffffff.jpg,0.24755859375
19,2,exp_a1/200_sq\fg_0000ff_bg_000000.jpg,0.24560546875
20,6,exp_a1/200_sq\fg_00ff00_bg_888888.jpg,0.2447509765625
21,23,exp_a1/200_sq\fg_ffffff_bg_888888.jpg,0.243896484375
22,12,exp_a1/200_sq\fg_888888_bg_ffffff.jpg,0.2137451171875
23,11,exp_a1/200_sq\fg_888888_bg_000000.jpg,0.2020263671875
0,13,exp_a1/4_sq\fg_921e3e_bg_000000.jpg,0.260009765625
1,11,exp_a1/4_sq\fg_888888_bg_000000.jpg,0.259765625
2,2,exp_a1/4_sq\fg_0000ff_bg_000000.jpg,0.257568359375
3,22,exp_a1/4_sq\fg_ffffff_bg_000000.jpg,0.25732421875
4,19,exp_a1/4_sq\fg_ffff00_bg_000000.jpg,0.2568359375
5,16,exp_a1/4_sq\fg_ff0000_bg_000000.jpg,0.2568359375
6,8,exp_a1/4_sq\fg_00ffff_bg_000000.jpg,0.254150390625
7,5,exp_a1/4_sq\fg_00ff00_bg_000000.jpg,0.2529296875
8,1,exp_a1/4_sq\fg_000000_bg_ffffff.jpg,0.252197265625
9,12,exp_a1/4_sq\fg_888888_bg_ffffff.jpg,0.25146484375
10,18,exp_a1/4_sq\fg_ff0000_bg_ffffff.jpg,0.250244140625
11,15,exp_a1/4_sq\fg_921e3e_bg_ffffff.jpg,0.248779296875
12,0,exp_a1/4_sq\fg_000000_bg_888888.jpg,0.2479248046875
13,10,exp_a1/4_sq\fg_00ffff_bg_ffffff.jpg,0.2440185546875
14,7,exp_a1/4_sq\fg_00ff00_bg_ffffff.jpg,0.2413330078125
15,21,exp_a1/4_sq\fg_ffff00_bg_ffffff.jpg,0.2413330078125
16,4,exp_a1/4_sq\fg_0000ff_bg_ffffff.jpg,0.2403564453125
17,14,exp_a1/4_sq\fg_921e3e_bg_888888.jpg,0.2381591796875
18,9,exp_a1/4_sq\fg_00ffff_bg_888888.jpg,0.2381591796875
19,23,exp_a1/4_sq\fg_ffffff_bg_888888.jpg,0.236572265625
20,3,exp_a1/4_sq\fg_0000ff_bg_888888.jpg,0.2359619140625
21,20,exp_a1/4_sq\fg_ffff00_bg_888888.jpg,0.2275390625
22,6,exp_a1/4_sq\fg_00ff00_bg_888888.jpg,0.2222900390625
23,17,exp_a1/4_sq\fg_ff0000_bg_888888.jpg,0.2171630859375
0,1,exp_a1/56_sq\fg_000000_bg_ffffff.jpg,0.271240234375
1,4,exp_a1/56_sq\fg_0000ff_bg_ffffff.jpg,0.2685546875
2,10,exp_a1/56_sq\fg_00ffff_bg_ffffff.jpg,0.266357421875
3,21,exp_a1/56_sq\fg_ffff00_bg_ffffff.jpg,0.265380859375
4,18,exp_a1/56_sq\fg_ff0000_bg_ffffff.jpg,0.2646484375
5,15,exp_a1/56_sq\fg_921e3e_bg_ffffff.jpg,0.261962890625
6,7,exp_a1/56_sq\fg_00ff00_bg_ffffff.jpg,0.26171875
7,22,exp_a1/56_sq\fg_ffffff_bg_000000.jpg,0.26025390625
8,2,exp_a1/56_sq\fg_0000ff_bg_000000.jpg,0.259521484375
9,13,exp_a1/56_sq\fg_921e3e_bg_000000.jpg,0.25927734375
10,20,exp_a1/56_sq\fg_ffff00_bg_888888.jpg,0.25927734375
11,8,exp_a1/56_sq\fg_00ffff_bg_000000.jpg,0.2587890625
12,3,exp_a1/56_sq\fg_0000ff_bg_888888.jpg,0.25732421875
13,11,exp_a1/56_sq\fg_888888_bg_000000.jpg,0.256103515625
14,19,exp_a1/56_sq\fg_ffff00_bg_000000.jpg,0.251953125
15,5,exp_a1/56_sq\fg_00ff00_bg_000000.jpg,0.251220703125
16,12,exp_a1/56_sq\fg_888888_bg_ffffff.jpg,0.250244140625
17,16,exp_a1/56_sq\fg_ff0000_bg_000000.jpg,0.25
18,17,exp_a1/56_sq\fg_ff0000_bg_888888.jpg,0.2476806640625
19,23,exp_a1/56_sq\fg_ffffff_bg_888888.jpg,0.2432861328125
20,14,exp_a1/56_sq\fg_921e3e_bg_888888.jpg,0.2431640625
21,9,exp_a1/56_sq\fg_00ffff_bg_888888.jpg,0.2421875
22,6,exp_a1/56_sq\fg_00ff00_bg_888888.jpg,0.24169921875
23,0,exp_a1/56_sq\fg_000000_bg_888888.jpg,0.24072265625
0,0,exp_a1/colors\bg_000000.jpg,0.259521484375
1,5,exp_a1/colors\bg_921e3e.jpg,0.25390625
2,6,exp_a1/colors\bg_ff0000.jpg,0.251953125
3,8,exp_a1/colors\bg_ffffff.png,0.247802734375
4,1,exp_a1/colors\bg_0000ff.jpg,0.246826171875
5,3,exp_a1/colors\bg_00ffff.jpg,0.237548828125
6,7,exp_a1/colors\bg_ffff00.jpg,0.237060546875
7,2,exp_a1/colors\bg_00ff00.jpg,0.23193359375
8,4,exp_a1/colors\bg_888888.jpg,0.2127685546875
