,Unnamed: 0,filepaths,similarity
0,6,exp_a1/112_sq\fg_00ff00_bg_888888.jpg,0.377685546875
1,14,exp_a1/112_sq\fg_921e3e_bg_888888.jpg,0.3369140625
2,9,exp_a1/112_sq\fg_00ffff_bg_888888.jpg,0.32568359375
3,10,exp_a1/112_sq\fg_00ffff_bg_ffffff.jpg,0.296875
4,12,exp_a1/112_sq\fg_888888_bg_ffffff.jpg,0.29248046875
5,1,exp_a1/112_sq\fg_000000_bg_ffffff.jpg,0.283935546875
6,21,exp_a1/112_sq\fg_ffff00_bg_ffffff.jpg,0.27685546875
7,3,exp_a1/112_sq\fg_0000ff_bg_888888.jpg,0.27294921875
8,7,exp_a1/112_sq\fg_00ff00_bg_ffffff.jpg,0.272216796875
9,4,exp_a1/112_sq\fg_0000ff_bg_ffffff.jpg,0.268798828125
10,15,exp_a1/112_sq\fg_921e3e_bg_ffffff.jpg,0.2646484375
11,11,exp_a1/112_sq\fg_888888_bg_000000.jpg,0.255859375
12,18,exp_a1/112_sq\fg_ff0000_bg_ffffff.jpg,0.255126953125
13,5,exp_a1/112_sq\fg_00ff00_bg_000000.jpg,0.253662109375
14,13,exp_a1/112_sq\fg_921e3e_bg_000000.jpg,0.244873046875
15,8,exp_a1/112_sq\fg_00ffff_bg_000000.jpg,0.2293701171875
16,19,exp_a1/112_sq\fg_ffff00_bg_000000.jpg,0.2293701171875
17,2,exp_a1/112_sq\fg_0000ff_bg_000000.jpg,0.2269287109375
18,16,exp_a1/112_sq\fg_ff0000_bg_000000.jpg,0.201171875
19,23,exp_a1/112_sq\fg_ffffff_bg_888888.jpg,0.19970703125
20,22,exp_a1/112_sq\fg_ffffff_bg_000000.jpg,0.1961669921875
21,17,exp_a1/112_sq\fg_ff0000_bg_888888.jpg,0.1956787109375
22,0,exp_a1/112_sq\fg_000000_bg_888888.jpg,0.1845703125
23,20,exp_a1/112_sq\fg_ffff00_bg_888888.jpg,0.18310546875
0,14,exp_a1/12_sq\fg_921e3e_bg_888888.jpg,0.47705078125
1,0,exp_a1/12_sq\fg_000000_bg_888888.jpg,0.47119140625
2,3,exp_a1/12_sq\fg_0000ff_bg_888888.jpg,0.470703125
3,6,exp_a1/12_sq\fg_00ff00_bg_888888.jpg,0.46875
4,23,exp_a1/12_sq\fg_ffffff_bg_888888.jpg,0.465576171875
5,9,exp_a1/12_sq\fg_00ffff_bg_888888.jpg,0.463134765625
6,17,exp_a1/12_sq\fg_ff0000_bg_888888.jpg,0.458984375
7,20,exp_a1/12_sq\fg_ffff00_bg_888888.jpg,0.445068359375
8,12,exp_a1/12_sq\fg_888888_bg_ffffff.jpg,0.266357421875
9,15,exp_a1/12_sq\fg_921e3e_bg_ffffff.jpg,0.26611328125
10,4,exp_a1/12_sq\fg_0000ff_bg_ffffff.jpg,0.2646484375
11,1,exp_a1/12_sq\fg_000000_bg_ffffff.jpg,0.263671875
12,7,exp_a1/12_sq\fg_00ff00_bg_ffffff.jpg,0.262939453125
13,18,exp_a1/12_sq\fg_ff0000_bg_ffffff.jpg,0.2626953125
14,21,exp_a1/12_sq\fg_ffff00_bg_ffffff.jpg,0.262451171875
15,10,exp_a1/12_sq\fg_00ffff_bg_ffffff.jpg,0.262451171875
16,22,exp_a1/12_sq\fg_ffffff_bg_000000.jpg,0.193603515625
17,16,exp_a1/12_sq\fg_ff0000_bg_000000.jpg,0.193115234375
18,11,exp_a1/12_sq\fg_888888_bg_000000.jpg,0.1923828125
19,8,exp_a1/12_sq\fg_00ffff_bg_000000.jpg,0.19189453125
20,19,exp_a1/12_sq\fg_ffff00_bg_000000.jpg,0.191650390625
21,5,exp_a1/12_sq\fg_00ff00_bg_000000.jpg,0.19091796875
22,13,exp_a1/12_sq\fg_921e3e_bg_000000.jpg,0.190673828125
23,2,exp_a1/12_sq\fg_0000ff_bg_000000.jpg,0.18994140625
0,6,exp_a1/148_sq\fg_00ff00_bg_888888.jpg,0.314697265625
1,21,exp_a1/148_sq\fg_ffff00_bg_ffffff.jpg,0.3095703125
2,10,exp_a1/148_sq\fg_00ffff_bg_ffffff.jpg,0.3037109375
3,1,exp_a1/148_sq\fg_000000_bg_ffffff.jpg,0.2978515625
4,4,exp_a1/148_sq\fg_0000ff_bg_ffffff.jpg,0.285400390625
5,12,exp_a1/148_sq\fg_888888_bg_ffffff.jpg,0.28466796875
6,7,exp_a1/148_sq\fg_00ff00_bg_ffffff.jpg,0.28369140625
7,5,exp_a1/148_sq\fg_00ff00_bg_000000.jpg,0.264892578125
8,2,exp_a1/148_sq\fg_0000ff_bg_000000.jpg,0.255859375
9,11,exp_a1/148_sq\fg_888888_bg_000000.jpg,0.2529296875
10,18,exp_a1/148_sq\fg_ff0000_bg_ffffff.jpg,0.249267578125
11,13,exp_a1/148_sq\fg_921e3e_bg_000000.jpg,0.2427978515625
12,19,exp_a1/148_sq\fg_ffff00_bg_000000.jpg,0.2220458984375
13,8,exp_a1/148_sq\fg_00ffff_bg_000000.jpg,0.212646484375
14,15,exp_a1/148_sq\fg_921e3e_bg_ffffff.jpg,0.19873046875
15,9,exp_a1/148_sq\fg_00ffff_bg_888888.jpg,0.1842041015625
16,20,exp_a1/148_sq\fg_ffff00_bg_888888.jpg,0.163330078125
17,14,exp_a1/148_sq\fg_921e3e_bg_888888.jpg,0.161865234375
18,17,exp_a1/148_sq\fg_ff0000_bg_888888.jpg,0.15380859375
19,3,exp_a1/148_sq\fg_0000ff_bg_888888.jpg,0.1480712890625
20,23,exp_a1/148_sq\fg_ffffff_bg_888888.jpg,0.1436767578125
21,22,exp_a1/148_sq\fg_ffffff_bg_000000.jpg,0.1395263671875
22,0,exp_a1/148_sq\fg_000000_bg_888888.jpg,0.130126953125
23,16,exp_a1/148_sq\fg_ff0000_bg_000000.jpg,0.1180419921875
0,11,exp_a1/200_sq\fg_888888_bg_000000.jpg,0.3037109375
1,5,exp_a1/200_sq\fg_00ff00_bg_000000.jpg,0.29931640625
2,19,exp_a1/200_sq\fg_ffff00_bg_000000.jpg,0.296875
3,21,exp_a1/200_sq\fg_ffff00_bg_ffffff.jpg,0.27197265625
4,8,exp_a1/200_sq\fg_00ffff_bg_000000.jpg,0.264404296875
5,10,exp_a1/200_sq\fg_00ffff_bg_ffffff.jpg,0.26220703125
6,18,exp_a1/200_sq\fg_ff0000_bg_ffffff.jpg,0.260009765625
7,2,exp_a1/200_sq\fg_0000ff_bg_000000.jpg,0.23779296875
8,22,exp_a1/200_sq\fg_ffffff_bg_000000.jpg,0.2366943359375
9,13,exp_a1/200_sq\fg_921e3e_bg_000000.jpg,0.23583984375
10,0,exp_a1/200_sq\fg_000000_bg_888888.jpg,0.23095703125
11,16,exp_a1/200_sq\fg_ff0000_bg_000000.jpg,0.2294921875
12,7,exp_a1/200_sq\fg_00ff00_bg_ffffff.jpg,0.2127685546875
13,20,exp_a1/200_sq\fg_ffff00_bg_888888.jpg,0.201904296875
14,1,exp_a1/200_sq\fg_000000_bg_ffffff.jpg,0.1856689453125
15,6,exp_a1/200_sq\fg_00ff00_bg_888888.jpg,0.181396484375
16,17,exp_a1/200_sq\fg_ff0000_bg_888888.jpg,0.179931640625
17,23,exp_a1/200_sq\fg_ffffff_bg_888888.jpg,0.1761474609375
18,14,exp_a1/200_sq\fg_921e3e_bg_888888.jpg,0.176025390625
19,3,exp_a1/200_sq\fg_0000ff_bg_888888.jpg,0.1715087890625
20,4,exp_a1/200_sq\fg_0000ff_bg_ffffff.jpg,0.1676025390625
21,15,exp_a1/200_sq\fg_921e3e_bg_ffffff.jpg,0.1373291015625
22,9,exp_a1/200_sq\fg_00ffff_bg_888888.jpg,0.1256103515625
23,12,exp_a1/200_sq\fg_888888_bg_ffffff.jpg,0.05413818359375
0,0,exp_a1/4_sq\fg_000000_bg_888888.jpg,0.4619140625
1,3,exp_a1/4_sq\fg_0000ff_bg_888888.jpg,0.4609375
2,9,exp_a1/4_sq\fg_00ffff_bg_888888.jpg,0.456787109375
3,20,exp_a1/4_sq\fg_ffff00_bg_888888.jpg,0.454833984375
4,14,exp_a1/4_sq\fg_921e3e_bg_888888.jpg,0.4541015625
5,6,exp_a1/4_sq\fg_00ff00_bg_888888.jpg,0.453369140625
6,17,exp_a1/4_sq\fg_ff0000_bg_888888.jpg,0.44921875
7,23,exp_a1/4_sq\fg_ffffff_bg_888888.jpg,0.440185546875
8,10,exp_a1/4_sq\fg_00ffff_bg_ffffff.jpg,0.262451171875
9,4,exp_a1/4_sq\fg_0000ff_bg_ffffff.jpg,0.26220703125
10,7,exp_a1/4_sq\fg_00ff00_bg_ffffff.jpg,0.261962890625
11,1,exp_a1/4_sq\fg_000000_bg_ffffff.jpg,0.261962890625
12,15,exp_a1/4_sq\fg_921e3e_bg_ffffff.jpg,0.261962890625
13,18,exp_a1/4_sq\fg_ff0000_bg_ffffff.jpg,0.261962890625
14,21,exp_a1/4_sq\fg_ffff00_bg_ffffff.jpg,0.261962890625
15,12,exp_a1/4_sq\fg_888888_bg_ffffff.jpg,0.26171875
16,22,exp_a1/4_sq\fg_ffffff_bg_000000.jpg,0.1910400390625
17,5,exp_a1/4_sq\fg_00ff00_bg_000000.jpg,0.1907958984375
18,13,exp_a1/4_sq\fg_921e3e_bg_000000.jpg,0.190673828125
19,11,exp_a1/4_sq\fg_888888_bg_000000.jpg,0.1905517578125
20,16,exp_a1/4_sq\fg_ff0000_bg_000000.jpg,0.1905517578125
21,19,exp_a1/4_sq\fg_ffff00_bg_000000.jpg,0.1904296875
22,2,exp_a1/4_sq\fg_0000ff_bg_000000.jpg,0.1904296875
23,8,exp_a1/4_sq\fg_00ffff_bg_000000.jpg,0.1903076171875
0,6,exp_a1/56_sq\fg_00ff00_bg_888888.jpg,0.4375
1,14,exp_a1/56_sq\fg_921e3e_bg_888888.jpg,0.430419921875
2,3,exp_a1/56_sq\fg_0000ff_bg_888888.jpg,0.419189453125
3,0,exp_a1/56_sq\fg_000000_bg_888888.jpg,0.40380859375
4,9,exp_a1/56_sq\fg_00ffff_bg_888888.jpg,0.402587890625
5,20,exp_a1/56_sq\fg_ffff00_bg_888888.jpg,0.364990234375
6,17,exp_a1/56_sq\fg_ff0000_bg_888888.jpg,0.291748046875
7,1,exp_a1/56_sq\fg_000000_bg_ffffff.jpg,0.290283203125
8,4,exp_a1/56_sq\fg_0000ff_bg_ffffff.jpg,0.287109375
9,21,exp_a1/56_sq\fg_ffff00_bg_ffffff.jpg,0.2861328125
10,12,exp_a1/56_sq\fg_888888_bg_ffffff.jpg,0.282470703125
11,15,exp_a1/56_sq\fg_921e3e_bg_ffffff.jpg,0.281005859375
12,7,exp_a1/56_sq\fg_00ff00_bg_ffffff.jpg,0.27099609375
13,10,exp_a1/56_sq\fg_00ffff_bg_ffffff.jpg,0.267578125
14,18,exp_a1/56_sq\fg_ff0000_bg_ffffff.jpg,0.25732421875
15,13,exp_a1/56_sq\fg_921e3e_bg_000000.jpg,0.2476806640625
16,23,exp_a1/56_sq\fg_ffffff_bg_888888.jpg,0.236328125
17,11,exp_a1/56_sq\fg_888888_bg_000000.jpg,0.2301025390625
18,19,exp_a1/56_sq\fg_ffff00_bg_000000.jpg,0.2196044921875
19,8,exp_a1/56_sq\fg_00ffff_bg_000000.jpg,0.205810546875
20,22,exp_a1/56_sq\fg_ffffff_bg_000000.jpg,0.201904296875
21,16,exp_a1/56_sq\fg_ff0000_bg_000000.jpg,0.2010498046875
22,2,exp_a1/56_sq\fg_0000ff_bg_000000.jpg,0.20068359375
23,5,exp_a1/56_sq\fg_00ff00_bg_000000.jpg,0.1988525390625
0,4,exp_a1/colors\bg_888888.jpg,0.41796875
1,5,exp_a1/colors\bg_921e3e.jpg,0.267333984375
2,8,exp_a1/colors\bg_ffffff.png,0.26220703125
3,6,exp_a1/colors\bg_ff0000.jpg,0.25830078125
4,7,exp_a1/colors\bg_ffff00.jpg,0.257568359375
5,1,exp_a1/colors\bg_0000ff.jpg,0.226806640625
6,2,exp_a1/colors\bg_00ff00.jpg,0.2265625
7,3,exp_a1/colors\bg_00ffff.jpg,0.2235107421875
8,0,exp_a1/colors\bg_000000.jpg,0.190673828125
