,Unnamed: 0,filepaths,similarity
0,6,exp_a1/112_sq\fg_00ff00_bg_888888.jpg,0.3818359375
1,14,exp_a1/112_sq\fg_921e3e_bg_888888.jpg,0.3359375
2,9,exp_a1/112_sq\fg_00ffff_bg_888888.jpg,0.333984375
3,10,exp_a1/112_sq\fg_00ffff_bg_ffffff.jpg,0.285400390625
4,21,exp_a1/112_sq\fg_ffff00_bg_ffffff.jpg,0.283935546875
5,3,exp_a1/112_sq\fg_0000ff_bg_888888.jpg,0.28125
6,1,exp_a1/112_sq\fg_000000_bg_ffffff.jpg,0.275146484375
7,12,exp_a1/112_sq\fg_888888_bg_ffffff.jpg,0.2626953125
8,7,exp_a1/112_sq\fg_00ff00_bg_ffffff.jpg,0.260986328125
9,4,exp_a1/112_sq\fg_0000ff_bg_ffffff.jpg,0.259765625
10,18,exp_a1/112_sq\fg_ff0000_bg_ffffff.jpg,0.25537109375
11,11,exp_a1/112_sq\fg_888888_bg_000000.jpg,0.248046875
12,13,exp_a1/112_sq\fg_921e3e_bg_000000.jpg,0.245849609375
13,5,exp_a1/112_sq\fg_00ff00_bg_000000.jpg,0.243896484375
14,15,exp_a1/112_sq\fg_921e3e_bg_ffffff.jpg,0.24365234375
15,8,exp_a1/112_sq\fg_00ffff_bg_000000.jpg,0.220458984375
16,2,exp_a1/112_sq\fg_0000ff_bg_000000.jpg,0.2139892578125
17,16,exp_a1/112_sq\fg_ff0000_bg_000000.jpg,0.21337890625
18,22,exp_a1/112_sq\fg_ffffff_bg_000000.jpg,0.2113037109375
19,19,exp_a1/112_sq\fg_ffff00_bg_000000.jpg,0.20166015625
20,20,exp_a1/112_sq\fg_ffff00_bg_888888.jpg,0.19775390625
21,23,exp_a1/112_sq\fg_ffffff_bg_888888.jpg,0.19580078125
22,17,exp_a1/112_sq\fg_ff0000_bg_888888.jpg,0.1927490234375
23,0,exp_a1/112_sq\fg_000000_bg_888888.jpg,0.1915283203125
0,6,exp_a1/12_sq\fg_00ff00_bg_888888.jpg,0.463623046875
1,0,exp_a1/12_sq\fg_000000_bg_888888.jpg,0.45947265625
2,3,exp_a1/12_sq\fg_0000ff_bg_888888.jpg,0.458740234375
3,23,exp_a1/12_sq\fg_ffffff_bg_888888.jpg,0.458251953125
4,14,exp_a1/12_sq\fg_921e3e_bg_888888.jpg,0.456298828125
5,9,exp_a1/12_sq\fg_00ffff_bg_888888.jpg,0.4560546875
6,17,exp_a1/12_sq\fg_ff0000_bg_888888.jpg,0.451904296875
7,20,exp_a1/12_sq\fg_ffff00_bg_888888.jpg,0.44140625
8,12,exp_a1/12_sq\fg_888888_bg_ffffff.jpg,0.2724609375
9,15,exp_a1/12_sq\fg_921e3e_bg_ffffff.jpg,0.271240234375
10,4,exp_a1/12_sq\fg_0000ff_bg_ffffff.jpg,0.268310546875
11,1,exp_a1/12_sq\fg_000000_bg_ffffff.jpg,0.265625
12,7,exp_a1/12_sq\fg_00ff00_bg_ffffff.jpg,0.26416015625
13,10,exp_a1/12_sq\fg_00ffff_bg_ffffff.jpg,0.263916015625
14,21,exp_a1/12_sq\fg_ffff00_bg_ffffff.jpg,0.263671875
15,18,exp_a1/12_sq\fg_ff0000_bg_ffffff.jpg,0.263427734375
16,22,exp_a1/12_sq\fg_ffffff_bg_000000.jpg,0.1826171875
17,16,exp_a1/12_sq\fg_ff0000_bg_000000.jpg,0.182373046875
18,8,exp_a1/12_sq\fg_00ffff_bg_000000.jpg,0.181640625
19,19,exp_a1/12_sq\fg_ffff00_bg_000000.jpg,0.181396484375
20,11,exp_a1/12_sq\fg_888888_bg_000000.jpg,0.18115234375
21,5,exp_a1/12_sq\fg_00ff00_bg_000000.jpg,0.1807861328125
22,2,exp_a1/12_sq\fg_0000ff_bg_000000.jpg,0.179443359375
23,13,exp_a1/12_sq\fg_921e3e_bg_000000.jpg,0.17919921875
0,6,exp_a1/148_sq\fg_00ff00_bg_888888.jpg,0.327880859375
1,10,exp_a1/148_sq\fg_00ffff_bg_ffffff.jpg,0.3125
2,21,exp_a1/148_sq\fg_ffff00_bg_ffffff.jpg,0.303955078125
3,1,exp_a1/148_sq\fg_000000_bg_ffffff.jpg,0.2900390625
4,7,exp_a1/148_sq\fg_00ff00_bg_ffffff.jpg,0.26220703125
5,4,exp_a1/148_sq\fg_0000ff_bg_ffffff.jpg,0.258544921875
6,12,exp_a1/148_sq\fg_888888_bg_ffffff.jpg,0.25146484375
7,18,exp_a1/148_sq\fg_ff0000_bg_ffffff.jpg,0.251220703125
8,13,exp_a1/148_sq\fg_921e3e_bg_000000.jpg,0.24853515625
9,5,exp_a1/148_sq\fg_00ff00_bg_000000.jpg,0.2459716796875
10,11,exp_a1/148_sq\fg_888888_bg_000000.jpg,0.2451171875
11,2,exp_a1/148_sq\fg_0000ff_bg_000000.jpg,0.24072265625
12,8,exp_a1/148_sq\fg_00ffff_bg_000000.jpg,0.2071533203125
13,19,exp_a1/148_sq\fg_ffff00_bg_000000.jpg,0.2039794921875
14,9,exp_a1/148_sq\fg_00ffff_bg_888888.jpg,0.197265625
15,22,exp_a1/148_sq\fg_ffffff_bg_000000.jpg,0.1822509765625
16,15,exp_a1/148_sq\fg_921e3e_bg_ffffff.jpg,0.180419921875
17,14,exp_a1/148_sq\fg_921e3e_bg_888888.jpg,0.173828125
18,17,exp_a1/148_sq\fg_ff0000_bg_888888.jpg,0.1689453125
19,20,exp_a1/148_sq\fg_ffff00_bg_888888.jpg,0.1673583984375
20,3,exp_a1/148_sq\fg_0000ff_bg_888888.jpg,0.159912109375
21,23,exp_a1/148_sq\fg_ffffff_bg_888888.jpg,0.1578369140625
22,16,exp_a1/148_sq\fg_ff0000_bg_000000.jpg,0.15380859375
23,0,exp_a1/148_sq\fg_000000_bg_888888.jpg,0.134521484375
0,5,exp_a1/200_sq\fg_00ff00_bg_000000.jpg,0.294189453125
1,19,exp_a1/200_sq\fg_ffff00_bg_000000.jpg,0.290771484375
2,11,exp_a1/200_sq\fg_888888_bg_000000.jpg,0.289306640625
3,8,exp_a1/200_sq\fg_00ffff_bg_000000.jpg,0.277099609375
4,21,exp_a1/200_sq\fg_ffff00_bg_ffffff.jpg,0.26123046875
5,10,exp_a1/200_sq\fg_00ffff_bg_ffffff.jpg,0.260986328125
6,18,exp_a1/200_sq\fg_ff0000_bg_ffffff.jpg,0.259033203125
7,22,exp_a1/200_sq\fg_ffffff_bg_000000.jpg,0.25439453125
8,0,exp_a1/200_sq\fg_000000_bg_888888.jpg,0.24951171875
9,16,exp_a1/200_sq\fg_ff0000_bg_000000.jpg,0.2479248046875
10,13,exp_a1/200_sq\fg_921e3e_bg_000000.jpg,0.2471923828125
11,2,exp_a1/200_sq\fg_0000ff_bg_000000.jpg,0.22265625
12,7,exp_a1/200_sq\fg_00ff00_bg_ffffff.jpg,0.213623046875
13,6,exp_a1/200_sq\fg_00ff00_bg_888888.jpg,0.2098388671875
14,1,exp_a1/200_sq\fg_000000_bg_ffffff.jpg,0.1968994140625
15,20,exp_a1/200_sq\fg_ffff00_bg_888888.jpg,0.1929931640625
16,14,exp_a1/200_sq\fg_921e3e_bg_888888.jpg,0.1925048828125
17,17,exp_a1/200_sq\fg_ff0000_bg_888888.jpg,0.19140625
18,23,exp_a1/200_sq\fg_ffffff_bg_888888.jpg,0.18896484375
19,3,exp_a1/200_sq\fg_0000ff_bg_888888.jpg,0.1832275390625
20,4,exp_a1/200_sq\fg_0000ff_bg_ffffff.jpg,0.17041015625
21,9,exp_a1/200_sq\fg_00ffff_bg_888888.jpg,0.1529541015625
22,15,exp_a1/200_sq\fg_921e3e_bg_ffffff.jpg,0.1455078125
23,12,exp_a1/200_sq\fg_888888_bg_ffffff.jpg,0.053924560546875
0,3,exp_a1/4_sq\fg_0000ff_bg_888888.jpg,0.44287109375
1,14,exp_a1/4_sq\fg_921e3e_bg_888888.jpg,0.440673828125
2,23,exp_a1/4_sq\fg_ffffff_bg_888888.jpg,0.43994140625
3,20,exp_a1/4_sq\fg_ffff00_bg_888888.jpg,0.4384765625
4,9,exp_a1/4_sq\fg_00ffff_bg_888888.jpg,0.436767578125
5,0,exp_a1/4_sq\fg_000000_bg_888888.jpg,0.43603515625
6,6,exp_a1/4_sq\fg_00ff00_bg_888888.jpg,0.432861328125
7,17,exp_a1/4_sq\fg_ff0000_bg_888888.jpg,0.431640625
8,10,exp_a1/4_sq\fg_00ffff_bg_ffffff.jpg,0.26318359375
9,1,exp_a1/4_sq\fg_000000_bg_ffffff.jpg,0.262939453125
10,7,exp_a1/4_sq\fg_00ff00_bg_ffffff.jpg,0.262939453125
11,4,exp_a1/4_sq\fg_0000ff_bg_ffffff.jpg,0.262939453125
12,12,exp_a1/4_sq\fg_888888_bg_ffffff.jpg,0.262939453125
13,18,exp_a1/4_sq\fg_ff0000_bg_ffffff.jpg,0.2626953125
14,21,exp_a1/4_sq\fg_ffff00_bg_ffffff.jpg,0.2626953125
15,15,exp_a1/4_sq\fg_921e3e_bg_ffffff.jpg,0.2626953125
16,22,exp_a1/4_sq\fg_ffffff_bg_000000.jpg,0.180908203125
17,5,exp_a1/4_sq\fg_00ff00_bg_000000.jpg,0.180419921875
18,16,exp_a1/4_sq\fg_ff0000_bg_000000.jpg,0.180419921875
19,13,exp_a1/4_sq\fg_921e3e_bg_000000.jpg,0.1802978515625
20,2,exp_a1/4_sq\fg_0000ff_bg_000000.jpg,0.1802978515625
21,19,exp_a1/4_sq\fg_ffff00_bg_000000.jpg,0.18017578125
22,8,exp_a1/4_sq\fg_00ffff_bg_000000.jpg,0.1800537109375
23,11,exp_a1/4_sq\fg_888888_bg_000000.jpg,0.179931640625
0,6,exp_a1/56_sq\fg_00ff00_bg_888888.jpg,0.440185546875
1,14,exp_a1/56_sq\fg_921e3e_bg_888888.jpg,0.430419921875
2,3,exp_a1/56_sq\fg_0000ff_bg_888888.jpg,0.41748046875
3,9,exp_a1/56_sq\fg_00ffff_bg_888888.jpg,0.404541015625
4,0,exp_a1/56_sq\fg_000000_bg_888888.jpg,0.398193359375
5,20,exp_a1/56_sq\fg_ffff00_bg_888888.jpg,0.36962890625
6,17,exp_a1/56_sq\fg_ff0000_bg_888888.jpg,0.309814453125
7,1,exp_a1/56_sq\fg_000000_bg_ffffff.jpg,0.30419921875
8,21,exp_a1/56_sq\fg_ffff00_bg_ffffff.jpg,0.29931640625
9,4,exp_a1/56_sq\fg_0000ff_bg_ffffff.jpg,0.29638671875
10,7,exp_a1/56_sq\fg_00ff00_bg_ffffff.jpg,0.29052734375
11,12,exp_a1/56_sq\fg_888888_bg_ffffff.jpg,0.28857421875
12,10,exp_a1/56_sq\fg_00ffff_bg_ffffff.jpg,0.2861328125
13,15,exp_a1/56_sq\fg_921e3e_bg_ffffff.jpg,0.27978515625
14,18,exp_a1/56_sq\fg_ff0000_bg_ffffff.jpg,0.25830078125
15,23,exp_a1/56_sq\fg_ffffff_bg_888888.jpg,0.254150390625
16,13,exp_a1/56_sq\fg_921e3e_bg_000000.jpg,0.2421875
17,11,exp_a1/56_sq\fg_888888_bg_000000.jpg,0.2235107421875
18,22,exp_a1/56_sq\fg_ffffff_bg_000000.jpg,0.1942138671875
19,16,exp_a1/56_sq\fg_ff0000_bg_000000.jpg,0.1912841796875
20,19,exp_a1/56_sq\fg_ffff00_bg_000000.jpg,0.1907958984375
21,2,exp_a1/56_sq\fg_0000ff_bg_000000.jpg,0.1905517578125
22,8,exp_a1/56_sq\fg_00ffff_bg_000000.jpg,0.1884765625
23,5,exp_a1/56_sq\fg_00ff00_bg_000000.jpg,0.18310546875
0,4,exp_a1/colors\bg_888888.jpg,0.421630859375
1,5,exp_a1/colors\bg_921e3e.jpg,0.269775390625
2,8,exp_a1/colors\bg_ffffff.png,0.262939453125
3,7,exp_a1/colors\bg_ffff00.jpg,0.255126953125
4,6,exp_a1/colors\bg_ff0000.jpg,0.2354736328125
5,1,exp_a1/colors\bg_0000ff.jpg,0.2227783203125
6,2,exp_a1/colors\bg_00ff00.jpg,0.215576171875
7,3,exp_a1/colors\bg_00ffff.jpg,0.2027587890625
8,0,exp_a1/colors\bg_000000.jpg,0.18017578125
