,Unnamed: 0,filepaths,similarity
0,14,exp_a1/112_sq\fg_921e3e_bg_888888.jpg,0.32421875
1,6,exp_a1/112_sq\fg_00ff00_bg_888888.jpg,0.312255859375
2,3,exp_a1/112_sq\fg_0000ff_bg_888888.jpg,0.291259765625
3,9,exp_a1/112_sq\fg_00ffff_bg_888888.jpg,0.28759765625
4,21,exp_a1/112_sq\fg_ffff00_bg_ffffff.jpg,0.271240234375
5,12,exp_a1/112_sq\fg_888888_bg_ffffff.jpg,0.269287109375
6,10,exp_a1/112_sq\fg_00ffff_bg_ffffff.jpg,0.263671875
7,11,exp_a1/112_sq\fg_888888_bg_000000.jpg,0.254150390625
8,5,exp_a1/112_sq\fg_00ff00_bg_000000.jpg,0.252197265625
9,18,exp_a1/112_sq\fg_ff0000_bg_ffffff.jpg,0.249267578125
10,13,exp_a1/112_sq\fg_921e3e_bg_000000.jpg,0.2430419921875
11,1,exp_a1/112_sq\fg_000000_bg_ffffff.jpg,0.23828125
12,0,exp_a1/112_sq\fg_000000_bg_888888.jpg,0.2353515625
13,7,exp_a1/112_sq\fg_00ff00_bg_ffffff.jpg,0.2320556640625
14,8,exp_a1/112_sq\fg_00ffff_bg_000000.jpg,0.2276611328125
15,20,exp_a1/112_sq\fg_ffff00_bg_888888.jpg,0.222412109375
16,19,exp_a1/112_sq\fg_ffff00_bg_000000.jpg,0.2064208984375
17,4,exp_a1/112_sq\fg_0000ff_bg_ffffff.jpg,0.206298828125
18,2,exp_a1/112_sq\fg_0000ff_bg_000000.jpg,0.2027587890625
19,15,exp_a1/112_sq\fg_921e3e_bg_ffffff.jpg,0.20263671875
20,23,exp_a1/112_sq\fg_ffffff_bg_888888.jpg,0.1895751953125
21,17,exp_a1/112_sq\fg_ff0000_bg_888888.jpg,0.188232421875
22,16,exp_a1/112_sq\fg_ff0000_bg_000000.jpg,0.17236328125
23,22,exp_a1/112_sq\fg_ffffff_bg_000000.jpg,0.1717529296875
0,14,exp_a1/12_sq\fg_921e3e_bg_888888.jpg,0.346435546875
1,23,exp_a1/12_sq\fg_ffffff_bg_888888.jpg,0.342041015625
2,3,exp_a1/12_sq\fg_0000ff_bg_888888.jpg,0.341064453125
3,0,exp_a1/12_sq\fg_000000_bg_888888.jpg,0.33984375
4,20,exp_a1/12_sq\fg_ffff00_bg_888888.jpg,0.314453125
5,17,exp_a1/12_sq\fg_ff0000_bg_888888.jpg,0.31103515625
6,9,exp_a1/12_sq\fg_00ffff_bg_888888.jpg,0.3056640625
7,6,exp_a1/12_sq\fg_00ff00_bg_888888.jpg,0.301513671875
8,12,exp_a1/12_sq\fg_888888_bg_ffffff.jpg,0.260009765625
9,15,exp_a1/12_sq\fg_921e3e_bg_ffffff.jpg,0.259033203125
10,4,exp_a1/12_sq\fg_0000ff_bg_ffffff.jpg,0.258056640625
11,1,exp_a1/12_sq\fg_000000_bg_ffffff.jpg,0.254638671875
12,7,exp_a1/12_sq\fg_00ff00_bg_ffffff.jpg,0.25390625
13,10,exp_a1/12_sq\fg_00ffff_bg_ffffff.jpg,0.253662109375
14,21,exp_a1/12_sq\fg_ffff00_bg_ffffff.jpg,0.253173828125
15,18,exp_a1/12_sq\fg_ff0000_bg_ffffff.jpg,0.25244140625
16,22,exp_a1/12_sq\fg_ffffff_bg_000000.jpg,0.1591796875
17,16,exp_a1/12_sq\fg_ff0000_bg_000000.jpg,0.1585693359375
18,11,exp_a1/12_sq\fg_888888_bg_000000.jpg,0.15771484375
19,8,exp_a1/12_sq\fg_00ffff_bg_000000.jpg,0.1558837890625
20,19,exp_a1/12_sq\fg_ffff00_bg_000000.jpg,0.155517578125
21,5,exp_a1/12_sq\fg_00ff00_bg_000000.jpg,0.1551513671875
22,13,exp_a1/12_sq\fg_921e3e_bg_000000.jpg,0.1546630859375
23,2,exp_a1/12_sq\fg_0000ff_bg_000000.jpg,0.1534423828125
0,21,exp_a1/148_sq\fg_ffff00_bg_ffffff.jpg,0.28955078125
1,10,exp_a1/148_sq\fg_00ffff_bg_ffffff.jpg,0.28955078125
2,6,exp_a1/148_sq\fg_00ff00_bg_888888.jpg,0.278076171875
3,5,exp_a1/148_sq\fg_00ff00_bg_000000.jpg,0.27392578125
4,1,exp_a1/148_sq\fg_000000_bg_ffffff.jpg,0.26025390625
5,4,exp_a1/148_sq\fg_0000ff_bg_ffffff.jpg,0.254638671875
6,11,exp_a1/148_sq\fg_888888_bg_000000.jpg,0.251953125
7,18,exp_a1/148_sq\fg_ff0000_bg_ffffff.jpg,0.25
8,7,exp_a1/148_sq\fg_00ff00_bg_ffffff.jpg,0.2496337890625
9,13,exp_a1/148_sq\fg_921e3e_bg_000000.jpg,0.2392578125
10,2,exp_a1/148_sq\fg_0000ff_bg_000000.jpg,0.2286376953125
11,12,exp_a1/148_sq\fg_888888_bg_ffffff.jpg,0.222900390625
12,14,exp_a1/148_sq\fg_921e3e_bg_888888.jpg,0.2164306640625
13,3,exp_a1/148_sq\fg_0000ff_bg_888888.jpg,0.2115478515625
14,19,exp_a1/148_sq\fg_ffff00_bg_000000.jpg,0.208251953125
15,8,exp_a1/148_sq\fg_00ffff_bg_000000.jpg,0.205810546875
16,9,exp_a1/148_sq\fg_00ffff_bg_888888.jpg,0.201171875
17,20,exp_a1/148_sq\fg_ffff00_bg_888888.jpg,0.1932373046875
18,0,exp_a1/148_sq\fg_000000_bg_888888.jpg,0.1854248046875
19,15,exp_a1/148_sq\fg_921e3e_bg_ffffff.jpg,0.169921875
20,23,exp_a1/148_sq\fg_ffffff_bg_888888.jpg,0.1407470703125
21,17,exp_a1/148_sq\fg_ff0000_bg_888888.jpg,0.140625
22,22,exp_a1/148_sq\fg_ffffff_bg_000000.jpg,0.127197265625
23,16,exp_a1/148_sq\fg_ff0000_bg_000000.jpg,0.10491943359375
0,5,exp_a1/200_sq\fg_00ff00_bg_000000.jpg,0.306396484375
1,19,exp_a1/200_sq\fg_ffff00_bg_000000.jpg,0.286376953125
2,8,exp_a1/200_sq\fg_00ffff_bg_000000.jpg,0.259033203125
3,11,exp_a1/200_sq\fg_888888_bg_000000.jpg,0.247314453125
4,10,exp_a1/200_sq\fg_00ffff_bg_ffffff.jpg,0.24658203125
5,13,exp_a1/200_sq\fg_921e3e_bg_000000.jpg,0.2462158203125
6,18,exp_a1/200_sq\fg_ff0000_bg_ffffff.jpg,0.2447509765625
7,2,exp_a1/200_sq\fg_0000ff_bg_000000.jpg,0.218994140625
8,3,exp_a1/200_sq\fg_0000ff_bg_888888.jpg,0.217041015625
9,14,exp_a1/200_sq\fg_921e3e_bg_888888.jpg,0.21533203125
10,0,exp_a1/200_sq\fg_000000_bg_888888.jpg,0.2069091796875
11,21,exp_a1/200_sq\fg_ffff00_bg_ffffff.jpg,0.2030029296875
12,7,exp_a1/200_sq\fg_00ff00_bg_ffffff.jpg,0.19873046875
13,20,exp_a1/200_sq\fg_ffff00_bg_888888.jpg,0.1973876953125
14,22,exp_a1/200_sq\fg_ffffff_bg_000000.jpg,0.197265625
15,6,exp_a1/200_sq\fg_00ff00_bg_888888.jpg,0.1905517578125
16,16,exp_a1/200_sq\fg_ff0000_bg_000000.jpg,0.1866455078125
17,17,exp_a1/200_sq\fg_ff0000_bg_888888.jpg,0.160888671875
18,23,exp_a1/200_sq\fg_ffffff_bg_888888.jpg,0.15869140625
19,9,exp_a1/200_sq\fg_00ffff_bg_888888.jpg,0.1573486328125
20,1,exp_a1/200_sq\fg_000000_bg_ffffff.jpg,0.1331787109375
21,4,exp_a1/200_sq\fg_0000ff_bg_ffffff.jpg,0.09649658203125
22,15,exp_a1/200_sq\fg_921e3e_bg_ffffff.jpg,0.08221435546875
23,12,exp_a1/200_sq\fg_888888_bg_ffffff.jpg,0.006175994873046875
0,23,exp_a1/4_sq\fg_ffffff_bg_888888.jpg,0.37060546875
1,20,exp_a1/4_sq\fg_ffff00_bg_888888.jpg,0.370361328125
2,14,exp_a1/4_sq\fg_921e3e_bg_888888.jpg,0.369873046875
3,9,exp_a1/4_sq\fg_00ffff_bg_888888.jpg,0.366943359375
4,0,exp_a1/4_sq\fg_000000_bg_888888.jpg,0.3662109375
5,3,exp_a1/4_sq\fg_0000ff_bg_888888.jpg,0.361083984375
6,17,exp_a1/4_sq\fg_ff0000_bg_888888.jpg,0.35791015625
7,6,exp_a1/4_sq\fg_00ff00_bg_888888.jpg,0.3544921875
8,10,exp_a1/4_sq\fg_00ffff_bg_ffffff.jpg,0.251953125
9,1,exp_a1/4_sq\fg_000000_bg_ffffff.jpg,0.251953125
10,12,exp_a1/4_sq\fg_888888_bg_ffffff.jpg,0.251953125
11,7,exp_a1/4_sq\fg_00ff00_bg_ffffff.jpg,0.251953125
12,4,exp_a1/4_sq\fg_0000ff_bg_ffffff.jpg,0.251708984375
13,15,exp_a1/4_sq\fg_921e3e_bg_ffffff.jpg,0.251708984375
14,18,exp_a1/4_sq\fg_ff0000_bg_ffffff.jpg,0.25146484375
15,21,exp_a1/4_sq\fg_ffff00_bg_ffffff.jpg,0.25146484375
16,22,exp_a1/4_sq\fg_ffffff_bg_000000.jpg,0.153076171875
17,5,exp_a1/4_sq\fg_00ff00_bg_000000.jpg,0.153076171875
18,11,exp_a1/4_sq\fg_888888_bg_000000.jpg,0.15283203125
19,13,exp_a1/4_sq\fg_921e3e_bg_000000.jpg,0.15283203125
20,2,exp_a1/4_sq\fg_0000ff_bg_000000.jpg,0.1527099609375
21,19,exp_a1/4_sq\fg_ffff00_bg_000000.jpg,0.152587890625
22,8,exp_a1/4_sq\fg_00ffff_bg_000000.jpg,0.1524658203125
23,16,exp_a1/4_sq\fg_ff0000_bg_000000.jpg,0.15234375
0,14,exp_a1/56_sq\fg_921e3e_bg_888888.jpg,0.367919921875
1,0,exp_a1/56_sq\fg_000000_bg_888888.jpg,0.3623046875
2,3,exp_a1/56_sq\fg_0000ff_bg_888888.jpg,0.3603515625
3,6,exp_a1/56_sq\fg_00ff00_bg_888888.jpg,0.3583984375
4,9,exp_a1/56_sq\fg_00ffff_bg_888888.jpg,0.357666015625
5,20,exp_a1/56_sq\fg_ffff00_bg_888888.jpg,0.34521484375
6,17,exp_a1/56_sq\fg_ff0000_bg_888888.jpg,0.2998046875
7,21,exp_a1/56_sq\fg_ffff00_bg_ffffff.jpg,0.274658203125
8,23,exp_a1/56_sq\fg_ffffff_bg_888888.jpg,0.268798828125
9,1,exp_a1/56_sq\fg_000000_bg_ffffff.jpg,0.26513671875
10,4,exp_a1/56_sq\fg_0000ff_bg_ffffff.jpg,0.2548828125
11,10,exp_a1/56_sq\fg_00ffff_bg_ffffff.jpg,0.2509765625
12,11,exp_a1/56_sq\fg_888888_bg_000000.jpg,0.25048828125
13,18,exp_a1/56_sq\fg_ff0000_bg_ffffff.jpg,0.24755859375
14,7,exp_a1/56_sq\fg_00ff00_bg_ffffff.jpg,0.244873046875
15,12,exp_a1/56_sq\fg_888888_bg_ffffff.jpg,0.24267578125
16,15,exp_a1/56_sq\fg_921e3e_bg_ffffff.jpg,0.2392578125
17,13,exp_a1/56_sq\fg_921e3e_bg_000000.jpg,0.223876953125
18,19,exp_a1/56_sq\fg_ffff00_bg_000000.jpg,0.1842041015625
19,22,exp_a1/56_sq\fg_ffffff_bg_000000.jpg,0.1820068359375
20,8,exp_a1/56_sq\fg_00ffff_bg_000000.jpg,0.18115234375
21,16,exp_a1/56_sq\fg_ff0000_bg_000000.jpg,0.1790771484375
22,5,exp_a1/56_sq\fg_00ff00_bg_000000.jpg,0.175537109375
23,2,exp_a1/56_sq\fg_0000ff_bg_000000.jpg,0.169921875
0,4,exp_a1/colors\bg_888888.jpg,0.376708984375
1,8,exp_a1/colors\bg_ffffff.png,0.251220703125
2,7,exp_a1/colors\bg_ffff00.jpg,0.2457275390625
3,6,exp_a1/colors\bg_ff0000.jpg,0.2181396484375
4,1,exp_a1/colors\bg_0000ff.jpg,0.215087890625
5,2,exp_a1/colors\bg_00ff00.jpg,0.206298828125
6,5,exp_a1/colors\bg_921e3e.jpg,0.203857421875
7,3,exp_a1/colors\bg_00ffff.jpg,0.1856689453125
8,0,exp_a1/colors\bg_000000.jpg,0.152587890625
