,Unnamed: 0,filepaths,similarity
0,14,exp_a1/112_sq\fg_921e3e_bg_888888.jpg,0.3544921875
1,6,exp_a1/112_sq\fg_00ff00_bg_888888.jpg,0.3349609375
2,10,exp_a1/112_sq\fg_00ffff_bg_ffffff.jpg,0.33203125
3,21,exp_a1/112_sq\fg_ffff00_bg_ffffff.jpg,0.3251953125
4,7,exp_a1/112_sq\fg_00ff00_bg_ffffff.jpg,0.303955078125
5,9,exp_a1/112_sq\fg_00ffff_bg_888888.jpg,0.303955078125
6,18,exp_a1/112_sq\fg_ff0000_bg_ffffff.jpg,0.302978515625
7,3,exp_a1/112_sq\fg_0000ff_bg_888888.jpg,0.30224609375
8,1,exp_a1/112_sq\fg_000000_bg_ffffff.jpg,0.30078125
9,12,exp_a1/112_sq\fg_888888_bg_ffffff.jpg,0.291015625
10,4,exp_a1/112_sq\fg_0000ff_bg_ffffff.jpg,0.28662109375
11,15,exp_a1/112_sq\fg_921e3e_bg_ffffff.jpg,0.28173828125
12,5,exp_a1/112_sq\fg_00ff00_bg_000000.jpg,0.267333984375
13,13,exp_a1/112_sq\fg_921e3e_bg_000000.jpg,0.255615234375
14,0,exp_a1/112_sq\fg_000000_bg_888888.jpg,0.24658203125
15,8,exp_a1/112_sq\fg_00ffff_bg_000000.jpg,0.2423095703125
16,11,exp_a1/112_sq\fg_888888_bg_000000.jpg,0.2418212890625
17,20,exp_a1/112_sq\fg_ffff00_bg_888888.jpg,0.238037109375
18,2,exp_a1/112_sq\fg_0000ff_bg_000000.jpg,0.2200927734375
19,19,exp_a1/112_sq\fg_ffff00_bg_000000.jpg,0.2161865234375
20,22,exp_a1/112_sq\fg_ffffff_bg_000000.jpg,0.214599609375
21,16,exp_a1/112_sq\fg_ff0000_bg_000000.jpg,0.2144775390625
22,23,exp_a1/112_sq\fg_ffffff_bg_888888.jpg,0.1925048828125
23,17,exp_a1/112_sq\fg_ff0000_bg_888888.jpg,0.1888427734375
0,23,exp_a1/12_sq\fg_ffffff_bg_888888.jpg,0.406005859375
1,3,exp_a1/12_sq\fg_0000ff_bg_888888.jpg,0.3955078125
2,14,exp_a1/12_sq\fg_921e3e_bg_888888.jpg,0.394775390625
3,0,exp_a1/12_sq\fg_000000_bg_888888.jpg,0.393798828125
4,17,exp_a1/12_sq\fg_ff0000_bg_888888.jpg,0.383056640625
5,20,exp_a1/12_sq\fg_ffff00_bg_888888.jpg,0.38134765625
6,9,exp_a1/12_sq\fg_00ffff_bg_888888.jpg,0.37890625
7,6,exp_a1/12_sq\fg_00ff00_bg_888888.jpg,0.36962890625
8,12,exp_a1/12_sq\fg_888888_bg_ffffff.jpg,0.319580078125
9,15,exp_a1/12_sq\fg_921e3e_bg_ffffff.jpg,0.318115234375
10,4,exp_a1/12_sq\fg_0000ff_bg_ffffff.jpg,0.31591796875
11,1,exp_a1/12_sq\fg_000000_bg_ffffff.jpg,0.313232421875
12,7,exp_a1/12_sq\fg_00ff00_bg_ffffff.jpg,0.312255859375
13,10,exp_a1/12_sq\fg_00ffff_bg_ffffff.jpg,0.31201171875
14,18,exp_a1/12_sq\fg_ff0000_bg_ffffff.jpg,0.31201171875
15,21,exp_a1/12_sq\fg_ffff00_bg_ffffff.jpg,0.311767578125
16,22,exp_a1/12_sq\fg_ffffff_bg_000000.jpg,0.185791015625
17,11,exp_a1/12_sq\fg_888888_bg_000000.jpg,0.1851806640625
18,16,exp_a1/12_sq\fg_ff0000_bg_000000.jpg,0.1851806640625
19,8,exp_a1/12_sq\fg_00ffff_bg_000000.jpg,0.184326171875
20,19,exp_a1/12_sq\fg_ffff00_bg_000000.jpg,0.1839599609375
21,5,exp_a1/12_sq\fg_00ff00_bg_000000.jpg,0.183837890625
22,13,exp_a1/12_sq\fg_921e3e_bg_000000.jpg,0.18310546875
23,2,exp_a1/12_sq\fg_0000ff_bg_000000.jpg,0.1827392578125
0,21,exp_a1/148_sq\fg_ffff00_bg_ffffff.jpg,0.333251953125
1,10,exp_a1/148_sq\fg_00ffff_bg_ffffff.jpg,0.327880859375
2,18,exp_a1/148_sq\fg_ff0000_bg_ffffff.jpg,0.29931640625
3,1,exp_a1/148_sq\fg_000000_bg_ffffff.jpg,0.2919921875
4,7,exp_a1/148_sq\fg_00ff00_bg_ffffff.jpg,0.2919921875
5,5,exp_a1/148_sq\fg_00ff00_bg_000000.jpg,0.27978515625
6,4,exp_a1/148_sq\fg_0000ff_bg_ffffff.jpg,0.270263671875
7,6,exp_a1/148_sq\fg_00ff00_bg_888888.jpg,0.267333984375
8,12,exp_a1/148_sq\fg_888888_bg_ffffff.jpg,0.25634765625
9,13,exp_a1/148_sq\fg_921e3e_bg_000000.jpg,0.252197265625
10,2,exp_a1/148_sq\fg_0000ff_bg_000000.jpg,0.244384765625
11,14,exp_a1/148_sq\fg_921e3e_bg_888888.jpg,0.2403564453125
12,8,exp_a1/148_sq\fg_00ffff_bg_000000.jpg,0.2178955078125
13,3,exp_a1/148_sq\fg_0000ff_bg_888888.jpg,0.2177734375
14,19,exp_a1/148_sq\fg_ffff00_bg_000000.jpg,0.216796875
15,11,exp_a1/148_sq\fg_888888_bg_000000.jpg,0.2144775390625
16,20,exp_a1/148_sq\fg_ffff00_bg_888888.jpg,0.209228515625
17,15,exp_a1/148_sq\fg_921e3e_bg_ffffff.jpg,0.2076416015625
18,9,exp_a1/148_sq\fg_00ffff_bg_888888.jpg,0.2008056640625
19,0,exp_a1/148_sq\fg_000000_bg_888888.jpg,0.193603515625
20,22,exp_a1/148_sq\fg_ffffff_bg_000000.jpg,0.165283203125
21,23,exp_a1/148_sq\fg_ffffff_bg_888888.jpg,0.150390625
22,17,exp_a1/148_sq\fg_ff0000_bg_888888.jpg,0.14599609375
23,16,exp_a1/148_sq\fg_ff0000_bg_000000.jpg,0.1396484375
0,5,exp_a1/200_sq\fg_00ff00_bg_000000.jpg,0.3154296875
1,19,exp_a1/200_sq\fg_ffff00_bg_000000.jpg,0.313720703125
2,18,exp_a1/200_sq\fg_ff0000_bg_ffffff.jpg,0.30322265625
3,8,exp_a1/200_sq\fg_00ffff_bg_000000.jpg,0.289306640625
4,10,exp_a1/200_sq\fg_00ffff_bg_ffffff.jpg,0.287109375
5,11,exp_a1/200_sq\fg_888888_bg_000000.jpg,0.28515625
6,21,exp_a1/200_sq\fg_ffff00_bg_ffffff.jpg,0.255859375
7,0,exp_a1/200_sq\fg_000000_bg_888888.jpg,0.25244140625
8,13,exp_a1/200_sq\fg_921e3e_bg_000000.jpg,0.251953125
9,2,exp_a1/200_sq\fg_0000ff_bg_000000.jpg,0.240478515625
10,22,exp_a1/200_sq\fg_ffffff_bg_000000.jpg,0.2332763671875
11,3,exp_a1/200_sq\fg_0000ff_bg_888888.jpg,0.233154296875
12,7,exp_a1/200_sq\fg_00ff00_bg_ffffff.jpg,0.231689453125
13,14,exp_a1/200_sq\fg_921e3e_bg_888888.jpg,0.2271728515625
14,16,exp_a1/200_sq\fg_ff0000_bg_000000.jpg,0.222412109375
15,20,exp_a1/200_sq\fg_ffff00_bg_888888.jpg,0.2122802734375
16,6,exp_a1/200_sq\fg_00ff00_bg_888888.jpg,0.19677734375
17,1,exp_a1/200_sq\fg_000000_bg_ffffff.jpg,0.184326171875
18,17,exp_a1/200_sq\fg_ff0000_bg_888888.jpg,0.1817626953125
19,23,exp_a1/200_sq\fg_ffffff_bg_888888.jpg,0.1793212890625
20,9,exp_a1/200_sq\fg_00ffff_bg_888888.jpg,0.1588134765625
21,4,exp_a1/200_sq\fg_0000ff_bg_ffffff.jpg,0.158447265625
22,15,exp_a1/200_sq\fg_921e3e_bg_ffffff.jpg,0.142822265625
23,12,exp_a1/200_sq\fg_888888_bg_ffffff.jpg,0.06396484375
0,0,exp_a1/4_sq\fg_000000_bg_888888.jpg,0.424560546875
1,3,exp_a1/4_sq\fg_0000ff_bg_888888.jpg,0.414794921875
2,9,exp_a1/4_sq\fg_00ffff_bg_888888.jpg,0.411865234375
3,14,exp_a1/4_sq\fg_921e3e_bg_888888.jpg,0.4091796875
4,17,exp_a1/4_sq\fg_ff0000_bg_888888.jpg,0.407958984375
5,23,exp_a1/4_sq\fg_ffffff_bg_888888.jpg,0.4072265625
6,6,exp_a1/4_sq\fg_00ff00_bg_888888.jpg,0.405517578125
7,20,exp_a1/4_sq\fg_ffff00_bg_888888.jpg,0.4052734375
8,10,exp_a1/4_sq\fg_00ffff_bg_ffffff.jpg,0.31201171875
9,1,exp_a1/4_sq\fg_000000_bg_ffffff.jpg,0.311767578125
10,7,exp_a1/4_sq\fg_00ff00_bg_ffffff.jpg,0.311767578125
11,4,exp_a1/4_sq\fg_0000ff_bg_ffffff.jpg,0.311767578125
12,15,exp_a1/4_sq\fg_921e3e_bg_ffffff.jpg,0.311767578125
13,12,exp_a1/4_sq\fg_888888_bg_ffffff.jpg,0.311767578125
14,18,exp_a1/4_sq\fg_ff0000_bg_ffffff.jpg,0.3115234375
15,21,exp_a1/4_sq\fg_ffff00_bg_ffffff.jpg,0.3115234375
16,22,exp_a1/4_sq\fg_ffffff_bg_000000.jpg,0.1834716796875
17,5,exp_a1/4_sq\fg_00ff00_bg_000000.jpg,0.183349609375
18,13,exp_a1/4_sq\fg_921e3e_bg_000000.jpg,0.1832275390625
19,16,exp_a1/4_sq\fg_ff0000_bg_000000.jpg,0.18310546875
20,2,exp_a1/4_sq\fg_0000ff_bg_000000.jpg,0.18310546875
21,19,exp_a1/4_sq\fg_ffff00_bg_000000.jpg,0.18310546875
22,11,exp_a1/4_sq\fg_888888_bg_000000.jpg,0.1829833984375
23,8,exp_a1/4_sq\fg_00ffff_bg_000000.jpg,0.1829833984375
0,14,exp_a1/56_sq\fg_921e3e_bg_888888.jpg,0.4072265625
1,6,exp_a1/56_sq\fg_00ff00_bg_888888.jpg,0.3994140625
2,9,exp_a1/56_sq\fg_00ffff_bg_888888.jpg,0.39306640625
3,3,exp_a1/56_sq\fg_0000ff_bg_888888.jpg,0.390625
4,0,exp_a1/56_sq\fg_000000_bg_888888.jpg,0.389892578125
5,20,exp_a1/56_sq\fg_ffff00_bg_888888.jpg,0.376953125
6,21,exp_a1/56_sq\fg_ffff00_bg_ffffff.jpg,0.342529296875
7,1,exp_a1/56_sq\fg_000000_bg_ffffff.jpg,0.341064453125
8,4,exp_a1/56_sq\fg_0000ff_bg_ffffff.jpg,0.332763671875
9,17,exp_a1/56_sq\fg_ff0000_bg_888888.jpg,0.33056640625
10,10,exp_a1/56_sq\fg_00ffff_bg_ffffff.jpg,0.322021484375
11,12,exp_a1/56_sq\fg_888888_bg_ffffff.jpg,0.3212890625
12,7,exp_a1/56_sq\fg_00ff00_bg_ffffff.jpg,0.318603515625
13,15,exp_a1/56_sq\fg_921e3e_bg_ffffff.jpg,0.314697265625
14,18,exp_a1/56_sq\fg_ff0000_bg_ffffff.jpg,0.303955078125
15,23,exp_a1/56_sq\fg_ffffff_bg_888888.jpg,0.29931640625
16,11,exp_a1/56_sq\fg_888888_bg_000000.jpg,0.2491455078125
17,13,exp_a1/56_sq\fg_921e3e_bg_000000.jpg,0.2440185546875
18,22,exp_a1/56_sq\fg_ffffff_bg_000000.jpg,0.2059326171875
19,16,exp_a1/56_sq\fg_ff0000_bg_000000.jpg,0.2041015625
20,8,exp_a1/56_sq\fg_00ffff_bg_000000.jpg,0.201904296875
21,19,exp_a1/56_sq\fg_ffff00_bg_000000.jpg,0.2008056640625
22,5,exp_a1/56_sq\fg_00ff00_bg_000000.jpg,0.1947021484375
23,2,exp_a1/56_sq\fg_0000ff_bg_000000.jpg,0.192626953125
0,4,exp_a1/colors\bg_888888.jpg,0.416259765625
1,8,exp_a1/colors\bg_ffffff.png,0.311767578125
2,7,exp_a1/colors\bg_ffff00.jpg,0.30419921875
3,6,exp_a1/colors\bg_ff0000.jpg,0.27099609375
4,3,exp_a1/colors\bg_00ffff.jpg,0.247802734375
5,2,exp_a1/colors\bg_00ff00.jpg,0.2357177734375
6,5,exp_a1/colors\bg_921e3e.jpg,0.2301025390625
7,1,exp_a1/colors\bg_0000ff.jpg,0.228515625
8,0,exp_a1/colors\bg_000000.jpg,0.18310546875
