,Unnamed: 0,filepaths,similarity
0,6,exp_a1/112_sq\fg_00ff00_bg_888888.jpg,0.387451171875
1,14,exp_a1/112_sq\fg_921e3e_bg_888888.jpg,0.36181640625
2,9,exp_a1/112_sq\fg_00ffff_bg_888888.jpg,0.339111328125
3,10,exp_a1/112_sq\fg_00ffff_bg_ffffff.jpg,0.314697265625
4,21,exp_a1/112_sq\fg_ffff00_bg_ffffff.jpg,0.3037109375
5,1,exp_a1/112_sq\fg_000000_bg_ffffff.jpg,0.302490234375
6,3,exp_a1/112_sq\fg_0000ff_bg_888888.jpg,0.3017578125
7,12,exp_a1/112_sq\fg_888888_bg_ffffff.jpg,0.28955078125
8,4,exp_a1/112_sq\fg_0000ff_bg_ffffff.jpg,0.281494140625
9,7,exp_a1/112_sq\fg_00ff00_bg_ffffff.jpg,0.281005859375
10,18,exp_a1/112_sq\fg_ff0000_bg_ffffff.jpg,0.2763671875
11,13,exp_a1/112_sq\fg_921e3e_bg_000000.jpg,0.266845703125
12,11,exp_a1/112_sq\fg_888888_bg_000000.jpg,0.261962890625
13,15,exp_a1/112_sq\fg_921e3e_bg_ffffff.jpg,0.259033203125
14,5,exp_a1/112_sq\fg_00ff00_bg_000000.jpg,0.25830078125
15,2,exp_a1/112_sq\fg_0000ff_bg_000000.jpg,0.2379150390625
16,8,exp_a1/112_sq\fg_00ffff_bg_000000.jpg,0.234619140625
17,19,exp_a1/112_sq\fg_ffff00_bg_000000.jpg,0.231689453125
18,0,exp_a1/112_sq\fg_000000_bg_888888.jpg,0.2191162109375
19,20,exp_a1/112_sq\fg_ffff00_bg_888888.jpg,0.2177734375
20,16,exp_a1/112_sq\fg_ff0000_bg_000000.jpg,0.213623046875
21,22,exp_a1/112_sq\fg_ffffff_bg_000000.jpg,0.2093505859375
22,23,exp_a1/112_sq\fg_ffffff_bg_888888.jpg,0.199951171875
23,17,exp_a1/112_sq\fg_ff0000_bg_888888.jpg,0.1961669921875
0,23,exp_a1/12_sq\fg_ffffff_bg_888888.jpg,0.47802734375
1,6,exp_a1/12_sq\fg_00ff00_bg_888888.jpg,0.474609375
2,9,exp_a1/12_sq\fg_00ffff_bg_888888.jpg,0.471923828125
3,14,exp_a1/12_sq\fg_921e3e_bg_888888.jpg,0.470703125
4,3,exp_a1/12_sq\fg_0000ff_bg_888888.jpg,0.469482421875
5,17,exp_a1/12_sq\fg_ff0000_bg_888888.jpg,0.46875
6,0,exp_a1/12_sq\fg_000000_bg_888888.jpg,0.46728515625
7,20,exp_a1/12_sq\fg_ffff00_bg_888888.jpg,0.457275390625
8,12,exp_a1/12_sq\fg_888888_bg_ffffff.jpg,0.287353515625
9,15,exp_a1/12_sq\fg_921e3e_bg_ffffff.jpg,0.286865234375
10,4,exp_a1/12_sq\fg_0000ff_bg_ffffff.jpg,0.28515625
11,1,exp_a1/12_sq\fg_000000_bg_ffffff.jpg,0.2841796875
12,18,exp_a1/12_sq\fg_ff0000_bg_ffffff.jpg,0.283203125
13,7,exp_a1/12_sq\fg_00ff00_bg_ffffff.jpg,0.282958984375
14,10,exp_a1/12_sq\fg_00ffff_bg_ffffff.jpg,0.28271484375
15,21,exp_a1/12_sq\fg_ffff00_bg_ffffff.jpg,0.28271484375
16,22,exp_a1/12_sq\fg_ffffff_bg_000000.jpg,0.2054443359375
17,16,exp_a1/12_sq\fg_ff0000_bg_000000.jpg,0.2049560546875
18,11,exp_a1/12_sq\fg_888888_bg_000000.jpg,0.2047119140625
19,8,exp_a1/12_sq\fg_00ffff_bg_000000.jpg,0.203857421875
20,19,exp_a1/12_sq\fg_ffff00_bg_000000.jpg,0.20361328125
21,5,exp_a1/12_sq\fg_00ff00_bg_000000.jpg,0.203125
22,13,exp_a1/12_sq\fg_921e3e_bg_000000.jpg,0.2027587890625
23,2,exp_a1/12_sq\fg_0000ff_bg_000000.jpg,0.2021484375
0,10,exp_a1/148_sq\fg_00ffff_bg_ffffff.jpg,0.331298828125
1,6,exp_a1/148_sq\fg_00ff00_bg_888888.jpg,0.32275390625
2,21,exp_a1/148_sq\fg_ffff00_bg_ffffff.jpg,0.3173828125
3,1,exp_a1/148_sq\fg_000000_bg_ffffff.jpg,0.314208984375
4,7,exp_a1/148_sq\fg_00ff00_bg_ffffff.jpg,0.29150390625
5,4,exp_a1/148_sq\fg_0000ff_bg_ffffff.jpg,0.291259765625
6,5,exp_a1/148_sq\fg_00ff00_bg_000000.jpg,0.272705078125
7,12,exp_a1/148_sq\fg_888888_bg_ffffff.jpg,0.272216796875
8,18,exp_a1/148_sq\fg_ff0000_bg_ffffff.jpg,0.270751953125
9,13,exp_a1/148_sq\fg_921e3e_bg_000000.jpg,0.26123046875
10,2,exp_a1/148_sq\fg_0000ff_bg_000000.jpg,0.260498046875
11,11,exp_a1/148_sq\fg_888888_bg_000000.jpg,0.259033203125
12,19,exp_a1/148_sq\fg_ffff00_bg_000000.jpg,0.22607421875
13,8,exp_a1/148_sq\fg_00ffff_bg_000000.jpg,0.2244873046875
14,15,exp_a1/148_sq\fg_921e3e_bg_ffffff.jpg,0.202880859375
15,9,exp_a1/148_sq\fg_00ffff_bg_888888.jpg,0.199951171875
16,14,exp_a1/148_sq\fg_921e3e_bg_888888.jpg,0.193359375
17,3,exp_a1/148_sq\fg_0000ff_bg_888888.jpg,0.1810302734375
18,20,exp_a1/148_sq\fg_ffff00_bg_888888.jpg,0.177734375
19,22,exp_a1/148_sq\fg_ffffff_bg_000000.jpg,0.1634521484375
20,0,exp_a1/148_sq\fg_000000_bg_888888.jpg,0.1614990234375
21,17,exp_a1/148_sq\fg_ff0000_bg_888888.jpg,0.1583251953125
22,23,exp_a1/148_sq\fg_ffffff_bg_888888.jpg,0.149658203125
23,16,exp_a1/148_sq\fg_ff0000_bg_000000.jpg,0.138427734375
0,11,exp_a1/200_sq\fg_888888_bg_000000.jpg,0.331787109375
1,19,exp_a1/200_sq\fg_ffff00_bg_000000.jpg,0.3115234375
2,5,exp_a1/200_sq\fg_00ff00_bg_000000.jpg,0.307373046875
3,21,exp_a1/200_sq\fg_ffff00_bg_ffffff.jpg,0.284423828125
4,10,exp_a1/200_sq\fg_00ffff_bg_ffffff.jpg,0.284423828125
5,18,exp_a1/200_sq\fg_ff0000_bg_ffffff.jpg,0.284423828125
6,8,exp_a1/200_sq\fg_00ffff_bg_000000.jpg,0.270263671875
7,13,exp_a1/200_sq\fg_921e3e_bg_000000.jpg,0.259765625
8,0,exp_a1/200_sq\fg_000000_bg_888888.jpg,0.255615234375
9,22,exp_a1/200_sq\fg_ffffff_bg_000000.jpg,0.25048828125
10,2,exp_a1/200_sq\fg_0000ff_bg_000000.jpg,0.2442626953125
11,16,exp_a1/200_sq\fg_ff0000_bg_000000.jpg,0.2420654296875
12,7,exp_a1/200_sq\fg_00ff00_bg_ffffff.jpg,0.22216796875
13,6,exp_a1/200_sq\fg_00ff00_bg_888888.jpg,0.2060546875
14,1,exp_a1/200_sq\fg_000000_bg_ffffff.jpg,0.2059326171875
15,14,exp_a1/200_sq\fg_921e3e_bg_888888.jpg,0.2047119140625
16,3,exp_a1/200_sq\fg_0000ff_bg_888888.jpg,0.201904296875
17,20,exp_a1/200_sq\fg_ffff00_bg_888888.jpg,0.2010498046875
18,17,exp_a1/200_sq\fg_ff0000_bg_888888.jpg,0.19873046875
19,23,exp_a1/200_sq\fg_ffffff_bg_888888.jpg,0.1983642578125
20,4,exp_a1/200_sq\fg_0000ff_bg_ffffff.jpg,0.18359375
21,15,exp_a1/200_sq\fg_921e3e_bg_ffffff.jpg,0.155517578125
22,9,exp_a1/200_sq\fg_00ffff_bg_888888.jpg,0.139892578125
23,12,exp_a1/200_sq\fg_888888_bg_ffffff.jpg,0.06646728515625
0,3,exp_a1/4_sq\fg_0000ff_bg_888888.jpg,0.45361328125
1,0,exp_a1/4_sq\fg_000000_bg_888888.jpg,0.4482421875
2,6,exp_a1/4_sq\fg_00ff00_bg_888888.jpg,0.4482421875
3,9,exp_a1/4_sq\fg_00ffff_bg_888888.jpg,0.44677734375
4,20,exp_a1/4_sq\fg_ffff00_bg_888888.jpg,0.4453125
5,14,exp_a1/4_sq\fg_921e3e_bg_888888.jpg,0.44287109375
6,17,exp_a1/4_sq\fg_ff0000_bg_888888.jpg,0.442138671875
7,23,exp_a1/4_sq\fg_ffffff_bg_888888.jpg,0.438232421875
8,10,exp_a1/4_sq\fg_00ffff_bg_ffffff.jpg,0.282958984375
9,1,exp_a1/4_sq\fg_000000_bg_ffffff.jpg,0.28271484375
10,15,exp_a1/4_sq\fg_921e3e_bg_ffffff.jpg,0.28271484375
11,4,exp_a1/4_sq\fg_0000ff_bg_ffffff.jpg,0.28271484375
12,18,exp_a1/4_sq\fg_ff0000_bg_ffffff.jpg,0.28271484375
13,7,exp_a1/4_sq\fg_00ff00_bg_ffffff.jpg,0.282470703125
14,21,exp_a1/4_sq\fg_ffff00_bg_ffffff.jpg,0.282470703125
15,12,exp_a1/4_sq\fg_888888_bg_ffffff.jpg,0.282470703125
16,22,exp_a1/4_sq\fg_ffffff_bg_000000.jpg,0.2030029296875
17,13,exp_a1/4_sq\fg_921e3e_bg_000000.jpg,0.20263671875
18,5,exp_a1/4_sq\fg_00ff00_bg_000000.jpg,0.20263671875
19,16,exp_a1/4_sq\fg_ff0000_bg_000000.jpg,0.2025146484375
20,11,exp_a1/4_sq\fg_888888_bg_000000.jpg,0.202392578125
21,2,exp_a1/4_sq\fg_0000ff_bg_000000.jpg,0.202392578125
22,8,exp_a1/4_sq\fg_00ffff_bg_000000.jpg,0.2022705078125
23,19,exp_a1/4_sq\fg_ffff00_bg_000000.jpg,0.2022705078125
0,14,exp_a1/56_sq\fg_921e3e_bg_888888.jpg,0.444580078125
1,6,exp_a1/56_sq\fg_00ff00_bg_888888.jpg,0.44384765625
2,3,exp_a1/56_sq\fg_0000ff_bg_888888.jpg,0.4365234375
3,0,exp_a1/56_sq\fg_000000_bg_888888.jpg,0.423828125
4,9,exp_a1/56_sq\fg_00ffff_bg_888888.jpg,0.415283203125
5,20,exp_a1/56_sq\fg_ffff00_bg_888888.jpg,0.389404296875
6,17,exp_a1/56_sq\fg_ff0000_bg_888888.jpg,0.321533203125
7,1,exp_a1/56_sq\fg_000000_bg_ffffff.jpg,0.3095703125
8,21,exp_a1/56_sq\fg_ffff00_bg_ffffff.jpg,0.307861328125
9,4,exp_a1/56_sq\fg_0000ff_bg_ffffff.jpg,0.305419921875
10,15,exp_a1/56_sq\fg_921e3e_bg_ffffff.jpg,0.291015625
11,12,exp_a1/56_sq\fg_888888_bg_ffffff.jpg,0.29052734375
12,7,exp_a1/56_sq\fg_00ff00_bg_ffffff.jpg,0.2841796875
13,10,exp_a1/56_sq\fg_00ffff_bg_ffffff.jpg,0.28369140625
14,18,exp_a1/56_sq\fg_ff0000_bg_ffffff.jpg,0.2763671875
15,23,exp_a1/56_sq\fg_ffffff_bg_888888.jpg,0.268798828125
16,13,exp_a1/56_sq\fg_921e3e_bg_000000.jpg,0.26123046875
17,11,exp_a1/56_sq\fg_888888_bg_000000.jpg,0.2386474609375
18,19,exp_a1/56_sq\fg_ffff00_bg_000000.jpg,0.2247314453125
19,2,exp_a1/56_sq\fg_0000ff_bg_000000.jpg,0.213134765625
20,8,exp_a1/56_sq\fg_00ffff_bg_000000.jpg,0.21142578125
21,22,exp_a1/56_sq\fg_ffffff_bg_000000.jpg,0.2086181640625
22,5,exp_a1/56_sq\fg_00ff00_bg_000000.jpg,0.2081298828125
23,16,exp_a1/56_sq\fg_ff0000_bg_000000.jpg,0.2066650390625
0,4,exp_a1/colors\bg_888888.jpg,0.418701171875
1,8,exp_a1/colors\bg_ffffff.png,0.28271484375
2,7,exp_a1/colors\bg_ffff00.jpg,0.27880859375
3,6,exp_a1/colors\bg_ff0000.jpg,0.27197265625
4,5,exp_a1/colors\bg_921e3e.jpg,0.2705078125
5,1,exp_a1/colors\bg_0000ff.jpg,0.241943359375
6,2,exp_a1/colors\bg_00ff00.jpg,0.2366943359375
7,3,exp_a1/colors\bg_00ffff.jpg,0.2320556640625
8,0,exp_a1/colors\bg_000000.jpg,0.2025146484375
