,Unnamed: 0,filepaths,similarity
0,18,exp_a1/112_sq\fg_ff0000_bg_ffffff.jpg,0.25537109375
1,1,exp_a1/112_sq\fg_000000_bg_ffffff.jpg,0.254638671875
2,22,exp_a1/112_sq\fg_ffffff_bg_000000.jpg,0.254150390625
3,10,exp_a1/112_sq\fg_00ffff_bg_ffffff.jpg,0.25390625
4,13,exp_a1/112_sq\fg_921e3e_bg_000000.jpg,0.251708984375
5,17,exp_a1/112_sq\fg_ff0000_bg_888888.jpg,0.25146484375
6,20,exp_a1/112_sq\fg_ffff00_bg_888888.jpg,0.250244140625
7,4,exp_a1/112_sq\fg_0000ff_bg_ffffff.jpg,0.2489013671875
8,3,exp_a1/112_sq\fg_0000ff_bg_888888.jpg,0.2484130859375
9,23,exp_a1/112_sq\fg_ffffff_bg_888888.jpg,0.248291015625
10,16,exp_a1/112_sq\fg_ff0000_bg_000000.jpg,0.2481689453125
11,21,exp_a1/112_sq\fg_ffff00_bg_ffffff.jpg,0.2469482421875
12,19,exp_a1/112_sq\fg_ffff00_bg_000000.jpg,0.245849609375
13,2,exp_a1/112_sq\fg_0000ff_bg_000000.jpg,0.2454833984375
14,9,exp_a1/112_sq\fg_00ffff_bg_888888.jpg,0.2432861328125
15,15,exp_a1/112_sq\fg_921e3e_bg_ffffff.jpg,0.2430419921875
16,8,exp_a1/112_sq\fg_00ffff_bg_000000.jpg,0.2421875
17,7,exp_a1/112_sq\fg_00ff00_bg_ffffff.jpg,0.2420654296875
18,0,exp_a1/112_sq\fg_000000_bg_888888.jpg,0.2415771484375
19,14,exp_a1/112_sq\fg_921e3e_bg_888888.jpg,0.2415771484375
20,11,exp_a1/112_sq\fg_888888_bg_000000.jpg,0.2392578125
21,12,exp_a1/112_sq\fg_888888_bg_ffffff.jpg,0.235107421875
22,5,exp_a1/112_sq\fg_00ff00_bg_000000.jpg,0.2344970703125
23,6,exp_a1/112_sq\fg_00ff00_bg_888888.jpg,0.227294921875
0,22,exp_a1/12_sq\fg_ffffff_bg_000000.jpg,0.25927734375
1,11,exp_a1/12_sq\fg_888888_bg_000000.jpg,0.25732421875
2,13,exp_a1/12_sq\fg_921e3e_bg_000000.jpg,0.255615234375
3,2,exp_a1/12_sq\fg_0000ff_bg_000000.jpg,0.25341796875
4,8,exp_a1/12_sq\fg_00ffff_bg_000000.jpg,0.25244140625
5,16,exp_a1/12_sq\fg_ff0000_bg_000000.jpg,0.2509765625
6,1,exp_a1/12_sq\fg_000000_bg_ffffff.jpg,0.2509765625
7,10,exp_a1/12_sq\fg_00ffff_bg_ffffff.jpg,0.249755859375
8,12,exp_a1/12_sq\fg_888888_bg_ffffff.jpg,0.249267578125
9,18,exp_a1/12_sq\fg_ff0000_bg_ffffff.jpg,0.2479248046875
10,5,exp_a1/12_sq\fg_00ff00_bg_000000.jpg,0.2476806640625
11,19,exp_a1/12_sq\fg_ffff00_bg_000000.jpg,0.2470703125
12,15,exp_a1/12_sq\fg_921e3e_bg_ffffff.jpg,0.24365234375
13,9,exp_a1/12_sq\fg_00ffff_bg_888888.jpg,0.24365234375
14,23,exp_a1/12_sq\fg_ffffff_bg_888888.jpg,0.239990234375
15,7,exp_a1/12_sq\fg_00ff00_bg_ffffff.jpg,0.2396240234375
16,4,exp_a1/12_sq\fg_0000ff_bg_ffffff.jpg,0.2386474609375
17,17,exp_a1/12_sq\fg_ff0000_bg_888888.jpg,0.23779296875
18,21,exp_a1/12_sq\fg_ffff00_bg_ffffff.jpg,0.2371826171875
19,0,exp_a1/12_sq\fg_000000_bg_888888.jpg,0.2364501953125
20,3,exp_a1/12_sq\fg_0000ff_bg_888888.jpg,0.23583984375
21,14,exp_a1/12_sq\fg_921e3e_bg_888888.jpg,0.2340087890625
22,20,exp_a1/12_sq\fg_ffff00_bg_888888.jpg,0.225830078125
23,6,exp_a1/12_sq\fg_00ff00_bg_888888.jpg,0.2247314453125
0,22,exp_a1/148_sq\fg_ffffff_bg_000000.jpg,0.25537109375
1,16,exp_a1/148_sq\fg_ff0000_bg_000000.jpg,0.253173828125
2,18,exp_a1/148_sq\fg_ff0000_bg_ffffff.jpg,0.2529296875
3,15,exp_a1/148_sq\fg_921e3e_bg_ffffff.jpg,0.25146484375
4,13,exp_a1/148_sq\fg_921e3e_bg_000000.jpg,0.251220703125
5,1,exp_a1/148_sq\fg_000000_bg_ffffff.jpg,0.25048828125
6,10,exp_a1/148_sq\fg_00ffff_bg_ffffff.jpg,0.2476806640625
7,19,exp_a1/148_sq\fg_ffff00_bg_000000.jpg,0.2469482421875
8,4,exp_a1/148_sq\fg_0000ff_bg_ffffff.jpg,0.2452392578125
9,0,exp_a1/148_sq\fg_000000_bg_888888.jpg,0.2447509765625
10,21,exp_a1/148_sq\fg_ffff00_bg_ffffff.jpg,0.24462890625
11,7,exp_a1/148_sq\fg_00ff00_bg_ffffff.jpg,0.243408203125
12,23,exp_a1/148_sq\fg_ffffff_bg_888888.jpg,0.2431640625
13,11,exp_a1/148_sq\fg_888888_bg_000000.jpg,0.2431640625
14,8,exp_a1/148_sq\fg_00ffff_bg_000000.jpg,0.2425537109375
15,2,exp_a1/148_sq\fg_0000ff_bg_000000.jpg,0.241943359375
16,17,exp_a1/148_sq\fg_ff0000_bg_888888.jpg,0.240234375
17,5,exp_a1/148_sq\fg_00ff00_bg_000000.jpg,0.2357177734375
18,12,exp_a1/148_sq\fg_888888_bg_ffffff.jpg,0.233642578125
19,20,exp_a1/148_sq\fg_ffff00_bg_888888.jpg,0.2314453125
20,9,exp_a1/148_sq\fg_00ffff_bg_888888.jpg,0.2308349609375
21,3,exp_a1/148_sq\fg_0000ff_bg_888888.jpg,0.2298583984375
22,14,exp_a1/148_sq\fg_921e3e_bg_888888.jpg,0.222412109375
23,6,exp_a1/148_sq\fg_00ff00_bg_888888.jpg,0.1956787109375
0,10,exp_a1/200_sq\fg_00ffff_bg_ffffff.jpg,0.258544921875
1,1,exp_a1/200_sq\fg_000000_bg_ffffff.jpg,0.257568359375
2,0,exp_a1/200_sq\fg_000000_bg_888888.jpg,0.25439453125
3,18,exp_a1/200_sq\fg_ff0000_bg_ffffff.jpg,0.252685546875
4,15,exp_a1/200_sq\fg_921e3e_bg_ffffff.jpg,0.25048828125
5,21,exp_a1/200_sq\fg_ffff00_bg_ffffff.jpg,0.249755859375
6,9,exp_a1/200_sq\fg_00ffff_bg_888888.jpg,0.2470703125
7,16,exp_a1/200_sq\fg_ff0000_bg_000000.jpg,0.2457275390625
8,4,exp_a1/200_sq\fg_0000ff_bg_ffffff.jpg,0.2454833984375
9,8,exp_a1/200_sq\fg_00ffff_bg_000000.jpg,0.24462890625
10,22,exp_a1/200_sq\fg_ffffff_bg_000000.jpg,0.243896484375
11,17,exp_a1/200_sq\fg_ff0000_bg_888888.jpg,0.2435302734375
12,7,exp_a1/200_sq\fg_00ff00_bg_ffffff.jpg,0.2432861328125
13,13,exp_a1/200_sq\fg_921e3e_bg_000000.jpg,0.2427978515625
14,19,exp_a1/200_sq\fg_ffff00_bg_000000.jpg,0.24267578125
15,3,exp_a1/200_sq\fg_0000ff_bg_888888.jpg,0.240966796875
16,2,exp_a1/200_sq\fg_0000ff_bg_000000.jpg,0.2401123046875
17,5,exp_a1/200_sq\fg_00ff00_bg_000000.jpg,0.239501953125
18,23,exp_a1/200_sq\fg_ffffff_bg_888888.jpg,0.23828125
19,6,exp_a1/200_sq\fg_00ff00_bg_888888.jpg,0.236572265625
20,20,exp_a1/200_sq\fg_ffff00_bg_888888.jpg,0.2353515625
21,14,exp_a1/200_sq\fg_921e3e_bg_888888.jpg,0.2298583984375
22,12,exp_a1/200_sq\fg_888888_bg_ffffff.jpg,0.2244873046875
23,11,exp_a1/200_sq\fg_888888_bg_000000.jpg,0.21044921875
0,11,exp_a1/4_sq\fg_888888_bg_000000.jpg,0.259521484375
1,13,exp_a1/4_sq\fg_921e3e_bg_000000.jpg,0.259521484375
2,2,exp_a1/4_sq\fg_0000ff_bg_000000.jpg,0.25830078125
3,16,exp_a1/4_sq\fg_ff0000_bg_000000.jpg,0.258056640625
4,22,exp_a1/4_sq\fg_ffffff_bg_000000.jpg,0.257080078125
5,19,exp_a1/4_sq\fg_ffff00_bg_000000.jpg,0.25634765625
6,5,exp_a1/4_sq\fg_00ff00_bg_000000.jpg,0.25537109375
7,8,exp_a1/4_sq\fg_00ffff_bg_000000.jpg,0.25390625
8,18,exp_a1/4_sq\fg_ff0000_bg_ffffff.jpg,0.251708984375
9,12,exp_a1/4_sq\fg_888888_bg_ffffff.jpg,0.250244140625
10,0,exp_a1/4_sq\fg_000000_bg_888888.jpg,0.2479248046875
11,10,exp_a1/4_sq\fg_00ffff_bg_ffffff.jpg,0.2464599609375
12,9,exp_a1/4_sq\fg_00ffff_bg_888888.jpg,0.2464599609375
13,1,exp_a1/4_sq\fg_000000_bg_ffffff.jpg,0.24609375
14,23,exp_a1/4_sq\fg_ffffff_bg_888888.jpg,0.24609375
15,15,exp_a1/4_sq\fg_921e3e_bg_ffffff.jpg,0.2447509765625
16,7,exp_a1/4_sq\fg_00ff00_bg_ffffff.jpg,0.2410888671875
17,3,exp_a1/4_sq\fg_0000ff_bg_888888.jpg,0.239013671875
18,4,exp_a1/4_sq\fg_0000ff_bg_ffffff.jpg,0.2381591796875
19,21,exp_a1/4_sq\fg_ffff00_bg_ffffff.jpg,0.2366943359375
20,6,exp_a1/4_sq\fg_00ff00_bg_888888.jpg,0.23388671875
21,14,exp_a1/4_sq\fg_921e3e_bg_888888.jpg,0.2313232421875
22,20,exp_a1/4_sq\fg_ffff00_bg_888888.jpg,0.2281494140625
23,17,exp_a1/4_sq\fg_ff0000_bg_888888.jpg,0.223388671875
0,22,exp_a1/56_sq\fg_ffffff_bg_000000.jpg,0.26025390625
1,1,exp_a1/56_sq\fg_000000_bg_ffffff.jpg,0.2587890625
2,11,exp_a1/56_sq\fg_888888_bg_000000.jpg,0.2568359375
3,13,exp_a1/56_sq\fg_921e3e_bg_000000.jpg,0.255859375
4,8,exp_a1/56_sq\fg_00ffff_bg_000000.jpg,0.254150390625
5,2,exp_a1/56_sq\fg_0000ff_bg_000000.jpg,0.2529296875
6,4,exp_a1/56_sq\fg_0000ff_bg_ffffff.jpg,0.252197265625
7,18,exp_a1/56_sq\fg_ff0000_bg_ffffff.jpg,0.250732421875
8,20,exp_a1/56_sq\fg_ffff00_bg_888888.jpg,0.25048828125
9,10,exp_a1/56_sq\fg_00ffff_bg_ffffff.jpg,0.250244140625
10,16,exp_a1/56_sq\fg_ff0000_bg_000000.jpg,0.2498779296875
11,17,exp_a1/56_sq\fg_ff0000_bg_888888.jpg,0.249755859375
12,3,exp_a1/56_sq\fg_0000ff_bg_888888.jpg,0.2496337890625
13,12,exp_a1/56_sq\fg_888888_bg_ffffff.jpg,0.2491455078125
14,7,exp_a1/56_sq\fg_00ff00_bg_ffffff.jpg,0.247802734375
15,23,exp_a1/56_sq\fg_ffffff_bg_888888.jpg,0.246826171875
16,5,exp_a1/56_sq\fg_00ff00_bg_000000.jpg,0.246826171875
17,19,exp_a1/56_sq\fg_ffff00_bg_000000.jpg,0.2459716796875
18,21,exp_a1/56_sq\fg_ffff00_bg_ffffff.jpg,0.245361328125
19,15,exp_a1/56_sq\fg_921e3e_bg_ffffff.jpg,0.24462890625
20,0,exp_a1/56_sq\fg_000000_bg_888888.jpg,0.242919921875
21,14,exp_a1/56_sq\fg_921e3e_bg_888888.jpg,0.2425537109375
22,9,exp_a1/56_sq\fg_00ffff_bg_888888.jpg,0.2333984375
23,6,exp_a1/56_sq\fg_00ff00_bg_888888.jpg,0.22900390625
0,0,exp_a1/colors\bg_000000.jpg,0.2607421875
1,8,exp_a1/colors\bg_ffffff.png,0.254150390625
2,5,exp_a1/colors\bg_921e3e.jpg,0.248291015625
3,1,exp_a1/colors\bg_0000ff.jpg,0.2467041015625
4,3,exp_a1/colors\bg_00ffff.jpg,0.245361328125
5,6,exp_a1/colors\bg_ff0000.jpg,0.24462890625
6,7,exp_a1/colors\bg_ffff00.jpg,0.243896484375
7,2,exp_a1/colors\bg_00ff00.jpg,0.236083984375
8,4,exp_a1/colors\bg_888888.jpg,0.2283935546875
