,Unnamed: 0,filepaths,similarity
0,6,exp_a1/112_sq\fg_00ff00_bg_888888.jpg,0.33447265625
1,7,exp_a1/112_sq\fg_00ff00_bg_ffffff.jpg,0.3212890625
2,5,exp_a1/112_sq\fg_00ff00_bg_000000.jpg,0.318603515625
3,9,exp_a1/112_sq\fg_00ffff_bg_888888.jpg,0.297119140625
4,8,exp_a1/112_sq\fg_00ffff_bg_000000.jpg,0.293212890625
5,20,exp_a1/112_sq\fg_ffff00_bg_888888.jpg,0.2890625
6,3,exp_a1/112_sq\fg_0000ff_bg_888888.jpg,0.288330078125
7,14,exp_a1/112_sq\fg_921e3e_bg_888888.jpg,0.287841796875
8,17,exp_a1/112_sq\fg_ff0000_bg_888888.jpg,0.28662109375
9,10,exp_a1/112_sq\fg_00ffff_bg_ffffff.jpg,0.28466796875
10,16,exp_a1/112_sq\fg_ff0000_bg_000000.jpg,0.283447265625
11,22,exp_a1/112_sq\fg_ffffff_bg_000000.jpg,0.282958984375
12,23,exp_a1/112_sq\fg_ffffff_bg_888888.jpg,0.282470703125
13,2,exp_a1/112_sq\fg_0000ff_bg_000000.jpg,0.27880859375
14,13,exp_a1/112_sq\fg_921e3e_bg_000000.jpg,0.278564453125
15,19,exp_a1/112_sq\fg_ffff00_bg_000000.jpg,0.2763671875
16,18,exp_a1/112_sq\fg_ff0000_bg_ffffff.jpg,0.276123046875
17,1,exp_a1/112_sq\fg_000000_bg_ffffff.jpg,0.273681640625
18,4,exp_a1/112_sq\fg_0000ff_bg_ffffff.jpg,0.273681640625
19,21,exp_a1/112_sq\fg_ffff00_bg_ffffff.jpg,0.27001953125
20,15,exp_a1/112_sq\fg_921e3e_bg_ffffff.jpg,0.26708984375
21,11,exp_a1/112_sq\fg_888888_bg_000000.jpg,0.26416015625
22,0,exp_a1/112_sq\fg_000000_bg_888888.jpg,0.26123046875
23,12,exp_a1/112_sq\fg_888888_bg_ffffff.jpg,0.2484130859375
0,5,exp_a1/12_sq\fg_00ff00_bg_000000.jpg,0.32177734375
1,7,exp_a1/12_sq\fg_00ff00_bg_ffffff.jpg,0.3134765625
2,6,exp_a1/12_sq\fg_00ff00_bg_888888.jpg,0.29638671875
3,8,exp_a1/12_sq\fg_00ffff_bg_000000.jpg,0.29638671875
4,10,exp_a1/12_sq\fg_00ffff_bg_ffffff.jpg,0.295166015625
5,22,exp_a1/12_sq\fg_ffffff_bg_000000.jpg,0.29345703125
6,18,exp_a1/12_sq\fg_ff0000_bg_ffffff.jpg,0.292236328125
7,11,exp_a1/12_sq\fg_888888_bg_000000.jpg,0.287109375
8,13,exp_a1/12_sq\fg_921e3e_bg_000000.jpg,0.283203125
9,2,exp_a1/12_sq\fg_0000ff_bg_000000.jpg,0.282958984375
10,4,exp_a1/12_sq\fg_0000ff_bg_ffffff.jpg,0.282470703125
11,16,exp_a1/12_sq\fg_ff0000_bg_000000.jpg,0.282470703125
12,9,exp_a1/12_sq\fg_00ffff_bg_888888.jpg,0.281005859375
13,23,exp_a1/12_sq\fg_ffffff_bg_888888.jpg,0.2802734375
14,1,exp_a1/12_sq\fg_000000_bg_ffffff.jpg,0.280029296875
15,3,exp_a1/12_sq\fg_0000ff_bg_888888.jpg,0.27978515625
16,19,exp_a1/12_sq\fg_ffff00_bg_000000.jpg,0.27978515625
17,21,exp_a1/12_sq\fg_ffff00_bg_ffffff.jpg,0.27734375
18,17,exp_a1/12_sq\fg_ff0000_bg_888888.jpg,0.27734375
19,15,exp_a1/12_sq\fg_921e3e_bg_ffffff.jpg,0.27392578125
20,0,exp_a1/12_sq\fg_000000_bg_888888.jpg,0.270263671875
21,12,exp_a1/12_sq\fg_888888_bg_ffffff.jpg,0.26953125
22,14,exp_a1/12_sq\fg_921e3e_bg_888888.jpg,0.26904296875
23,20,exp_a1/12_sq\fg_ffff00_bg_888888.jpg,0.26513671875
0,5,exp_a1/148_sq\fg_00ff00_bg_000000.jpg,0.31396484375
1,7,exp_a1/148_sq\fg_00ff00_bg_ffffff.jpg,0.307373046875
2,6,exp_a1/148_sq\fg_00ff00_bg_888888.jpg,0.294677734375
3,9,exp_a1/148_sq\fg_00ffff_bg_888888.jpg,0.29296875
4,8,exp_a1/148_sq\fg_00ffff_bg_000000.jpg,0.2880859375
5,20,exp_a1/148_sq\fg_ffff00_bg_888888.jpg,0.287353515625
6,3,exp_a1/148_sq\fg_0000ff_bg_888888.jpg,0.28271484375
7,14,exp_a1/148_sq\fg_921e3e_bg_888888.jpg,0.28173828125
8,2,exp_a1/148_sq\fg_0000ff_bg_000000.jpg,0.281494140625
9,10,exp_a1/148_sq\fg_00ffff_bg_ffffff.jpg,0.28125
10,22,exp_a1/148_sq\fg_ffffff_bg_000000.jpg,0.280517578125
11,23,exp_a1/148_sq\fg_ffffff_bg_888888.jpg,0.280029296875
12,13,exp_a1/148_sq\fg_921e3e_bg_000000.jpg,0.279541015625
13,19,exp_a1/148_sq\fg_ffff00_bg_000000.jpg,0.275390625
14,16,exp_a1/148_sq\fg_ff0000_bg_000000.jpg,0.275146484375
15,17,exp_a1/148_sq\fg_ff0000_bg_888888.jpg,0.2744140625
16,1,exp_a1/148_sq\fg_000000_bg_ffffff.jpg,0.27392578125
17,18,exp_a1/148_sq\fg_ff0000_bg_ffffff.jpg,0.27392578125
18,4,exp_a1/148_sq\fg_0000ff_bg_ffffff.jpg,0.272216796875
19,21,exp_a1/148_sq\fg_ffff00_bg_ffffff.jpg,0.268310546875
20,0,exp_a1/148_sq\fg_000000_bg_888888.jpg,0.26806640625
21,11,exp_a1/148_sq\fg_888888_bg_000000.jpg,0.26171875
22,15,exp_a1/148_sq\fg_921e3e_bg_ffffff.jpg,0.25927734375
23,12,exp_a1/148_sq\fg_888888_bg_ffffff.jpg,0.24462890625
0,5,exp_a1/200_sq\fg_00ff00_bg_000000.jpg,0.33349609375
1,7,exp_a1/200_sq\fg_00ff00_bg_ffffff.jpg,0.329345703125
2,6,exp_a1/200_sq\fg_00ff00_bg_888888.jpg,0.319580078125
3,8,exp_a1/200_sq\fg_00ffff_bg_000000.jpg,0.289306640625
4,9,exp_a1/200_sq\fg_00ffff_bg_888888.jpg,0.28662109375
5,17,exp_a1/200_sq\fg_ff0000_bg_888888.jpg,0.2861328125
6,16,exp_a1/200_sq\fg_ff0000_bg_000000.jpg,0.2861328125
7,3,exp_a1/200_sq\fg_0000ff_bg_888888.jpg,0.2841796875
8,10,exp_a1/200_sq\fg_00ffff_bg_ffffff.jpg,0.283447265625
9,0,exp_a1/200_sq\fg_000000_bg_888888.jpg,0.283203125
10,20,exp_a1/200_sq\fg_ffff00_bg_888888.jpg,0.2822265625
11,1,exp_a1/200_sq\fg_000000_bg_ffffff.jpg,0.2822265625
12,4,exp_a1/200_sq\fg_0000ff_bg_ffffff.jpg,0.28125
13,13,exp_a1/200_sq\fg_921e3e_bg_000000.jpg,0.27978515625
14,14,exp_a1/200_sq\fg_921e3e_bg_888888.jpg,0.279052734375
15,2,exp_a1/200_sq\fg_0000ff_bg_000000.jpg,0.278076171875
16,22,exp_a1/200_sq\fg_ffffff_bg_000000.jpg,0.27734375
17,21,exp_a1/200_sq\fg_ffff00_bg_ffffff.jpg,0.27490234375
18,19,exp_a1/200_sq\fg_ffff00_bg_000000.jpg,0.2744140625
19,18,exp_a1/200_sq\fg_ff0000_bg_ffffff.jpg,0.266845703125
20,23,exp_a1/200_sq\fg_ffffff_bg_888888.jpg,0.263427734375
21,15,exp_a1/200_sq\fg_921e3e_bg_ffffff.jpg,0.257568359375
22,12,exp_a1/200_sq\fg_888888_bg_ffffff.jpg,0.2362060546875
23,11,exp_a1/200_sq\fg_888888_bg_000000.jpg,0.22802734375
0,7,exp_a1/4_sq\fg_00ff00_bg_ffffff.jpg,0.298095703125
1,5,exp_a1/4_sq\fg_00ff00_bg_000000.jpg,0.28759765625
2,10,exp_a1/4_sq\fg_00ffff_bg_ffffff.jpg,0.2841796875
3,13,exp_a1/4_sq\fg_921e3e_bg_000000.jpg,0.281005859375
4,8,exp_a1/4_sq\fg_00ffff_bg_000000.jpg,0.280029296875
5,11,exp_a1/4_sq\fg_888888_bg_000000.jpg,0.27978515625
6,2,exp_a1/4_sq\fg_0000ff_bg_000000.jpg,0.279052734375
7,22,exp_a1/4_sq\fg_ffffff_bg_000000.jpg,0.2783203125
8,18,exp_a1/4_sq\fg_ff0000_bg_ffffff.jpg,0.278076171875
9,19,exp_a1/4_sq\fg_ffff00_bg_000000.jpg,0.276611328125
10,16,exp_a1/4_sq\fg_ff0000_bg_000000.jpg,0.276611328125
11,4,exp_a1/4_sq\fg_0000ff_bg_ffffff.jpg,0.26953125
12,1,exp_a1/4_sq\fg_000000_bg_ffffff.jpg,0.265869140625
13,12,exp_a1/4_sq\fg_888888_bg_ffffff.jpg,0.264892578125
14,21,exp_a1/4_sq\fg_ffff00_bg_ffffff.jpg,0.26416015625
15,6,exp_a1/4_sq\fg_00ff00_bg_888888.jpg,0.263916015625
16,9,exp_a1/4_sq\fg_00ffff_bg_888888.jpg,0.26220703125
17,15,exp_a1/4_sq\fg_921e3e_bg_ffffff.jpg,0.26171875
18,23,exp_a1/4_sq\fg_ffffff_bg_888888.jpg,0.256591796875
19,0,exp_a1/4_sq\fg_000000_bg_888888.jpg,0.25048828125
20,3,exp_a1/4_sq\fg_0000ff_bg_888888.jpg,0.248046875
21,17,exp_a1/4_sq\fg_ff0000_bg_888888.jpg,0.2464599609375
22,20,exp_a1/4_sq\fg_ffff00_bg_888888.jpg,0.244873046875
23,14,exp_a1/4_sq\fg_921e3e_bg_888888.jpg,0.24169921875
0,5,exp_a1/56_sq\fg_00ff00_bg_000000.jpg,0.318359375
1,6,exp_a1/56_sq\fg_00ff00_bg_888888.jpg,0.315673828125
2,7,exp_a1/56_sq\fg_00ff00_bg_ffffff.jpg,0.31396484375
3,10,exp_a1/56_sq\fg_00ffff_bg_ffffff.jpg,0.303955078125
4,8,exp_a1/56_sq\fg_00ffff_bg_000000.jpg,0.302490234375
5,9,exp_a1/56_sq\fg_00ffff_bg_888888.jpg,0.296630859375
6,16,exp_a1/56_sq\fg_ff0000_bg_000000.jpg,0.288818359375
7,22,exp_a1/56_sq\fg_ffffff_bg_000000.jpg,0.28076171875
8,11,exp_a1/56_sq\fg_888888_bg_000000.jpg,0.27880859375
9,19,exp_a1/56_sq\fg_ffff00_bg_000000.jpg,0.27783203125
10,13,exp_a1/56_sq\fg_921e3e_bg_000000.jpg,0.277099609375
11,2,exp_a1/56_sq\fg_0000ff_bg_000000.jpg,0.27587890625
12,23,exp_a1/56_sq\fg_ffffff_bg_888888.jpg,0.275634765625
13,18,exp_a1/56_sq\fg_ff0000_bg_ffffff.jpg,0.272705078125
14,4,exp_a1/56_sq\fg_0000ff_bg_ffffff.jpg,0.269775390625
15,3,exp_a1/56_sq\fg_0000ff_bg_888888.jpg,0.269775390625
16,20,exp_a1/56_sq\fg_ffff00_bg_888888.jpg,0.268798828125
17,14,exp_a1/56_sq\fg_921e3e_bg_888888.jpg,0.266845703125
18,12,exp_a1/56_sq\fg_888888_bg_ffffff.jpg,0.265380859375
19,1,exp_a1/56_sq\fg_000000_bg_ffffff.jpg,0.2646484375
20,21,exp_a1/56_sq\fg_ffff00_bg_ffffff.jpg,0.2626953125
21,17,exp_a1/56_sq\fg_ff0000_bg_888888.jpg,0.260498046875
22,15,exp_a1/56_sq\fg_921e3e_bg_ffffff.jpg,0.259765625
23,0,exp_a1/56_sq\fg_000000_bg_888888.jpg,0.255126953125
0,2,exp_a1/colors\bg_00ff00.jpg,0.30859375
1,0,exp_a1/colors\bg_000000.jpg,0.283447265625
2,8,exp_a1/colors\bg_ffffff.png,0.27099609375
3,1,exp_a1/colors\bg_0000ff.jpg,0.267333984375
4,6,exp_a1/colors\bg_ff0000.jpg,0.265625
5,3,exp_a1/colors\bg_00ffff.jpg,0.259033203125
6,5,exp_a1/colors\bg_921e3e.jpg,0.259033203125
7,7,exp_a1/colors\bg_ffff00.jpg,0.255859375
8,4,exp_a1/colors\bg_888888.jpg,0.2261962890625
