,Unnamed: 0,filepaths,similarity
0,1,exp_a1/112_sq\fg_000000_bg_ffffff.jpg,0.2685546875
1,22,exp_a1/112_sq\fg_ffffff_bg_000000.jpg,0.262939453125
2,10,exp_a1/112_sq\fg_00ffff_bg_ffffff.jpg,0.260986328125
3,18,exp_a1/112_sq\fg_ff0000_bg_ffffff.jpg,0.259521484375
4,20,exp_a1/112_sq\fg_ffff00_bg_888888.jpg,0.25732421875
5,23,exp_a1/112_sq\fg_ffffff_bg_888888.jpg,0.256103515625
6,4,exp_a1/112_sq\fg_0000ff_bg_ffffff.jpg,0.252197265625
7,3,exp_a1/112_sq\fg_0000ff_bg_888888.jpg,0.251220703125
8,7,exp_a1/112_sq\fg_00ff00_bg_ffffff.jpg,0.250244140625
9,13,exp_a1/112_sq\fg_921e3e_bg_000000.jpg,0.2496337890625
10,21,exp_a1/112_sq\fg_ffff00_bg_ffffff.jpg,0.24951171875
11,15,exp_a1/112_sq\fg_921e3e_bg_ffffff.jpg,0.2476806640625
12,14,exp_a1/112_sq\fg_921e3e_bg_888888.jpg,0.2467041015625
13,11,exp_a1/112_sq\fg_888888_bg_000000.jpg,0.245849609375
14,17,exp_a1/112_sq\fg_ff0000_bg_888888.jpg,0.2457275390625
15,8,exp_a1/112_sq\fg_00ffff_bg_000000.jpg,0.2452392578125
16,9,exp_a1/112_sq\fg_00ffff_bg_888888.jpg,0.2452392578125
17,2,exp_a1/112_sq\fg_0000ff_bg_000000.jpg,0.24462890625
18,6,exp_a1/112_sq\fg_00ff00_bg_888888.jpg,0.2431640625
19,0,exp_a1/112_sq\fg_000000_bg_888888.jpg,0.24267578125
20,16,exp_a1/112_sq\fg_ff0000_bg_000000.jpg,0.24169921875
21,19,exp_a1/112_sq\fg_ffff00_bg_000000.jpg,0.24072265625
22,12,exp_a1/112_sq\fg_888888_bg_ffffff.jpg,0.2344970703125
23,5,exp_a1/112_sq\fg_00ff00_bg_000000.jpg,0.22998046875
0,22,exp_a1/12_sq\fg_ffffff_bg_000000.jpg,0.27685546875
1,11,exp_a1/12_sq\fg_888888_bg_000000.jpg,0.2763671875
2,13,exp_a1/12_sq\fg_921e3e_bg_000000.jpg,0.271728515625
3,1,exp_a1/12_sq\fg_000000_bg_ffffff.jpg,0.267822265625
4,8,exp_a1/12_sq\fg_00ffff_bg_000000.jpg,0.264892578125
5,2,exp_a1/12_sq\fg_0000ff_bg_000000.jpg,0.261962890625
6,12,exp_a1/12_sq\fg_888888_bg_ffffff.jpg,0.26171875
7,16,exp_a1/12_sq\fg_ff0000_bg_000000.jpg,0.25830078125
8,5,exp_a1/12_sq\fg_00ff00_bg_000000.jpg,0.258056640625
9,18,exp_a1/12_sq\fg_ff0000_bg_ffffff.jpg,0.256591796875
10,15,exp_a1/12_sq\fg_921e3e_bg_ffffff.jpg,0.25634765625
11,10,exp_a1/12_sq\fg_00ffff_bg_ffffff.jpg,0.255615234375
12,19,exp_a1/12_sq\fg_ffff00_bg_000000.jpg,0.25439453125
13,23,exp_a1/12_sq\fg_ffffff_bg_888888.jpg,0.2493896484375
14,17,exp_a1/12_sq\fg_ff0000_bg_888888.jpg,0.2491455078125
15,9,exp_a1/12_sq\fg_00ffff_bg_888888.jpg,0.248291015625
16,0,exp_a1/12_sq\fg_000000_bg_888888.jpg,0.2469482421875
17,14,exp_a1/12_sq\fg_921e3e_bg_888888.jpg,0.24609375
18,4,exp_a1/12_sq\fg_0000ff_bg_ffffff.jpg,0.24609375
19,7,exp_a1/12_sq\fg_00ff00_bg_ffffff.jpg,0.2454833984375
20,21,exp_a1/12_sq\fg_ffff00_bg_ffffff.jpg,0.2431640625
21,3,exp_a1/12_sq\fg_0000ff_bg_888888.jpg,0.2418212890625
22,20,exp_a1/12_sq\fg_ffff00_bg_888888.jpg,0.2359619140625
23,6,exp_a1/12_sq\fg_00ff00_bg_888888.jpg,0.23291015625
0,22,exp_a1/148_sq\fg_ffffff_bg_000000.jpg,0.26513671875
1,1,exp_a1/148_sq\fg_000000_bg_ffffff.jpg,0.261474609375
2,18,exp_a1/148_sq\fg_ff0000_bg_ffffff.jpg,0.253173828125
3,10,exp_a1/148_sq\fg_00ffff_bg_ffffff.jpg,0.2529296875
4,11,exp_a1/148_sq\fg_888888_bg_000000.jpg,0.251220703125
5,15,exp_a1/148_sq\fg_921e3e_bg_ffffff.jpg,0.2509765625
6,7,exp_a1/148_sq\fg_00ff00_bg_ffffff.jpg,0.25
7,0,exp_a1/148_sq\fg_000000_bg_888888.jpg,0.24951171875
8,4,exp_a1/148_sq\fg_0000ff_bg_ffffff.jpg,0.248779296875
9,13,exp_a1/148_sq\fg_921e3e_bg_000000.jpg,0.247802734375
10,21,exp_a1/148_sq\fg_ffff00_bg_ffffff.jpg,0.247314453125
11,12,exp_a1/148_sq\fg_888888_bg_ffffff.jpg,0.247314453125
12,16,exp_a1/148_sq\fg_ff0000_bg_000000.jpg,0.2452392578125
13,23,exp_a1/148_sq\fg_ffffff_bg_888888.jpg,0.2437744140625
14,8,exp_a1/148_sq\fg_00ffff_bg_000000.jpg,0.2425537109375
15,19,exp_a1/148_sq\fg_ffff00_bg_000000.jpg,0.2379150390625
16,2,exp_a1/148_sq\fg_0000ff_bg_000000.jpg,0.23779296875
17,5,exp_a1/148_sq\fg_00ff00_bg_000000.jpg,0.23291015625
18,20,exp_a1/148_sq\fg_ffff00_bg_888888.jpg,0.2301025390625
19,3,exp_a1/148_sq\fg_0000ff_bg_888888.jpg,0.2293701171875
20,9,exp_a1/148_sq\fg_00ffff_bg_888888.jpg,0.228515625
21,14,exp_a1/148_sq\fg_921e3e_bg_888888.jpg,0.225830078125
22,17,exp_a1/148_sq\fg_ff0000_bg_888888.jpg,0.2254638671875
23,6,exp_a1/148_sq\fg_00ff00_bg_888888.jpg,0.189697265625
0,1,exp_a1/200_sq\fg_000000_bg_ffffff.jpg,0.2666015625
1,10,exp_a1/200_sq\fg_00ffff_bg_ffffff.jpg,0.265869140625
2,0,exp_a1/200_sq\fg_000000_bg_888888.jpg,0.263671875
3,23,exp_a1/200_sq\fg_ffffff_bg_888888.jpg,0.25634765625
4,8,exp_a1/200_sq\fg_00ffff_bg_000000.jpg,0.256103515625
5,22,exp_a1/200_sq\fg_ffffff_bg_000000.jpg,0.2548828125
6,4,exp_a1/200_sq\fg_0000ff_bg_ffffff.jpg,0.25439453125
7,9,exp_a1/200_sq\fg_00ffff_bg_888888.jpg,0.25439453125
8,3,exp_a1/200_sq\fg_0000ff_bg_888888.jpg,0.252197265625
9,18,exp_a1/200_sq\fg_ff0000_bg_ffffff.jpg,0.250732421875
10,21,exp_a1/200_sq\fg_ffff00_bg_ffffff.jpg,0.24951171875
11,5,exp_a1/200_sq\fg_00ff00_bg_000000.jpg,0.24951171875
12,15,exp_a1/200_sq\fg_921e3e_bg_ffffff.jpg,0.2486572265625
13,2,exp_a1/200_sq\fg_0000ff_bg_000000.jpg,0.248291015625
14,16,exp_a1/200_sq\fg_ff0000_bg_000000.jpg,0.248291015625
15,7,exp_a1/200_sq\fg_00ff00_bg_ffffff.jpg,0.247802734375
16,19,exp_a1/200_sq\fg_ffff00_bg_000000.jpg,0.247802734375
17,13,exp_a1/200_sq\fg_921e3e_bg_000000.jpg,0.2474365234375
18,17,exp_a1/200_sq\fg_ff0000_bg_888888.jpg,0.2471923828125
19,6,exp_a1/200_sq\fg_00ff00_bg_888888.jpg,0.24609375
20,14,exp_a1/200_sq\fg_921e3e_bg_888888.jpg,0.2418212890625
21,20,exp_a1/200_sq\fg_ffff00_bg_888888.jpg,0.2410888671875
22,12,exp_a1/200_sq\fg_888888_bg_ffffff.jpg,0.2177734375
23,11,exp_a1/200_sq\fg_888888_bg_000000.jpg,0.2008056640625
0,8,exp_a1/4_sq\fg_00ffff_bg_000000.jpg,0.278564453125
1,11,exp_a1/4_sq\fg_888888_bg_000000.jpg,0.27783203125
2,2,exp_a1/4_sq\fg_0000ff_bg_000000.jpg,0.27783203125
3,16,exp_a1/4_sq\fg_ff0000_bg_000000.jpg,0.27734375
4,13,exp_a1/4_sq\fg_921e3e_bg_000000.jpg,0.27734375
5,22,exp_a1/4_sq\fg_ffffff_bg_000000.jpg,0.277099609375
6,5,exp_a1/4_sq\fg_00ff00_bg_000000.jpg,0.275390625
7,19,exp_a1/4_sq\fg_ffff00_bg_000000.jpg,0.273681640625
8,1,exp_a1/4_sq\fg_000000_bg_ffffff.jpg,0.26953125
9,0,exp_a1/4_sq\fg_000000_bg_888888.jpg,0.26318359375
10,18,exp_a1/4_sq\fg_ff0000_bg_ffffff.jpg,0.260009765625
11,12,exp_a1/4_sq\fg_888888_bg_ffffff.jpg,0.2587890625
12,23,exp_a1/4_sq\fg_ffffff_bg_888888.jpg,0.2568359375
13,10,exp_a1/4_sq\fg_00ffff_bg_ffffff.jpg,0.2548828125
14,15,exp_a1/4_sq\fg_921e3e_bg_ffffff.jpg,0.253173828125
15,7,exp_a1/4_sq\fg_00ff00_bg_ffffff.jpg,0.251220703125
16,4,exp_a1/4_sq\fg_0000ff_bg_ffffff.jpg,0.25048828125
17,9,exp_a1/4_sq\fg_00ffff_bg_888888.jpg,0.248779296875
18,21,exp_a1/4_sq\fg_ffff00_bg_ffffff.jpg,0.2484130859375
19,3,exp_a1/4_sq\fg_0000ff_bg_888888.jpg,0.2467041015625
20,14,exp_a1/4_sq\fg_921e3e_bg_888888.jpg,0.245361328125
21,6,exp_a1/4_sq\fg_00ff00_bg_888888.jpg,0.235107421875
22,20,exp_a1/4_sq\fg_ffff00_bg_888888.jpg,0.232421875
23,17,exp_a1/4_sq\fg_ff0000_bg_888888.jpg,0.2288818359375
0,22,exp_a1/56_sq\fg_ffffff_bg_000000.jpg,0.272705078125
1,11,exp_a1/56_sq\fg_888888_bg_000000.jpg,0.2705078125
2,1,exp_a1/56_sq\fg_000000_bg_ffffff.jpg,0.267822265625
3,12,exp_a1/56_sq\fg_888888_bg_ffffff.jpg,0.26171875
4,4,exp_a1/56_sq\fg_0000ff_bg_ffffff.jpg,0.260986328125
5,10,exp_a1/56_sq\fg_00ffff_bg_ffffff.jpg,0.259521484375
6,8,exp_a1/56_sq\fg_00ffff_bg_000000.jpg,0.25634765625
7,18,exp_a1/56_sq\fg_ff0000_bg_ffffff.jpg,0.256103515625
8,13,exp_a1/56_sq\fg_921e3e_bg_000000.jpg,0.255859375
9,2,exp_a1/56_sq\fg_0000ff_bg_000000.jpg,0.254638671875
10,7,exp_a1/56_sq\fg_00ff00_bg_ffffff.jpg,0.254150390625
11,16,exp_a1/56_sq\fg_ff0000_bg_000000.jpg,0.251220703125
12,23,exp_a1/56_sq\fg_ffffff_bg_888888.jpg,0.2493896484375
13,20,exp_a1/56_sq\fg_ffff00_bg_888888.jpg,0.249267578125
14,21,exp_a1/56_sq\fg_ffff00_bg_ffffff.jpg,0.248779296875
15,3,exp_a1/56_sq\fg_0000ff_bg_888888.jpg,0.247314453125
16,15,exp_a1/56_sq\fg_921e3e_bg_ffffff.jpg,0.246826171875
17,5,exp_a1/56_sq\fg_00ff00_bg_000000.jpg,0.2464599609375
18,17,exp_a1/56_sq\fg_ff0000_bg_888888.jpg,0.2459716796875
19,19,exp_a1/56_sq\fg_ffff00_bg_000000.jpg,0.245849609375
20,0,exp_a1/56_sq\fg_000000_bg_888888.jpg,0.244140625
21,14,exp_a1/56_sq\fg_921e3e_bg_888888.jpg,0.2415771484375
22,9,exp_a1/56_sq\fg_00ffff_bg_888888.jpg,0.2384033203125
23,6,exp_a1/56_sq\fg_00ff00_bg_888888.jpg,0.23583984375
0,0,exp_a1/colors\bg_000000.jpg,0.2763671875
1,8,exp_a1/colors\bg_ffffff.png,0.26220703125
2,1,exp_a1/colors\bg_0000ff.jpg,0.255126953125
3,5,exp_a1/colors\bg_921e3e.jpg,0.2529296875
4,3,exp_a1/colors\bg_00ffff.jpg,0.251220703125
5,6,exp_a1/colors\bg_ff0000.jpg,0.245849609375
6,7,exp_a1/colors\bg_ffff00.jpg,0.240478515625
7,2,exp_a1/colors\bg_00ff00.jpg,0.2398681640625
8,4,exp_a1/colors\bg_888888.jpg,0.2176513671875
