,Unnamed: 0,filepaths,similarity
0,6,exp_a1/112_sq\fg_00ff00_bg_888888.jpg,0.35888671875
1,10,exp_a1/112_sq\fg_00ffff_bg_ffffff.jpg,0.329345703125
2,14,exp_a1/112_sq\fg_921e3e_bg_888888.jpg,0.32568359375
3,21,exp_a1/112_sq\fg_ffff00_bg_ffffff.jpg,0.31640625
4,9,exp_a1/112_sq\fg_00ffff_bg_888888.jpg,0.312744140625
5,1,exp_a1/112_sq\fg_000000_bg_ffffff.jpg,0.302734375
6,7,exp_a1/112_sq\fg_00ff00_bg_ffffff.jpg,0.29833984375
7,12,exp_a1/112_sq\fg_888888_bg_ffffff.jpg,0.292236328125
8,4,exp_a1/112_sq\fg_0000ff_bg_ffffff.jpg,0.288330078125
9,18,exp_a1/112_sq\fg_ff0000_bg_ffffff.jpg,0.284912109375
10,5,exp_a1/112_sq\fg_00ff00_bg_000000.jpg,0.27587890625
11,13,exp_a1/112_sq\fg_921e3e_bg_000000.jpg,0.27099609375
12,3,exp_a1/112_sq\fg_0000ff_bg_888888.jpg,0.2705078125
13,11,exp_a1/112_sq\fg_888888_bg_000000.jpg,0.269287109375
14,15,exp_a1/112_sq\fg_921e3e_bg_ffffff.jpg,0.268310546875
15,8,exp_a1/112_sq\fg_00ffff_bg_000000.jpg,0.249755859375
16,2,exp_a1/112_sq\fg_0000ff_bg_000000.jpg,0.23291015625
17,16,exp_a1/112_sq\fg_ff0000_bg_000000.jpg,0.2327880859375
18,22,exp_a1/112_sq\fg_ffffff_bg_000000.jpg,0.23193359375
19,19,exp_a1/112_sq\fg_ffff00_bg_000000.jpg,0.22314453125
20,23,exp_a1/112_sq\fg_ffffff_bg_888888.jpg,0.20849609375
21,17,exp_a1/112_sq\fg_ff0000_bg_888888.jpg,0.2052001953125
22,0,exp_a1/112_sq\fg_000000_bg_888888.jpg,0.197509765625
23,20,exp_a1/112_sq\fg_ffff00_bg_888888.jpg,0.192626953125
0,23,exp_a1/12_sq\fg_ffffff_bg_888888.jpg,0.402099609375
1,14,exp_a1/12_sq\fg_921e3e_bg_888888.jpg,0.3984375
2,3,exp_a1/12_sq\fg_0000ff_bg_888888.jpg,0.396240234375
3,0,exp_a1/12_sq\fg_000000_bg_888888.jpg,0.39306640625
4,6,exp_a1/12_sq\fg_00ff00_bg_888888.jpg,0.387939453125
5,17,exp_a1/12_sq\fg_ff0000_bg_888888.jpg,0.3876953125
6,9,exp_a1/12_sq\fg_00ffff_bg_888888.jpg,0.386474609375
7,20,exp_a1/12_sq\fg_ffff00_bg_888888.jpg,0.385498046875
8,12,exp_a1/12_sq\fg_888888_bg_ffffff.jpg,0.2998046875
9,15,exp_a1/12_sq\fg_921e3e_bg_ffffff.jpg,0.298583984375
10,4,exp_a1/12_sq\fg_0000ff_bg_ffffff.jpg,0.296142578125
11,1,exp_a1/12_sq\fg_000000_bg_ffffff.jpg,0.294189453125
12,18,exp_a1/12_sq\fg_ff0000_bg_ffffff.jpg,0.293212890625
13,7,exp_a1/12_sq\fg_00ff00_bg_ffffff.jpg,0.293212890625
14,10,exp_a1/12_sq\fg_00ffff_bg_ffffff.jpg,0.29296875
15,21,exp_a1/12_sq\fg_ffff00_bg_ffffff.jpg,0.29296875
16,22,exp_a1/12_sq\fg_ffffff_bg_000000.jpg,0.1943359375
17,16,exp_a1/12_sq\fg_ff0000_bg_000000.jpg,0.19384765625
18,11,exp_a1/12_sq\fg_888888_bg_000000.jpg,0.1934814453125
19,8,exp_a1/12_sq\fg_00ffff_bg_000000.jpg,0.1923828125
20,19,exp_a1/12_sq\fg_ffff00_bg_000000.jpg,0.192138671875
21,5,exp_a1/12_sq\fg_00ff00_bg_000000.jpg,0.19189453125
22,13,exp_a1/12_sq\fg_921e3e_bg_000000.jpg,0.1910400390625
23,2,exp_a1/12_sq\fg_0000ff_bg_000000.jpg,0.1904296875
0,10,exp_a1/148_sq\fg_00ffff_bg_ffffff.jpg,0.33642578125
1,21,exp_a1/148_sq\fg_ffff00_bg_ffffff.jpg,0.331787109375
2,1,exp_a1/148_sq\fg_000000_bg_ffffff.jpg,0.301513671875
3,6,exp_a1/148_sq\fg_00ff00_bg_888888.jpg,0.30029296875
4,7,exp_a1/148_sq\fg_00ff00_bg_ffffff.jpg,0.299560546875
5,5,exp_a1/148_sq\fg_00ff00_bg_000000.jpg,0.2861328125
6,18,exp_a1/148_sq\fg_ff0000_bg_ffffff.jpg,0.283203125
7,4,exp_a1/148_sq\fg_0000ff_bg_ffffff.jpg,0.28076171875
8,13,exp_a1/148_sq\fg_921e3e_bg_000000.jpg,0.2646484375
9,12,exp_a1/148_sq\fg_888888_bg_ffffff.jpg,0.263916015625
10,2,exp_a1/148_sq\fg_0000ff_bg_000000.jpg,0.25634765625
11,11,exp_a1/148_sq\fg_888888_bg_000000.jpg,0.234619140625
12,8,exp_a1/148_sq\fg_00ffff_bg_000000.jpg,0.2315673828125
13,19,exp_a1/148_sq\fg_ffff00_bg_000000.jpg,0.2269287109375
14,15,exp_a1/148_sq\fg_921e3e_bg_ffffff.jpg,0.21435546875
15,9,exp_a1/148_sq\fg_00ffff_bg_888888.jpg,0.1876220703125
16,22,exp_a1/148_sq\fg_ffffff_bg_000000.jpg,0.177978515625
17,14,exp_a1/148_sq\fg_921e3e_bg_888888.jpg,0.1734619140625
18,17,exp_a1/148_sq\fg_ff0000_bg_888888.jpg,0.1722412109375
19,20,exp_a1/148_sq\fg_ffff00_bg_888888.jpg,0.16943359375
20,23,exp_a1/148_sq\fg_ffffff_bg_888888.jpg,0.1654052734375
21,3,exp_a1/148_sq\fg_0000ff_bg_888888.jpg,0.1630859375
22,16,exp_a1/148_sq\fg_ff0000_bg_000000.jpg,0.156982421875
23,0,exp_a1/148_sq\fg_000000_bg_888888.jpg,0.1407470703125
0,5,exp_a1/200_sq\fg_00ff00_bg_000000.jpg,0.31884765625
1,19,exp_a1/200_sq\fg_ffff00_bg_000000.jpg,0.305908203125
2,18,exp_a1/200_sq\fg_ff0000_bg_ffffff.jpg,0.291015625
3,8,exp_a1/200_sq\fg_00ffff_bg_000000.jpg,0.28369140625
4,11,exp_a1/200_sq\fg_888888_bg_000000.jpg,0.278076171875
5,10,exp_a1/200_sq\fg_00ffff_bg_ffffff.jpg,0.26806640625
6,13,exp_a1/200_sq\fg_921e3e_bg_000000.jpg,0.257080078125
7,21,exp_a1/200_sq\fg_ffff00_bg_ffffff.jpg,0.2484130859375
8,2,exp_a1/200_sq\fg_0000ff_bg_000000.jpg,0.24609375
9,22,exp_a1/200_sq\fg_ffffff_bg_000000.jpg,0.2421875
10,16,exp_a1/200_sq\fg_ff0000_bg_000000.jpg,0.2313232421875
11,7,exp_a1/200_sq\fg_00ff00_bg_ffffff.jpg,0.226318359375
12,0,exp_a1/200_sq\fg_000000_bg_888888.jpg,0.218994140625
13,6,exp_a1/200_sq\fg_00ff00_bg_888888.jpg,0.2093505859375
14,20,exp_a1/200_sq\fg_ffff00_bg_888888.jpg,0.197265625
15,3,exp_a1/200_sq\fg_0000ff_bg_888888.jpg,0.1822509765625
16,14,exp_a1/200_sq\fg_921e3e_bg_888888.jpg,0.180419921875
17,17,exp_a1/200_sq\fg_ff0000_bg_888888.jpg,0.177734375
18,23,exp_a1/200_sq\fg_ffffff_bg_888888.jpg,0.1728515625
19,1,exp_a1/200_sq\fg_000000_bg_ffffff.jpg,0.1671142578125
20,9,exp_a1/200_sq\fg_00ffff_bg_888888.jpg,0.1494140625
21,4,exp_a1/200_sq\fg_0000ff_bg_ffffff.jpg,0.1475830078125
22,15,exp_a1/200_sq\fg_921e3e_bg_ffffff.jpg,0.119140625
23,12,exp_a1/200_sq\fg_888888_bg_ffffff.jpg,0.029388427734375
0,0,exp_a1/4_sq\fg_000000_bg_888888.jpg,0.410888671875
1,9,exp_a1/4_sq\fg_00ffff_bg_888888.jpg,0.40869140625
2,3,exp_a1/4_sq\fg_0000ff_bg_888888.jpg,0.408203125
3,14,exp_a1/4_sq\fg_921e3e_bg_888888.jpg,0.40625
4,17,exp_a1/4_sq\fg_ff0000_bg_888888.jpg,0.404541015625
5,20,exp_a1/4_sq\fg_ffff00_bg_888888.jpg,0.403564453125
6,6,exp_a1/4_sq\fg_00ff00_bg_888888.jpg,0.40283203125
7,23,exp_a1/4_sq\fg_ffffff_bg_888888.jpg,0.398681640625
8,10,exp_a1/4_sq\fg_00ffff_bg_ffffff.jpg,0.293212890625
9,7,exp_a1/4_sq\fg_00ff00_bg_ffffff.jpg,0.292724609375
10,1,exp_a1/4_sq\fg_000000_bg_ffffff.jpg,0.292724609375
11,15,exp_a1/4_sq\fg_921e3e_bg_ffffff.jpg,0.292724609375
12,4,exp_a1/4_sq\fg_0000ff_bg_ffffff.jpg,0.292724609375
13,18,exp_a1/4_sq\fg_ff0000_bg_ffffff.jpg,0.292724609375
14,12,exp_a1/4_sq\fg_888888_bg_ffffff.jpg,0.292724609375
15,21,exp_a1/4_sq\fg_ffff00_bg_ffffff.jpg,0.29248046875
16,22,exp_a1/4_sq\fg_ffffff_bg_000000.jpg,0.19091796875
17,5,exp_a1/4_sq\fg_00ff00_bg_000000.jpg,0.190673828125
18,13,exp_a1/4_sq\fg_921e3e_bg_000000.jpg,0.1905517578125
19,8,exp_a1/4_sq\fg_00ffff_bg_000000.jpg,0.1904296875
20,11,exp_a1/4_sq\fg_888888_bg_000000.jpg,0.1904296875
21,19,exp_a1/4_sq\fg_ffff00_bg_000000.jpg,0.1904296875
22,2,exp_a1/4_sq\fg_0000ff_bg_000000.jpg,0.1904296875
23,16,exp_a1/4_sq\fg_ff0000_bg_000000.jpg,0.1903076171875
0,6,exp_a1/56_sq\fg_00ff00_bg_888888.jpg,0.4072265625
1,14,exp_a1/56_sq\fg_921e3e_bg_888888.jpg,0.399169921875
2,3,exp_a1/56_sq\fg_0000ff_bg_888888.jpg,0.3828125
3,9,exp_a1/56_sq\fg_00ffff_bg_888888.jpg,0.381591796875
4,0,exp_a1/56_sq\fg_000000_bg_888888.jpg,0.379150390625
5,20,exp_a1/56_sq\fg_ffff00_bg_888888.jpg,0.351318359375
6,21,exp_a1/56_sq\fg_ffff00_bg_ffffff.jpg,0.328857421875
7,1,exp_a1/56_sq\fg_000000_bg_ffffff.jpg,0.32177734375
8,10,exp_a1/56_sq\fg_00ffff_bg_ffffff.jpg,0.314453125
9,4,exp_a1/56_sq\fg_0000ff_bg_ffffff.jpg,0.309326171875
10,7,exp_a1/56_sq\fg_00ff00_bg_ffffff.jpg,0.3046875
11,12,exp_a1/56_sq\fg_888888_bg_ffffff.jpg,0.2998046875
12,17,exp_a1/56_sq\fg_ff0000_bg_888888.jpg,0.293701171875
13,15,exp_a1/56_sq\fg_921e3e_bg_ffffff.jpg,0.291015625
14,18,exp_a1/56_sq\fg_ff0000_bg_ffffff.jpg,0.284912109375
15,13,exp_a1/56_sq\fg_921e3e_bg_000000.jpg,0.260498046875
16,11,exp_a1/56_sq\fg_888888_bg_000000.jpg,0.2548828125
17,23,exp_a1/56_sq\fg_ffffff_bg_888888.jpg,0.2471923828125
18,22,exp_a1/56_sq\fg_ffffff_bg_000000.jpg,0.221435546875
19,16,exp_a1/56_sq\fg_ff0000_bg_000000.jpg,0.220458984375
20,19,exp_a1/56_sq\fg_ffff00_bg_000000.jpg,0.21435546875
21,8,exp_a1/56_sq\fg_00ffff_bg_000000.jpg,0.208740234375
22,5,exp_a1/56_sq\fg_00ff00_bg_000000.jpg,0.2039794921875
23,2,exp_a1/56_sq\fg_0000ff_bg_000000.jpg,0.203369140625
0,4,exp_a1/colors\bg_888888.jpg,0.40185546875
1,8,exp_a1/colors\bg_ffffff.png,0.29296875
2,7,exp_a1/colors\bg_ffff00.jpg,0.288330078125
3,6,exp_a1/colors\bg_ff0000.jpg,0.251220703125
4,2,exp_a1/colors\bg_00ff00.jpg,0.2464599609375
5,5,exp_a1/colors\bg_921e3e.jpg,0.2440185546875
6,3,exp_a1/colors\bg_00ffff.jpg,0.2342529296875
7,1,exp_a1/colors\bg_0000ff.jpg,0.232421875
8,0,exp_a1/colors\bg_000000.jpg,0.1905517578125
