,Unnamed: 0,filepaths,similarity
0,3,exp_a1/112_sq\fg_0000ff_bg_888888.jpg,0.2744140625
1,20,exp_a1/112_sq\fg_ffff00_bg_888888.jpg,0.270751953125
2,1,exp_a1/112_sq\fg_000000_bg_ffffff.jpg,0.270751953125
3,4,exp_a1/112_sq\fg_0000ff_bg_ffffff.jpg,0.270263671875
4,21,exp_a1/112_sq\fg_ffff00_bg_ffffff.jpg,0.27001953125
5,10,exp_a1/112_sq\fg_00ffff_bg_ffffff.jpg,0.265380859375
6,18,exp_a1/112_sq\fg_ff0000_bg_ffffff.jpg,0.264892578125
7,7,exp_a1/112_sq\fg_00ff00_bg_ffffff.jpg,0.262451171875
8,15,exp_a1/112_sq\fg_921e3e_bg_ffffff.jpg,0.26171875
9,23,exp_a1/112_sq\fg_ffffff_bg_888888.jpg,0.256591796875
10,9,exp_a1/112_sq\fg_00ffff_bg_888888.jpg,0.25634765625
11,22,exp_a1/112_sq\fg_ffffff_bg_000000.jpg,0.25634765625
12,14,exp_a1/112_sq\fg_921e3e_bg_888888.jpg,0.255859375
13,13,exp_a1/112_sq\fg_921e3e_bg_000000.jpg,0.255615234375
14,2,exp_a1/112_sq\fg_0000ff_bg_000000.jpg,0.252685546875
15,17,exp_a1/112_sq\fg_ff0000_bg_888888.jpg,0.252197265625
16,19,exp_a1/112_sq\fg_ffff00_bg_000000.jpg,0.24853515625
17,16,exp_a1/112_sq\fg_ff0000_bg_000000.jpg,0.24755859375
18,8,exp_a1/112_sq\fg_00ffff_bg_000000.jpg,0.2462158203125
19,6,exp_a1/112_sq\fg_00ff00_bg_888888.jpg,0.2432861328125
20,5,exp_a1/112_sq\fg_00ff00_bg_000000.jpg,0.240478515625
21,0,exp_a1/112_sq\fg_000000_bg_888888.jpg,0.2396240234375
22,11,exp_a1/112_sq\fg_888888_bg_000000.jpg,0.22998046875
23,12,exp_a1/112_sq\fg_888888_bg_ffffff.jpg,0.2259521484375
0,10,exp_a1/12_sq\fg_00ffff_bg_ffffff.jpg,0.267333984375
1,22,exp_a1/12_sq\fg_ffffff_bg_000000.jpg,0.265380859375
2,8,exp_a1/12_sq\fg_00ffff_bg_000000.jpg,0.264892578125
3,2,exp_a1/12_sq\fg_0000ff_bg_000000.jpg,0.262451171875
4,9,exp_a1/12_sq\fg_00ffff_bg_888888.jpg,0.261962890625
5,18,exp_a1/12_sq\fg_ff0000_bg_ffffff.jpg,0.26171875
6,15,exp_a1/12_sq\fg_921e3e_bg_ffffff.jpg,0.26171875
7,14,exp_a1/12_sq\fg_921e3e_bg_888888.jpg,0.261474609375
8,1,exp_a1/12_sq\fg_000000_bg_ffffff.jpg,0.260498046875
9,5,exp_a1/12_sq\fg_00ff00_bg_000000.jpg,0.26025390625
10,11,exp_a1/12_sq\fg_888888_bg_000000.jpg,0.259765625
11,13,exp_a1/12_sq\fg_921e3e_bg_000000.jpg,0.259521484375
12,12,exp_a1/12_sq\fg_888888_bg_ffffff.jpg,0.2568359375
13,0,exp_a1/12_sq\fg_000000_bg_888888.jpg,0.25634765625
14,3,exp_a1/12_sq\fg_0000ff_bg_888888.jpg,0.25634765625
15,17,exp_a1/12_sq\fg_ff0000_bg_888888.jpg,0.255859375
16,4,exp_a1/12_sq\fg_0000ff_bg_ffffff.jpg,0.255859375
17,16,exp_a1/12_sq\fg_ff0000_bg_000000.jpg,0.255126953125
18,21,exp_a1/12_sq\fg_ffff00_bg_ffffff.jpg,0.254150390625
19,7,exp_a1/12_sq\fg_00ff00_bg_ffffff.jpg,0.253662109375
20,19,exp_a1/12_sq\fg_ffff00_bg_000000.jpg,0.253662109375
21,23,exp_a1/12_sq\fg_ffffff_bg_888888.jpg,0.251953125
22,20,exp_a1/12_sq\fg_ffff00_bg_888888.jpg,0.248779296875
23,6,exp_a1/12_sq\fg_00ff00_bg_888888.jpg,0.240234375
0,4,exp_a1/148_sq\fg_0000ff_bg_ffffff.jpg,0.2666015625
1,18,exp_a1/148_sq\fg_ff0000_bg_ffffff.jpg,0.2646484375
2,1,exp_a1/148_sq\fg_000000_bg_ffffff.jpg,0.263916015625
3,10,exp_a1/148_sq\fg_00ffff_bg_ffffff.jpg,0.26171875
4,3,exp_a1/148_sq\fg_0000ff_bg_888888.jpg,0.261474609375
5,21,exp_a1/148_sq\fg_ffff00_bg_ffffff.jpg,0.26123046875
6,7,exp_a1/148_sq\fg_00ff00_bg_ffffff.jpg,0.260009765625
7,15,exp_a1/148_sq\fg_921e3e_bg_ffffff.jpg,0.258056640625
8,22,exp_a1/148_sq\fg_ffffff_bg_000000.jpg,0.257080078125
9,13,exp_a1/148_sq\fg_921e3e_bg_000000.jpg,0.25634765625
10,2,exp_a1/148_sq\fg_0000ff_bg_000000.jpg,0.253173828125
11,20,exp_a1/148_sq\fg_ffff00_bg_888888.jpg,0.250732421875
12,19,exp_a1/148_sq\fg_ffff00_bg_000000.jpg,0.2496337890625
13,0,exp_a1/148_sq\fg_000000_bg_888888.jpg,0.2493896484375
14,9,exp_a1/148_sq\fg_00ffff_bg_888888.jpg,0.2493896484375
15,16,exp_a1/148_sq\fg_ff0000_bg_000000.jpg,0.247314453125
16,14,exp_a1/148_sq\fg_921e3e_bg_888888.jpg,0.2464599609375
17,23,exp_a1/148_sq\fg_ffffff_bg_888888.jpg,0.2432861328125
18,8,exp_a1/148_sq\fg_00ffff_bg_000000.jpg,0.2408447265625
19,17,exp_a1/148_sq\fg_ff0000_bg_888888.jpg,0.239501953125
20,11,exp_a1/148_sq\fg_888888_bg_000000.jpg,0.236083984375
21,5,exp_a1/148_sq\fg_00ff00_bg_000000.jpg,0.2318115234375
22,12,exp_a1/148_sq\fg_888888_bg_ffffff.jpg,0.2281494140625
23,6,exp_a1/148_sq\fg_00ff00_bg_888888.jpg,0.2061767578125
0,3,exp_a1/200_sq\fg_0000ff_bg_888888.jpg,0.2685546875
1,10,exp_a1/200_sq\fg_00ffff_bg_ffffff.jpg,0.265869140625
2,9,exp_a1/200_sq\fg_00ffff_bg_888888.jpg,0.26318359375
3,8,exp_a1/200_sq\fg_00ffff_bg_000000.jpg,0.26123046875
4,22,exp_a1/200_sq\fg_ffffff_bg_000000.jpg,0.25927734375
5,21,exp_a1/200_sq\fg_ffff00_bg_ffffff.jpg,0.25927734375
6,4,exp_a1/200_sq\fg_0000ff_bg_ffffff.jpg,0.259033203125
7,1,exp_a1/200_sq\fg_000000_bg_ffffff.jpg,0.258056640625
8,0,exp_a1/200_sq\fg_000000_bg_888888.jpg,0.258056640625
9,20,exp_a1/200_sq\fg_ffff00_bg_888888.jpg,0.2568359375
10,6,exp_a1/200_sq\fg_00ff00_bg_888888.jpg,0.25390625
11,15,exp_a1/200_sq\fg_921e3e_bg_ffffff.jpg,0.25390625
12,5,exp_a1/200_sq\fg_00ff00_bg_000000.jpg,0.253173828125
13,18,exp_a1/200_sq\fg_ff0000_bg_ffffff.jpg,0.2529296875
14,7,exp_a1/200_sq\fg_00ff00_bg_ffffff.jpg,0.252685546875
15,19,exp_a1/200_sq\fg_ffff00_bg_000000.jpg,0.252685546875
16,14,exp_a1/200_sq\fg_921e3e_bg_888888.jpg,0.252197265625
17,13,exp_a1/200_sq\fg_921e3e_bg_000000.jpg,0.251220703125
18,2,exp_a1/200_sq\fg_0000ff_bg_000000.jpg,0.25048828125
19,17,exp_a1/200_sq\fg_ff0000_bg_888888.jpg,0.250244140625
20,16,exp_a1/200_sq\fg_ff0000_bg_000000.jpg,0.2479248046875
21,23,exp_a1/200_sq\fg_ffffff_bg_888888.jpg,0.2454833984375
22,12,exp_a1/200_sq\fg_888888_bg_ffffff.jpg,0.2135009765625
23,11,exp_a1/200_sq\fg_888888_bg_000000.jpg,0.1993408203125
0,13,exp_a1/4_sq\fg_921e3e_bg_000000.jpg,0.257568359375
1,11,exp_a1/4_sq\fg_888888_bg_000000.jpg,0.257080078125
2,19,exp_a1/4_sq\fg_ffff00_bg_000000.jpg,0.2548828125
3,2,exp_a1/4_sq\fg_0000ff_bg_000000.jpg,0.254638671875
4,18,exp_a1/4_sq\fg_ff0000_bg_ffffff.jpg,0.254150390625
5,22,exp_a1/4_sq\fg_ffffff_bg_000000.jpg,0.25390625
6,8,exp_a1/4_sq\fg_00ffff_bg_000000.jpg,0.253662109375
7,0,exp_a1/4_sq\fg_000000_bg_888888.jpg,0.252685546875
8,10,exp_a1/4_sq\fg_00ffff_bg_ffffff.jpg,0.252685546875
9,12,exp_a1/4_sq\fg_888888_bg_ffffff.jpg,0.252685546875
10,16,exp_a1/4_sq\fg_ff0000_bg_000000.jpg,0.25244140625
11,9,exp_a1/4_sq\fg_00ffff_bg_888888.jpg,0.252197265625
12,1,exp_a1/4_sq\fg_000000_bg_ffffff.jpg,0.251953125
13,5,exp_a1/4_sq\fg_00ff00_bg_000000.jpg,0.25
14,15,exp_a1/4_sq\fg_921e3e_bg_ffffff.jpg,0.2489013671875
15,3,exp_a1/4_sq\fg_0000ff_bg_888888.jpg,0.2489013671875
16,23,exp_a1/4_sq\fg_ffffff_bg_888888.jpg,0.2469482421875
17,4,exp_a1/4_sq\fg_0000ff_bg_ffffff.jpg,0.2462158203125
18,7,exp_a1/4_sq\fg_00ff00_bg_ffffff.jpg,0.2454833984375
19,14,exp_a1/4_sq\fg_921e3e_bg_888888.jpg,0.243896484375
20,21,exp_a1/4_sq\fg_ffff00_bg_ffffff.jpg,0.2435302734375
21,6,exp_a1/4_sq\fg_00ff00_bg_888888.jpg,0.2335205078125
22,20,exp_a1/4_sq\fg_ffff00_bg_888888.jpg,0.2314453125
23,17,exp_a1/4_sq\fg_ff0000_bg_888888.jpg,0.2225341796875
0,4,exp_a1/56_sq\fg_0000ff_bg_ffffff.jpg,0.27685546875
1,10,exp_a1/56_sq\fg_00ffff_bg_ffffff.jpg,0.273193359375
2,21,exp_a1/56_sq\fg_ffff00_bg_ffffff.jpg,0.271484375
3,7,exp_a1/56_sq\fg_00ff00_bg_ffffff.jpg,0.2705078125
4,1,exp_a1/56_sq\fg_000000_bg_ffffff.jpg,0.2705078125
5,3,exp_a1/56_sq\fg_0000ff_bg_888888.jpg,0.269287109375
6,18,exp_a1/56_sq\fg_ff0000_bg_ffffff.jpg,0.266357421875
7,15,exp_a1/56_sq\fg_921e3e_bg_ffffff.jpg,0.26611328125
8,8,exp_a1/56_sq\fg_00ffff_bg_000000.jpg,0.264892578125
9,2,exp_a1/56_sq\fg_0000ff_bg_000000.jpg,0.26416015625
10,20,exp_a1/56_sq\fg_ffff00_bg_888888.jpg,0.261962890625
11,22,exp_a1/56_sq\fg_ffffff_bg_000000.jpg,0.26123046875
12,13,exp_a1/56_sq\fg_921e3e_bg_000000.jpg,0.259521484375
13,11,exp_a1/56_sq\fg_888888_bg_000000.jpg,0.255859375
14,5,exp_a1/56_sq\fg_00ff00_bg_000000.jpg,0.25537109375
15,19,exp_a1/56_sq\fg_ffff00_bg_000000.jpg,0.25390625
16,9,exp_a1/56_sq\fg_00ffff_bg_888888.jpg,0.25341796875
17,16,exp_a1/56_sq\fg_ff0000_bg_000000.jpg,0.251220703125
18,14,exp_a1/56_sq\fg_921e3e_bg_888888.jpg,0.2509765625
19,17,exp_a1/56_sq\fg_ff0000_bg_888888.jpg,0.250244140625
20,12,exp_a1/56_sq\fg_888888_bg_ffffff.jpg,0.2491455078125
21,23,exp_a1/56_sq\fg_ffffff_bg_888888.jpg,0.2486572265625
22,6,exp_a1/56_sq\fg_00ff00_bg_888888.jpg,0.2471923828125
23,0,exp_a1/56_sq\fg_000000_bg_888888.jpg,0.2454833984375
0,0,exp_a1/colors\bg_000000.jpg,0.257568359375
1,1,exp_a1/colors\bg_0000ff.jpg,0.2568359375
2,5,exp_a1/colors\bg_921e3e.jpg,0.256103515625
3,6,exp_a1/colors\bg_ff0000.jpg,0.255615234375
4,8,exp_a1/colors\bg_ffffff.png,0.250244140625
5,3,exp_a1/colors\bg_00ffff.jpg,0.249267578125
6,2,exp_a1/colors\bg_00ff00.jpg,0.24462890625
7,7,exp_a1/colors\bg_ffff00.jpg,0.2418212890625
8,4,exp_a1/colors\bg_888888.jpg,0.2193603515625
