,Unnamed: 0,filepaths,similarity
0,6,exp_a1/112_sq\fg_00ff00_bg_888888.jpg,0.345458984375
1,14,exp_a1/112_sq\fg_921e3e_bg_888888.jpg,0.315185546875
2,10,exp_a1/112_sq\fg_00ffff_bg_ffffff.jpg,0.313720703125
3,21,exp_a1/112_sq\fg_ffff00_bg_ffffff.jpg,0.300048828125
4,9,exp_a1/112_sq\fg_00ffff_bg_888888.jpg,0.298095703125
5,1,exp_a1/112_sq\fg_000000_bg_ffffff.jpg,0.291259765625
6,12,exp_a1/112_sq\fg_888888_bg_ffffff.jpg,0.285888671875
7,18,exp_a1/112_sq\fg_ff0000_bg_ffffff.jpg,0.2822265625
8,7,exp_a1/112_sq\fg_00ff00_bg_ffffff.jpg,0.278076171875
9,4,exp_a1/112_sq\fg_0000ff_bg_ffffff.jpg,0.270751953125
10,5,exp_a1/112_sq\fg_00ff00_bg_000000.jpg,0.266357421875
11,3,exp_a1/112_sq\fg_0000ff_bg_888888.jpg,0.26171875
12,11,exp_a1/112_sq\fg_888888_bg_000000.jpg,0.256591796875
13,15,exp_a1/112_sq\fg_921e3e_bg_ffffff.jpg,0.25244140625
14,13,exp_a1/112_sq\fg_921e3e_bg_000000.jpg,0.2489013671875
15,8,exp_a1/112_sq\fg_00ffff_bg_000000.jpg,0.236572265625
16,2,exp_a1/112_sq\fg_0000ff_bg_000000.jpg,0.2135009765625
17,16,exp_a1/112_sq\fg_ff0000_bg_000000.jpg,0.208251953125
18,22,exp_a1/112_sq\fg_ffffff_bg_000000.jpg,0.2081298828125
19,19,exp_a1/112_sq\fg_ffff00_bg_000000.jpg,0.2080078125
20,0,exp_a1/112_sq\fg_000000_bg_888888.jpg,0.1905517578125
21,20,exp_a1/112_sq\fg_ffff00_bg_888888.jpg,0.1845703125
22,23,exp_a1/112_sq\fg_ffffff_bg_888888.jpg,0.184326171875
23,17,exp_a1/112_sq\fg_ff0000_bg_888888.jpg,0.1810302734375
0,23,exp_a1/12_sq\fg_ffffff_bg_888888.jpg,0.389404296875
1,14,exp_a1/12_sq\fg_921e3e_bg_888888.jpg,0.384033203125
2,3,exp_a1/12_sq\fg_0000ff_bg_888888.jpg,0.38134765625
3,0,exp_a1/12_sq\fg_000000_bg_888888.jpg,0.376953125
4,17,exp_a1/12_sq\fg_ff0000_bg_888888.jpg,0.374267578125
5,9,exp_a1/12_sq\fg_00ffff_bg_888888.jpg,0.37158203125
6,20,exp_a1/12_sq\fg_ffff00_bg_888888.jpg,0.371337890625
7,6,exp_a1/12_sq\fg_00ff00_bg_888888.jpg,0.370361328125
8,12,exp_a1/12_sq\fg_888888_bg_ffffff.jpg,0.294677734375
9,15,exp_a1/12_sq\fg_921e3e_bg_ffffff.jpg,0.293701171875
10,4,exp_a1/12_sq\fg_0000ff_bg_ffffff.jpg,0.291748046875
11,1,exp_a1/12_sq\fg_000000_bg_ffffff.jpg,0.290283203125
12,18,exp_a1/12_sq\fg_ff0000_bg_ffffff.jpg,0.28955078125
13,10,exp_a1/12_sq\fg_00ffff_bg_ffffff.jpg,0.289306640625
14,7,exp_a1/12_sq\fg_00ff00_bg_ffffff.jpg,0.289306640625
15,21,exp_a1/12_sq\fg_ffff00_bg_ffffff.jpg,0.289306640625
16,22,exp_a1/12_sq\fg_ffffff_bg_000000.jpg,0.1744384765625
17,16,exp_a1/12_sq\fg_ff0000_bg_000000.jpg,0.174072265625
18,11,exp_a1/12_sq\fg_888888_bg_000000.jpg,0.1728515625
19,8,exp_a1/12_sq\fg_00ffff_bg_000000.jpg,0.1722412109375
20,19,exp_a1/12_sq\fg_ffff00_bg_000000.jpg,0.1719970703125
21,5,exp_a1/12_sq\fg_00ff00_bg_000000.jpg,0.1715087890625
22,13,exp_a1/12_sq\fg_921e3e_bg_000000.jpg,0.1707763671875
23,2,exp_a1/12_sq\fg_0000ff_bg_000000.jpg,0.1700439453125
0,10,exp_a1/148_sq\fg_00ffff_bg_ffffff.jpg,0.324462890625
1,21,exp_a1/148_sq\fg_ffff00_bg_ffffff.jpg,0.319580078125
2,1,exp_a1/148_sq\fg_000000_bg_ffffff.jpg,0.295654296875
3,6,exp_a1/148_sq\fg_00ff00_bg_888888.jpg,0.288818359375
4,7,exp_a1/148_sq\fg_00ff00_bg_ffffff.jpg,0.28466796875
5,18,exp_a1/148_sq\fg_ff0000_bg_ffffff.jpg,0.279052734375
6,5,exp_a1/148_sq\fg_00ff00_bg_000000.jpg,0.279052734375
7,4,exp_a1/148_sq\fg_0000ff_bg_ffffff.jpg,0.27783203125
8,12,exp_a1/148_sq\fg_888888_bg_ffffff.jpg,0.2587890625
9,13,exp_a1/148_sq\fg_921e3e_bg_000000.jpg,0.2459716796875
10,2,exp_a1/148_sq\fg_0000ff_bg_000000.jpg,0.2373046875
11,11,exp_a1/148_sq\fg_888888_bg_000000.jpg,0.2271728515625
12,8,exp_a1/148_sq\fg_00ffff_bg_000000.jpg,0.2255859375
13,19,exp_a1/148_sq\fg_ffff00_bg_000000.jpg,0.215087890625
14,15,exp_a1/148_sq\fg_921e3e_bg_ffffff.jpg,0.2120361328125
15,9,exp_a1/148_sq\fg_00ffff_bg_888888.jpg,0.1746826171875
16,14,exp_a1/148_sq\fg_921e3e_bg_888888.jpg,0.16748046875
17,20,exp_a1/148_sq\fg_ffff00_bg_888888.jpg,0.16015625
18,3,exp_a1/148_sq\fg_0000ff_bg_888888.jpg,0.159423828125
19,17,exp_a1/148_sq\fg_ff0000_bg_888888.jpg,0.1529541015625
20,22,exp_a1/148_sq\fg_ffffff_bg_000000.jpg,0.1492919921875
21,23,exp_a1/148_sq\fg_ffffff_bg_888888.jpg,0.1485595703125
22,0,exp_a1/148_sq\fg_000000_bg_888888.jpg,0.1346435546875
23,16,exp_a1/148_sq\fg_ff0000_bg_000000.jpg,0.1317138671875
0,5,exp_a1/200_sq\fg_00ff00_bg_000000.jpg,0.316162109375
1,19,exp_a1/200_sq\fg_ffff00_bg_000000.jpg,0.298583984375
2,18,exp_a1/200_sq\fg_ff0000_bg_ffffff.jpg,0.28369140625
3,8,exp_a1/200_sq\fg_00ffff_bg_000000.jpg,0.278564453125
4,11,exp_a1/200_sq\fg_888888_bg_000000.jpg,0.27783203125
5,10,exp_a1/200_sq\fg_00ffff_bg_ffffff.jpg,0.276611328125
6,21,exp_a1/200_sq\fg_ffff00_bg_ffffff.jpg,0.2481689453125
7,13,exp_a1/200_sq\fg_921e3e_bg_000000.jpg,0.2476806640625
8,22,exp_a1/200_sq\fg_ffffff_bg_000000.jpg,0.2423095703125
9,16,exp_a1/200_sq\fg_ff0000_bg_000000.jpg,0.23193359375
10,7,exp_a1/200_sq\fg_00ff00_bg_ffffff.jpg,0.228515625
11,2,exp_a1/200_sq\fg_0000ff_bg_000000.jpg,0.2266845703125
12,6,exp_a1/200_sq\fg_00ff00_bg_888888.jpg,0.2010498046875
13,0,exp_a1/200_sq\fg_000000_bg_888888.jpg,0.2000732421875
14,20,exp_a1/200_sq\fg_ffff00_bg_888888.jpg,0.18310546875
15,17,exp_a1/200_sq\fg_ff0000_bg_888888.jpg,0.173828125
16,14,exp_a1/200_sq\fg_921e3e_bg_888888.jpg,0.171630859375
17,3,exp_a1/200_sq\fg_0000ff_bg_888888.jpg,0.171630859375
18,23,exp_a1/200_sq\fg_ffffff_bg_888888.jpg,0.169677734375
19,1,exp_a1/200_sq\fg_000000_bg_ffffff.jpg,0.1680908203125
20,4,exp_a1/200_sq\fg_0000ff_bg_ffffff.jpg,0.1475830078125
21,9,exp_a1/200_sq\fg_00ffff_bg_888888.jpg,0.1353759765625
22,15,exp_a1/200_sq\fg_921e3e_bg_ffffff.jpg,0.11761474609375
23,12,exp_a1/200_sq\fg_888888_bg_ffffff.jpg,0.031707763671875
0,0,exp_a1/4_sq\fg_000000_bg_888888.jpg,0.4013671875
1,9,exp_a1/4_sq\fg_00ffff_bg_888888.jpg,0.39794921875
2,20,exp_a1/4_sq\fg_ffff00_bg_888888.jpg,0.397216796875
3,14,exp_a1/4_sq\fg_921e3e_bg_888888.jpg,0.39697265625
4,3,exp_a1/4_sq\fg_0000ff_bg_888888.jpg,0.396240234375
5,23,exp_a1/4_sq\fg_ffffff_bg_888888.jpg,0.39599609375
6,17,exp_a1/4_sq\fg_ff0000_bg_888888.jpg,0.393310546875
7,6,exp_a1/4_sq\fg_00ff00_bg_888888.jpg,0.3916015625
8,10,exp_a1/4_sq\fg_00ffff_bg_ffffff.jpg,0.28955078125
9,4,exp_a1/4_sq\fg_0000ff_bg_ffffff.jpg,0.289306640625
10,18,exp_a1/4_sq\fg_ff0000_bg_ffffff.jpg,0.289306640625
11,7,exp_a1/4_sq\fg_00ff00_bg_ffffff.jpg,0.289306640625
12,15,exp_a1/4_sq\fg_921e3e_bg_ffffff.jpg,0.289306640625
13,1,exp_a1/4_sq\fg_000000_bg_ffffff.jpg,0.289306640625
14,12,exp_a1/4_sq\fg_888888_bg_ffffff.jpg,0.289306640625
15,21,exp_a1/4_sq\fg_ffff00_bg_ffffff.jpg,0.2890625
16,22,exp_a1/4_sq\fg_ffffff_bg_000000.jpg,0.17041015625
17,5,exp_a1/4_sq\fg_00ff00_bg_000000.jpg,0.1702880859375
18,13,exp_a1/4_sq\fg_921e3e_bg_000000.jpg,0.1700439453125
19,11,exp_a1/4_sq\fg_888888_bg_000000.jpg,0.169921875
20,16,exp_a1/4_sq\fg_ff0000_bg_000000.jpg,0.169921875
21,8,exp_a1/4_sq\fg_00ffff_bg_000000.jpg,0.169921875
22,19,exp_a1/4_sq\fg_ffff00_bg_000000.jpg,0.169921875
23,2,exp_a1/4_sq\fg_0000ff_bg_000000.jpg,0.169921875
0,6,exp_a1/56_sq\fg_00ff00_bg_888888.jpg,0.395751953125
1,14,exp_a1/56_sq\fg_921e3e_bg_888888.jpg,0.386962890625
2,9,exp_a1/56_sq\fg_00ffff_bg_888888.jpg,0.374267578125
3,3,exp_a1/56_sq\fg_0000ff_bg_888888.jpg,0.3740234375
4,0,exp_a1/56_sq\fg_000000_bg_888888.jpg,0.36865234375
5,20,exp_a1/56_sq\fg_ffff00_bg_888888.jpg,0.34716796875
6,1,exp_a1/56_sq\fg_000000_bg_ffffff.jpg,0.31884765625
7,21,exp_a1/56_sq\fg_ffff00_bg_ffffff.jpg,0.318115234375
8,4,exp_a1/56_sq\fg_0000ff_bg_ffffff.jpg,0.310546875
9,10,exp_a1/56_sq\fg_00ffff_bg_ffffff.jpg,0.305908203125
10,7,exp_a1/56_sq\fg_00ff00_bg_ffffff.jpg,0.30419921875
11,12,exp_a1/56_sq\fg_888888_bg_ffffff.jpg,0.30224609375
12,15,exp_a1/56_sq\fg_921e3e_bg_ffffff.jpg,0.29345703125
13,17,exp_a1/56_sq\fg_ff0000_bg_888888.jpg,0.286376953125
14,18,exp_a1/56_sq\fg_ff0000_bg_ffffff.jpg,0.281494140625
15,23,exp_a1/56_sq\fg_ffffff_bg_888888.jpg,0.2420654296875
16,11,exp_a1/56_sq\fg_888888_bg_000000.jpg,0.2384033203125
17,13,exp_a1/56_sq\fg_921e3e_bg_000000.jpg,0.2369384765625
18,22,exp_a1/56_sq\fg_ffffff_bg_000000.jpg,0.2041015625
19,16,exp_a1/56_sq\fg_ff0000_bg_000000.jpg,0.2030029296875
20,19,exp_a1/56_sq\fg_ffff00_bg_000000.jpg,0.19677734375
21,8,exp_a1/56_sq\fg_00ffff_bg_000000.jpg,0.192138671875
22,5,exp_a1/56_sq\fg_00ff00_bg_000000.jpg,0.1866455078125
23,2,exp_a1/56_sq\fg_0000ff_bg_000000.jpg,0.18359375
0,4,exp_a1/colors\bg_888888.jpg,0.407470703125
1,8,exp_a1/colors\bg_ffffff.png,0.289306640625
2,7,exp_a1/colors\bg_ffff00.jpg,0.28466796875
3,6,exp_a1/colors\bg_ff0000.jpg,0.250244140625
4,2,exp_a1/colors\bg_00ff00.jpg,0.240478515625
5,3,exp_a1/colors\bg_00ffff.jpg,0.228515625
6,5,exp_a1/colors\bg_921e3e.jpg,0.22509765625
7,1,exp_a1/colors\bg_0000ff.jpg,0.2132568359375
8,0,exp_a1/colors\bg_000000.jpg,0.1700439453125
