,Unnamed: 0,filepaths,similarity
0,9,exp_a1/112_sq\fg_00ffff_bg_888888.jpg,0.30615234375
1,17,exp_a1/112_sq\fg_ff0000_bg_888888.jpg,0.303955078125
2,14,exp_a1/112_sq\fg_921e3e_bg_888888.jpg,0.30078125
3,6,exp_a1/112_sq\fg_00ff00_bg_888888.jpg,0.299072265625
4,20,exp_a1/112_sq\fg_ffff00_bg_888888.jpg,0.298828125
5,23,exp_a1/112_sq\fg_ffffff_bg_888888.jpg,0.297119140625
6,3,exp_a1/112_sq\fg_0000ff_bg_888888.jpg,0.294921875
7,22,exp_a1/112_sq\fg_ffffff_bg_000000.jpg,0.292724609375
8,13,exp_a1/112_sq\fg_921e3e_bg_000000.jpg,0.289306640625
9,8,exp_a1/112_sq\fg_00ffff_bg_000000.jpg,0.28857421875
10,16,exp_a1/112_sq\fg_ff0000_bg_000000.jpg,0.285400390625
11,19,exp_a1/112_sq\fg_ffff00_bg_000000.jpg,0.283203125
12,2,exp_a1/112_sq\fg_0000ff_bg_000000.jpg,0.28173828125
13,7,exp_a1/112_sq\fg_00ff00_bg_ffffff.jpg,0.28125
14,18,exp_a1/112_sq\fg_ff0000_bg_ffffff.jpg,0.280029296875
15,1,exp_a1/112_sq\fg_000000_bg_ffffff.jpg,0.27978515625
16,10,exp_a1/112_sq\fg_00ffff_bg_ffffff.jpg,0.278564453125
17,11,exp_a1/112_sq\fg_888888_bg_000000.jpg,0.275390625
18,5,exp_a1/112_sq\fg_00ff00_bg_000000.jpg,0.275146484375
19,21,exp_a1/112_sq\fg_ffff00_bg_ffffff.jpg,0.2744140625
20,4,exp_a1/112_sq\fg_0000ff_bg_ffffff.jpg,0.274169921875
21,0,exp_a1/112_sq\fg_000000_bg_888888.jpg,0.2734375
22,15,exp_a1/112_sq\fg_921e3e_bg_ffffff.jpg,0.27001953125
23,12,exp_a1/112_sq\fg_888888_bg_ffffff.jpg,0.26220703125
0,23,exp_a1/12_sq\fg_ffffff_bg_888888.jpg,0.30126953125
1,22,exp_a1/12_sq\fg_ffffff_bg_000000.jpg,0.299072265625
2,11,exp_a1/12_sq\fg_888888_bg_000000.jpg,0.295654296875
3,19,exp_a1/12_sq\fg_ffff00_bg_000000.jpg,0.293212890625
4,8,exp_a1/12_sq\fg_00ffff_bg_000000.jpg,0.29296875
5,13,exp_a1/12_sq\fg_921e3e_bg_000000.jpg,0.292724609375
6,17,exp_a1/12_sq\fg_ff0000_bg_888888.jpg,0.2900390625
7,16,exp_a1/12_sq\fg_ff0000_bg_000000.jpg,0.28955078125
8,2,exp_a1/12_sq\fg_0000ff_bg_000000.jpg,0.28857421875
9,5,exp_a1/12_sq\fg_00ff00_bg_000000.jpg,0.2880859375
10,3,exp_a1/12_sq\fg_0000ff_bg_888888.jpg,0.286376953125
11,0,exp_a1/12_sq\fg_000000_bg_888888.jpg,0.28564453125
12,14,exp_a1/12_sq\fg_921e3e_bg_888888.jpg,0.28515625
13,9,exp_a1/12_sq\fg_00ffff_bg_888888.jpg,0.28515625
14,18,exp_a1/12_sq\fg_ff0000_bg_ffffff.jpg,0.284912109375
15,10,exp_a1/12_sq\fg_00ffff_bg_ffffff.jpg,0.28369140625
16,20,exp_a1/12_sq\fg_ffff00_bg_888888.jpg,0.283203125
17,1,exp_a1/12_sq\fg_000000_bg_ffffff.jpg,0.281982421875
18,21,exp_a1/12_sq\fg_ffff00_bg_ffffff.jpg,0.281982421875
19,4,exp_a1/12_sq\fg_0000ff_bg_ffffff.jpg,0.2802734375
20,15,exp_a1/12_sq\fg_921e3e_bg_ffffff.jpg,0.27734375
21,7,exp_a1/12_sq\fg_00ff00_bg_ffffff.jpg,0.275390625
22,12,exp_a1/12_sq\fg_888888_bg_ffffff.jpg,0.274169921875
23,6,exp_a1/12_sq\fg_00ff00_bg_888888.jpg,0.266845703125
0,9,exp_a1/148_sq\fg_00ffff_bg_888888.jpg,0.301025390625
1,20,exp_a1/148_sq\fg_ffff00_bg_888888.jpg,0.29638671875
2,17,exp_a1/148_sq\fg_ff0000_bg_888888.jpg,0.294189453125
3,22,exp_a1/148_sq\fg_ffffff_bg_000000.jpg,0.2919921875
4,8,exp_a1/148_sq\fg_00ffff_bg_000000.jpg,0.29150390625
5,23,exp_a1/148_sq\fg_ffffff_bg_888888.jpg,0.290283203125
6,14,exp_a1/148_sq\fg_921e3e_bg_888888.jpg,0.288818359375
7,13,exp_a1/148_sq\fg_921e3e_bg_000000.jpg,0.28857421875
8,2,exp_a1/148_sq\fg_0000ff_bg_000000.jpg,0.2861328125
9,19,exp_a1/148_sq\fg_ffff00_bg_000000.jpg,0.28515625
10,16,exp_a1/148_sq\fg_ff0000_bg_000000.jpg,0.284912109375
11,3,exp_a1/148_sq\fg_0000ff_bg_888888.jpg,0.2841796875
12,1,exp_a1/148_sq\fg_000000_bg_ffffff.jpg,0.28125
13,18,exp_a1/148_sq\fg_ff0000_bg_ffffff.jpg,0.281005859375
14,0,exp_a1/148_sq\fg_000000_bg_888888.jpg,0.279296875
15,5,exp_a1/148_sq\fg_00ff00_bg_000000.jpg,0.27880859375
16,10,exp_a1/148_sq\fg_00ffff_bg_ffffff.jpg,0.278564453125
17,11,exp_a1/148_sq\fg_888888_bg_000000.jpg,0.27734375
18,7,exp_a1/148_sq\fg_00ff00_bg_ffffff.jpg,0.27734375
19,21,exp_a1/148_sq\fg_ffff00_bg_ffffff.jpg,0.27490234375
20,4,exp_a1/148_sq\fg_0000ff_bg_ffffff.jpg,0.27392578125
21,6,exp_a1/148_sq\fg_00ff00_bg_888888.jpg,0.267822265625
22,15,exp_a1/148_sq\fg_921e3e_bg_ffffff.jpg,0.263916015625
23,12,exp_a1/148_sq\fg_888888_bg_ffffff.jpg,0.263427734375
0,17,exp_a1/200_sq\fg_ff0000_bg_888888.jpg,0.303955078125
1,9,exp_a1/200_sq\fg_00ffff_bg_888888.jpg,0.298828125
2,0,exp_a1/200_sq\fg_000000_bg_888888.jpg,0.293701171875
3,1,exp_a1/200_sq\fg_000000_bg_ffffff.jpg,0.292236328125
4,20,exp_a1/200_sq\fg_ffff00_bg_888888.jpg,0.290283203125
5,16,exp_a1/200_sq\fg_ff0000_bg_000000.jpg,0.2900390625
6,5,exp_a1/200_sq\fg_00ff00_bg_000000.jpg,0.28857421875
7,6,exp_a1/200_sq\fg_00ff00_bg_888888.jpg,0.2880859375
8,14,exp_a1/200_sq\fg_921e3e_bg_888888.jpg,0.286865234375
9,3,exp_a1/200_sq\fg_0000ff_bg_888888.jpg,0.285888671875
10,8,exp_a1/200_sq\fg_00ffff_bg_000000.jpg,0.284423828125
11,7,exp_a1/200_sq\fg_00ff00_bg_ffffff.jpg,0.283203125
12,10,exp_a1/200_sq\fg_00ffff_bg_ffffff.jpg,0.282958984375
13,4,exp_a1/200_sq\fg_0000ff_bg_ffffff.jpg,0.28271484375
14,22,exp_a1/200_sq\fg_ffffff_bg_000000.jpg,0.28173828125
15,13,exp_a1/200_sq\fg_921e3e_bg_000000.jpg,0.281005859375
16,21,exp_a1/200_sq\fg_ffff00_bg_ffffff.jpg,0.2802734375
17,2,exp_a1/200_sq\fg_0000ff_bg_000000.jpg,0.27880859375
18,19,exp_a1/200_sq\fg_ffff00_bg_000000.jpg,0.2783203125
19,23,exp_a1/200_sq\fg_ffffff_bg_888888.jpg,0.2783203125
20,18,exp_a1/200_sq\fg_ff0000_bg_ffffff.jpg,0.272216796875
21,15,exp_a1/200_sq\fg_921e3e_bg_ffffff.jpg,0.262451171875
22,12,exp_a1/200_sq\fg_888888_bg_ffffff.jpg,0.251953125
23,11,exp_a1/200_sq\fg_888888_bg_000000.jpg,0.2359619140625
0,13,exp_a1/4_sq\fg_921e3e_bg_000000.jpg,0.2880859375
1,11,exp_a1/4_sq\fg_888888_bg_000000.jpg,0.286865234375
2,2,exp_a1/4_sq\fg_0000ff_bg_000000.jpg,0.28564453125
3,8,exp_a1/4_sq\fg_00ffff_bg_000000.jpg,0.285400390625
4,22,exp_a1/4_sq\fg_ffffff_bg_000000.jpg,0.284912109375
5,19,exp_a1/4_sq\fg_ffff00_bg_000000.jpg,0.28466796875
6,5,exp_a1/4_sq\fg_00ff00_bg_000000.jpg,0.28173828125
7,16,exp_a1/4_sq\fg_ff0000_bg_000000.jpg,0.28125
8,1,exp_a1/4_sq\fg_000000_bg_ffffff.jpg,0.273681640625
9,10,exp_a1/4_sq\fg_00ffff_bg_ffffff.jpg,0.2734375
10,21,exp_a1/4_sq\fg_ffff00_bg_ffffff.jpg,0.27197265625
11,4,exp_a1/4_sq\fg_0000ff_bg_ffffff.jpg,0.271728515625
12,15,exp_a1/4_sq\fg_921e3e_bg_ffffff.jpg,0.269775390625
13,12,exp_a1/4_sq\fg_888888_bg_ffffff.jpg,0.26904296875
14,7,exp_a1/4_sq\fg_00ff00_bg_ffffff.jpg,0.268310546875
15,18,exp_a1/4_sq\fg_ff0000_bg_ffffff.jpg,0.268310546875
16,23,exp_a1/4_sq\fg_ffffff_bg_888888.jpg,0.265625
17,0,exp_a1/4_sq\fg_000000_bg_888888.jpg,0.264404296875
18,9,exp_a1/4_sq\fg_00ffff_bg_888888.jpg,0.263671875
19,3,exp_a1/4_sq\fg_0000ff_bg_888888.jpg,0.260986328125
20,14,exp_a1/4_sq\fg_921e3e_bg_888888.jpg,0.257080078125
21,20,exp_a1/4_sq\fg_ffff00_bg_888888.jpg,0.257080078125
22,6,exp_a1/4_sq\fg_00ff00_bg_888888.jpg,0.2459716796875
23,17,exp_a1/4_sq\fg_ff0000_bg_888888.jpg,0.2442626953125
0,22,exp_a1/56_sq\fg_ffffff_bg_000000.jpg,0.28857421875
1,23,exp_a1/56_sq\fg_ffffff_bg_888888.jpg,0.288330078125
2,11,exp_a1/56_sq\fg_888888_bg_000000.jpg,0.287841796875
3,19,exp_a1/56_sq\fg_ffff00_bg_000000.jpg,0.28515625
4,13,exp_a1/56_sq\fg_921e3e_bg_000000.jpg,0.284912109375
5,20,exp_a1/56_sq\fg_ffff00_bg_888888.jpg,0.284912109375
6,16,exp_a1/56_sq\fg_ff0000_bg_000000.jpg,0.28466796875
7,17,exp_a1/56_sq\fg_ff0000_bg_888888.jpg,0.28173828125
8,8,exp_a1/56_sq\fg_00ffff_bg_000000.jpg,0.280029296875
9,14,exp_a1/56_sq\fg_921e3e_bg_888888.jpg,0.27978515625
10,3,exp_a1/56_sq\fg_0000ff_bg_888888.jpg,0.27734375
11,9,exp_a1/56_sq\fg_00ffff_bg_888888.jpg,0.27734375
12,5,exp_a1/56_sq\fg_00ff00_bg_000000.jpg,0.277099609375
13,12,exp_a1/56_sq\fg_888888_bg_ffffff.jpg,0.276611328125
14,10,exp_a1/56_sq\fg_00ffff_bg_ffffff.jpg,0.27587890625
15,2,exp_a1/56_sq\fg_0000ff_bg_000000.jpg,0.27587890625
16,6,exp_a1/56_sq\fg_00ff00_bg_888888.jpg,0.27490234375
17,7,exp_a1/56_sq\fg_00ff00_bg_ffffff.jpg,0.268310546875
18,1,exp_a1/56_sq\fg_000000_bg_ffffff.jpg,0.26708984375
19,0,exp_a1/56_sq\fg_000000_bg_888888.jpg,0.265380859375
20,18,exp_a1/56_sq\fg_ff0000_bg_ffffff.jpg,0.26513671875
21,21,exp_a1/56_sq\fg_ffff00_bg_ffffff.jpg,0.2646484375
22,4,exp_a1/56_sq\fg_0000ff_bg_ffffff.jpg,0.26416015625
23,15,exp_a1/56_sq\fg_921e3e_bg_ffffff.jpg,0.26171875
0,0,exp_a1/colors\bg_000000.jpg,0.290283203125
1,8,exp_a1/colors\bg_ffffff.png,0.2783203125
2,1,exp_a1/colors\bg_0000ff.jpg,0.268310546875
3,6,exp_a1/colors\bg_ff0000.jpg,0.264892578125
4,5,exp_a1/colors\bg_921e3e.jpg,0.262939453125
5,7,exp_a1/colors\bg_ffff00.jpg,0.25830078125
6,3,exp_a1/colors\bg_00ffff.jpg,0.254150390625
7,2,exp_a1/colors\bg_00ff00.jpg,0.247314453125
8,4,exp_a1/colors\bg_888888.jpg,0.2342529296875
