,Unnamed: 0,filepaths,similarity
0,6,exp_a1/112_sq\fg_00ff00_bg_888888.jpg,0.3193359375
1,14,exp_a1/112_sq\fg_921e3e_bg_888888.jpg,0.3193359375
2,20,exp_a1/112_sq\fg_ffff00_bg_888888.jpg,0.31884765625
3,9,exp_a1/112_sq\fg_00ffff_bg_888888.jpg,0.315185546875
4,23,exp_a1/112_sq\fg_ffffff_bg_888888.jpg,0.313720703125
5,3,exp_a1/112_sq\fg_0000ff_bg_888888.jpg,0.31298828125
6,17,exp_a1/112_sq\fg_ff0000_bg_888888.jpg,0.306884765625
7,22,exp_a1/112_sq\fg_ffffff_bg_000000.jpg,0.3017578125
8,1,exp_a1/112_sq\fg_000000_bg_ffffff.jpg,0.299560546875
9,10,exp_a1/112_sq\fg_00ffff_bg_ffffff.jpg,0.298583984375
10,7,exp_a1/112_sq\fg_00ff00_bg_ffffff.jpg,0.29833984375
11,8,exp_a1/112_sq\fg_00ffff_bg_000000.jpg,0.298095703125
12,16,exp_a1/112_sq\fg_ff0000_bg_000000.jpg,0.298095703125
13,2,exp_a1/112_sq\fg_0000ff_bg_000000.jpg,0.295166015625
14,4,exp_a1/112_sq\fg_0000ff_bg_ffffff.jpg,0.294677734375
15,18,exp_a1/112_sq\fg_ff0000_bg_ffffff.jpg,0.293212890625
16,13,exp_a1/112_sq\fg_921e3e_bg_000000.jpg,0.29150390625
17,21,exp_a1/112_sq\fg_ffff00_bg_ffffff.jpg,0.291015625
18,19,exp_a1/112_sq\fg_ffff00_bg_000000.jpg,0.288330078125
19,0,exp_a1/112_sq\fg_000000_bg_888888.jpg,0.2880859375
20,15,exp_a1/112_sq\fg_921e3e_bg_ffffff.jpg,0.2880859375
21,5,exp_a1/112_sq\fg_00ff00_bg_000000.jpg,0.287841796875
22,11,exp_a1/112_sq\fg_888888_bg_000000.jpg,0.287353515625
23,12,exp_a1/112_sq\fg_888888_bg_ffffff.jpg,0.2763671875
0,23,exp_a1/12_sq\fg_ffffff_bg_888888.jpg,0.3154296875
1,14,exp_a1/12_sq\fg_921e3e_bg_888888.jpg,0.313720703125
2,8,exp_a1/12_sq\fg_00ffff_bg_000000.jpg,0.312744140625
3,22,exp_a1/12_sq\fg_ffffff_bg_000000.jpg,0.3125
4,11,exp_a1/12_sq\fg_888888_bg_000000.jpg,0.311767578125
5,5,exp_a1/12_sq\fg_00ff00_bg_000000.jpg,0.31005859375
6,0,exp_a1/12_sq\fg_000000_bg_888888.jpg,0.3095703125
7,1,exp_a1/12_sq\fg_000000_bg_ffffff.jpg,0.308837890625
8,13,exp_a1/12_sq\fg_921e3e_bg_000000.jpg,0.307861328125
9,16,exp_a1/12_sq\fg_ff0000_bg_000000.jpg,0.306884765625
10,17,exp_a1/12_sq\fg_ff0000_bg_888888.jpg,0.306884765625
11,15,exp_a1/12_sq\fg_921e3e_bg_ffffff.jpg,0.306640625
12,10,exp_a1/12_sq\fg_00ffff_bg_ffffff.jpg,0.30615234375
13,9,exp_a1/12_sq\fg_00ffff_bg_888888.jpg,0.305419921875
14,2,exp_a1/12_sq\fg_0000ff_bg_000000.jpg,0.303955078125
15,18,exp_a1/12_sq\fg_ff0000_bg_ffffff.jpg,0.30322265625
16,3,exp_a1/12_sq\fg_0000ff_bg_888888.jpg,0.302734375
17,19,exp_a1/12_sq\fg_ffff00_bg_000000.jpg,0.3017578125
18,12,exp_a1/12_sq\fg_888888_bg_ffffff.jpg,0.30126953125
19,4,exp_a1/12_sq\fg_0000ff_bg_ffffff.jpg,0.300048828125
20,7,exp_a1/12_sq\fg_00ff00_bg_ffffff.jpg,0.29638671875
21,20,exp_a1/12_sq\fg_ffff00_bg_888888.jpg,0.2958984375
22,21,exp_a1/12_sq\fg_ffff00_bg_ffffff.jpg,0.294677734375
23,6,exp_a1/12_sq\fg_00ff00_bg_888888.jpg,0.28369140625
0,14,exp_a1/148_sq\fg_921e3e_bg_888888.jpg,0.30517578125
1,22,exp_a1/148_sq\fg_ffffff_bg_000000.jpg,0.304443359375
2,20,exp_a1/148_sq\fg_ffff00_bg_888888.jpg,0.303466796875
3,9,exp_a1/148_sq\fg_00ffff_bg_888888.jpg,0.30029296875
4,16,exp_a1/148_sq\fg_ff0000_bg_000000.jpg,0.300048828125
5,3,exp_a1/148_sq\fg_0000ff_bg_888888.jpg,0.29931640625
6,8,exp_a1/148_sq\fg_00ffff_bg_000000.jpg,0.298828125
7,2,exp_a1/148_sq\fg_0000ff_bg_000000.jpg,0.298095703125
8,4,exp_a1/148_sq\fg_0000ff_bg_ffffff.jpg,0.297607421875
9,13,exp_a1/148_sq\fg_921e3e_bg_000000.jpg,0.297119140625
10,1,exp_a1/148_sq\fg_000000_bg_ffffff.jpg,0.29638671875
11,7,exp_a1/148_sq\fg_00ff00_bg_ffffff.jpg,0.2958984375
12,0,exp_a1/148_sq\fg_000000_bg_888888.jpg,0.29541015625
13,23,exp_a1/148_sq\fg_ffffff_bg_888888.jpg,0.29541015625
14,10,exp_a1/148_sq\fg_00ffff_bg_ffffff.jpg,0.2939453125
15,19,exp_a1/148_sq\fg_ffff00_bg_000000.jpg,0.292236328125
16,17,exp_a1/148_sq\fg_ff0000_bg_888888.jpg,0.2919921875
17,5,exp_a1/148_sq\fg_00ff00_bg_000000.jpg,0.291015625
18,21,exp_a1/148_sq\fg_ffff00_bg_ffffff.jpg,0.29052734375
19,18,exp_a1/148_sq\fg_ff0000_bg_ffffff.jpg,0.289794921875
20,15,exp_a1/148_sq\fg_921e3e_bg_ffffff.jpg,0.2890625
21,11,exp_a1/148_sq\fg_888888_bg_000000.jpg,0.28857421875
22,12,exp_a1/148_sq\fg_888888_bg_ffffff.jpg,0.286376953125
23,6,exp_a1/148_sq\fg_00ff00_bg_888888.jpg,0.271728515625
0,5,exp_a1/200_sq\fg_00ff00_bg_000000.jpg,0.3076171875
1,17,exp_a1/200_sq\fg_ff0000_bg_888888.jpg,0.306640625
2,16,exp_a1/200_sq\fg_ff0000_bg_000000.jpg,0.305908203125
3,3,exp_a1/200_sq\fg_0000ff_bg_888888.jpg,0.305908203125
4,8,exp_a1/200_sq\fg_00ffff_bg_000000.jpg,0.305419921875
5,22,exp_a1/200_sq\fg_ffffff_bg_000000.jpg,0.30419921875
6,19,exp_a1/200_sq\fg_ffff00_bg_000000.jpg,0.3037109375
7,9,exp_a1/200_sq\fg_00ffff_bg_888888.jpg,0.30322265625
8,6,exp_a1/200_sq\fg_00ff00_bg_888888.jpg,0.301513671875
9,2,exp_a1/200_sq\fg_0000ff_bg_000000.jpg,0.301025390625
10,4,exp_a1/200_sq\fg_0000ff_bg_ffffff.jpg,0.300537109375
11,14,exp_a1/200_sq\fg_921e3e_bg_888888.jpg,0.299072265625
12,1,exp_a1/200_sq\fg_000000_bg_ffffff.jpg,0.298583984375
13,13,exp_a1/200_sq\fg_921e3e_bg_000000.jpg,0.2978515625
14,20,exp_a1/200_sq\fg_ffff00_bg_888888.jpg,0.297119140625
15,23,exp_a1/200_sq\fg_ffffff_bg_888888.jpg,0.296875
16,10,exp_a1/200_sq\fg_00ffff_bg_ffffff.jpg,0.296142578125
17,7,exp_a1/200_sq\fg_00ff00_bg_ffffff.jpg,0.29443359375
18,0,exp_a1/200_sq\fg_000000_bg_888888.jpg,0.292724609375
19,21,exp_a1/200_sq\fg_ffff00_bg_ffffff.jpg,0.29052734375
20,18,exp_a1/200_sq\fg_ff0000_bg_ffffff.jpg,0.280517578125
21,15,exp_a1/200_sq\fg_921e3e_bg_ffffff.jpg,0.279052734375
22,12,exp_a1/200_sq\fg_888888_bg_ffffff.jpg,0.25244140625
23,11,exp_a1/200_sq\fg_888888_bg_000000.jpg,0.237548828125
0,8,exp_a1/4_sq\fg_00ffff_bg_000000.jpg,0.309326171875
1,1,exp_a1/4_sq\fg_000000_bg_ffffff.jpg,0.302734375
2,16,exp_a1/4_sq\fg_ff0000_bg_000000.jpg,0.302490234375
3,2,exp_a1/4_sq\fg_0000ff_bg_000000.jpg,0.3017578125
4,5,exp_a1/4_sq\fg_00ff00_bg_000000.jpg,0.301513671875
5,13,exp_a1/4_sq\fg_921e3e_bg_000000.jpg,0.30126953125
6,19,exp_a1/4_sq\fg_ffff00_bg_000000.jpg,0.299560546875
7,11,exp_a1/4_sq\fg_888888_bg_000000.jpg,0.29931640625
8,22,exp_a1/4_sq\fg_ffffff_bg_000000.jpg,0.298095703125
9,12,exp_a1/4_sq\fg_888888_bg_ffffff.jpg,0.288330078125
10,10,exp_a1/4_sq\fg_00ffff_bg_ffffff.jpg,0.288330078125
11,18,exp_a1/4_sq\fg_ff0000_bg_ffffff.jpg,0.286865234375
12,0,exp_a1/4_sq\fg_000000_bg_888888.jpg,0.28662109375
13,4,exp_a1/4_sq\fg_0000ff_bg_ffffff.jpg,0.28662109375
14,7,exp_a1/4_sq\fg_00ff00_bg_ffffff.jpg,0.284423828125
15,15,exp_a1/4_sq\fg_921e3e_bg_ffffff.jpg,0.2841796875
16,21,exp_a1/4_sq\fg_ffff00_bg_ffffff.jpg,0.28125
17,23,exp_a1/4_sq\fg_ffffff_bg_888888.jpg,0.28125
18,14,exp_a1/4_sq\fg_921e3e_bg_888888.jpg,0.279541015625
19,9,exp_a1/4_sq\fg_00ffff_bg_888888.jpg,0.27197265625
20,3,exp_a1/4_sq\fg_0000ff_bg_888888.jpg,0.271484375
21,20,exp_a1/4_sq\fg_ffff00_bg_888888.jpg,0.261962890625
22,17,exp_a1/4_sq\fg_ff0000_bg_888888.jpg,0.25830078125
23,6,exp_a1/4_sq\fg_00ff00_bg_888888.jpg,0.253662109375
0,16,exp_a1/56_sq\fg_ff0000_bg_000000.jpg,0.3046875
1,20,exp_a1/56_sq\fg_ffff00_bg_888888.jpg,0.303466796875
2,10,exp_a1/56_sq\fg_00ffff_bg_ffffff.jpg,0.303466796875
3,14,exp_a1/56_sq\fg_921e3e_bg_888888.jpg,0.30322265625
4,22,exp_a1/56_sq\fg_ffffff_bg_000000.jpg,0.30224609375
5,11,exp_a1/56_sq\fg_888888_bg_000000.jpg,0.30224609375
6,12,exp_a1/56_sq\fg_888888_bg_ffffff.jpg,0.301025390625
7,8,exp_a1/56_sq\fg_00ffff_bg_000000.jpg,0.300048828125
8,23,exp_a1/56_sq\fg_ffffff_bg_888888.jpg,0.2998046875
9,9,exp_a1/56_sq\fg_00ffff_bg_888888.jpg,0.299560546875
10,3,exp_a1/56_sq\fg_0000ff_bg_888888.jpg,0.2978515625
11,19,exp_a1/56_sq\fg_ffff00_bg_000000.jpg,0.297119140625
12,2,exp_a1/56_sq\fg_0000ff_bg_000000.jpg,0.296630859375
13,4,exp_a1/56_sq\fg_0000ff_bg_ffffff.jpg,0.2939453125
14,13,exp_a1/56_sq\fg_921e3e_bg_000000.jpg,0.293701171875
15,6,exp_a1/56_sq\fg_00ff00_bg_888888.jpg,0.293212890625
16,5,exp_a1/56_sq\fg_00ff00_bg_000000.jpg,0.292236328125
17,1,exp_a1/56_sq\fg_000000_bg_ffffff.jpg,0.291259765625
18,17,exp_a1/56_sq\fg_ff0000_bg_888888.jpg,0.289794921875
19,7,exp_a1/56_sq\fg_00ff00_bg_ffffff.jpg,0.28955078125
20,18,exp_a1/56_sq\fg_ff0000_bg_ffffff.jpg,0.28662109375
21,15,exp_a1/56_sq\fg_921e3e_bg_ffffff.jpg,0.2861328125
22,21,exp_a1/56_sq\fg_ffff00_bg_ffffff.jpg,0.285400390625
23,0,exp_a1/56_sq\fg_000000_bg_888888.jpg,0.281494140625
0,0,exp_a1/colors\bg_000000.jpg,0.297119140625
1,1,exp_a1/colors\bg_0000ff.jpg,0.289794921875
2,8,exp_a1/colors\bg_ffffff.png,0.2841796875
3,5,exp_a1/colors\bg_921e3e.jpg,0.28076171875
4,6,exp_a1/colors\bg_ff0000.jpg,0.274658203125
5,2,exp_a1/colors\bg_00ff00.jpg,0.269287109375
6,3,exp_a1/colors\bg_00ffff.jpg,0.2666015625
7,7,exp_a1/colors\bg_ffff00.jpg,0.262939453125
8,4,exp_a1/colors\bg_888888.jpg,0.2327880859375
