,Unnamed: 0,filepaths,similarity
0,6,exp_a1/112_sq\fg_00ff00_bg_888888.jpg,0.3310546875
1,21,exp_a1/112_sq\fg_ffff00_bg_ffffff.jpg,0.303955078125
2,10,exp_a1/112_sq\fg_00ffff_bg_ffffff.jpg,0.302001953125
3,14,exp_a1/112_sq\fg_921e3e_bg_888888.jpg,0.295654296875
4,12,exp_a1/112_sq\fg_888888_bg_ffffff.jpg,0.289306640625
5,9,exp_a1/112_sq\fg_00ffff_bg_888888.jpg,0.283935546875
6,18,exp_a1/112_sq\fg_ff0000_bg_ffffff.jpg,0.2763671875
7,1,exp_a1/112_sq\fg_000000_bg_ffffff.jpg,0.2705078125
8,7,exp_a1/112_sq\fg_00ff00_bg_ffffff.jpg,0.2666015625
9,11,exp_a1/112_sq\fg_888888_bg_000000.jpg,0.26513671875
10,5,exp_a1/112_sq\fg_00ff00_bg_000000.jpg,0.256591796875
11,4,exp_a1/112_sq\fg_0000ff_bg_ffffff.jpg,0.25341796875
12,3,exp_a1/112_sq\fg_0000ff_bg_888888.jpg,0.244873046875
13,15,exp_a1/112_sq\fg_921e3e_bg_ffffff.jpg,0.2432861328125
14,13,exp_a1/112_sq\fg_921e3e_bg_000000.jpg,0.2325439453125
15,8,exp_a1/112_sq\fg_00ffff_bg_000000.jpg,0.2308349609375
16,22,exp_a1/112_sq\fg_ffffff_bg_000000.jpg,0.21826171875
17,16,exp_a1/112_sq\fg_ff0000_bg_000000.jpg,0.2176513671875
18,2,exp_a1/112_sq\fg_0000ff_bg_000000.jpg,0.2060546875
19,19,exp_a1/112_sq\fg_ffff00_bg_000000.jpg,0.19580078125
20,0,exp_a1/112_sq\fg_000000_bg_888888.jpg,0.1650390625
21,23,exp_a1/112_sq\fg_ffffff_bg_888888.jpg,0.1612548828125
22,20,exp_a1/112_sq\fg_ffff00_bg_888888.jpg,0.1605224609375
23,17,exp_a1/112_sq\fg_ff0000_bg_888888.jpg,0.1580810546875
0,17,exp_a1/12_sq\fg_ff0000_bg_888888.jpg,0.39501953125
1,23,exp_a1/12_sq\fg_ffffff_bg_888888.jpg,0.39453125
2,9,exp_a1/12_sq\fg_00ffff_bg_888888.jpg,0.38818359375
3,20,exp_a1/12_sq\fg_ffff00_bg_888888.jpg,0.383056640625
4,6,exp_a1/12_sq\fg_00ff00_bg_888888.jpg,0.377197265625
5,3,exp_a1/12_sq\fg_0000ff_bg_888888.jpg,0.37158203125
6,14,exp_a1/12_sq\fg_921e3e_bg_888888.jpg,0.368408203125
7,0,exp_a1/12_sq\fg_000000_bg_888888.jpg,0.36572265625
8,12,exp_a1/12_sq\fg_888888_bg_ffffff.jpg,0.290283203125
9,15,exp_a1/12_sq\fg_921e3e_bg_ffffff.jpg,0.28955078125
10,4,exp_a1/12_sq\fg_0000ff_bg_ffffff.jpg,0.287353515625
11,1,exp_a1/12_sq\fg_000000_bg_ffffff.jpg,0.285888671875
12,18,exp_a1/12_sq\fg_ff0000_bg_ffffff.jpg,0.28515625
13,7,exp_a1/12_sq\fg_00ff00_bg_ffffff.jpg,0.284912109375
14,10,exp_a1/12_sq\fg_00ffff_bg_ffffff.jpg,0.284912109375
15,21,exp_a1/12_sq\fg_ffff00_bg_ffffff.jpg,0.28466796875
16,22,exp_a1/12_sq\fg_ffffff_bg_000000.jpg,0.1676025390625
17,11,exp_a1/12_sq\fg_888888_bg_000000.jpg,0.1673583984375
18,16,exp_a1/12_sq\fg_ff0000_bg_000000.jpg,0.167236328125
19,8,exp_a1/12_sq\fg_00ffff_bg_000000.jpg,0.166015625
20,5,exp_a1/12_sq\fg_00ff00_bg_000000.jpg,0.1656494140625
21,19,exp_a1/12_sq\fg_ffff00_bg_000000.jpg,0.1656494140625
22,13,exp_a1/12_sq\fg_921e3e_bg_000000.jpg,0.1650390625
23,2,exp_a1/12_sq\fg_0000ff_bg_000000.jpg,0.164306640625
0,10,exp_a1/148_sq\fg_00ffff_bg_ffffff.jpg,0.328369140625
1,21,exp_a1/148_sq\fg_ffff00_bg_ffffff.jpg,0.320556640625
2,7,exp_a1/148_sq\fg_00ff00_bg_ffffff.jpg,0.287109375
3,1,exp_a1/148_sq\fg_000000_bg_ffffff.jpg,0.2822265625
4,6,exp_a1/148_sq\fg_00ff00_bg_888888.jpg,0.275390625
5,18,exp_a1/148_sq\fg_ff0000_bg_ffffff.jpg,0.273193359375
6,5,exp_a1/148_sq\fg_00ff00_bg_000000.jpg,0.272216796875
7,12,exp_a1/148_sq\fg_888888_bg_ffffff.jpg,0.259521484375
8,4,exp_a1/148_sq\fg_0000ff_bg_ffffff.jpg,0.256103515625
9,13,exp_a1/148_sq\fg_921e3e_bg_000000.jpg,0.234619140625
10,11,exp_a1/148_sq\fg_888888_bg_000000.jpg,0.2342529296875
11,2,exp_a1/148_sq\fg_0000ff_bg_000000.jpg,0.23046875
12,8,exp_a1/148_sq\fg_00ffff_bg_000000.jpg,0.2139892578125
13,19,exp_a1/148_sq\fg_ffff00_bg_000000.jpg,0.205078125
14,15,exp_a1/148_sq\fg_921e3e_bg_ffffff.jpg,0.174072265625
15,22,exp_a1/148_sq\fg_ffffff_bg_000000.jpg,0.1597900390625
16,9,exp_a1/148_sq\fg_00ffff_bg_888888.jpg,0.1407470703125
17,16,exp_a1/148_sq\fg_ff0000_bg_000000.jpg,0.139404296875
18,17,exp_a1/148_sq\fg_ff0000_bg_888888.jpg,0.137939453125
19,14,exp_a1/148_sq\fg_921e3e_bg_888888.jpg,0.1336669921875
20,23,exp_a1/148_sq\fg_ffffff_bg_888888.jpg,0.1290283203125
21,3,exp_a1/148_sq\fg_0000ff_bg_888888.jpg,0.1273193359375
22,20,exp_a1/148_sq\fg_ffff00_bg_888888.jpg,0.12115478515625
23,0,exp_a1/148_sq\fg_000000_bg_888888.jpg,0.1002197265625
0,5,exp_a1/200_sq\fg_00ff00_bg_000000.jpg,0.302001953125
1,19,exp_a1/200_sq\fg_ffff00_bg_000000.jpg,0.29345703125
2,11,exp_a1/200_sq\fg_888888_bg_000000.jpg,0.28076171875
3,18,exp_a1/200_sq\fg_ff0000_bg_ffffff.jpg,0.28076171875
4,8,exp_a1/200_sq\fg_00ffff_bg_000000.jpg,0.2734375
5,10,exp_a1/200_sq\fg_00ffff_bg_ffffff.jpg,0.26318359375
6,22,exp_a1/200_sq\fg_ffffff_bg_000000.jpg,0.2479248046875
7,16,exp_a1/200_sq\fg_ff0000_bg_000000.jpg,0.2381591796875
8,21,exp_a1/200_sq\fg_ffff00_bg_ffffff.jpg,0.2325439453125
9,13,exp_a1/200_sq\fg_921e3e_bg_000000.jpg,0.2249755859375
10,2,exp_a1/200_sq\fg_0000ff_bg_000000.jpg,0.2198486328125
11,7,exp_a1/200_sq\fg_00ff00_bg_ffffff.jpg,0.2137451171875
12,6,exp_a1/200_sq\fg_00ff00_bg_888888.jpg,0.1883544921875
13,0,exp_a1/200_sq\fg_000000_bg_888888.jpg,0.18798828125
14,17,exp_a1/200_sq\fg_ff0000_bg_888888.jpg,0.177001953125
15,20,exp_a1/200_sq\fg_ffff00_bg_888888.jpg,0.1763916015625
16,23,exp_a1/200_sq\fg_ffffff_bg_888888.jpg,0.1715087890625
17,3,exp_a1/200_sq\fg_0000ff_bg_888888.jpg,0.1552734375
18,1,exp_a1/200_sq\fg_000000_bg_ffffff.jpg,0.1492919921875
19,14,exp_a1/200_sq\fg_921e3e_bg_888888.jpg,0.14111328125
20,4,exp_a1/200_sq\fg_0000ff_bg_ffffff.jpg,0.1304931640625
21,9,exp_a1/200_sq\fg_00ffff_bg_888888.jpg,0.126953125
22,15,exp_a1/200_sq\fg_921e3e_bg_ffffff.jpg,0.0966796875
23,12,exp_a1/200_sq\fg_888888_bg_ffffff.jpg,0.0087127685546875
0,0,exp_a1/4_sq\fg_000000_bg_888888.jpg,0.385498046875
1,23,exp_a1/4_sq\fg_ffffff_bg_888888.jpg,0.38427734375
2,3,exp_a1/4_sq\fg_0000ff_bg_888888.jpg,0.3828125
3,14,exp_a1/4_sq\fg_921e3e_bg_888888.jpg,0.381591796875
4,9,exp_a1/4_sq\fg_00ffff_bg_888888.jpg,0.37890625
5,6,exp_a1/4_sq\fg_00ff00_bg_888888.jpg,0.37841796875
6,20,exp_a1/4_sq\fg_ffff00_bg_888888.jpg,0.378173828125
7,17,exp_a1/4_sq\fg_ff0000_bg_888888.jpg,0.37646484375
8,10,exp_a1/4_sq\fg_00ffff_bg_ffffff.jpg,0.285400390625
9,12,exp_a1/4_sq\fg_888888_bg_ffffff.jpg,0.28515625
10,18,exp_a1/4_sq\fg_ff0000_bg_ffffff.jpg,0.28515625
11,4,exp_a1/4_sq\fg_0000ff_bg_ffffff.jpg,0.28515625
12,7,exp_a1/4_sq\fg_00ff00_bg_ffffff.jpg,0.28515625
13,1,exp_a1/4_sq\fg_000000_bg_ffffff.jpg,0.28515625
14,15,exp_a1/4_sq\fg_921e3e_bg_ffffff.jpg,0.28515625
15,21,exp_a1/4_sq\fg_ffff00_bg_ffffff.jpg,0.284912109375
16,22,exp_a1/4_sq\fg_ffffff_bg_000000.jpg,0.1646728515625
17,5,exp_a1/4_sq\fg_00ff00_bg_000000.jpg,0.1644287109375
18,13,exp_a1/4_sq\fg_921e3e_bg_000000.jpg,0.164306640625
19,16,exp_a1/4_sq\fg_ff0000_bg_000000.jpg,0.164306640625
20,19,exp_a1/4_sq\fg_ffff00_bg_000000.jpg,0.1641845703125
21,11,exp_a1/4_sq\fg_888888_bg_000000.jpg,0.1641845703125
22,8,exp_a1/4_sq\fg_00ffff_bg_000000.jpg,0.1641845703125
23,2,exp_a1/4_sq\fg_0000ff_bg_000000.jpg,0.1641845703125
0,6,exp_a1/56_sq\fg_00ff00_bg_888888.jpg,0.390625
1,14,exp_a1/56_sq\fg_921e3e_bg_888888.jpg,0.375732421875
2,3,exp_a1/56_sq\fg_0000ff_bg_888888.jpg,0.3740234375
3,0,exp_a1/56_sq\fg_000000_bg_888888.jpg,0.35791015625
4,9,exp_a1/56_sq\fg_00ffff_bg_888888.jpg,0.357177734375
5,20,exp_a1/56_sq\fg_ffff00_bg_888888.jpg,0.3271484375
6,21,exp_a1/56_sq\fg_ffff00_bg_ffffff.jpg,0.316162109375
7,1,exp_a1/56_sq\fg_000000_bg_ffffff.jpg,0.3134765625
8,4,exp_a1/56_sq\fg_0000ff_bg_ffffff.jpg,0.309326171875
9,10,exp_a1/56_sq\fg_00ffff_bg_ffffff.jpg,0.29931640625
10,7,exp_a1/56_sq\fg_00ff00_bg_ffffff.jpg,0.29541015625
11,12,exp_a1/56_sq\fg_888888_bg_ffffff.jpg,0.291259765625
12,15,exp_a1/56_sq\fg_921e3e_bg_ffffff.jpg,0.28564453125
13,18,exp_a1/56_sq\fg_ff0000_bg_ffffff.jpg,0.277587890625
14,17,exp_a1/56_sq\fg_ff0000_bg_888888.jpg,0.267822265625
15,11,exp_a1/56_sq\fg_888888_bg_000000.jpg,0.2237548828125
16,13,exp_a1/56_sq\fg_921e3e_bg_000000.jpg,0.2220458984375
17,23,exp_a1/56_sq\fg_ffffff_bg_888888.jpg,0.21826171875
18,22,exp_a1/56_sq\fg_ffffff_bg_000000.jpg,0.18798828125
19,19,exp_a1/56_sq\fg_ffff00_bg_000000.jpg,0.18505859375
20,16,exp_a1/56_sq\fg_ff0000_bg_000000.jpg,0.183349609375
21,8,exp_a1/56_sq\fg_00ffff_bg_000000.jpg,0.18212890625
22,5,exp_a1/56_sq\fg_00ff00_bg_000000.jpg,0.1771240234375
23,2,exp_a1/56_sq\fg_0000ff_bg_000000.jpg,0.1761474609375
0,4,exp_a1/colors\bg_888888.jpg,0.3857421875
1,8,exp_a1/colors\bg_ffffff.png,0.28515625
2,7,exp_a1/colors\bg_ffff00.jpg,0.27880859375
3,6,exp_a1/colors\bg_ff0000.jpg,0.2408447265625
4,2,exp_a1/colors\bg_00ff00.jpg,0.224853515625
5,3,exp_a1/colors\bg_00ffff.jpg,0.224609375
6,1,exp_a1/colors\bg_0000ff.jpg,0.220458984375
7,5,exp_a1/colors\bg_921e3e.jpg,0.207763671875
8,0,exp_a1/colors\bg_000000.jpg,0.1644287109375
