,Unnamed: 0,filepaths,similarity
0,20,exp_a1/112_sq\fg_ffff00_bg_888888.jpg,0.306884765625
1,17,exp_a1/112_sq\fg_ff0000_bg_888888.jpg,0.300537109375
2,23,exp_a1/112_sq\fg_ffffff_bg_888888.jpg,0.29833984375
3,21,exp_a1/112_sq\fg_ffff00_bg_ffffff.jpg,0.298095703125
4,3,exp_a1/112_sq\fg_0000ff_bg_888888.jpg,0.297607421875
5,9,exp_a1/112_sq\fg_00ffff_bg_888888.jpg,0.29736328125
6,18,exp_a1/112_sq\fg_ff0000_bg_ffffff.jpg,0.296875
7,10,exp_a1/112_sq\fg_00ffff_bg_ffffff.jpg,0.295654296875
8,4,exp_a1/112_sq\fg_0000ff_bg_ffffff.jpg,0.294921875
9,14,exp_a1/112_sq\fg_921e3e_bg_888888.jpg,0.294921875
10,7,exp_a1/112_sq\fg_00ff00_bg_ffffff.jpg,0.294189453125
11,15,exp_a1/112_sq\fg_921e3e_bg_ffffff.jpg,0.291259765625
12,6,exp_a1/112_sq\fg_00ff00_bg_888888.jpg,0.290283203125
13,16,exp_a1/112_sq\fg_ff0000_bg_000000.jpg,0.28271484375
14,1,exp_a1/112_sq\fg_000000_bg_ffffff.jpg,0.281982421875
15,22,exp_a1/112_sq\fg_ffffff_bg_000000.jpg,0.279052734375
16,8,exp_a1/112_sq\fg_00ffff_bg_000000.jpg,0.2734375
17,2,exp_a1/112_sq\fg_0000ff_bg_000000.jpg,0.2734375
18,5,exp_a1/112_sq\fg_00ff00_bg_000000.jpg,0.27294921875
19,19,exp_a1/112_sq\fg_ffff00_bg_000000.jpg,0.272216796875
20,13,exp_a1/112_sq\fg_921e3e_bg_000000.jpg,0.271484375
21,12,exp_a1/112_sq\fg_888888_bg_ffffff.jpg,0.27001953125
22,0,exp_a1/112_sq\fg_000000_bg_888888.jpg,0.265625
23,11,exp_a1/112_sq\fg_888888_bg_000000.jpg,0.26416015625
0,18,exp_a1/12_sq\fg_ff0000_bg_ffffff.jpg,0.298095703125
1,10,exp_a1/12_sq\fg_00ffff_bg_ffffff.jpg,0.295654296875
2,1,exp_a1/12_sq\fg_000000_bg_ffffff.jpg,0.29296875
3,12,exp_a1/12_sq\fg_888888_bg_ffffff.jpg,0.2890625
4,7,exp_a1/12_sq\fg_00ff00_bg_ffffff.jpg,0.2890625
5,15,exp_a1/12_sq\fg_921e3e_bg_ffffff.jpg,0.287109375
6,21,exp_a1/12_sq\fg_ffff00_bg_ffffff.jpg,0.286865234375
7,23,exp_a1/12_sq\fg_ffffff_bg_888888.jpg,0.2861328125
8,4,exp_a1/12_sq\fg_0000ff_bg_ffffff.jpg,0.283203125
9,9,exp_a1/12_sq\fg_00ffff_bg_888888.jpg,0.2822265625
10,22,exp_a1/12_sq\fg_ffffff_bg_000000.jpg,0.28076171875
11,0,exp_a1/12_sq\fg_000000_bg_888888.jpg,0.27978515625
12,17,exp_a1/12_sq\fg_ff0000_bg_888888.jpg,0.2783203125
13,3,exp_a1/12_sq\fg_0000ff_bg_888888.jpg,0.27783203125
14,8,exp_a1/12_sq\fg_00ffff_bg_000000.jpg,0.277099609375
15,5,exp_a1/12_sq\fg_00ff00_bg_000000.jpg,0.275390625
16,2,exp_a1/12_sq\fg_0000ff_bg_000000.jpg,0.275146484375
17,14,exp_a1/12_sq\fg_921e3e_bg_888888.jpg,0.27490234375
18,11,exp_a1/12_sq\fg_888888_bg_000000.jpg,0.273681640625
19,13,exp_a1/12_sq\fg_921e3e_bg_000000.jpg,0.273193359375
20,16,exp_a1/12_sq\fg_ff0000_bg_000000.jpg,0.27294921875
21,19,exp_a1/12_sq\fg_ffff00_bg_000000.jpg,0.270751953125
22,20,exp_a1/12_sq\fg_ffff00_bg_888888.jpg,0.270263671875
23,6,exp_a1/12_sq\fg_00ff00_bg_888888.jpg,0.26220703125
0,20,exp_a1/148_sq\fg_ffff00_bg_888888.jpg,0.29345703125
1,18,exp_a1/148_sq\fg_ff0000_bg_ffffff.jpg,0.293212890625
2,21,exp_a1/148_sq\fg_ffff00_bg_ffffff.jpg,0.293212890625
3,23,exp_a1/148_sq\fg_ffffff_bg_888888.jpg,0.292724609375
4,10,exp_a1/148_sq\fg_00ffff_bg_ffffff.jpg,0.292724609375
5,16,exp_a1/148_sq\fg_ff0000_bg_000000.jpg,0.291259765625
6,7,exp_a1/148_sq\fg_00ff00_bg_ffffff.jpg,0.290771484375
7,4,exp_a1/148_sq\fg_0000ff_bg_ffffff.jpg,0.289306640625
8,15,exp_a1/148_sq\fg_921e3e_bg_ffffff.jpg,0.2880859375
9,9,exp_a1/148_sq\fg_00ffff_bg_888888.jpg,0.287841796875
10,17,exp_a1/148_sq\fg_ff0000_bg_888888.jpg,0.285400390625
11,22,exp_a1/148_sq\fg_ffffff_bg_000000.jpg,0.28466796875
12,19,exp_a1/148_sq\fg_ffff00_bg_000000.jpg,0.2841796875
13,3,exp_a1/148_sq\fg_0000ff_bg_888888.jpg,0.28369140625
14,14,exp_a1/148_sq\fg_921e3e_bg_888888.jpg,0.283447265625
15,8,exp_a1/148_sq\fg_00ffff_bg_000000.jpg,0.283203125
16,2,exp_a1/148_sq\fg_0000ff_bg_000000.jpg,0.282470703125
17,1,exp_a1/148_sq\fg_000000_bg_ffffff.jpg,0.281982421875
18,5,exp_a1/148_sq\fg_00ff00_bg_000000.jpg,0.27880859375
19,13,exp_a1/148_sq\fg_921e3e_bg_000000.jpg,0.276123046875
20,0,exp_a1/148_sq\fg_000000_bg_888888.jpg,0.27099609375
21,12,exp_a1/148_sq\fg_888888_bg_ffffff.jpg,0.266357421875
22,11,exp_a1/148_sq\fg_888888_bg_000000.jpg,0.26611328125
23,6,exp_a1/148_sq\fg_00ff00_bg_888888.jpg,0.2498779296875
0,5,exp_a1/200_sq\fg_00ff00_bg_000000.jpg,0.29345703125
1,10,exp_a1/200_sq\fg_00ffff_bg_ffffff.jpg,0.291748046875
2,21,exp_a1/200_sq\fg_ffff00_bg_ffffff.jpg,0.291748046875
3,16,exp_a1/200_sq\fg_ff0000_bg_000000.jpg,0.29150390625
4,9,exp_a1/200_sq\fg_00ffff_bg_888888.jpg,0.291015625
5,17,exp_a1/200_sq\fg_ff0000_bg_888888.jpg,0.289306640625
6,8,exp_a1/200_sq\fg_00ffff_bg_000000.jpg,0.2880859375
7,19,exp_a1/200_sq\fg_ffff00_bg_000000.jpg,0.287353515625
8,7,exp_a1/200_sq\fg_00ff00_bg_ffffff.jpg,0.2861328125
9,20,exp_a1/200_sq\fg_ffff00_bg_888888.jpg,0.285400390625
10,4,exp_a1/200_sq\fg_0000ff_bg_ffffff.jpg,0.28466796875
11,3,exp_a1/200_sq\fg_0000ff_bg_888888.jpg,0.281005859375
12,22,exp_a1/200_sq\fg_ffffff_bg_000000.jpg,0.27978515625
13,18,exp_a1/200_sq\fg_ff0000_bg_ffffff.jpg,0.279541015625
14,13,exp_a1/200_sq\fg_921e3e_bg_000000.jpg,0.27880859375
15,2,exp_a1/200_sq\fg_0000ff_bg_000000.jpg,0.277587890625
16,6,exp_a1/200_sq\fg_00ff00_bg_888888.jpg,0.275146484375
17,1,exp_a1/200_sq\fg_000000_bg_ffffff.jpg,0.275146484375
18,14,exp_a1/200_sq\fg_921e3e_bg_888888.jpg,0.27490234375
19,15,exp_a1/200_sq\fg_921e3e_bg_ffffff.jpg,0.2744140625
20,23,exp_a1/200_sq\fg_ffffff_bg_888888.jpg,0.2744140625
21,0,exp_a1/200_sq\fg_000000_bg_888888.jpg,0.2705078125
22,12,exp_a1/200_sq\fg_888888_bg_ffffff.jpg,0.24658203125
23,11,exp_a1/200_sq\fg_888888_bg_000000.jpg,0.22705078125
0,12,exp_a1/4_sq\fg_888888_bg_ffffff.jpg,0.282958984375
1,1,exp_a1/4_sq\fg_000000_bg_ffffff.jpg,0.282958984375
2,18,exp_a1/4_sq\fg_ff0000_bg_ffffff.jpg,0.282470703125
3,10,exp_a1/4_sq\fg_00ffff_bg_ffffff.jpg,0.281494140625
4,15,exp_a1/4_sq\fg_921e3e_bg_ffffff.jpg,0.279541015625
5,4,exp_a1/4_sq\fg_0000ff_bg_ffffff.jpg,0.27783203125
6,7,exp_a1/4_sq\fg_00ff00_bg_ffffff.jpg,0.27783203125
7,21,exp_a1/4_sq\fg_ffff00_bg_ffffff.jpg,0.275634765625
8,23,exp_a1/4_sq\fg_ffffff_bg_888888.jpg,0.269775390625
9,0,exp_a1/4_sq\fg_000000_bg_888888.jpg,0.269287109375
10,11,exp_a1/4_sq\fg_888888_bg_000000.jpg,0.267822265625
11,13,exp_a1/4_sq\fg_921e3e_bg_000000.jpg,0.267822265625
12,19,exp_a1/4_sq\fg_ffff00_bg_000000.jpg,0.26708984375
13,8,exp_a1/4_sq\fg_00ffff_bg_000000.jpg,0.2666015625
14,22,exp_a1/4_sq\fg_ffffff_bg_000000.jpg,0.26611328125
15,5,exp_a1/4_sq\fg_00ff00_bg_000000.jpg,0.265625
16,2,exp_a1/4_sq\fg_0000ff_bg_000000.jpg,0.265625
17,16,exp_a1/4_sq\fg_ff0000_bg_000000.jpg,0.263916015625
18,9,exp_a1/4_sq\fg_00ffff_bg_888888.jpg,0.26318359375
19,3,exp_a1/4_sq\fg_0000ff_bg_888888.jpg,0.26220703125
20,14,exp_a1/4_sq\fg_921e3e_bg_888888.jpg,0.25732421875
21,20,exp_a1/4_sq\fg_ffff00_bg_888888.jpg,0.25244140625
22,6,exp_a1/4_sq\fg_00ff00_bg_888888.jpg,0.2486572265625
23,17,exp_a1/4_sq\fg_ff0000_bg_888888.jpg,0.242919921875
0,10,exp_a1/56_sq\fg_00ffff_bg_ffffff.jpg,0.299072265625
1,7,exp_a1/56_sq\fg_00ff00_bg_ffffff.jpg,0.295654296875
2,20,exp_a1/56_sq\fg_ffff00_bg_888888.jpg,0.293701171875
3,18,exp_a1/56_sq\fg_ff0000_bg_ffffff.jpg,0.292236328125
4,12,exp_a1/56_sq\fg_888888_bg_ffffff.jpg,0.28955078125
5,21,exp_a1/56_sq\fg_ffff00_bg_ffffff.jpg,0.289306640625
6,23,exp_a1/56_sq\fg_ffffff_bg_888888.jpg,0.28759765625
7,1,exp_a1/56_sq\fg_000000_bg_ffffff.jpg,0.28662109375
8,3,exp_a1/56_sq\fg_0000ff_bg_888888.jpg,0.2861328125
9,15,exp_a1/56_sq\fg_921e3e_bg_ffffff.jpg,0.285888671875
10,8,exp_a1/56_sq\fg_00ffff_bg_000000.jpg,0.284423828125
11,22,exp_a1/56_sq\fg_ffffff_bg_000000.jpg,0.283935546875
12,4,exp_a1/56_sq\fg_0000ff_bg_ffffff.jpg,0.28369140625
13,16,exp_a1/56_sq\fg_ff0000_bg_000000.jpg,0.281982421875
14,9,exp_a1/56_sq\fg_00ffff_bg_888888.jpg,0.281494140625
15,17,exp_a1/56_sq\fg_ff0000_bg_888888.jpg,0.28125
16,5,exp_a1/56_sq\fg_00ff00_bg_000000.jpg,0.281005859375
17,14,exp_a1/56_sq\fg_921e3e_bg_888888.jpg,0.280517578125
18,6,exp_a1/56_sq\fg_00ff00_bg_888888.jpg,0.27734375
19,19,exp_a1/56_sq\fg_ffff00_bg_000000.jpg,0.275390625
20,2,exp_a1/56_sq\fg_0000ff_bg_000000.jpg,0.273193359375
21,11,exp_a1/56_sq\fg_888888_bg_000000.jpg,0.273193359375
22,13,exp_a1/56_sq\fg_921e3e_bg_000000.jpg,0.2705078125
23,0,exp_a1/56_sq\fg_000000_bg_888888.jpg,0.267822265625
0,8,exp_a1/colors\bg_ffffff.png,0.278564453125
1,6,exp_a1/colors\bg_ff0000.jpg,0.267822265625
2,0,exp_a1/colors\bg_000000.jpg,0.2666015625
3,1,exp_a1/colors\bg_0000ff.jpg,0.265380859375
4,5,exp_a1/colors\bg_921e3e.jpg,0.264404296875
5,3,exp_a1/colors\bg_00ffff.jpg,0.26025390625
6,2,exp_a1/colors\bg_00ff00.jpg,0.253662109375
7,7,exp_a1/colors\bg_ffff00.jpg,0.25341796875
8,4,exp_a1/colors\bg_888888.jpg,0.233154296875
