,Unnamed: 0,filepaths,similarity
0,20,exp_a1/112_sq\fg_ffff00_bg_888888.jpg,0.288330078125
1,16,exp_a1/112_sq\fg_ff0000_bg_000000.jpg,0.2880859375
2,7,exp_a1/112_sq\fg_00ff00_bg_ffffff.jpg,0.2880859375
3,14,exp_a1/112_sq\fg_921e3e_bg_888888.jpg,0.28564453125
4,17,exp_a1/112_sq\fg_ff0000_bg_888888.jpg,0.285400390625
5,21,exp_a1/112_sq\fg_ffff00_bg_ffffff.jpg,0.28466796875
6,4,exp_a1/112_sq\fg_0000ff_bg_ffffff.jpg,0.284423828125
7,9,exp_a1/112_sq\fg_00ffff_bg_888888.jpg,0.282958984375
8,15,exp_a1/112_sq\fg_921e3e_bg_ffffff.jpg,0.28271484375
9,8,exp_a1/112_sq\fg_00ffff_bg_000000.jpg,0.282470703125
10,5,exp_a1/112_sq\fg_00ff00_bg_000000.jpg,0.281982421875
11,1,exp_a1/112_sq\fg_000000_bg_ffffff.jpg,0.281494140625
12,22,exp_a1/112_sq\fg_ffffff_bg_000000.jpg,0.280517578125
13,18,exp_a1/112_sq\fg_ff0000_bg_ffffff.jpg,0.279296875
14,23,exp_a1/112_sq\fg_ffffff_bg_888888.jpg,0.279052734375
15,2,exp_a1/112_sq\fg_0000ff_bg_000000.jpg,0.27880859375
16,10,exp_a1/112_sq\fg_00ffff_bg_ffffff.jpg,0.278564453125
17,6,exp_a1/112_sq\fg_00ff00_bg_888888.jpg,0.27685546875
18,3,exp_a1/112_sq\fg_0000ff_bg_888888.jpg,0.27587890625
19,19,exp_a1/112_sq\fg_ffff00_bg_000000.jpg,0.274658203125
20,13,exp_a1/112_sq\fg_921e3e_bg_000000.jpg,0.268798828125
21,0,exp_a1/112_sq\fg_000000_bg_888888.jpg,0.26708984375
22,11,exp_a1/112_sq\fg_888888_bg_000000.jpg,0.26416015625
23,12,exp_a1/112_sq\fg_888888_bg_ffffff.jpg,0.254150390625
0,18,exp_a1/12_sq\fg_ff0000_bg_ffffff.jpg,0.28515625
1,23,exp_a1/12_sq\fg_ffffff_bg_888888.jpg,0.283203125
2,17,exp_a1/12_sq\fg_ff0000_bg_888888.jpg,0.281494140625
3,3,exp_a1/12_sq\fg_0000ff_bg_888888.jpg,0.279541015625
4,21,exp_a1/12_sq\fg_ffff00_bg_ffffff.jpg,0.278564453125
5,0,exp_a1/12_sq\fg_000000_bg_888888.jpg,0.278564453125
6,20,exp_a1/12_sq\fg_ffff00_bg_888888.jpg,0.277587890625
7,7,exp_a1/12_sq\fg_00ff00_bg_ffffff.jpg,0.277587890625
8,14,exp_a1/12_sq\fg_921e3e_bg_888888.jpg,0.277099609375
9,4,exp_a1/12_sq\fg_0000ff_bg_ffffff.jpg,0.275146484375
10,15,exp_a1/12_sq\fg_921e3e_bg_ffffff.jpg,0.27490234375
11,1,exp_a1/12_sq\fg_000000_bg_ffffff.jpg,0.2744140625
12,9,exp_a1/12_sq\fg_00ffff_bg_888888.jpg,0.274169921875
13,12,exp_a1/12_sq\fg_888888_bg_ffffff.jpg,0.271728515625
14,10,exp_a1/12_sq\fg_00ffff_bg_ffffff.jpg,0.271484375
15,6,exp_a1/12_sq\fg_00ff00_bg_888888.jpg,0.27001953125
16,22,exp_a1/12_sq\fg_ffffff_bg_000000.jpg,0.26708984375
17,16,exp_a1/12_sq\fg_ff0000_bg_000000.jpg,0.265380859375
18,2,exp_a1/12_sq\fg_0000ff_bg_000000.jpg,0.264892578125
19,5,exp_a1/12_sq\fg_00ff00_bg_000000.jpg,0.264404296875
20,8,exp_a1/12_sq\fg_00ffff_bg_000000.jpg,0.263916015625
21,11,exp_a1/12_sq\fg_888888_bg_000000.jpg,0.26123046875
22,19,exp_a1/12_sq\fg_ffff00_bg_000000.jpg,0.26025390625
23,13,exp_a1/12_sq\fg_921e3e_bg_000000.jpg,0.259521484375
0,2,exp_a1/148_sq\fg_0000ff_bg_000000.jpg,0.291748046875
1,5,exp_a1/148_sq\fg_00ff00_bg_000000.jpg,0.29150390625
2,8,exp_a1/148_sq\fg_00ffff_bg_000000.jpg,0.291015625
3,19,exp_a1/148_sq\fg_ffff00_bg_000000.jpg,0.28857421875
4,20,exp_a1/148_sq\fg_ffff00_bg_888888.jpg,0.286865234375
5,16,exp_a1/148_sq\fg_ff0000_bg_000000.jpg,0.2841796875
6,1,exp_a1/148_sq\fg_000000_bg_ffffff.jpg,0.283935546875
7,21,exp_a1/148_sq\fg_ffff00_bg_ffffff.jpg,0.2822265625
8,22,exp_a1/148_sq\fg_ffffff_bg_000000.jpg,0.281982421875
9,7,exp_a1/148_sq\fg_00ff00_bg_ffffff.jpg,0.281494140625
10,10,exp_a1/148_sq\fg_00ffff_bg_ffffff.jpg,0.2802734375
11,15,exp_a1/148_sq\fg_921e3e_bg_ffffff.jpg,0.280029296875
12,4,exp_a1/148_sq\fg_0000ff_bg_ffffff.jpg,0.279296875
13,18,exp_a1/148_sq\fg_ff0000_bg_ffffff.jpg,0.279296875
14,14,exp_a1/148_sq\fg_921e3e_bg_888888.jpg,0.2783203125
15,23,exp_a1/148_sq\fg_ffffff_bg_888888.jpg,0.277099609375
16,13,exp_a1/148_sq\fg_921e3e_bg_000000.jpg,0.276611328125
17,17,exp_a1/148_sq\fg_ff0000_bg_888888.jpg,0.275390625
18,3,exp_a1/148_sq\fg_0000ff_bg_888888.jpg,0.275146484375
19,9,exp_a1/148_sq\fg_00ffff_bg_888888.jpg,0.271240234375
20,0,exp_a1/148_sq\fg_000000_bg_888888.jpg,0.26953125
21,11,exp_a1/148_sq\fg_888888_bg_000000.jpg,0.26513671875
22,12,exp_a1/148_sq\fg_888888_bg_ffffff.jpg,0.25
23,6,exp_a1/148_sq\fg_00ff00_bg_888888.jpg,0.244140625
0,5,exp_a1/200_sq\fg_00ff00_bg_000000.jpg,0.292236328125
1,16,exp_a1/200_sq\fg_ff0000_bg_000000.jpg,0.290771484375
2,2,exp_a1/200_sq\fg_0000ff_bg_000000.jpg,0.279296875
3,8,exp_a1/200_sq\fg_00ffff_bg_000000.jpg,0.279296875
4,17,exp_a1/200_sq\fg_ff0000_bg_888888.jpg,0.27783203125
5,7,exp_a1/200_sq\fg_00ff00_bg_ffffff.jpg,0.27783203125
6,19,exp_a1/200_sq\fg_ffff00_bg_000000.jpg,0.27734375
7,13,exp_a1/200_sq\fg_921e3e_bg_000000.jpg,0.277099609375
8,1,exp_a1/200_sq\fg_000000_bg_ffffff.jpg,0.27587890625
9,22,exp_a1/200_sq\fg_ffffff_bg_000000.jpg,0.27392578125
10,21,exp_a1/200_sq\fg_ffff00_bg_ffffff.jpg,0.273193359375
11,4,exp_a1/200_sq\fg_0000ff_bg_ffffff.jpg,0.27294921875
12,10,exp_a1/200_sq\fg_00ffff_bg_ffffff.jpg,0.2724609375
13,20,exp_a1/200_sq\fg_ffff00_bg_888888.jpg,0.27197265625
14,6,exp_a1/200_sq\fg_00ff00_bg_888888.jpg,0.2685546875
15,3,exp_a1/200_sq\fg_0000ff_bg_888888.jpg,0.26806640625
16,9,exp_a1/200_sq\fg_00ffff_bg_888888.jpg,0.2666015625
17,0,exp_a1/200_sq\fg_000000_bg_888888.jpg,0.266357421875
18,14,exp_a1/200_sq\fg_921e3e_bg_888888.jpg,0.2646484375
19,18,exp_a1/200_sq\fg_ff0000_bg_ffffff.jpg,0.2646484375
20,23,exp_a1/200_sq\fg_ffffff_bg_888888.jpg,0.25927734375
21,15,exp_a1/200_sq\fg_921e3e_bg_ffffff.jpg,0.2568359375
22,12,exp_a1/200_sq\fg_888888_bg_ffffff.jpg,0.2403564453125
23,11,exp_a1/200_sq\fg_888888_bg_000000.jpg,0.239501953125
0,4,exp_a1/4_sq\fg_0000ff_bg_ffffff.jpg,0.27294921875
1,7,exp_a1/4_sq\fg_00ff00_bg_ffffff.jpg,0.271484375
2,12,exp_a1/4_sq\fg_888888_bg_ffffff.jpg,0.266845703125
3,10,exp_a1/4_sq\fg_00ffff_bg_ffffff.jpg,0.266845703125
4,18,exp_a1/4_sq\fg_ff0000_bg_ffffff.jpg,0.26611328125
5,1,exp_a1/4_sq\fg_000000_bg_ffffff.jpg,0.265869140625
6,15,exp_a1/4_sq\fg_921e3e_bg_ffffff.jpg,0.265625
7,21,exp_a1/4_sq\fg_ffff00_bg_ffffff.jpg,0.2646484375
8,20,exp_a1/4_sq\fg_ffff00_bg_888888.jpg,0.263427734375
9,11,exp_a1/4_sq\fg_888888_bg_000000.jpg,0.255859375
10,13,exp_a1/4_sq\fg_921e3e_bg_000000.jpg,0.25537109375
11,22,exp_a1/4_sq\fg_ffffff_bg_000000.jpg,0.25537109375
12,3,exp_a1/4_sq\fg_0000ff_bg_888888.jpg,0.254150390625
13,0,exp_a1/4_sq\fg_000000_bg_888888.jpg,0.253173828125
14,14,exp_a1/4_sq\fg_921e3e_bg_888888.jpg,0.252685546875
15,19,exp_a1/4_sq\fg_ffff00_bg_000000.jpg,0.252197265625
16,2,exp_a1/4_sq\fg_0000ff_bg_000000.jpg,0.252197265625
17,17,exp_a1/4_sq\fg_ff0000_bg_888888.jpg,0.251953125
18,5,exp_a1/4_sq\fg_00ff00_bg_000000.jpg,0.25146484375
19,16,exp_a1/4_sq\fg_ff0000_bg_000000.jpg,0.251220703125
20,9,exp_a1/4_sq\fg_00ffff_bg_888888.jpg,0.2509765625
21,8,exp_a1/4_sq\fg_00ffff_bg_000000.jpg,0.250732421875
22,6,exp_a1/4_sq\fg_00ff00_bg_888888.jpg,0.25048828125
23,23,exp_a1/4_sq\fg_ffffff_bg_888888.jpg,0.24267578125
0,10,exp_a1/56_sq\fg_00ffff_bg_ffffff.jpg,0.28564453125
1,16,exp_a1/56_sq\fg_ff0000_bg_000000.jpg,0.28271484375
2,8,exp_a1/56_sq\fg_00ffff_bg_000000.jpg,0.281494140625
3,7,exp_a1/56_sq\fg_00ff00_bg_ffffff.jpg,0.280517578125
4,5,exp_a1/56_sq\fg_00ff00_bg_000000.jpg,0.2802734375
5,20,exp_a1/56_sq\fg_ffff00_bg_888888.jpg,0.27783203125
6,21,exp_a1/56_sq\fg_ffff00_bg_ffffff.jpg,0.27783203125
7,18,exp_a1/56_sq\fg_ff0000_bg_ffffff.jpg,0.27734375
8,15,exp_a1/56_sq\fg_921e3e_bg_ffffff.jpg,0.27587890625
9,22,exp_a1/56_sq\fg_ffffff_bg_000000.jpg,0.27587890625
10,19,exp_a1/56_sq\fg_ffff00_bg_000000.jpg,0.274658203125
11,11,exp_a1/56_sq\fg_888888_bg_000000.jpg,0.271484375
12,2,exp_a1/56_sq\fg_0000ff_bg_000000.jpg,0.27099609375
13,23,exp_a1/56_sq\fg_ffffff_bg_888888.jpg,0.27001953125
14,1,exp_a1/56_sq\fg_000000_bg_ffffff.jpg,0.269775390625
15,14,exp_a1/56_sq\fg_921e3e_bg_888888.jpg,0.26904296875
16,4,exp_a1/56_sq\fg_0000ff_bg_ffffff.jpg,0.26806640625
17,3,exp_a1/56_sq\fg_0000ff_bg_888888.jpg,0.26513671875
18,6,exp_a1/56_sq\fg_00ff00_bg_888888.jpg,0.2646484375
19,12,exp_a1/56_sq\fg_888888_bg_ffffff.jpg,0.26416015625
20,13,exp_a1/56_sq\fg_921e3e_bg_000000.jpg,0.2626953125
21,9,exp_a1/56_sq\fg_00ffff_bg_888888.jpg,0.262451171875
22,17,exp_a1/56_sq\fg_ff0000_bg_888888.jpg,0.26123046875
23,0,exp_a1/56_sq\fg_000000_bg_888888.jpg,0.2607421875
0,8,exp_a1/colors\bg_ffffff.png,0.2685546875
1,5,exp_a1/colors\bg_921e3e.jpg,0.2587890625
2,1,exp_a1/colors\bg_0000ff.jpg,0.25732421875
3,6,exp_a1/colors\bg_ff0000.jpg,0.257080078125
4,0,exp_a1/colors\bg_000000.jpg,0.253173828125
5,3,exp_a1/colors\bg_00ffff.jpg,0.250244140625
6,2,exp_a1/colors\bg_00ff00.jpg,0.2481689453125
7,7,exp_a1/colors\bg_ffff00.jpg,0.24267578125
8,4,exp_a1/colors\bg_888888.jpg,0.2392578125
