,Unnamed: 0,filepaths,similarity
0,5,exp_a1/112_sq\fg_00ff00_bg_000000.jpg,0.256103515625
1,22,exp_a1/112_sq\fg_ffffff_bg_000000.jpg,0.2471923828125
2,13,exp_a1/112_sq\fg_921e3e_bg_000000.jpg,0.2462158203125
3,2,exp_a1/112_sq\fg_0000ff_bg_000000.jpg,0.245849609375
4,8,exp_a1/112_sq\fg_00ffff_bg_000000.jpg,0.2454833984375
5,19,exp_a1/112_sq\fg_ffff00_bg_000000.jpg,0.243408203125
6,1,exp_a1/112_sq\fg_000000_bg_ffffff.jpg,0.240966796875
7,16,exp_a1/112_sq\fg_ff0000_bg_000000.jpg,0.240478515625
8,3,exp_a1/112_sq\fg_0000ff_bg_888888.jpg,0.239013671875
9,7,exp_a1/112_sq\fg_00ff00_bg_ffffff.jpg,0.2388916015625
10,0,exp_a1/112_sq\fg_000000_bg_888888.jpg,0.2388916015625
11,10,exp_a1/112_sq\fg_00ffff_bg_ffffff.jpg,0.2386474609375
12,20,exp_a1/112_sq\fg_ffff00_bg_888888.jpg,0.2384033203125
13,14,exp_a1/112_sq\fg_921e3e_bg_888888.jpg,0.23828125
14,6,exp_a1/112_sq\fg_00ff00_bg_888888.jpg,0.2379150390625
15,11,exp_a1/112_sq\fg_888888_bg_000000.jpg,0.2369384765625
16,9,exp_a1/112_sq\fg_00ffff_bg_888888.jpg,0.23681640625
17,12,exp_a1/112_sq\fg_888888_bg_ffffff.jpg,0.2364501953125
18,23,exp_a1/112_sq\fg_ffffff_bg_888888.jpg,0.234619140625
19,4,exp_a1/112_sq\fg_0000ff_bg_ffffff.jpg,0.2335205078125
20,21,exp_a1/112_sq\fg_ffff00_bg_ffffff.jpg,0.23291015625
21,15,exp_a1/112_sq\fg_921e3e_bg_ffffff.jpg,0.231689453125
22,18,exp_a1/112_sq\fg_ff0000_bg_ffffff.jpg,0.2293701171875
23,17,exp_a1/112_sq\fg_ff0000_bg_888888.jpg,0.2193603515625
0,5,exp_a1/12_sq\fg_00ff00_bg_000000.jpg,0.260498046875
1,7,exp_a1/12_sq\fg_00ff00_bg_ffffff.jpg,0.260498046875
2,6,exp_a1/12_sq\fg_00ff00_bg_888888.jpg,0.2529296875
3,11,exp_a1/12_sq\fg_888888_bg_000000.jpg,0.25244140625
4,2,exp_a1/12_sq\fg_0000ff_bg_000000.jpg,0.25146484375
5,13,exp_a1/12_sq\fg_921e3e_bg_000000.jpg,0.25146484375
6,1,exp_a1/12_sq\fg_000000_bg_ffffff.jpg,0.2489013671875
7,22,exp_a1/12_sq\fg_ffffff_bg_000000.jpg,0.2489013671875
8,4,exp_a1/12_sq\fg_0000ff_bg_ffffff.jpg,0.2484130859375
9,19,exp_a1/12_sq\fg_ffff00_bg_000000.jpg,0.2484130859375
10,18,exp_a1/12_sq\fg_ff0000_bg_ffffff.jpg,0.24755859375
11,12,exp_a1/12_sq\fg_888888_bg_ffffff.jpg,0.2474365234375
12,23,exp_a1/12_sq\fg_ffffff_bg_888888.jpg,0.2469482421875
13,10,exp_a1/12_sq\fg_00ffff_bg_ffffff.jpg,0.2469482421875
14,8,exp_a1/12_sq\fg_00ffff_bg_000000.jpg,0.2464599609375
15,21,exp_a1/12_sq\fg_ffff00_bg_ffffff.jpg,0.24365234375
16,15,exp_a1/12_sq\fg_921e3e_bg_ffffff.jpg,0.2432861328125
17,16,exp_a1/12_sq\fg_ff0000_bg_000000.jpg,0.2427978515625
18,9,exp_a1/12_sq\fg_00ffff_bg_888888.jpg,0.2413330078125
19,20,exp_a1/12_sq\fg_ffff00_bg_888888.jpg,0.2398681640625
20,3,exp_a1/12_sq\fg_0000ff_bg_888888.jpg,0.237548828125
21,14,exp_a1/12_sq\fg_921e3e_bg_888888.jpg,0.23583984375
22,0,exp_a1/12_sq\fg_000000_bg_888888.jpg,0.23583984375
23,17,exp_a1/12_sq\fg_ff0000_bg_888888.jpg,0.2344970703125
0,5,exp_a1/148_sq\fg_00ff00_bg_000000.jpg,0.249267578125
1,2,exp_a1/148_sq\fg_0000ff_bg_000000.jpg,0.24267578125
2,22,exp_a1/148_sq\fg_ffffff_bg_000000.jpg,0.2425537109375
3,13,exp_a1/148_sq\fg_921e3e_bg_000000.jpg,0.241943359375
4,8,exp_a1/148_sq\fg_00ffff_bg_000000.jpg,0.241943359375
5,1,exp_a1/148_sq\fg_000000_bg_ffffff.jpg,0.2412109375
6,0,exp_a1/148_sq\fg_000000_bg_888888.jpg,0.239990234375
7,19,exp_a1/148_sq\fg_ffff00_bg_000000.jpg,0.2388916015625
8,7,exp_a1/148_sq\fg_00ff00_bg_ffffff.jpg,0.236572265625
9,23,exp_a1/148_sq\fg_ffffff_bg_888888.jpg,0.23583984375
10,15,exp_a1/148_sq\fg_921e3e_bg_ffffff.jpg,0.234375
11,20,exp_a1/148_sq\fg_ffff00_bg_888888.jpg,0.234130859375
12,11,exp_a1/148_sq\fg_888888_bg_000000.jpg,0.23388671875
13,4,exp_a1/148_sq\fg_0000ff_bg_ffffff.jpg,0.2333984375
14,3,exp_a1/148_sq\fg_0000ff_bg_888888.jpg,0.2330322265625
15,21,exp_a1/148_sq\fg_ffff00_bg_ffffff.jpg,0.232666015625
16,16,exp_a1/148_sq\fg_ff0000_bg_000000.jpg,0.2320556640625
17,14,exp_a1/148_sq\fg_921e3e_bg_888888.jpg,0.2315673828125
18,10,exp_a1/148_sq\fg_00ffff_bg_ffffff.jpg,0.23046875
19,12,exp_a1/148_sq\fg_888888_bg_ffffff.jpg,0.2293701171875
20,18,exp_a1/148_sq\fg_ff0000_bg_ffffff.jpg,0.2254638671875
21,9,exp_a1/148_sq\fg_00ffff_bg_888888.jpg,0.2218017578125
22,17,exp_a1/148_sq\fg_ff0000_bg_888888.jpg,0.2161865234375
23,6,exp_a1/148_sq\fg_00ff00_bg_888888.jpg,0.2052001953125
0,7,exp_a1/200_sq\fg_00ff00_bg_ffffff.jpg,0.2548828125
1,6,exp_a1/200_sq\fg_00ff00_bg_888888.jpg,0.254150390625
2,5,exp_a1/200_sq\fg_00ff00_bg_000000.jpg,0.251220703125
3,22,exp_a1/200_sq\fg_ffffff_bg_000000.jpg,0.2496337890625
4,0,exp_a1/200_sq\fg_000000_bg_888888.jpg,0.2491455078125
5,1,exp_a1/200_sq\fg_000000_bg_ffffff.jpg,0.2449951171875
6,13,exp_a1/200_sq\fg_921e3e_bg_000000.jpg,0.244384765625
7,23,exp_a1/200_sq\fg_ffffff_bg_888888.jpg,0.2413330078125
8,8,exp_a1/200_sq\fg_00ffff_bg_000000.jpg,0.2408447265625
9,4,exp_a1/200_sq\fg_0000ff_bg_ffffff.jpg,0.237548828125
10,2,exp_a1/200_sq\fg_0000ff_bg_000000.jpg,0.2371826171875
11,3,exp_a1/200_sq\fg_0000ff_bg_888888.jpg,0.2359619140625
12,19,exp_a1/200_sq\fg_ffff00_bg_000000.jpg,0.235107421875
13,21,exp_a1/200_sq\fg_ffff00_bg_ffffff.jpg,0.2344970703125
14,10,exp_a1/200_sq\fg_00ffff_bg_ffffff.jpg,0.233642578125
15,9,exp_a1/200_sq\fg_00ffff_bg_888888.jpg,0.2335205078125
16,20,exp_a1/200_sq\fg_ffff00_bg_888888.jpg,0.2327880859375
17,15,exp_a1/200_sq\fg_921e3e_bg_ffffff.jpg,0.231689453125
18,17,exp_a1/200_sq\fg_ff0000_bg_888888.jpg,0.2293701171875
19,16,exp_a1/200_sq\fg_ff0000_bg_000000.jpg,0.227783203125
20,18,exp_a1/200_sq\fg_ff0000_bg_ffffff.jpg,0.227783203125
21,14,exp_a1/200_sq\fg_921e3e_bg_888888.jpg,0.22607421875
22,12,exp_a1/200_sq\fg_888888_bg_ffffff.jpg,0.224853515625
23,11,exp_a1/200_sq\fg_888888_bg_000000.jpg,0.2156982421875
0,7,exp_a1/4_sq\fg_00ff00_bg_ffffff.jpg,0.26318359375
1,5,exp_a1/4_sq\fg_00ff00_bg_000000.jpg,0.25830078125
2,18,exp_a1/4_sq\fg_ff0000_bg_ffffff.jpg,0.256591796875
3,6,exp_a1/4_sq\fg_00ff00_bg_888888.jpg,0.25634765625
4,13,exp_a1/4_sq\fg_921e3e_bg_000000.jpg,0.255126953125
5,11,exp_a1/4_sq\fg_888888_bg_000000.jpg,0.254638671875
6,2,exp_a1/4_sq\fg_0000ff_bg_000000.jpg,0.25439453125
7,22,exp_a1/4_sq\fg_ffffff_bg_000000.jpg,0.25390625
8,19,exp_a1/4_sq\fg_ffff00_bg_000000.jpg,0.25390625
9,8,exp_a1/4_sq\fg_00ffff_bg_000000.jpg,0.253662109375
10,10,exp_a1/4_sq\fg_00ffff_bg_ffffff.jpg,0.2529296875
11,16,exp_a1/4_sq\fg_ff0000_bg_000000.jpg,0.2529296875
12,12,exp_a1/4_sq\fg_888888_bg_ffffff.jpg,0.250244140625
13,0,exp_a1/4_sq\fg_000000_bg_888888.jpg,0.2496337890625
14,15,exp_a1/4_sq\fg_921e3e_bg_ffffff.jpg,0.2491455078125
15,4,exp_a1/4_sq\fg_0000ff_bg_ffffff.jpg,0.248779296875
16,3,exp_a1/4_sq\fg_0000ff_bg_888888.jpg,0.2484130859375
17,17,exp_a1/4_sq\fg_ff0000_bg_888888.jpg,0.2481689453125
18,1,exp_a1/4_sq\fg_000000_bg_ffffff.jpg,0.2470703125
19,21,exp_a1/4_sq\fg_ffff00_bg_ffffff.jpg,0.24609375
20,20,exp_a1/4_sq\fg_ffff00_bg_888888.jpg,0.2425537109375
21,9,exp_a1/4_sq\fg_00ffff_bg_888888.jpg,0.242431640625
22,23,exp_a1/4_sq\fg_ffffff_bg_888888.jpg,0.2421875
23,14,exp_a1/4_sq\fg_921e3e_bg_888888.jpg,0.2420654296875
0,5,exp_a1/56_sq\fg_00ff00_bg_000000.jpg,0.261962890625
1,22,exp_a1/56_sq\fg_ffffff_bg_000000.jpg,0.25244140625
2,8,exp_a1/56_sq\fg_00ffff_bg_000000.jpg,0.25
3,7,exp_a1/56_sq\fg_00ff00_bg_ffffff.jpg,0.2496337890625
4,16,exp_a1/56_sq\fg_ff0000_bg_000000.jpg,0.247802734375
5,12,exp_a1/56_sq\fg_888888_bg_ffffff.jpg,0.246337890625
6,11,exp_a1/56_sq\fg_888888_bg_000000.jpg,0.24609375
7,14,exp_a1/56_sq\fg_921e3e_bg_888888.jpg,0.24609375
8,10,exp_a1/56_sq\fg_00ffff_bg_ffffff.jpg,0.2459716796875
9,13,exp_a1/56_sq\fg_921e3e_bg_000000.jpg,0.2452392578125
10,1,exp_a1/56_sq\fg_000000_bg_ffffff.jpg,0.243896484375
11,0,exp_a1/56_sq\fg_000000_bg_888888.jpg,0.2430419921875
12,3,exp_a1/56_sq\fg_0000ff_bg_888888.jpg,0.2430419921875
13,23,exp_a1/56_sq\fg_ffffff_bg_888888.jpg,0.2420654296875
14,19,exp_a1/56_sq\fg_ffff00_bg_000000.jpg,0.24169921875
15,2,exp_a1/56_sq\fg_0000ff_bg_000000.jpg,0.2415771484375
16,4,exp_a1/56_sq\fg_0000ff_bg_ffffff.jpg,0.241455078125
17,20,exp_a1/56_sq\fg_ffff00_bg_888888.jpg,0.240478515625
18,18,exp_a1/56_sq\fg_ff0000_bg_ffffff.jpg,0.239501953125
19,9,exp_a1/56_sq\fg_00ffff_bg_888888.jpg,0.2364501953125
20,6,exp_a1/56_sq\fg_00ff00_bg_888888.jpg,0.2347412109375
21,15,exp_a1/56_sq\fg_921e3e_bg_ffffff.jpg,0.2337646484375
22,21,exp_a1/56_sq\fg_ffff00_bg_ffffff.jpg,0.23193359375
23,17,exp_a1/56_sq\fg_ff0000_bg_888888.jpg,0.2208251953125
0,2,exp_a1/colors\bg_00ff00.jpg,0.2587890625
1,0,exp_a1/colors\bg_000000.jpg,0.253662109375
2,5,exp_a1/colors\bg_921e3e.jpg,0.2464599609375
3,8,exp_a1/colors\bg_ffffff.png,0.2452392578125
4,1,exp_a1/colors\bg_0000ff.jpg,0.2451171875
5,6,exp_a1/colors\bg_ff0000.jpg,0.2447509765625
6,3,exp_a1/colors\bg_00ffff.jpg,0.2403564453125
7,4,exp_a1/colors\bg_888888.jpg,0.2357177734375
8,7,exp_a1/colors\bg_ffff00.jpg,0.2265625
