,Unnamed: 0,filepaths,similarity
0,6,exp_a1/112_sq\fg_00ff00_bg_888888.jpg,0.394775390625
1,14,exp_a1/112_sq\fg_921e3e_bg_888888.jpg,0.358154296875
2,9,exp_a1/112_sq\fg_00ffff_bg_888888.jpg,0.344970703125
3,10,exp_a1/112_sq\fg_00ffff_bg_ffffff.jpg,0.325927734375
4,21,exp_a1/112_sq\fg_ffff00_bg_ffffff.jpg,0.3115234375
5,1,exp_a1/112_sq\fg_000000_bg_ffffff.jpg,0.305419921875
6,3,exp_a1/112_sq\fg_0000ff_bg_888888.jpg,0.30126953125
7,12,exp_a1/112_sq\fg_888888_bg_ffffff.jpg,0.29052734375
8,7,exp_a1/112_sq\fg_00ff00_bg_ffffff.jpg,0.28564453125
9,18,exp_a1/112_sq\fg_ff0000_bg_ffffff.jpg,0.28369140625
10,4,exp_a1/112_sq\fg_0000ff_bg_ffffff.jpg,0.2822265625
11,11,exp_a1/112_sq\fg_888888_bg_000000.jpg,0.270263671875
12,13,exp_a1/112_sq\fg_921e3e_bg_000000.jpg,0.26611328125
13,5,exp_a1/112_sq\fg_00ff00_bg_000000.jpg,0.261474609375
14,15,exp_a1/112_sq\fg_921e3e_bg_ffffff.jpg,0.25927734375
15,2,exp_a1/112_sq\fg_0000ff_bg_000000.jpg,0.240478515625
16,8,exp_a1/112_sq\fg_00ffff_bg_000000.jpg,0.236328125
17,19,exp_a1/112_sq\fg_ffff00_bg_000000.jpg,0.23046875
18,0,exp_a1/112_sq\fg_000000_bg_888888.jpg,0.2176513671875
19,20,exp_a1/112_sq\fg_ffff00_bg_888888.jpg,0.2174072265625
20,16,exp_a1/112_sq\fg_ff0000_bg_000000.jpg,0.20703125
21,22,exp_a1/112_sq\fg_ffffff_bg_000000.jpg,0.202392578125
22,23,exp_a1/112_sq\fg_ffffff_bg_888888.jpg,0.1884765625
23,17,exp_a1/112_sq\fg_ff0000_bg_888888.jpg,0.18603515625
0,23,exp_a1/12_sq\fg_ffffff_bg_888888.jpg,0.474609375
1,6,exp_a1/12_sq\fg_00ff00_bg_888888.jpg,0.47119140625
2,9,exp_a1/12_sq\fg_00ffff_bg_888888.jpg,0.469970703125
3,17,exp_a1/12_sq\fg_ff0000_bg_888888.jpg,0.46728515625
4,3,exp_a1/12_sq\fg_0000ff_bg_888888.jpg,0.464111328125
5,14,exp_a1/12_sq\fg_921e3e_bg_888888.jpg,0.4638671875
6,0,exp_a1/12_sq\fg_000000_bg_888888.jpg,0.46240234375
7,20,exp_a1/12_sq\fg_ffff00_bg_888888.jpg,0.454833984375
8,12,exp_a1/12_sq\fg_888888_bg_ffffff.jpg,0.29443359375
9,15,exp_a1/12_sq\fg_921e3e_bg_ffffff.jpg,0.2939453125
10,4,exp_a1/12_sq\fg_0000ff_bg_ffffff.jpg,0.29248046875
11,1,exp_a1/12_sq\fg_000000_bg_ffffff.jpg,0.291748046875
12,18,exp_a1/12_sq\fg_ff0000_bg_ffffff.jpg,0.291015625
13,10,exp_a1/12_sq\fg_00ffff_bg_ffffff.jpg,0.29052734375
14,21,exp_a1/12_sq\fg_ffff00_bg_ffffff.jpg,0.29052734375
15,7,exp_a1/12_sq\fg_00ff00_bg_ffffff.jpg,0.29052734375
16,22,exp_a1/12_sq\fg_ffffff_bg_000000.jpg,0.2027587890625
17,11,exp_a1/12_sq\fg_888888_bg_000000.jpg,0.202392578125
18,16,exp_a1/12_sq\fg_ff0000_bg_000000.jpg,0.2021484375
19,8,exp_a1/12_sq\fg_00ffff_bg_000000.jpg,0.2008056640625
20,19,exp_a1/12_sq\fg_ffff00_bg_000000.jpg,0.200439453125
21,5,exp_a1/12_sq\fg_00ff00_bg_000000.jpg,0.2001953125
22,13,exp_a1/12_sq\fg_921e3e_bg_000000.jpg,0.1998291015625
23,2,exp_a1/12_sq\fg_0000ff_bg_000000.jpg,0.198974609375
0,10,exp_a1/148_sq\fg_00ffff_bg_ffffff.jpg,0.341552734375
1,21,exp_a1/148_sq\fg_ffff00_bg_ffffff.jpg,0.333251953125
2,6,exp_a1/148_sq\fg_00ff00_bg_888888.jpg,0.3310546875
3,1,exp_a1/148_sq\fg_000000_bg_ffffff.jpg,0.319580078125
4,7,exp_a1/148_sq\fg_00ff00_bg_ffffff.jpg,0.302001953125
5,4,exp_a1/148_sq\fg_0000ff_bg_ffffff.jpg,0.300537109375
6,12,exp_a1/148_sq\fg_888888_bg_ffffff.jpg,0.2861328125
7,18,exp_a1/148_sq\fg_ff0000_bg_ffffff.jpg,0.278564453125
8,5,exp_a1/148_sq\fg_00ff00_bg_000000.jpg,0.27783203125
9,11,exp_a1/148_sq\fg_888888_bg_000000.jpg,0.26953125
10,2,exp_a1/148_sq\fg_0000ff_bg_000000.jpg,0.264404296875
11,13,exp_a1/148_sq\fg_921e3e_bg_000000.jpg,0.259521484375
12,19,exp_a1/148_sq\fg_ffff00_bg_000000.jpg,0.22802734375
13,8,exp_a1/148_sq\fg_00ffff_bg_000000.jpg,0.2220458984375
14,15,exp_a1/148_sq\fg_921e3e_bg_ffffff.jpg,0.2069091796875
15,9,exp_a1/148_sq\fg_00ffff_bg_888888.jpg,0.204833984375
16,14,exp_a1/148_sq\fg_921e3e_bg_888888.jpg,0.1888427734375
17,3,exp_a1/148_sq\fg_0000ff_bg_888888.jpg,0.180419921875
18,20,exp_a1/148_sq\fg_ffff00_bg_888888.jpg,0.1788330078125
19,0,exp_a1/148_sq\fg_000000_bg_888888.jpg,0.15869140625
20,22,exp_a1/148_sq\fg_ffffff_bg_000000.jpg,0.1583251953125
21,17,exp_a1/148_sq\fg_ff0000_bg_888888.jpg,0.15478515625
22,23,exp_a1/148_sq\fg_ffffff_bg_888888.jpg,0.1461181640625
23,16,exp_a1/148_sq\fg_ff0000_bg_000000.jpg,0.1290283203125
0,11,exp_a1/200_sq\fg_888888_bg_000000.jpg,0.33447265625
1,19,exp_a1/200_sq\fg_ffff00_bg_000000.jpg,0.31396484375
2,5,exp_a1/200_sq\fg_00ff00_bg_000000.jpg,0.31103515625
3,18,exp_a1/200_sq\fg_ff0000_bg_ffffff.jpg,0.294677734375
4,21,exp_a1/200_sq\fg_ffff00_bg_ffffff.jpg,0.291015625
5,10,exp_a1/200_sq\fg_00ffff_bg_ffffff.jpg,0.28662109375
6,8,exp_a1/200_sq\fg_00ffff_bg_000000.jpg,0.271484375
7,22,exp_a1/200_sq\fg_ffffff_bg_000000.jpg,0.27001953125
8,16,exp_a1/200_sq\fg_ff0000_bg_000000.jpg,0.260986328125
9,13,exp_a1/200_sq\fg_921e3e_bg_000000.jpg,0.2607421875
10,0,exp_a1/200_sq\fg_000000_bg_888888.jpg,0.25146484375
11,2,exp_a1/200_sq\fg_0000ff_bg_000000.jpg,0.246337890625
12,7,exp_a1/200_sq\fg_00ff00_bg_ffffff.jpg,0.2369384765625
13,20,exp_a1/200_sq\fg_ffff00_bg_888888.jpg,0.215576171875
14,6,exp_a1/200_sq\fg_00ff00_bg_888888.jpg,0.215576171875
15,1,exp_a1/200_sq\fg_000000_bg_ffffff.jpg,0.21533203125
16,17,exp_a1/200_sq\fg_ff0000_bg_888888.jpg,0.2042236328125
17,23,exp_a1/200_sq\fg_ffffff_bg_888888.jpg,0.203857421875
18,14,exp_a1/200_sq\fg_921e3e_bg_888888.jpg,0.20166015625
19,3,exp_a1/200_sq\fg_0000ff_bg_888888.jpg,0.200927734375
20,4,exp_a1/200_sq\fg_0000ff_bg_ffffff.jpg,0.1942138671875
21,15,exp_a1/200_sq\fg_921e3e_bg_ffffff.jpg,0.1666259765625
22,9,exp_a1/200_sq\fg_00ffff_bg_888888.jpg,0.1427001953125
23,12,exp_a1/200_sq\fg_888888_bg_ffffff.jpg,0.07720947265625
0,3,exp_a1/4_sq\fg_0000ff_bg_888888.jpg,0.44970703125
1,0,exp_a1/4_sq\fg_000000_bg_888888.jpg,0.447021484375
2,9,exp_a1/4_sq\fg_00ffff_bg_888888.jpg,0.44384765625
3,6,exp_a1/4_sq\fg_00ff00_bg_888888.jpg,0.44384765625
4,20,exp_a1/4_sq\fg_ffff00_bg_888888.jpg,0.440673828125
5,14,exp_a1/4_sq\fg_921e3e_bg_888888.jpg,0.440673828125
6,17,exp_a1/4_sq\fg_ff0000_bg_888888.jpg,0.436767578125
7,23,exp_a1/4_sq\fg_ffffff_bg_888888.jpg,0.4365234375
8,10,exp_a1/4_sq\fg_00ffff_bg_ffffff.jpg,0.291259765625
9,7,exp_a1/4_sq\fg_00ff00_bg_ffffff.jpg,0.291015625
10,15,exp_a1/4_sq\fg_921e3e_bg_ffffff.jpg,0.291015625
11,4,exp_a1/4_sq\fg_0000ff_bg_ffffff.jpg,0.291015625
12,18,exp_a1/4_sq\fg_ff0000_bg_ffffff.jpg,0.291015625
13,1,exp_a1/4_sq\fg_000000_bg_ffffff.jpg,0.290771484375
14,21,exp_a1/4_sq\fg_ffff00_bg_ffffff.jpg,0.290771484375
15,12,exp_a1/4_sq\fg_888888_bg_ffffff.jpg,0.290771484375
16,22,exp_a1/4_sq\fg_ffffff_bg_000000.jpg,0.1995849609375
17,5,exp_a1/4_sq\fg_00ff00_bg_000000.jpg,0.1993408203125
18,13,exp_a1/4_sq\fg_921e3e_bg_000000.jpg,0.19921875
19,11,exp_a1/4_sq\fg_888888_bg_000000.jpg,0.198974609375
20,16,exp_a1/4_sq\fg_ff0000_bg_000000.jpg,0.198974609375
21,8,exp_a1/4_sq\fg_00ffff_bg_000000.jpg,0.1988525390625
22,2,exp_a1/4_sq\fg_0000ff_bg_000000.jpg,0.1988525390625
23,19,exp_a1/4_sq\fg_ffff00_bg_000000.jpg,0.19873046875
0,6,exp_a1/56_sq\fg_00ff00_bg_888888.jpg,0.4443359375
1,14,exp_a1/56_sq\fg_921e3e_bg_888888.jpg,0.44140625
2,3,exp_a1/56_sq\fg_0000ff_bg_888888.jpg,0.432373046875
3,0,exp_a1/56_sq\fg_000000_bg_888888.jpg,0.42236328125
4,9,exp_a1/56_sq\fg_00ffff_bg_888888.jpg,0.416259765625
5,20,exp_a1/56_sq\fg_ffff00_bg_888888.jpg,0.385498046875
6,17,exp_a1/56_sq\fg_ff0000_bg_888888.jpg,0.32080078125
7,21,exp_a1/56_sq\fg_ffff00_bg_ffffff.jpg,0.31494140625
8,1,exp_a1/56_sq\fg_000000_bg_ffffff.jpg,0.311767578125
9,4,exp_a1/56_sq\fg_0000ff_bg_ffffff.jpg,0.308349609375
10,12,exp_a1/56_sq\fg_888888_bg_ffffff.jpg,0.293701171875
11,10,exp_a1/56_sq\fg_00ffff_bg_ffffff.jpg,0.29248046875
12,7,exp_a1/56_sq\fg_00ff00_bg_ffffff.jpg,0.29150390625
13,15,exp_a1/56_sq\fg_921e3e_bg_ffffff.jpg,0.28857421875
14,18,exp_a1/56_sq\fg_ff0000_bg_ffffff.jpg,0.283203125
15,23,exp_a1/56_sq\fg_ffffff_bg_888888.jpg,0.267333984375
16,13,exp_a1/56_sq\fg_921e3e_bg_000000.jpg,0.260986328125
17,11,exp_a1/56_sq\fg_888888_bg_000000.jpg,0.2430419921875
18,19,exp_a1/56_sq\fg_ffff00_bg_000000.jpg,0.22314453125
19,8,exp_a1/56_sq\fg_00ffff_bg_000000.jpg,0.2127685546875
20,2,exp_a1/56_sq\fg_0000ff_bg_000000.jpg,0.212646484375
21,5,exp_a1/56_sq\fg_00ff00_bg_000000.jpg,0.2080078125
22,22,exp_a1/56_sq\fg_ffffff_bg_000000.jpg,0.205810546875
23,16,exp_a1/56_sq\fg_ff0000_bg_000000.jpg,0.201904296875
0,4,exp_a1/colors\bg_888888.jpg,0.4150390625
1,8,exp_a1/colors\bg_ffffff.png,0.291259765625
2,7,exp_a1/colors\bg_ffff00.jpg,0.288330078125
3,6,exp_a1/colors\bg_ff0000.jpg,0.282958984375
4,5,exp_a1/colors\bg_921e3e.jpg,0.271240234375
5,2,exp_a1/colors\bg_00ff00.jpg,0.254150390625
6,3,exp_a1/colors\bg_00ffff.jpg,0.2484130859375
7,1,exp_a1/colors\bg_0000ff.jpg,0.2454833984375
8,0,exp_a1/colors\bg_000000.jpg,0.198974609375
