,Unnamed: 0,filepaths,similarity
0,3,exp_a1/112_sq\fg_0000ff_bg_888888.jpg,0.272216796875
1,4,exp_a1/112_sq\fg_0000ff_bg_ffffff.jpg,0.2685546875
2,21,exp_a1/112_sq\fg_ffff00_bg_ffffff.jpg,0.267333984375
3,20,exp_a1/112_sq\fg_ffff00_bg_888888.jpg,0.26708984375
4,1,exp_a1/112_sq\fg_000000_bg_ffffff.jpg,0.26708984375
5,10,exp_a1/112_sq\fg_00ffff_bg_ffffff.jpg,0.263671875
6,18,exp_a1/112_sq\fg_ff0000_bg_ffffff.jpg,0.26318359375
7,7,exp_a1/112_sq\fg_00ff00_bg_ffffff.jpg,0.260986328125
8,15,exp_a1/112_sq\fg_921e3e_bg_ffffff.jpg,0.260009765625
9,23,exp_a1/112_sq\fg_ffffff_bg_888888.jpg,0.25439453125
10,9,exp_a1/112_sq\fg_00ffff_bg_888888.jpg,0.254150390625
11,14,exp_a1/112_sq\fg_921e3e_bg_888888.jpg,0.254150390625
12,13,exp_a1/112_sq\fg_921e3e_bg_000000.jpg,0.2529296875
13,22,exp_a1/112_sq\fg_ffffff_bg_000000.jpg,0.2529296875
14,2,exp_a1/112_sq\fg_0000ff_bg_000000.jpg,0.250732421875
15,17,exp_a1/112_sq\fg_ff0000_bg_888888.jpg,0.24951171875
16,19,exp_a1/112_sq\fg_ffff00_bg_000000.jpg,0.2454833984375
17,16,exp_a1/112_sq\fg_ff0000_bg_000000.jpg,0.24462890625
18,8,exp_a1/112_sq\fg_00ffff_bg_000000.jpg,0.2435302734375
19,6,exp_a1/112_sq\fg_00ff00_bg_888888.jpg,0.2393798828125
20,0,exp_a1/112_sq\fg_000000_bg_888888.jpg,0.238037109375
21,5,exp_a1/112_sq\fg_00ff00_bg_000000.jpg,0.238037109375
22,11,exp_a1/112_sq\fg_888888_bg_000000.jpg,0.228271484375
23,12,exp_a1/112_sq\fg_888888_bg_ffffff.jpg,0.2265625
0,10,exp_a1/12_sq\fg_00ffff_bg_ffffff.jpg,0.2666015625
1,22,exp_a1/12_sq\fg_ffffff_bg_000000.jpg,0.261962890625
2,8,exp_a1/12_sq\fg_00ffff_bg_000000.jpg,0.261474609375
3,15,exp_a1/12_sq\fg_921e3e_bg_ffffff.jpg,0.26025390625
4,2,exp_a1/12_sq\fg_0000ff_bg_000000.jpg,0.260009765625
5,14,exp_a1/12_sq\fg_921e3e_bg_888888.jpg,0.260009765625
6,18,exp_a1/12_sq\fg_ff0000_bg_ffffff.jpg,0.259521484375
7,9,exp_a1/12_sq\fg_00ffff_bg_888888.jpg,0.25927734375
8,1,exp_a1/12_sq\fg_000000_bg_ffffff.jpg,0.25927734375
9,5,exp_a1/12_sq\fg_00ff00_bg_000000.jpg,0.25732421875
10,13,exp_a1/12_sq\fg_921e3e_bg_000000.jpg,0.257080078125
11,11,exp_a1/12_sq\fg_888888_bg_000000.jpg,0.2568359375
12,12,exp_a1/12_sq\fg_888888_bg_ffffff.jpg,0.255615234375
13,3,exp_a1/12_sq\fg_0000ff_bg_888888.jpg,0.254638671875
14,4,exp_a1/12_sq\fg_0000ff_bg_ffffff.jpg,0.254638671875
15,0,exp_a1/12_sq\fg_000000_bg_888888.jpg,0.254150390625
16,21,exp_a1/12_sq\fg_ffff00_bg_ffffff.jpg,0.252685546875
17,7,exp_a1/12_sq\fg_00ff00_bg_ffffff.jpg,0.252197265625
18,16,exp_a1/12_sq\fg_ff0000_bg_000000.jpg,0.251953125
19,17,exp_a1/12_sq\fg_ff0000_bg_888888.jpg,0.251953125
20,19,exp_a1/12_sq\fg_ffff00_bg_000000.jpg,0.2509765625
21,23,exp_a1/12_sq\fg_ffffff_bg_888888.jpg,0.25048828125
22,20,exp_a1/12_sq\fg_ffff00_bg_888888.jpg,0.247314453125
23,6,exp_a1/12_sq\fg_00ff00_bg_888888.jpg,0.238037109375
0,4,exp_a1/148_sq\fg_0000ff_bg_ffffff.jpg,0.265625
1,18,exp_a1/148_sq\fg_ff0000_bg_ffffff.jpg,0.26220703125
2,1,exp_a1/148_sq\fg_000000_bg_ffffff.jpg,0.260986328125
3,3,exp_a1/148_sq\fg_0000ff_bg_888888.jpg,0.260009765625
4,21,exp_a1/148_sq\fg_ffff00_bg_ffffff.jpg,0.25927734375
5,10,exp_a1/148_sq\fg_00ffff_bg_ffffff.jpg,0.25927734375
6,7,exp_a1/148_sq\fg_00ff00_bg_ffffff.jpg,0.25732421875
7,15,exp_a1/148_sq\fg_921e3e_bg_ffffff.jpg,0.257080078125
8,13,exp_a1/148_sq\fg_921e3e_bg_000000.jpg,0.254150390625
9,22,exp_a1/148_sq\fg_ffffff_bg_000000.jpg,0.25390625
10,2,exp_a1/148_sq\fg_0000ff_bg_000000.jpg,0.25146484375
11,0,exp_a1/148_sq\fg_000000_bg_888888.jpg,0.2481689453125
12,20,exp_a1/148_sq\fg_ffff00_bg_888888.jpg,0.2481689453125
13,19,exp_a1/148_sq\fg_ffff00_bg_000000.jpg,0.2469482421875
14,9,exp_a1/148_sq\fg_00ffff_bg_888888.jpg,0.2464599609375
15,14,exp_a1/148_sq\fg_921e3e_bg_888888.jpg,0.24462890625
16,16,exp_a1/148_sq\fg_ff0000_bg_000000.jpg,0.24462890625
17,23,exp_a1/148_sq\fg_ffffff_bg_888888.jpg,0.242919921875
18,8,exp_a1/148_sq\fg_00ffff_bg_000000.jpg,0.23828125
19,17,exp_a1/148_sq\fg_ff0000_bg_888888.jpg,0.238037109375
20,11,exp_a1/148_sq\fg_888888_bg_000000.jpg,0.2340087890625
21,5,exp_a1/148_sq\fg_00ff00_bg_000000.jpg,0.22998046875
22,12,exp_a1/148_sq\fg_888888_bg_ffffff.jpg,0.2298583984375
23,6,exp_a1/148_sq\fg_00ff00_bg_888888.jpg,0.2027587890625
0,3,exp_a1/200_sq\fg_0000ff_bg_888888.jpg,0.265625
1,10,exp_a1/200_sq\fg_00ffff_bg_ffffff.jpg,0.262939453125
2,9,exp_a1/200_sq\fg_00ffff_bg_888888.jpg,0.259765625
3,8,exp_a1/200_sq\fg_00ffff_bg_000000.jpg,0.25927734375
4,22,exp_a1/200_sq\fg_ffffff_bg_000000.jpg,0.2578125
5,21,exp_a1/200_sq\fg_ffff00_bg_ffffff.jpg,0.2578125
6,4,exp_a1/200_sq\fg_0000ff_bg_ffffff.jpg,0.257080078125
7,0,exp_a1/200_sq\fg_000000_bg_888888.jpg,0.25439453125
8,20,exp_a1/200_sq\fg_ffff00_bg_888888.jpg,0.25439453125
9,1,exp_a1/200_sq\fg_000000_bg_ffffff.jpg,0.254150390625
10,15,exp_a1/200_sq\fg_921e3e_bg_ffffff.jpg,0.252685546875
11,5,exp_a1/200_sq\fg_00ff00_bg_000000.jpg,0.25146484375
12,14,exp_a1/200_sq\fg_921e3e_bg_888888.jpg,0.2509765625
13,19,exp_a1/200_sq\fg_ffff00_bg_000000.jpg,0.250732421875
14,18,exp_a1/200_sq\fg_ff0000_bg_ffffff.jpg,0.25048828125
15,13,exp_a1/200_sq\fg_921e3e_bg_000000.jpg,0.24951171875
16,7,exp_a1/200_sq\fg_00ff00_bg_ffffff.jpg,0.2493896484375
17,2,exp_a1/200_sq\fg_0000ff_bg_000000.jpg,0.2491455078125
18,6,exp_a1/200_sq\fg_00ff00_bg_888888.jpg,0.248779296875
19,17,exp_a1/200_sq\fg_ff0000_bg_888888.jpg,0.2470703125
20,16,exp_a1/200_sq\fg_ff0000_bg_000000.jpg,0.246826171875
21,23,exp_a1/200_sq\fg_ffffff_bg_888888.jpg,0.24462890625
22,12,exp_a1/200_sq\fg_888888_bg_ffffff.jpg,0.2127685546875
23,11,exp_a1/200_sq\fg_888888_bg_000000.jpg,0.19921875
0,13,exp_a1/4_sq\fg_921e3e_bg_000000.jpg,0.25439453125
1,11,exp_a1/4_sq\fg_888888_bg_000000.jpg,0.25390625
2,18,exp_a1/4_sq\fg_ff0000_bg_ffffff.jpg,0.252685546875
3,0,exp_a1/4_sq\fg_000000_bg_888888.jpg,0.252197265625
4,19,exp_a1/4_sq\fg_ffff00_bg_000000.jpg,0.251953125
5,2,exp_a1/4_sq\fg_0000ff_bg_000000.jpg,0.251708984375
6,8,exp_a1/4_sq\fg_00ffff_bg_000000.jpg,0.251220703125
7,12,exp_a1/4_sq\fg_888888_bg_ffffff.jpg,0.251220703125
8,10,exp_a1/4_sq\fg_00ffff_bg_ffffff.jpg,0.250732421875
9,22,exp_a1/4_sq\fg_ffffff_bg_000000.jpg,0.250732421875
10,9,exp_a1/4_sq\fg_00ffff_bg_888888.jpg,0.25048828125
11,16,exp_a1/4_sq\fg_ff0000_bg_000000.jpg,0.25048828125
12,1,exp_a1/4_sq\fg_000000_bg_ffffff.jpg,0.25
13,5,exp_a1/4_sq\fg_00ff00_bg_000000.jpg,0.2476806640625
14,15,exp_a1/4_sq\fg_921e3e_bg_ffffff.jpg,0.2474365234375
15,3,exp_a1/4_sq\fg_0000ff_bg_888888.jpg,0.2470703125
16,23,exp_a1/4_sq\fg_ffffff_bg_888888.jpg,0.2462158203125
17,7,exp_a1/4_sq\fg_00ff00_bg_ffffff.jpg,0.2435302734375
18,4,exp_a1/4_sq\fg_0000ff_bg_ffffff.jpg,0.2435302734375
19,14,exp_a1/4_sq\fg_921e3e_bg_888888.jpg,0.2431640625
20,21,exp_a1/4_sq\fg_ffff00_bg_ffffff.jpg,0.2410888671875
21,6,exp_a1/4_sq\fg_00ff00_bg_888888.jpg,0.23291015625
22,20,exp_a1/4_sq\fg_ffff00_bg_888888.jpg,0.2310791015625
23,17,exp_a1/4_sq\fg_ff0000_bg_888888.jpg,0.2210693359375
0,4,exp_a1/56_sq\fg_0000ff_bg_ffffff.jpg,0.275146484375
1,10,exp_a1/56_sq\fg_00ffff_bg_ffffff.jpg,0.272216796875
2,1,exp_a1/56_sq\fg_000000_bg_ffffff.jpg,0.269287109375
3,21,exp_a1/56_sq\fg_ffff00_bg_ffffff.jpg,0.26904296875
4,7,exp_a1/56_sq\fg_00ff00_bg_ffffff.jpg,0.2685546875
5,3,exp_a1/56_sq\fg_0000ff_bg_888888.jpg,0.26611328125
6,15,exp_a1/56_sq\fg_921e3e_bg_ffffff.jpg,0.26416015625
7,18,exp_a1/56_sq\fg_ff0000_bg_ffffff.jpg,0.26416015625
8,8,exp_a1/56_sq\fg_00ffff_bg_000000.jpg,0.262939453125
9,2,exp_a1/56_sq\fg_0000ff_bg_000000.jpg,0.262451171875
10,22,exp_a1/56_sq\fg_ffffff_bg_000000.jpg,0.258544921875
11,20,exp_a1/56_sq\fg_ffff00_bg_888888.jpg,0.2578125
12,13,exp_a1/56_sq\fg_921e3e_bg_000000.jpg,0.2568359375
13,5,exp_a1/56_sq\fg_00ff00_bg_000000.jpg,0.253173828125
14,11,exp_a1/56_sq\fg_888888_bg_000000.jpg,0.2529296875
15,19,exp_a1/56_sq\fg_ffff00_bg_000000.jpg,0.25146484375
16,9,exp_a1/56_sq\fg_00ffff_bg_888888.jpg,0.25
17,12,exp_a1/56_sq\fg_888888_bg_ffffff.jpg,0.2490234375
18,14,exp_a1/56_sq\fg_921e3e_bg_888888.jpg,0.248291015625
19,16,exp_a1/56_sq\fg_ff0000_bg_000000.jpg,0.2479248046875
20,23,exp_a1/56_sq\fg_ffffff_bg_888888.jpg,0.246826171875
21,17,exp_a1/56_sq\fg_ff0000_bg_888888.jpg,0.245849609375
22,0,exp_a1/56_sq\fg_000000_bg_888888.jpg,0.2447509765625
23,6,exp_a1/56_sq\fg_00ff00_bg_888888.jpg,0.2432861328125
0,1,exp_a1/colors\bg_0000ff.jpg,0.255126953125
1,5,exp_a1/colors\bg_921e3e.jpg,0.254638671875
2,6,exp_a1/colors\bg_ff0000.jpg,0.25439453125
3,0,exp_a1/colors\bg_000000.jpg,0.253662109375
4,8,exp_a1/colors\bg_ffffff.png,0.248046875
5,3,exp_a1/colors\bg_00ffff.jpg,0.246826171875
6,2,exp_a1/colors\bg_00ff00.jpg,0.2413330078125
7,7,exp_a1/colors\bg_ffff00.jpg,0.2391357421875
8,4,exp_a1/colors\bg_888888.jpg,0.2191162109375
