,Unnamed: 0,filepaths,similarity
0,14,exp_a1/112_sq\fg_921e3e_bg_888888.jpg,0.35302734375
1,6,exp_a1/112_sq\fg_00ff00_bg_888888.jpg,0.336669921875
2,3,exp_a1/112_sq\fg_0000ff_bg_888888.jpg,0.32177734375
3,9,exp_a1/112_sq\fg_00ffff_bg_888888.jpg,0.319580078125
4,21,exp_a1/112_sq\fg_ffff00_bg_ffffff.jpg,0.29541015625
5,10,exp_a1/112_sq\fg_00ffff_bg_ffffff.jpg,0.287109375
6,1,exp_a1/112_sq\fg_000000_bg_ffffff.jpg,0.282958984375
7,0,exp_a1/112_sq\fg_000000_bg_888888.jpg,0.277099609375
8,20,exp_a1/112_sq\fg_ffff00_bg_888888.jpg,0.2685546875
9,12,exp_a1/112_sq\fg_888888_bg_ffffff.jpg,0.26806640625
10,4,exp_a1/112_sq\fg_0000ff_bg_ffffff.jpg,0.263916015625
11,7,exp_a1/112_sq\fg_00ff00_bg_ffffff.jpg,0.2607421875
12,18,exp_a1/112_sq\fg_ff0000_bg_ffffff.jpg,0.260009765625
13,11,exp_a1/112_sq\fg_888888_bg_000000.jpg,0.24609375
14,5,exp_a1/112_sq\fg_00ff00_bg_000000.jpg,0.244873046875
15,13,exp_a1/112_sq\fg_921e3e_bg_000000.jpg,0.2442626953125
16,15,exp_a1/112_sq\fg_921e3e_bg_ffffff.jpg,0.2369384765625
17,8,exp_a1/112_sq\fg_00ffff_bg_000000.jpg,0.2159423828125
18,2,exp_a1/112_sq\fg_0000ff_bg_000000.jpg,0.200927734375
19,19,exp_a1/112_sq\fg_ffff00_bg_000000.jpg,0.191162109375
20,23,exp_a1/112_sq\fg_ffffff_bg_888888.jpg,0.16943359375
21,17,exp_a1/112_sq\fg_ff0000_bg_888888.jpg,0.1669921875
22,16,exp_a1/112_sq\fg_ff0000_bg_000000.jpg,0.16650390625
23,22,exp_a1/112_sq\fg_ffffff_bg_000000.jpg,0.165771484375
0,14,exp_a1/12_sq\fg_921e3e_bg_888888.jpg,0.365234375
1,3,exp_a1/12_sq\fg_0000ff_bg_888888.jpg,0.363525390625
2,23,exp_a1/12_sq\fg_ffffff_bg_888888.jpg,0.36181640625
3,0,exp_a1/12_sq\fg_000000_bg_888888.jpg,0.361328125
4,20,exp_a1/12_sq\fg_ffff00_bg_888888.jpg,0.3408203125
5,6,exp_a1/12_sq\fg_00ff00_bg_888888.jpg,0.33154296875
6,9,exp_a1/12_sq\fg_00ffff_bg_888888.jpg,0.327880859375
7,17,exp_a1/12_sq\fg_ff0000_bg_888888.jpg,0.326416015625
8,12,exp_a1/12_sq\fg_888888_bg_ffffff.jpg,0.274169921875
9,15,exp_a1/12_sq\fg_921e3e_bg_ffffff.jpg,0.2734375
10,4,exp_a1/12_sq\fg_0000ff_bg_ffffff.jpg,0.27197265625
11,1,exp_a1/12_sq\fg_000000_bg_ffffff.jpg,0.270263671875
12,7,exp_a1/12_sq\fg_00ff00_bg_ffffff.jpg,0.26904296875
13,21,exp_a1/12_sq\fg_ffff00_bg_ffffff.jpg,0.26904296875
14,10,exp_a1/12_sq\fg_00ffff_bg_ffffff.jpg,0.268798828125
15,18,exp_a1/12_sq\fg_ff0000_bg_ffffff.jpg,0.268798828125
16,22,exp_a1/12_sq\fg_ffffff_bg_000000.jpg,0.15966796875
17,16,exp_a1/12_sq\fg_ff0000_bg_000000.jpg,0.1590576171875
18,11,exp_a1/12_sq\fg_888888_bg_000000.jpg,0.1583251953125
19,8,exp_a1/12_sq\fg_00ffff_bg_000000.jpg,0.1575927734375
20,19,exp_a1/12_sq\fg_ffff00_bg_000000.jpg,0.1573486328125
21,5,exp_a1/12_sq\fg_00ff00_bg_000000.jpg,0.156982421875
22,13,exp_a1/12_sq\fg_921e3e_bg_000000.jpg,0.1561279296875
23,2,exp_a1/12_sq\fg_0000ff_bg_000000.jpg,0.1556396484375
0,21,exp_a1/148_sq\fg_ffff00_bg_ffffff.jpg,0.306640625
1,10,exp_a1/148_sq\fg_00ffff_bg_ffffff.jpg,0.302734375
2,1,exp_a1/148_sq\fg_000000_bg_ffffff.jpg,0.2998046875
3,6,exp_a1/148_sq\fg_00ff00_bg_888888.jpg,0.277099609375
4,4,exp_a1/148_sq\fg_0000ff_bg_ffffff.jpg,0.2724609375
5,7,exp_a1/148_sq\fg_00ff00_bg_ffffff.jpg,0.26708984375
6,18,exp_a1/148_sq\fg_ff0000_bg_ffffff.jpg,0.260009765625
7,5,exp_a1/148_sq\fg_00ff00_bg_000000.jpg,0.254150390625
8,14,exp_a1/148_sq\fg_921e3e_bg_888888.jpg,0.25390625
9,3,exp_a1/148_sq\fg_0000ff_bg_888888.jpg,0.249755859375
10,12,exp_a1/148_sq\fg_888888_bg_ffffff.jpg,0.242919921875
11,13,exp_a1/148_sq\fg_921e3e_bg_000000.jpg,0.2352294921875
12,2,exp_a1/148_sq\fg_0000ff_bg_000000.jpg,0.232177734375
13,11,exp_a1/148_sq\fg_888888_bg_000000.jpg,0.2313232421875
14,20,exp_a1/148_sq\fg_ffff00_bg_888888.jpg,0.2288818359375
15,0,exp_a1/148_sq\fg_000000_bg_888888.jpg,0.2255859375
16,9,exp_a1/148_sq\fg_00ffff_bg_888888.jpg,0.2156982421875
17,15,exp_a1/148_sq\fg_921e3e_bg_ffffff.jpg,0.2000732421875
18,8,exp_a1/148_sq\fg_00ffff_bg_000000.jpg,0.1910400390625
19,19,exp_a1/148_sq\fg_ffff00_bg_000000.jpg,0.186279296875
20,23,exp_a1/148_sq\fg_ffffff_bg_888888.jpg,0.141845703125
21,17,exp_a1/148_sq\fg_ff0000_bg_888888.jpg,0.1375732421875
22,22,exp_a1/148_sq\fg_ffffff_bg_000000.jpg,0.11175537109375
23,16,exp_a1/148_sq\fg_ff0000_bg_000000.jpg,0.087646484375
0,19,exp_a1/200_sq\fg_ffff00_bg_000000.jpg,0.2900390625
1,5,exp_a1/200_sq\fg_00ff00_bg_000000.jpg,0.277099609375
2,11,exp_a1/200_sq\fg_888888_bg_000000.jpg,0.2724609375
3,18,exp_a1/200_sq\fg_ff0000_bg_ffffff.jpg,0.264404296875
4,3,exp_a1/200_sq\fg_0000ff_bg_888888.jpg,0.25390625
5,8,exp_a1/200_sq\fg_00ffff_bg_000000.jpg,0.250244140625
6,0,exp_a1/200_sq\fg_000000_bg_888888.jpg,0.2442626953125
7,14,exp_a1/200_sq\fg_921e3e_bg_888888.jpg,0.243896484375
8,10,exp_a1/200_sq\fg_00ffff_bg_ffffff.jpg,0.2432861328125
9,21,exp_a1/200_sq\fg_ffff00_bg_ffffff.jpg,0.2384033203125
10,13,exp_a1/200_sq\fg_921e3e_bg_000000.jpg,0.23828125
11,2,exp_a1/200_sq\fg_0000ff_bg_000000.jpg,0.2222900390625
12,7,exp_a1/200_sq\fg_00ff00_bg_ffffff.jpg,0.2060546875
13,22,exp_a1/200_sq\fg_ffffff_bg_000000.jpg,0.1951904296875
14,16,exp_a1/200_sq\fg_ff0000_bg_000000.jpg,0.185302734375
15,20,exp_a1/200_sq\fg_ffff00_bg_888888.jpg,0.18017578125
16,6,exp_a1/200_sq\fg_00ff00_bg_888888.jpg,0.16650390625
17,1,exp_a1/200_sq\fg_000000_bg_ffffff.jpg,0.1575927734375
18,17,exp_a1/200_sq\fg_ff0000_bg_888888.jpg,0.1441650390625
19,23,exp_a1/200_sq\fg_ffffff_bg_888888.jpg,0.142822265625
20,4,exp_a1/200_sq\fg_0000ff_bg_ffffff.jpg,0.1309814453125
21,9,exp_a1/200_sq\fg_00ffff_bg_888888.jpg,0.119384765625
22,15,exp_a1/200_sq\fg_921e3e_bg_ffffff.jpg,0.100341796875
23,12,exp_a1/200_sq\fg_888888_bg_ffffff.jpg,0.016693115234375
0,0,exp_a1/4_sq\fg_000000_bg_888888.jpg,0.401123046875
1,3,exp_a1/4_sq\fg_0000ff_bg_888888.jpg,0.39013671875
2,23,exp_a1/4_sq\fg_ffffff_bg_888888.jpg,0.39013671875
3,20,exp_a1/4_sq\fg_ffff00_bg_888888.jpg,0.388427734375
4,9,exp_a1/4_sq\fg_00ffff_bg_888888.jpg,0.385009765625
5,14,exp_a1/4_sq\fg_921e3e_bg_888888.jpg,0.384765625
6,17,exp_a1/4_sq\fg_ff0000_bg_888888.jpg,0.382080078125
7,6,exp_a1/4_sq\fg_00ff00_bg_888888.jpg,0.375244140625
8,10,exp_a1/4_sq\fg_00ffff_bg_ffffff.jpg,0.2685546875
9,1,exp_a1/4_sq\fg_000000_bg_ffffff.jpg,0.2685546875
10,4,exp_a1/4_sq\fg_0000ff_bg_ffffff.jpg,0.2685546875
11,15,exp_a1/4_sq\fg_921e3e_bg_ffffff.jpg,0.2685546875
12,12,exp_a1/4_sq\fg_888888_bg_ffffff.jpg,0.268310546875
13,18,exp_a1/4_sq\fg_ff0000_bg_ffffff.jpg,0.268310546875
14,7,exp_a1/4_sq\fg_00ff00_bg_ffffff.jpg,0.268310546875
15,21,exp_a1/4_sq\fg_ffff00_bg_ffffff.jpg,0.26806640625
16,22,exp_a1/4_sq\fg_ffffff_bg_000000.jpg,0.156005859375
17,19,exp_a1/4_sq\fg_ffff00_bg_000000.jpg,0.15576171875
18,2,exp_a1/4_sq\fg_0000ff_bg_000000.jpg,0.15576171875
19,5,exp_a1/4_sq\fg_00ff00_bg_000000.jpg,0.15576171875
20,13,exp_a1/4_sq\fg_921e3e_bg_000000.jpg,0.1556396484375
21,16,exp_a1/4_sq\fg_ff0000_bg_000000.jpg,0.155517578125
22,11,exp_a1/4_sq\fg_888888_bg_000000.jpg,0.155517578125
23,8,exp_a1/4_sq\fg_00ffff_bg_000000.jpg,0.1553955078125
0,14,exp_a1/56_sq\fg_921e3e_bg_888888.jpg,0.390869140625
1,9,exp_a1/56_sq\fg_00ffff_bg_888888.jpg,0.385009765625
2,0,exp_a1/56_sq\fg_000000_bg_888888.jpg,0.382080078125
3,6,exp_a1/56_sq\fg_00ff00_bg_888888.jpg,0.373779296875
4,20,exp_a1/56_sq\fg_ffff00_bg_888888.jpg,0.373046875
5,3,exp_a1/56_sq\fg_0000ff_bg_888888.jpg,0.3701171875
6,17,exp_a1/56_sq\fg_ff0000_bg_888888.jpg,0.339111328125
7,23,exp_a1/56_sq\fg_ffffff_bg_888888.jpg,0.312255859375
8,1,exp_a1/56_sq\fg_000000_bg_ffffff.jpg,0.306396484375
9,4,exp_a1/56_sq\fg_0000ff_bg_ffffff.jpg,0.299072265625
10,21,exp_a1/56_sq\fg_ffff00_bg_ffffff.jpg,0.2978515625
11,12,exp_a1/56_sq\fg_888888_bg_ffffff.jpg,0.28955078125
12,15,exp_a1/56_sq\fg_921e3e_bg_ffffff.jpg,0.28271484375
13,7,exp_a1/56_sq\fg_00ff00_bg_ffffff.jpg,0.282470703125
14,10,exp_a1/56_sq\fg_00ffff_bg_ffffff.jpg,0.282470703125
15,18,exp_a1/56_sq\fg_ff0000_bg_ffffff.jpg,0.26025390625
16,13,exp_a1/56_sq\fg_921e3e_bg_000000.jpg,0.22900390625
17,11,exp_a1/56_sq\fg_888888_bg_000000.jpg,0.227783203125
18,19,exp_a1/56_sq\fg_ffff00_bg_000000.jpg,0.18212890625
19,22,exp_a1/56_sq\fg_ffffff_bg_000000.jpg,0.172607421875
20,8,exp_a1/56_sq\fg_00ffff_bg_000000.jpg,0.169921875
21,16,exp_a1/56_sq\fg_ff0000_bg_000000.jpg,0.169189453125
22,2,exp_a1/56_sq\fg_0000ff_bg_000000.jpg,0.16748046875
23,5,exp_a1/56_sq\fg_00ff00_bg_000000.jpg,0.1671142578125
0,4,exp_a1/colors\bg_888888.jpg,0.398193359375
1,8,exp_a1/colors\bg_ffffff.png,0.268310546875
2,7,exp_a1/colors\bg_ffff00.jpg,0.263671875
3,6,exp_a1/colors\bg_ff0000.jpg,0.234619140625
4,1,exp_a1/colors\bg_0000ff.jpg,0.218017578125
5,5,exp_a1/colors\bg_921e3e.jpg,0.2056884765625
6,3,exp_a1/colors\bg_00ffff.jpg,0.19140625
7,2,exp_a1/colors\bg_00ff00.jpg,0.18603515625
8,0,exp_a1/colors\bg_000000.jpg,0.1558837890625
