,Unnamed: 0,filepaths,similarity
0,6,exp_a1/112_sq\fg_00ff00_bg_888888.jpg,0.3720703125
1,14,exp_a1/112_sq\fg_921e3e_bg_888888.jpg,0.339599609375
2,10,exp_a1/112_sq\fg_00ffff_bg_ffffff.jpg,0.32568359375
3,9,exp_a1/112_sq\fg_00ffff_bg_888888.jpg,0.32421875
4,21,exp_a1/112_sq\fg_ffff00_bg_ffffff.jpg,0.3076171875
5,1,exp_a1/112_sq\fg_000000_bg_ffffff.jpg,0.306640625
6,7,exp_a1/112_sq\fg_00ff00_bg_ffffff.jpg,0.301513671875
7,12,exp_a1/112_sq\fg_888888_bg_ffffff.jpg,0.30029296875
8,4,exp_a1/112_sq\fg_0000ff_bg_ffffff.jpg,0.2939453125
9,15,exp_a1/112_sq\fg_921e3e_bg_ffffff.jpg,0.282958984375
10,3,exp_a1/112_sq\fg_0000ff_bg_888888.jpg,0.278564453125
11,18,exp_a1/112_sq\fg_ff0000_bg_ffffff.jpg,0.275634765625
12,5,exp_a1/112_sq\fg_00ff00_bg_000000.jpg,0.260009765625
13,11,exp_a1/112_sq\fg_888888_bg_000000.jpg,0.25732421875
14,13,exp_a1/112_sq\fg_921e3e_bg_000000.jpg,0.25732421875
15,19,exp_a1/112_sq\fg_ffff00_bg_000000.jpg,0.2412109375
16,8,exp_a1/112_sq\fg_00ffff_bg_000000.jpg,0.2386474609375
17,2,exp_a1/112_sq\fg_0000ff_bg_000000.jpg,0.2379150390625
18,16,exp_a1/112_sq\fg_ff0000_bg_000000.jpg,0.2196044921875
19,22,exp_a1/112_sq\fg_ffffff_bg_000000.jpg,0.2152099609375
20,23,exp_a1/112_sq\fg_ffffff_bg_888888.jpg,0.1990966796875
21,17,exp_a1/112_sq\fg_ff0000_bg_888888.jpg,0.19140625
22,0,exp_a1/112_sq\fg_000000_bg_888888.jpg,0.19140625
23,20,exp_a1/112_sq\fg_ffff00_bg_888888.jpg,0.1912841796875
0,14,exp_a1/12_sq\fg_921e3e_bg_888888.jpg,0.474365234375
1,0,exp_a1/12_sq\fg_000000_bg_888888.jpg,0.4716796875
2,6,exp_a1/12_sq\fg_00ff00_bg_888888.jpg,0.4716796875
3,3,exp_a1/12_sq\fg_0000ff_bg_888888.jpg,0.470458984375
4,9,exp_a1/12_sq\fg_00ffff_bg_888888.jpg,0.468994140625
5,23,exp_a1/12_sq\fg_ffffff_bg_888888.jpg,0.468505859375
6,17,exp_a1/12_sq\fg_ff0000_bg_888888.jpg,0.4599609375
7,20,exp_a1/12_sq\fg_ffff00_bg_888888.jpg,0.451904296875
8,12,exp_a1/12_sq\fg_888888_bg_ffffff.jpg,0.286376953125
9,15,exp_a1/12_sq\fg_921e3e_bg_ffffff.jpg,0.2861328125
10,4,exp_a1/12_sq\fg_0000ff_bg_ffffff.jpg,0.284912109375
11,1,exp_a1/12_sq\fg_000000_bg_ffffff.jpg,0.283935546875
12,7,exp_a1/12_sq\fg_00ff00_bg_ffffff.jpg,0.282958984375
13,18,exp_a1/12_sq\fg_ff0000_bg_ffffff.jpg,0.282958984375
14,21,exp_a1/12_sq\fg_ffff00_bg_ffffff.jpg,0.282958984375
15,10,exp_a1/12_sq\fg_00ffff_bg_ffffff.jpg,0.282470703125
16,22,exp_a1/12_sq\fg_ffffff_bg_000000.jpg,0.2047119140625
17,16,exp_a1/12_sq\fg_ff0000_bg_000000.jpg,0.2041015625
18,11,exp_a1/12_sq\fg_888888_bg_000000.jpg,0.2034912109375
19,19,exp_a1/12_sq\fg_ffff00_bg_000000.jpg,0.203125
20,8,exp_a1/12_sq\fg_00ffff_bg_000000.jpg,0.203125
21,5,exp_a1/12_sq\fg_00ff00_bg_000000.jpg,0.202392578125
22,13,exp_a1/12_sq\fg_921e3e_bg_000000.jpg,0.2020263671875
23,2,exp_a1/12_sq\fg_0000ff_bg_000000.jpg,0.201416015625
0,10,exp_a1/148_sq\fg_00ffff_bg_ffffff.jpg,0.342041015625
1,21,exp_a1/148_sq\fg_ffff00_bg_ffffff.jpg,0.335693359375
2,1,exp_a1/148_sq\fg_000000_bg_ffffff.jpg,0.331298828125
3,7,exp_a1/148_sq\fg_00ff00_bg_ffffff.jpg,0.312255859375
4,4,exp_a1/148_sq\fg_0000ff_bg_ffffff.jpg,0.31005859375
5,6,exp_a1/148_sq\fg_00ff00_bg_888888.jpg,0.302734375
6,12,exp_a1/148_sq\fg_888888_bg_ffffff.jpg,0.289306640625
7,5,exp_a1/148_sq\fg_00ff00_bg_000000.jpg,0.272705078125
8,18,exp_a1/148_sq\fg_ff0000_bg_ffffff.jpg,0.269775390625
9,2,exp_a1/148_sq\fg_0000ff_bg_000000.jpg,0.265869140625
10,11,exp_a1/148_sq\fg_888888_bg_000000.jpg,0.257080078125
11,13,exp_a1/148_sq\fg_921e3e_bg_000000.jpg,0.255126953125
12,19,exp_a1/148_sq\fg_ffff00_bg_000000.jpg,0.226806640625
13,8,exp_a1/148_sq\fg_00ffff_bg_000000.jpg,0.2213134765625
14,15,exp_a1/148_sq\fg_921e3e_bg_ffffff.jpg,0.2147216796875
15,9,exp_a1/148_sq\fg_00ffff_bg_888888.jpg,0.1796875
16,17,exp_a1/148_sq\fg_ff0000_bg_888888.jpg,0.1661376953125
17,14,exp_a1/148_sq\fg_921e3e_bg_888888.jpg,0.165283203125
18,20,exp_a1/148_sq\fg_ffff00_bg_888888.jpg,0.1619873046875
19,23,exp_a1/148_sq\fg_ffffff_bg_888888.jpg,0.158935546875
20,22,exp_a1/148_sq\fg_ffffff_bg_000000.jpg,0.1588134765625
21,3,exp_a1/148_sq\fg_0000ff_bg_888888.jpg,0.1549072265625
22,16,exp_a1/148_sq\fg_ff0000_bg_000000.jpg,0.1353759765625
23,0,exp_a1/148_sq\fg_000000_bg_888888.jpg,0.134033203125
0,11,exp_a1/200_sq\fg_888888_bg_000000.jpg,0.32470703125
1,19,exp_a1/200_sq\fg_ffff00_bg_000000.jpg,0.306396484375
2,5,exp_a1/200_sq\fg_00ff00_bg_000000.jpg,0.30029296875
3,10,exp_a1/200_sq\fg_00ffff_bg_ffffff.jpg,0.297607421875
4,21,exp_a1/200_sq\fg_ffff00_bg_ffffff.jpg,0.29638671875
5,18,exp_a1/200_sq\fg_ff0000_bg_ffffff.jpg,0.281494140625
6,8,exp_a1/200_sq\fg_00ffff_bg_000000.jpg,0.26513671875
7,22,exp_a1/200_sq\fg_ffffff_bg_000000.jpg,0.2496337890625
8,16,exp_a1/200_sq\fg_ff0000_bg_000000.jpg,0.24365234375
9,2,exp_a1/200_sq\fg_0000ff_bg_000000.jpg,0.24365234375
10,13,exp_a1/200_sq\fg_921e3e_bg_000000.jpg,0.243408203125
11,0,exp_a1/200_sq\fg_000000_bg_888888.jpg,0.2352294921875
12,7,exp_a1/200_sq\fg_00ff00_bg_ffffff.jpg,0.2352294921875
13,20,exp_a1/200_sq\fg_ffff00_bg_888888.jpg,0.203125
14,1,exp_a1/200_sq\fg_000000_bg_ffffff.jpg,0.2010498046875
15,17,exp_a1/200_sq\fg_ff0000_bg_888888.jpg,0.18896484375
16,23,exp_a1/200_sq\fg_ffffff_bg_888888.jpg,0.187255859375
17,4,exp_a1/200_sq\fg_0000ff_bg_ffffff.jpg,0.1861572265625
18,14,exp_a1/200_sq\fg_921e3e_bg_888888.jpg,0.1761474609375
19,3,exp_a1/200_sq\fg_0000ff_bg_888888.jpg,0.1746826171875
20,6,exp_a1/200_sq\fg_00ff00_bg_888888.jpg,0.1708984375
21,15,exp_a1/200_sq\fg_921e3e_bg_ffffff.jpg,0.1580810546875
22,9,exp_a1/200_sq\fg_00ffff_bg_888888.jpg,0.11968994140625
23,12,exp_a1/200_sq\fg_888888_bg_ffffff.jpg,0.07000732421875
0,3,exp_a1/4_sq\fg_0000ff_bg_888888.jpg,0.455078125
1,0,exp_a1/4_sq\fg_000000_bg_888888.jpg,0.45263671875
2,20,exp_a1/4_sq\fg_ffff00_bg_888888.jpg,0.450927734375
3,14,exp_a1/4_sq\fg_921e3e_bg_888888.jpg,0.44775390625
4,9,exp_a1/4_sq\fg_00ffff_bg_888888.jpg,0.447021484375
5,6,exp_a1/4_sq\fg_00ff00_bg_888888.jpg,0.446044921875
6,17,exp_a1/4_sq\fg_ff0000_bg_888888.jpg,0.443115234375
7,23,exp_a1/4_sq\fg_ffffff_bg_888888.jpg,0.437255859375
8,10,exp_a1/4_sq\fg_00ffff_bg_ffffff.jpg,0.28271484375
9,4,exp_a1/4_sq\fg_0000ff_bg_ffffff.jpg,0.28271484375
10,18,exp_a1/4_sq\fg_ff0000_bg_ffffff.jpg,0.28271484375
11,1,exp_a1/4_sq\fg_000000_bg_ffffff.jpg,0.282470703125
12,15,exp_a1/4_sq\fg_921e3e_bg_ffffff.jpg,0.282470703125
13,7,exp_a1/4_sq\fg_00ff00_bg_ffffff.jpg,0.2822265625
14,21,exp_a1/4_sq\fg_ffff00_bg_ffffff.jpg,0.2822265625
15,12,exp_a1/4_sq\fg_888888_bg_ffffff.jpg,0.2822265625
16,22,exp_a1/4_sq\fg_ffffff_bg_000000.jpg,0.20263671875
17,5,exp_a1/4_sq\fg_00ff00_bg_000000.jpg,0.2022705078125
18,13,exp_a1/4_sq\fg_921e3e_bg_000000.jpg,0.2021484375
19,16,exp_a1/4_sq\fg_ff0000_bg_000000.jpg,0.2021484375
20,11,exp_a1/4_sq\fg_888888_bg_000000.jpg,0.2020263671875
21,2,exp_a1/4_sq\fg_0000ff_bg_000000.jpg,0.2020263671875
22,8,exp_a1/4_sq\fg_00ffff_bg_000000.jpg,0.201904296875
23,19,exp_a1/4_sq\fg_ffff00_bg_000000.jpg,0.201904296875
0,14,exp_a1/56_sq\fg_921e3e_bg_888888.jpg,0.4345703125
1,6,exp_a1/56_sq\fg_00ff00_bg_888888.jpg,0.43310546875
2,3,exp_a1/56_sq\fg_0000ff_bg_888888.jpg,0.42041015625
3,0,exp_a1/56_sq\fg_000000_bg_888888.jpg,0.405517578125
4,9,exp_a1/56_sq\fg_00ffff_bg_888888.jpg,0.400146484375
5,20,exp_a1/56_sq\fg_ffff00_bg_888888.jpg,0.368408203125
6,1,exp_a1/56_sq\fg_000000_bg_ffffff.jpg,0.307861328125
7,21,exp_a1/56_sq\fg_ffff00_bg_ffffff.jpg,0.306884765625
8,4,exp_a1/56_sq\fg_0000ff_bg_ffffff.jpg,0.303955078125
9,12,exp_a1/56_sq\fg_888888_bg_ffffff.jpg,0.29833984375
10,17,exp_a1/56_sq\fg_ff0000_bg_888888.jpg,0.297607421875
11,15,exp_a1/56_sq\fg_921e3e_bg_ffffff.jpg,0.2958984375
12,7,exp_a1/56_sq\fg_00ff00_bg_ffffff.jpg,0.29052734375
13,10,exp_a1/56_sq\fg_00ffff_bg_ffffff.jpg,0.28662109375
14,18,exp_a1/56_sq\fg_ff0000_bg_ffffff.jpg,0.277099609375
15,13,exp_a1/56_sq\fg_921e3e_bg_000000.jpg,0.256591796875
16,23,exp_a1/56_sq\fg_ffffff_bg_888888.jpg,0.24365234375
17,11,exp_a1/56_sq\fg_888888_bg_000000.jpg,0.2376708984375
18,19,exp_a1/56_sq\fg_ffff00_bg_000000.jpg,0.2288818359375
19,2,exp_a1/56_sq\fg_0000ff_bg_000000.jpg,0.2108154296875
20,22,exp_a1/56_sq\fg_ffffff_bg_000000.jpg,0.210205078125
21,8,exp_a1/56_sq\fg_00ffff_bg_000000.jpg,0.209228515625
22,16,exp_a1/56_sq\fg_ff0000_bg_000000.jpg,0.207763671875
23,5,exp_a1/56_sq\fg_00ff00_bg_000000.jpg,0.2069091796875
0,4,exp_a1/colors\bg_888888.jpg,0.423828125
1,8,exp_a1/colors\bg_ffffff.png,0.28271484375
2,7,exp_a1/colors\bg_ffff00.jpg,0.278564453125
3,6,exp_a1/colors\bg_ff0000.jpg,0.271484375
4,5,exp_a1/colors\bg_921e3e.jpg,0.259033203125
5,1,exp_a1/colors\bg_0000ff.jpg,0.240966796875
6,3,exp_a1/colors\bg_00ffff.jpg,0.2308349609375
7,2,exp_a1/colors\bg_00ff00.jpg,0.2279052734375
8,0,exp_a1/colors\bg_000000.jpg,0.2022705078125
