,Unnamed: 0,filepaths,similarity
0,6,exp_a1/112_sq\fg_00ff00_bg_888888.jpg,0.36669921875
1,10,exp_a1/112_sq\fg_00ffff_bg_ffffff.jpg,0.318603515625
2,9,exp_a1/112_sq\fg_00ffff_bg_888888.jpg,0.318115234375
3,14,exp_a1/112_sq\fg_921e3e_bg_888888.jpg,0.317626953125
4,21,exp_a1/112_sq\fg_ffff00_bg_ffffff.jpg,0.311279296875
5,1,exp_a1/112_sq\fg_000000_bg_ffffff.jpg,0.306640625
6,12,exp_a1/112_sq\fg_888888_bg_ffffff.jpg,0.300048828125
7,7,exp_a1/112_sq\fg_00ff00_bg_ffffff.jpg,0.293212890625
8,4,exp_a1/112_sq\fg_0000ff_bg_ffffff.jpg,0.28271484375
9,3,exp_a1/112_sq\fg_0000ff_bg_888888.jpg,0.2666015625
10,15,exp_a1/112_sq\fg_921e3e_bg_ffffff.jpg,0.265380859375
11,11,exp_a1/112_sq\fg_888888_bg_000000.jpg,0.261962890625
12,5,exp_a1/112_sq\fg_00ff00_bg_000000.jpg,0.260986328125
13,13,exp_a1/112_sq\fg_921e3e_bg_000000.jpg,0.25634765625
14,18,exp_a1/112_sq\fg_ff0000_bg_ffffff.jpg,0.253173828125
15,8,exp_a1/112_sq\fg_00ffff_bg_000000.jpg,0.244384765625
16,16,exp_a1/112_sq\fg_ff0000_bg_000000.jpg,0.2305908203125
17,22,exp_a1/112_sq\fg_ffffff_bg_000000.jpg,0.22900390625
18,2,exp_a1/112_sq\fg_0000ff_bg_000000.jpg,0.2275390625
19,19,exp_a1/112_sq\fg_ffff00_bg_000000.jpg,0.2176513671875
20,23,exp_a1/112_sq\fg_ffffff_bg_888888.jpg,0.2030029296875
21,17,exp_a1/112_sq\fg_ff0000_bg_888888.jpg,0.2003173828125
22,0,exp_a1/112_sq\fg_000000_bg_888888.jpg,0.181640625
23,20,exp_a1/112_sq\fg_ffff00_bg_888888.jpg,0.17822265625
0,9,exp_a1/12_sq\fg_00ffff_bg_888888.jpg,0.431640625
1,20,exp_a1/12_sq\fg_ffff00_bg_888888.jpg,0.42822265625
2,6,exp_a1/12_sq\fg_00ff00_bg_888888.jpg,0.427001953125
3,17,exp_a1/12_sq\fg_ff0000_bg_888888.jpg,0.42333984375
4,23,exp_a1/12_sq\fg_ffffff_bg_888888.jpg,0.422607421875
5,0,exp_a1/12_sq\fg_000000_bg_888888.jpg,0.420166015625
6,14,exp_a1/12_sq\fg_921e3e_bg_888888.jpg,0.4189453125
7,3,exp_a1/12_sq\fg_0000ff_bg_888888.jpg,0.4189453125
8,12,exp_a1/12_sq\fg_888888_bg_ffffff.jpg,0.265380859375
9,15,exp_a1/12_sq\fg_921e3e_bg_ffffff.jpg,0.26416015625
10,4,exp_a1/12_sq\fg_0000ff_bg_ffffff.jpg,0.261962890625
11,1,exp_a1/12_sq\fg_000000_bg_ffffff.jpg,0.26025390625
12,7,exp_a1/12_sq\fg_00ff00_bg_ffffff.jpg,0.259521484375
13,10,exp_a1/12_sq\fg_00ffff_bg_ffffff.jpg,0.25927734375
14,18,exp_a1/12_sq\fg_ff0000_bg_ffffff.jpg,0.25927734375
15,21,exp_a1/12_sq\fg_ffff00_bg_ffffff.jpg,0.259033203125
16,22,exp_a1/12_sq\fg_ffffff_bg_000000.jpg,0.1890869140625
17,16,exp_a1/12_sq\fg_ff0000_bg_000000.jpg,0.188232421875
18,11,exp_a1/12_sq\fg_888888_bg_000000.jpg,0.1876220703125
19,8,exp_a1/12_sq\fg_00ffff_bg_000000.jpg,0.1871337890625
20,19,exp_a1/12_sq\fg_ffff00_bg_000000.jpg,0.1871337890625
21,5,exp_a1/12_sq\fg_00ff00_bg_000000.jpg,0.1866455078125
22,13,exp_a1/12_sq\fg_921e3e_bg_000000.jpg,0.186279296875
23,2,exp_a1/12_sq\fg_0000ff_bg_000000.jpg,0.1859130859375
0,10,exp_a1/148_sq\fg_00ffff_bg_ffffff.jpg,0.339111328125
1,21,exp_a1/148_sq\fg_ffff00_bg_ffffff.jpg,0.339111328125
2,1,exp_a1/148_sq\fg_000000_bg_ffffff.jpg,0.318603515625
3,6,exp_a1/148_sq\fg_00ff00_bg_888888.jpg,0.313232421875
4,7,exp_a1/148_sq\fg_00ff00_bg_ffffff.jpg,0.304443359375
5,4,exp_a1/148_sq\fg_0000ff_bg_ffffff.jpg,0.289306640625
6,12,exp_a1/148_sq\fg_888888_bg_ffffff.jpg,0.27734375
7,5,exp_a1/148_sq\fg_00ff00_bg_000000.jpg,0.267822265625
8,13,exp_a1/148_sq\fg_921e3e_bg_000000.jpg,0.256103515625
9,2,exp_a1/148_sq\fg_0000ff_bg_000000.jpg,0.253662109375
10,11,exp_a1/148_sq\fg_888888_bg_000000.jpg,0.251953125
11,18,exp_a1/148_sq\fg_ff0000_bg_ffffff.jpg,0.248046875
12,19,exp_a1/148_sq\fg_ffff00_bg_000000.jpg,0.22021484375
13,8,exp_a1/148_sq\fg_00ffff_bg_000000.jpg,0.219970703125
14,15,exp_a1/148_sq\fg_921e3e_bg_ffffff.jpg,0.202392578125
15,9,exp_a1/148_sq\fg_00ffff_bg_888888.jpg,0.181396484375
16,22,exp_a1/148_sq\fg_ffffff_bg_000000.jpg,0.1737060546875
17,17,exp_a1/148_sq\fg_ff0000_bg_888888.jpg,0.1575927734375
18,20,exp_a1/148_sq\fg_ffff00_bg_888888.jpg,0.155517578125
19,16,exp_a1/148_sq\fg_ff0000_bg_000000.jpg,0.151123046875
20,14,exp_a1/148_sq\fg_921e3e_bg_888888.jpg,0.15087890625
21,23,exp_a1/148_sq\fg_ffffff_bg_888888.jpg,0.150634765625
22,3,exp_a1/148_sq\fg_0000ff_bg_888888.jpg,0.1463623046875
23,0,exp_a1/148_sq\fg_000000_bg_888888.jpg,0.119140625
0,5,exp_a1/200_sq\fg_00ff00_bg_000000.jpg,0.30029296875
1,11,exp_a1/200_sq\fg_888888_bg_000000.jpg,0.291015625
2,19,exp_a1/200_sq\fg_ffff00_bg_000000.jpg,0.28955078125
3,10,exp_a1/200_sq\fg_00ffff_bg_ffffff.jpg,0.281005859375
4,8,exp_a1/200_sq\fg_00ffff_bg_000000.jpg,0.267333984375
5,21,exp_a1/200_sq\fg_ffff00_bg_ffffff.jpg,0.258544921875
6,18,exp_a1/200_sq\fg_ff0000_bg_ffffff.jpg,0.25830078125
7,22,exp_a1/200_sq\fg_ffffff_bg_000000.jpg,0.2432861328125
8,13,exp_a1/200_sq\fg_921e3e_bg_000000.jpg,0.241943359375
9,16,exp_a1/200_sq\fg_ff0000_bg_000000.jpg,0.2376708984375
10,2,exp_a1/200_sq\fg_0000ff_bg_000000.jpg,0.232421875
11,7,exp_a1/200_sq\fg_00ff00_bg_ffffff.jpg,0.22900390625
12,0,exp_a1/200_sq\fg_000000_bg_888888.jpg,0.2152099609375
13,6,exp_a1/200_sq\fg_00ff00_bg_888888.jpg,0.21240234375
14,1,exp_a1/200_sq\fg_000000_bg_ffffff.jpg,0.1923828125
15,20,exp_a1/200_sq\fg_ffff00_bg_888888.jpg,0.1824951171875
16,3,exp_a1/200_sq\fg_0000ff_bg_888888.jpg,0.1695556640625
17,4,exp_a1/200_sq\fg_0000ff_bg_ffffff.jpg,0.1693115234375
18,17,exp_a1/200_sq\fg_ff0000_bg_888888.jpg,0.16748046875
19,14,exp_a1/200_sq\fg_921e3e_bg_888888.jpg,0.1640625
20,23,exp_a1/200_sq\fg_ffffff_bg_888888.jpg,0.1624755859375
21,15,exp_a1/200_sq\fg_921e3e_bg_ffffff.jpg,0.146240234375
22,9,exp_a1/200_sq\fg_00ffff_bg_888888.jpg,0.1312255859375
23,12,exp_a1/200_sq\fg_888888_bg_ffffff.jpg,0.044769287109375
0,14,exp_a1/4_sq\fg_921e3e_bg_888888.jpg,0.425048828125
1,3,exp_a1/4_sq\fg_0000ff_bg_888888.jpg,0.423583984375
2,0,exp_a1/4_sq\fg_000000_bg_888888.jpg,0.422607421875
3,20,exp_a1/4_sq\fg_ffff00_bg_888888.jpg,0.421630859375
4,9,exp_a1/4_sq\fg_00ffff_bg_888888.jpg,0.4150390625
5,17,exp_a1/4_sq\fg_ff0000_bg_888888.jpg,0.414306640625
6,23,exp_a1/4_sq\fg_ffffff_bg_888888.jpg,0.414306640625
7,6,exp_a1/4_sq\fg_00ff00_bg_888888.jpg,0.410888671875
8,10,exp_a1/4_sq\fg_00ffff_bg_ffffff.jpg,0.25927734375
9,7,exp_a1/4_sq\fg_00ff00_bg_ffffff.jpg,0.2587890625
10,4,exp_a1/4_sq\fg_0000ff_bg_ffffff.jpg,0.2587890625
11,21,exp_a1/4_sq\fg_ffff00_bg_ffffff.jpg,0.2587890625
12,18,exp_a1/4_sq\fg_ff0000_bg_ffffff.jpg,0.2587890625
13,15,exp_a1/4_sq\fg_921e3e_bg_ffffff.jpg,0.2587890625
14,1,exp_a1/4_sq\fg_000000_bg_ffffff.jpg,0.2587890625
15,12,exp_a1/4_sq\fg_888888_bg_ffffff.jpg,0.2587890625
16,22,exp_a1/4_sq\fg_ffffff_bg_000000.jpg,0.186767578125
17,2,exp_a1/4_sq\fg_0000ff_bg_000000.jpg,0.1864013671875
18,5,exp_a1/4_sq\fg_00ff00_bg_000000.jpg,0.186279296875
19,16,exp_a1/4_sq\fg_ff0000_bg_000000.jpg,0.186279296875
20,13,exp_a1/4_sq\fg_921e3e_bg_000000.jpg,0.186279296875
21,19,exp_a1/4_sq\fg_ffff00_bg_000000.jpg,0.1861572265625
22,11,exp_a1/4_sq\fg_888888_bg_000000.jpg,0.1861572265625
23,8,exp_a1/4_sq\fg_00ffff_bg_000000.jpg,0.18603515625
0,6,exp_a1/56_sq\fg_00ff00_bg_888888.jpg,0.42041015625
1,14,exp_a1/56_sq\fg_921e3e_bg_888888.jpg,0.40869140625
2,3,exp_a1/56_sq\fg_0000ff_bg_888888.jpg,0.3994140625
3,9,exp_a1/56_sq\fg_00ffff_bg_888888.jpg,0.38720703125
4,0,exp_a1/56_sq\fg_000000_bg_888888.jpg,0.3828125
5,20,exp_a1/56_sq\fg_ffff00_bg_888888.jpg,0.35107421875
6,21,exp_a1/56_sq\fg_ffff00_bg_ffffff.jpg,0.3076171875
7,1,exp_a1/56_sq\fg_000000_bg_ffffff.jpg,0.303955078125
8,4,exp_a1/56_sq\fg_0000ff_bg_ffffff.jpg,0.29541015625
9,10,exp_a1/56_sq\fg_00ffff_bg_ffffff.jpg,0.29248046875
10,17,exp_a1/56_sq\fg_ff0000_bg_888888.jpg,0.290283203125
11,7,exp_a1/56_sq\fg_00ff00_bg_ffffff.jpg,0.2890625
12,15,exp_a1/56_sq\fg_921e3e_bg_ffffff.jpg,0.2802734375
13,12,exp_a1/56_sq\fg_888888_bg_ffffff.jpg,0.279541015625
14,18,exp_a1/56_sq\fg_ff0000_bg_ffffff.jpg,0.25146484375
15,13,exp_a1/56_sq\fg_921e3e_bg_000000.jpg,0.248046875
16,11,exp_a1/56_sq\fg_888888_bg_000000.jpg,0.2423095703125
17,23,exp_a1/56_sq\fg_ffffff_bg_888888.jpg,0.2359619140625
18,22,exp_a1/56_sq\fg_ffffff_bg_000000.jpg,0.2139892578125
19,16,exp_a1/56_sq\fg_ff0000_bg_000000.jpg,0.2109375
20,19,exp_a1/56_sq\fg_ffff00_bg_000000.jpg,0.208740234375
21,8,exp_a1/56_sq\fg_00ffff_bg_000000.jpg,0.1993408203125
22,2,exp_a1/56_sq\fg_0000ff_bg_000000.jpg,0.1964111328125
23,5,exp_a1/56_sq\fg_00ff00_bg_000000.jpg,0.1932373046875
0,4,exp_a1/colors\bg_888888.jpg,0.3974609375
1,8,exp_a1/colors\bg_ffffff.png,0.25927734375
2,7,exp_a1/colors\bg_ffff00.jpg,0.253662109375
3,5,exp_a1/colors\bg_921e3e.jpg,0.232421875
4,6,exp_a1/colors\bg_ff0000.jpg,0.228515625
5,1,exp_a1/colors\bg_0000ff.jpg,0.2274169921875
6,2,exp_a1/colors\bg_00ff00.jpg,0.205078125
7,3,exp_a1/colors\bg_00ffff.jpg,0.198974609375
8,0,exp_a1/colors\bg_000000.jpg,0.1865234375
