,Unnamed: 0,filepaths,similarity
0,6,exp_a1/112_sq\fg_00ff00_bg_888888.jpg,0.3515625
1,14,exp_a1/112_sq\fg_921e3e_bg_888888.jpg,0.344482421875
2,10,exp_a1/112_sq\fg_00ffff_bg_ffffff.jpg,0.33642578125
3,1,exp_a1/112_sq\fg_000000_bg_ffffff.jpg,0.326171875
4,21,exp_a1/112_sq\fg_ffff00_bg_ffffff.jpg,0.325439453125
5,9,exp_a1/112_sq\fg_00ffff_bg_888888.jpg,0.324951171875
6,7,exp_a1/112_sq\fg_00ff00_bg_ffffff.jpg,0.31103515625
7,4,exp_a1/112_sq\fg_0000ff_bg_ffffff.jpg,0.303955078125
8,3,exp_a1/112_sq\fg_0000ff_bg_888888.jpg,0.29736328125
9,12,exp_a1/112_sq\fg_888888_bg_ffffff.jpg,0.29052734375
10,15,exp_a1/112_sq\fg_921e3e_bg_ffffff.jpg,0.285400390625
11,18,exp_a1/112_sq\fg_ff0000_bg_ffffff.jpg,0.277099609375
12,5,exp_a1/112_sq\fg_00ff00_bg_000000.jpg,0.270751953125
13,13,exp_a1/112_sq\fg_921e3e_bg_000000.jpg,0.26171875
14,8,exp_a1/112_sq\fg_00ffff_bg_000000.jpg,0.2457275390625
15,11,exp_a1/112_sq\fg_888888_bg_000000.jpg,0.2442626953125
16,0,exp_a1/112_sq\fg_000000_bg_888888.jpg,0.2401123046875
17,20,exp_a1/112_sq\fg_ffff00_bg_888888.jpg,0.2349853515625
18,2,exp_a1/112_sq\fg_0000ff_bg_000000.jpg,0.2275390625
19,22,exp_a1/112_sq\fg_ffffff_bg_000000.jpg,0.2198486328125
20,16,exp_a1/112_sq\fg_ff0000_bg_000000.jpg,0.2191162109375
21,19,exp_a1/112_sq\fg_ffff00_bg_000000.jpg,0.214599609375
22,23,exp_a1/112_sq\fg_ffffff_bg_888888.jpg,0.2117919921875
23,17,exp_a1/112_sq\fg_ff0000_bg_888888.jpg,0.20849609375
0,23,exp_a1/12_sq\fg_ffffff_bg_888888.jpg,0.38427734375
1,3,exp_a1/12_sq\fg_0000ff_bg_888888.jpg,0.37841796875
2,14,exp_a1/12_sq\fg_921e3e_bg_888888.jpg,0.3779296875
3,0,exp_a1/12_sq\fg_000000_bg_888888.jpg,0.372314453125
4,20,exp_a1/12_sq\fg_ffff00_bg_888888.jpg,0.3701171875
5,9,exp_a1/12_sq\fg_00ffff_bg_888888.jpg,0.360107421875
6,17,exp_a1/12_sq\fg_ff0000_bg_888888.jpg,0.357666015625
7,6,exp_a1/12_sq\fg_00ff00_bg_888888.jpg,0.3564453125
8,12,exp_a1/12_sq\fg_888888_bg_ffffff.jpg,0.287353515625
9,15,exp_a1/12_sq\fg_921e3e_bg_ffffff.jpg,0.285888671875
10,4,exp_a1/12_sq\fg_0000ff_bg_ffffff.jpg,0.284423828125
11,18,exp_a1/12_sq\fg_ff0000_bg_ffffff.jpg,0.283447265625
12,1,exp_a1/12_sq\fg_000000_bg_ffffff.jpg,0.283203125
13,10,exp_a1/12_sq\fg_00ffff_bg_ffffff.jpg,0.282958984375
14,21,exp_a1/12_sq\fg_ffff00_bg_ffffff.jpg,0.282958984375
15,7,exp_a1/12_sq\fg_00ff00_bg_ffffff.jpg,0.28271484375
16,22,exp_a1/12_sq\fg_ffffff_bg_000000.jpg,0.1834716796875
17,11,exp_a1/12_sq\fg_888888_bg_000000.jpg,0.1829833984375
18,16,exp_a1/12_sq\fg_ff0000_bg_000000.jpg,0.182861328125
19,8,exp_a1/12_sq\fg_00ffff_bg_000000.jpg,0.18115234375
20,19,exp_a1/12_sq\fg_ffff00_bg_000000.jpg,0.1807861328125
21,5,exp_a1/12_sq\fg_00ff00_bg_000000.jpg,0.1806640625
22,13,exp_a1/12_sq\fg_921e3e_bg_000000.jpg,0.1798095703125
23,2,exp_a1/12_sq\fg_0000ff_bg_000000.jpg,0.1790771484375
0,21,exp_a1/148_sq\fg_ffff00_bg_ffffff.jpg,0.345947265625
1,10,exp_a1/148_sq\fg_00ffff_bg_ffffff.jpg,0.33203125
2,1,exp_a1/148_sq\fg_000000_bg_ffffff.jpg,0.327392578125
3,4,exp_a1/148_sq\fg_0000ff_bg_ffffff.jpg,0.311279296875
4,7,exp_a1/148_sq\fg_00ff00_bg_ffffff.jpg,0.306396484375
5,6,exp_a1/148_sq\fg_00ff00_bg_888888.jpg,0.301025390625
6,5,exp_a1/148_sq\fg_00ff00_bg_000000.jpg,0.2763671875
7,18,exp_a1/148_sq\fg_ff0000_bg_ffffff.jpg,0.2744140625
8,12,exp_a1/148_sq\fg_888888_bg_ffffff.jpg,0.2568359375
9,13,exp_a1/148_sq\fg_921e3e_bg_000000.jpg,0.255615234375
10,2,exp_a1/148_sq\fg_0000ff_bg_000000.jpg,0.2496337890625
11,15,exp_a1/148_sq\fg_921e3e_bg_ffffff.jpg,0.2347412109375
12,11,exp_a1/148_sq\fg_888888_bg_000000.jpg,0.2314453125
13,14,exp_a1/148_sq\fg_921e3e_bg_888888.jpg,0.22314453125
14,9,exp_a1/148_sq\fg_00ffff_bg_888888.jpg,0.222900390625
15,19,exp_a1/148_sq\fg_ffff00_bg_000000.jpg,0.221435546875
16,3,exp_a1/148_sq\fg_0000ff_bg_888888.jpg,0.2161865234375
17,8,exp_a1/148_sq\fg_00ffff_bg_000000.jpg,0.214111328125
18,20,exp_a1/148_sq\fg_ffff00_bg_888888.jpg,0.207275390625
19,0,exp_a1/148_sq\fg_000000_bg_888888.jpg,0.1878662109375
20,22,exp_a1/148_sq\fg_ffffff_bg_000000.jpg,0.170654296875
21,17,exp_a1/148_sq\fg_ff0000_bg_888888.jpg,0.1683349609375
22,23,exp_a1/148_sq\fg_ffffff_bg_888888.jpg,0.166259765625
23,16,exp_a1/148_sq\fg_ff0000_bg_000000.jpg,0.146240234375
0,5,exp_a1/200_sq\fg_00ff00_bg_000000.jpg,0.29833984375
1,19,exp_a1/200_sq\fg_ffff00_bg_000000.jpg,0.2978515625
2,18,exp_a1/200_sq\fg_ff0000_bg_ffffff.jpg,0.284423828125
3,10,exp_a1/200_sq\fg_00ffff_bg_ffffff.jpg,0.282470703125
4,11,exp_a1/200_sq\fg_888888_bg_000000.jpg,0.27099609375
5,13,exp_a1/200_sq\fg_921e3e_bg_000000.jpg,0.2626953125
6,7,exp_a1/200_sq\fg_00ff00_bg_ffffff.jpg,0.26123046875
7,8,exp_a1/200_sq\fg_00ffff_bg_000000.jpg,0.260009765625
8,21,exp_a1/200_sq\fg_ffff00_bg_ffffff.jpg,0.2459716796875
9,2,exp_a1/200_sq\fg_0000ff_bg_000000.jpg,0.244384765625
10,22,exp_a1/200_sq\fg_ffffff_bg_000000.jpg,0.2423095703125
11,0,exp_a1/200_sq\fg_000000_bg_888888.jpg,0.2261962890625
12,16,exp_a1/200_sq\fg_ff0000_bg_000000.jpg,0.2257080078125
13,14,exp_a1/200_sq\fg_921e3e_bg_888888.jpg,0.2254638671875
14,3,exp_a1/200_sq\fg_0000ff_bg_888888.jpg,0.2188720703125
15,6,exp_a1/200_sq\fg_00ff00_bg_888888.jpg,0.21728515625
16,20,exp_a1/200_sq\fg_ffff00_bg_888888.jpg,0.198486328125
17,1,exp_a1/200_sq\fg_000000_bg_ffffff.jpg,0.1912841796875
18,4,exp_a1/200_sq\fg_0000ff_bg_ffffff.jpg,0.1728515625
19,17,exp_a1/200_sq\fg_ff0000_bg_888888.jpg,0.1719970703125
20,23,exp_a1/200_sq\fg_ffffff_bg_888888.jpg,0.1654052734375
21,9,exp_a1/200_sq\fg_00ffff_bg_888888.jpg,0.158447265625
22,15,exp_a1/200_sq\fg_921e3e_bg_ffffff.jpg,0.1427001953125
23,12,exp_a1/200_sq\fg_888888_bg_ffffff.jpg,0.06298828125
0,0,exp_a1/4_sq\fg_000000_bg_888888.jpg,0.387451171875
1,14,exp_a1/4_sq\fg_921e3e_bg_888888.jpg,0.38720703125
2,23,exp_a1/4_sq\fg_ffffff_bg_888888.jpg,0.385986328125
3,20,exp_a1/4_sq\fg_ffff00_bg_888888.jpg,0.3857421875
4,3,exp_a1/4_sq\fg_0000ff_bg_888888.jpg,0.38525390625
5,9,exp_a1/4_sq\fg_00ffff_bg_888888.jpg,0.38330078125
6,17,exp_a1/4_sq\fg_ff0000_bg_888888.jpg,0.3818359375
7,6,exp_a1/4_sq\fg_00ff00_bg_888888.jpg,0.3798828125
8,10,exp_a1/4_sq\fg_00ffff_bg_ffffff.jpg,0.2841796875
9,1,exp_a1/4_sq\fg_000000_bg_ffffff.jpg,0.28369140625
10,15,exp_a1/4_sq\fg_921e3e_bg_ffffff.jpg,0.28369140625
11,4,exp_a1/4_sq\fg_0000ff_bg_ffffff.jpg,0.28369140625
12,12,exp_a1/4_sq\fg_888888_bg_ffffff.jpg,0.28369140625
13,7,exp_a1/4_sq\fg_00ff00_bg_ffffff.jpg,0.28369140625
14,18,exp_a1/4_sq\fg_ff0000_bg_ffffff.jpg,0.283447265625
15,21,exp_a1/4_sq\fg_ffff00_bg_ffffff.jpg,0.283447265625
16,22,exp_a1/4_sq\fg_ffffff_bg_000000.jpg,0.17919921875
17,5,exp_a1/4_sq\fg_00ff00_bg_000000.jpg,0.1790771484375
18,13,exp_a1/4_sq\fg_921e3e_bg_000000.jpg,0.1788330078125
19,11,exp_a1/4_sq\fg_888888_bg_000000.jpg,0.1787109375
20,2,exp_a1/4_sq\fg_0000ff_bg_000000.jpg,0.1787109375
21,8,exp_a1/4_sq\fg_00ffff_bg_000000.jpg,0.1787109375
22,16,exp_a1/4_sq\fg_ff0000_bg_000000.jpg,0.1785888671875
23,19,exp_a1/4_sq\fg_ffff00_bg_000000.jpg,0.1785888671875
0,14,exp_a1/56_sq\fg_921e3e_bg_888888.jpg,0.398681640625
1,6,exp_a1/56_sq\fg_00ff00_bg_888888.jpg,0.39111328125
2,9,exp_a1/56_sq\fg_00ffff_bg_888888.jpg,0.38818359375
3,0,exp_a1/56_sq\fg_000000_bg_888888.jpg,0.37451171875
4,3,exp_a1/56_sq\fg_0000ff_bg_888888.jpg,0.368408203125
5,20,exp_a1/56_sq\fg_ffff00_bg_888888.jpg,0.36083984375
6,17,exp_a1/56_sq\fg_ff0000_bg_888888.jpg,0.331298828125
7,21,exp_a1/56_sq\fg_ffff00_bg_ffffff.jpg,0.329833984375
8,1,exp_a1/56_sq\fg_000000_bg_ffffff.jpg,0.3232421875
9,10,exp_a1/56_sq\fg_00ffff_bg_ffffff.jpg,0.3134765625
10,4,exp_a1/56_sq\fg_0000ff_bg_ffffff.jpg,0.30712890625
11,7,exp_a1/56_sq\fg_00ff00_bg_ffffff.jpg,0.303955078125
12,12,exp_a1/56_sq\fg_888888_bg_ffffff.jpg,0.297119140625
13,23,exp_a1/56_sq\fg_ffffff_bg_888888.jpg,0.29541015625
14,15,exp_a1/56_sq\fg_921e3e_bg_ffffff.jpg,0.28955078125
15,18,exp_a1/56_sq\fg_ff0000_bg_ffffff.jpg,0.274169921875
16,11,exp_a1/56_sq\fg_888888_bg_000000.jpg,0.2476806640625
17,13,exp_a1/56_sq\fg_921e3e_bg_000000.jpg,0.2421875
18,22,exp_a1/56_sq\fg_ffffff_bg_000000.jpg,0.213134765625
19,16,exp_a1/56_sq\fg_ff0000_bg_000000.jpg,0.212158203125
20,19,exp_a1/56_sq\fg_ffff00_bg_000000.jpg,0.206298828125
21,8,exp_a1/56_sq\fg_00ffff_bg_000000.jpg,0.2008056640625
22,5,exp_a1/56_sq\fg_00ff00_bg_000000.jpg,0.1968994140625
23,2,exp_a1/56_sq\fg_0000ff_bg_000000.jpg,0.1942138671875
0,4,exp_a1/colors\bg_888888.jpg,0.398193359375
1,8,exp_a1/colors\bg_ffffff.png,0.283935546875
2,7,exp_a1/colors\bg_ffff00.jpg,0.279296875
3,6,exp_a1/colors\bg_ff0000.jpg,0.23388671875
4,2,exp_a1/colors\bg_00ff00.jpg,0.22802734375
5,1,exp_a1/colors\bg_0000ff.jpg,0.223876953125
6,3,exp_a1/colors\bg_00ffff.jpg,0.219970703125
7,5,exp_a1/colors\bg_921e3e.jpg,0.2176513671875
8,0,exp_a1/colors\bg_000000.jpg,0.1788330078125
