,Unnamed: 0,filepaths,similarity
0,18,exp_a1/112_sq\fg_ff0000_bg_ffffff.jpg,0.350830078125
1,17,exp_a1/112_sq\fg_ff0000_bg_888888.jpg,0.3505859375
2,16,exp_a1/112_sq\fg_ff0000_bg_000000.jpg,0.330810546875
3,7,exp_a1/112_sq\fg_00ff00_bg_ffffff.jpg,0.31103515625
4,9,exp_a1/112_sq\fg_00ffff_bg_888888.jpg,0.305419921875
5,10,exp_a1/112_sq\fg_00ffff_bg_ffffff.jpg,0.3046875
6,23,exp_a1/112_sq\fg_ffffff_bg_888888.jpg,0.3017578125
7,6,exp_a1/112_sq\fg_00ff00_bg_888888.jpg,0.30126953125
8,22,exp_a1/112_sq\fg_ffffff_bg_000000.jpg,0.297607421875
9,4,exp_a1/112_sq\fg_0000ff_bg_ffffff.jpg,0.296875
10,3,exp_a1/112_sq\fg_0000ff_bg_888888.jpg,0.29443359375
11,20,exp_a1/112_sq\fg_ffff00_bg_888888.jpg,0.2939453125
12,1,exp_a1/112_sq\fg_000000_bg_ffffff.jpg,0.292236328125
13,5,exp_a1/112_sq\fg_00ff00_bg_000000.jpg,0.2919921875
14,14,exp_a1/112_sq\fg_921e3e_bg_888888.jpg,0.290771484375
15,21,exp_a1/112_sq\fg_ffff00_bg_ffffff.jpg,0.288818359375
16,2,exp_a1/112_sq\fg_0000ff_bg_000000.jpg,0.28857421875
17,15,exp_a1/112_sq\fg_921e3e_bg_ffffff.jpg,0.286376953125
18,8,exp_a1/112_sq\fg_00ffff_bg_000000.jpg,0.284423828125
19,19,exp_a1/112_sq\fg_ffff00_bg_000000.jpg,0.281982421875
20,13,exp_a1/112_sq\fg_921e3e_bg_000000.jpg,0.279052734375
21,0,exp_a1/112_sq\fg_000000_bg_888888.jpg,0.270751953125
22,12,exp_a1/112_sq\fg_888888_bg_ffffff.jpg,0.27001953125
23,11,exp_a1/112_sq\fg_888888_bg_000000.jpg,0.266357421875
0,18,exp_a1/12_sq\fg_ff0000_bg_ffffff.jpg,0.345947265625
1,17,exp_a1/12_sq\fg_ff0000_bg_888888.jpg,0.343505859375
2,16,exp_a1/12_sq\fg_ff0000_bg_000000.jpg,0.34326171875
3,10,exp_a1/12_sq\fg_00ffff_bg_ffffff.jpg,0.313232421875
4,1,exp_a1/12_sq\fg_000000_bg_ffffff.jpg,0.310791015625
5,12,exp_a1/12_sq\fg_888888_bg_ffffff.jpg,0.309326171875
6,7,exp_a1/12_sq\fg_00ff00_bg_ffffff.jpg,0.309326171875
7,4,exp_a1/12_sq\fg_0000ff_bg_ffffff.jpg,0.305908203125
8,15,exp_a1/12_sq\fg_921e3e_bg_ffffff.jpg,0.3056640625
9,21,exp_a1/12_sq\fg_ffff00_bg_ffffff.jpg,0.30224609375
10,5,exp_a1/12_sq\fg_00ff00_bg_000000.jpg,0.301025390625
11,23,exp_a1/12_sq\fg_ffffff_bg_888888.jpg,0.298583984375
12,22,exp_a1/12_sq\fg_ffffff_bg_000000.jpg,0.297607421875
13,9,exp_a1/12_sq\fg_00ffff_bg_888888.jpg,0.294921875
14,3,exp_a1/12_sq\fg_0000ff_bg_888888.jpg,0.294921875
15,8,exp_a1/12_sq\fg_00ffff_bg_000000.jpg,0.29248046875
16,11,exp_a1/12_sq\fg_888888_bg_000000.jpg,0.28955078125
17,0,exp_a1/12_sq\fg_000000_bg_888888.jpg,0.28564453125
18,2,exp_a1/12_sq\fg_0000ff_bg_000000.jpg,0.285400390625
19,13,exp_a1/12_sq\fg_921e3e_bg_000000.jpg,0.284912109375
20,20,exp_a1/12_sq\fg_ffff00_bg_888888.jpg,0.28369140625
21,14,exp_a1/12_sq\fg_921e3e_bg_888888.jpg,0.282958984375
22,6,exp_a1/12_sq\fg_00ff00_bg_888888.jpg,0.28076171875
23,19,exp_a1/12_sq\fg_ffff00_bg_000000.jpg,0.2802734375
0,18,exp_a1/148_sq\fg_ff0000_bg_ffffff.jpg,0.34521484375
1,17,exp_a1/148_sq\fg_ff0000_bg_888888.jpg,0.340576171875
2,16,exp_a1/148_sq\fg_ff0000_bg_000000.jpg,0.330078125
3,7,exp_a1/148_sq\fg_00ff00_bg_ffffff.jpg,0.313720703125
4,4,exp_a1/148_sq\fg_0000ff_bg_ffffff.jpg,0.309326171875
5,10,exp_a1/148_sq\fg_00ffff_bg_ffffff.jpg,0.306396484375
6,9,exp_a1/148_sq\fg_00ffff_bg_888888.jpg,0.302734375
7,21,exp_a1/148_sq\fg_ffff00_bg_ffffff.jpg,0.3017578125
8,3,exp_a1/148_sq\fg_0000ff_bg_888888.jpg,0.30078125
9,20,exp_a1/148_sq\fg_ffff00_bg_888888.jpg,0.30029296875
10,22,exp_a1/148_sq\fg_ffffff_bg_000000.jpg,0.29638671875
11,1,exp_a1/148_sq\fg_000000_bg_ffffff.jpg,0.29541015625
12,14,exp_a1/148_sq\fg_921e3e_bg_888888.jpg,0.294921875
13,23,exp_a1/148_sq\fg_ffffff_bg_888888.jpg,0.2939453125
14,5,exp_a1/148_sq\fg_00ff00_bg_000000.jpg,0.293701171875
15,2,exp_a1/148_sq\fg_0000ff_bg_000000.jpg,0.2919921875
16,15,exp_a1/148_sq\fg_921e3e_bg_ffffff.jpg,0.28759765625
17,19,exp_a1/148_sq\fg_ffff00_bg_000000.jpg,0.287109375
18,13,exp_a1/148_sq\fg_921e3e_bg_000000.jpg,0.28662109375
19,8,exp_a1/148_sq\fg_00ffff_bg_000000.jpg,0.28564453125
20,6,exp_a1/148_sq\fg_00ff00_bg_888888.jpg,0.2822265625
21,0,exp_a1/148_sq\fg_000000_bg_888888.jpg,0.277099609375
22,11,exp_a1/148_sq\fg_888888_bg_000000.jpg,0.265625
23,12,exp_a1/148_sq\fg_888888_bg_ffffff.jpg,0.2626953125
0,17,exp_a1/200_sq\fg_ff0000_bg_888888.jpg,0.355712890625
1,16,exp_a1/200_sq\fg_ff0000_bg_000000.jpg,0.35302734375
2,18,exp_a1/200_sq\fg_ff0000_bg_ffffff.jpg,0.33984375
3,5,exp_a1/200_sq\fg_00ff00_bg_000000.jpg,0.308349609375
4,22,exp_a1/200_sq\fg_ffffff_bg_000000.jpg,0.307373046875
5,9,exp_a1/200_sq\fg_00ffff_bg_888888.jpg,0.3046875
6,3,exp_a1/200_sq\fg_0000ff_bg_888888.jpg,0.302978515625
7,6,exp_a1/200_sq\fg_00ff00_bg_888888.jpg,0.302734375
8,7,exp_a1/200_sq\fg_00ff00_bg_ffffff.jpg,0.302490234375
9,10,exp_a1/200_sq\fg_00ffff_bg_ffffff.jpg,0.2958984375
10,23,exp_a1/200_sq\fg_ffffff_bg_888888.jpg,0.29541015625
11,4,exp_a1/200_sq\fg_0000ff_bg_ffffff.jpg,0.29443359375
12,21,exp_a1/200_sq\fg_ffff00_bg_ffffff.jpg,0.293212890625
13,20,exp_a1/200_sq\fg_ffff00_bg_888888.jpg,0.29150390625
14,8,exp_a1/200_sq\fg_00ffff_bg_000000.jpg,0.290771484375
15,19,exp_a1/200_sq\fg_ffff00_bg_000000.jpg,0.290283203125
16,2,exp_a1/200_sq\fg_0000ff_bg_000000.jpg,0.2890625
17,13,exp_a1/200_sq\fg_921e3e_bg_000000.jpg,0.287841796875
18,1,exp_a1/200_sq\fg_000000_bg_ffffff.jpg,0.287109375
19,14,exp_a1/200_sq\fg_921e3e_bg_888888.jpg,0.285888671875
20,0,exp_a1/200_sq\fg_000000_bg_888888.jpg,0.284423828125
21,15,exp_a1/200_sq\fg_921e3e_bg_ffffff.jpg,0.266357421875
22,12,exp_a1/200_sq\fg_888888_bg_ffffff.jpg,0.244873046875
23,11,exp_a1/200_sq\fg_888888_bg_000000.jpg,0.23779296875
0,18,exp_a1/4_sq\fg_ff0000_bg_ffffff.jpg,0.329833984375
1,7,exp_a1/4_sq\fg_00ff00_bg_ffffff.jpg,0.306396484375
2,12,exp_a1/4_sq\fg_888888_bg_ffffff.jpg,0.3046875
3,1,exp_a1/4_sq\fg_000000_bg_ffffff.jpg,0.3017578125
4,15,exp_a1/4_sq\fg_921e3e_bg_ffffff.jpg,0.301025390625
5,4,exp_a1/4_sq\fg_0000ff_bg_ffffff.jpg,0.299560546875
6,16,exp_a1/4_sq\fg_ff0000_bg_000000.jpg,0.29931640625
7,10,exp_a1/4_sq\fg_00ffff_bg_ffffff.jpg,0.29833984375
8,21,exp_a1/4_sq\fg_ffff00_bg_ffffff.jpg,0.295654296875
9,17,exp_a1/4_sq\fg_ff0000_bg_888888.jpg,0.292236328125
10,5,exp_a1/4_sq\fg_00ff00_bg_000000.jpg,0.284912109375
11,8,exp_a1/4_sq\fg_00ffff_bg_000000.jpg,0.27978515625
12,11,exp_a1/4_sq\fg_888888_bg_000000.jpg,0.279052734375
13,13,exp_a1/4_sq\fg_921e3e_bg_000000.jpg,0.279052734375
14,2,exp_a1/4_sq\fg_0000ff_bg_000000.jpg,0.2783203125
15,22,exp_a1/4_sq\fg_ffffff_bg_000000.jpg,0.277587890625
16,19,exp_a1/4_sq\fg_ffff00_bg_000000.jpg,0.276123046875
17,0,exp_a1/4_sq\fg_000000_bg_888888.jpg,0.267333984375
18,23,exp_a1/4_sq\fg_ffffff_bg_888888.jpg,0.264892578125
19,14,exp_a1/4_sq\fg_921e3e_bg_888888.jpg,0.25927734375
20,3,exp_a1/4_sq\fg_0000ff_bg_888888.jpg,0.259033203125
21,20,exp_a1/4_sq\fg_ffff00_bg_888888.jpg,0.2578125
22,9,exp_a1/4_sq\fg_00ffff_bg_888888.jpg,0.25439453125
23,6,exp_a1/4_sq\fg_00ff00_bg_888888.jpg,0.250244140625
0,18,exp_a1/56_sq\fg_ff0000_bg_ffffff.jpg,0.3330078125
1,16,exp_a1/56_sq\fg_ff0000_bg_000000.jpg,0.332763671875
2,17,exp_a1/56_sq\fg_ff0000_bg_888888.jpg,0.31982421875
3,10,exp_a1/56_sq\fg_00ffff_bg_ffffff.jpg,0.30517578125
4,9,exp_a1/56_sq\fg_00ffff_bg_888888.jpg,0.30224609375
5,12,exp_a1/56_sq\fg_888888_bg_ffffff.jpg,0.298828125
6,7,exp_a1/56_sq\fg_00ff00_bg_ffffff.jpg,0.298583984375
7,4,exp_a1/56_sq\fg_0000ff_bg_ffffff.jpg,0.297119140625
8,8,exp_a1/56_sq\fg_00ffff_bg_000000.jpg,0.293212890625
9,6,exp_a1/56_sq\fg_00ff00_bg_888888.jpg,0.29150390625
10,5,exp_a1/56_sq\fg_00ff00_bg_000000.jpg,0.291259765625
11,23,exp_a1/56_sq\fg_ffffff_bg_888888.jpg,0.28955078125
12,21,exp_a1/56_sq\fg_ffff00_bg_ffffff.jpg,0.289306640625
13,1,exp_a1/56_sq\fg_000000_bg_ffffff.jpg,0.2890625
14,22,exp_a1/56_sq\fg_ffffff_bg_000000.jpg,0.288818359375
15,15,exp_a1/56_sq\fg_921e3e_bg_ffffff.jpg,0.288330078125
16,2,exp_a1/56_sq\fg_0000ff_bg_000000.jpg,0.2861328125
17,19,exp_a1/56_sq\fg_ffff00_bg_000000.jpg,0.285400390625
18,11,exp_a1/56_sq\fg_888888_bg_000000.jpg,0.2822265625
19,3,exp_a1/56_sq\fg_0000ff_bg_888888.jpg,0.280029296875
20,13,exp_a1/56_sq\fg_921e3e_bg_000000.jpg,0.27978515625
21,20,exp_a1/56_sq\fg_ffff00_bg_888888.jpg,0.27587890625
22,14,exp_a1/56_sq\fg_921e3e_bg_888888.jpg,0.27099609375
23,0,exp_a1/56_sq\fg_000000_bg_888888.jpg,0.263671875
0,7,exp_a1/colors\bg_ffff00.jpg,0.33544921875
1,8,exp_a1/colors\bg_ffffff.png,0.32568359375
2,1,exp_a1/colors\bg_0000ff.jpg,0.281982421875
3,0,exp_a1/colors\bg_000000.jpg,0.281494140625
4,6,exp_a1/colors\bg_ff0000.jpg,0.27880859375
5,5,exp_a1/colors\bg_921e3e.jpg,0.27294921875
6,2,exp_a1/colors\bg_00ff00.jpg,0.272705078125
7,3,exp_a1/colors\bg_00ffff.jpg,0.26611328125
8,4,exp_a1/colors\bg_888888.jpg,0.2322998046875
