,Unnamed: 0,filepaths,similarity
0,6,exp_a1/112_sq\fg_00ff00_bg_888888.jpg,0.333251953125
1,14,exp_a1/112_sq\fg_921e3e_bg_888888.jpg,0.332763671875
2,9,exp_a1/112_sq\fg_00ffff_bg_888888.jpg,0.308837890625
3,3,exp_a1/112_sq\fg_0000ff_bg_888888.jpg,0.302490234375
4,10,exp_a1/112_sq\fg_00ffff_bg_ffffff.jpg,0.28515625
5,21,exp_a1/112_sq\fg_ffff00_bg_ffffff.jpg,0.279541015625
6,12,exp_a1/112_sq\fg_888888_bg_ffffff.jpg,0.272705078125
7,11,exp_a1/112_sq\fg_888888_bg_000000.jpg,0.2705078125
8,5,exp_a1/112_sq\fg_00ff00_bg_000000.jpg,0.270263671875
9,1,exp_a1/112_sq\fg_000000_bg_ffffff.jpg,0.267578125
10,7,exp_a1/112_sq\fg_00ff00_bg_ffffff.jpg,0.262451171875
11,13,exp_a1/112_sq\fg_921e3e_bg_000000.jpg,0.26220703125
12,8,exp_a1/112_sq\fg_00ffff_bg_000000.jpg,0.25634765625
13,18,exp_a1/112_sq\fg_ff0000_bg_ffffff.jpg,0.2529296875
14,4,exp_a1/112_sq\fg_0000ff_bg_ffffff.jpg,0.241455078125
15,0,exp_a1/112_sq\fg_000000_bg_888888.jpg,0.2353515625
16,2,exp_a1/112_sq\fg_0000ff_bg_000000.jpg,0.231689453125
17,20,exp_a1/112_sq\fg_ffff00_bg_888888.jpg,0.23046875
18,15,exp_a1/112_sq\fg_921e3e_bg_ffffff.jpg,0.230224609375
19,19,exp_a1/112_sq\fg_ffff00_bg_000000.jpg,0.22998046875
20,23,exp_a1/112_sq\fg_ffffff_bg_888888.jpg,0.180419921875
21,17,exp_a1/112_sq\fg_ff0000_bg_888888.jpg,0.1798095703125
22,16,exp_a1/112_sq\fg_ff0000_bg_000000.jpg,0.1749267578125
23,22,exp_a1/112_sq\fg_ffffff_bg_000000.jpg,0.1717529296875
0,3,exp_a1/12_sq\fg_0000ff_bg_888888.jpg,0.34619140625
1,14,exp_a1/12_sq\fg_921e3e_bg_888888.jpg,0.34619140625
2,0,exp_a1/12_sq\fg_000000_bg_888888.jpg,0.343994140625
3,23,exp_a1/12_sq\fg_ffffff_bg_888888.jpg,0.3408203125
4,20,exp_a1/12_sq\fg_ffff00_bg_888888.jpg,0.320068359375
5,6,exp_a1/12_sq\fg_00ff00_bg_888888.jpg,0.3076171875
6,9,exp_a1/12_sq\fg_00ffff_bg_888888.jpg,0.30615234375
7,17,exp_a1/12_sq\fg_ff0000_bg_888888.jpg,0.303466796875
8,12,exp_a1/12_sq\fg_888888_bg_ffffff.jpg,0.2705078125
9,15,exp_a1/12_sq\fg_921e3e_bg_ffffff.jpg,0.269287109375
10,4,exp_a1/12_sq\fg_0000ff_bg_ffffff.jpg,0.26708984375
11,1,exp_a1/12_sq\fg_000000_bg_ffffff.jpg,0.2626953125
12,7,exp_a1/12_sq\fg_00ff00_bg_ffffff.jpg,0.261474609375
13,10,exp_a1/12_sq\fg_00ffff_bg_ffffff.jpg,0.2607421875
14,21,exp_a1/12_sq\fg_ffff00_bg_ffffff.jpg,0.26025390625
15,18,exp_a1/12_sq\fg_ff0000_bg_ffffff.jpg,0.259033203125
16,11,exp_a1/12_sq\fg_888888_bg_000000.jpg,0.1900634765625
17,22,exp_a1/12_sq\fg_ffffff_bg_000000.jpg,0.18994140625
18,16,exp_a1/12_sq\fg_ff0000_bg_000000.jpg,0.189453125
19,8,exp_a1/12_sq\fg_00ffff_bg_000000.jpg,0.1885986328125
20,19,exp_a1/12_sq\fg_ffff00_bg_000000.jpg,0.1881103515625
21,5,exp_a1/12_sq\fg_00ff00_bg_000000.jpg,0.18798828125
22,13,exp_a1/12_sq\fg_921e3e_bg_000000.jpg,0.1873779296875
23,2,exp_a1/12_sq\fg_0000ff_bg_000000.jpg,0.186767578125
0,10,exp_a1/148_sq\fg_00ffff_bg_ffffff.jpg,0.30517578125
1,21,exp_a1/148_sq\fg_ffff00_bg_ffffff.jpg,0.30029296875
2,1,exp_a1/148_sq\fg_000000_bg_ffffff.jpg,0.281494140625
3,5,exp_a1/148_sq\fg_00ff00_bg_000000.jpg,0.2802734375
4,6,exp_a1/148_sq\fg_00ff00_bg_888888.jpg,0.27880859375
5,7,exp_a1/148_sq\fg_00ff00_bg_ffffff.jpg,0.273193359375
6,4,exp_a1/148_sq\fg_0000ff_bg_ffffff.jpg,0.268310546875
7,11,exp_a1/148_sq\fg_888888_bg_000000.jpg,0.25927734375
8,13,exp_a1/148_sq\fg_921e3e_bg_000000.jpg,0.257080078125
9,2,exp_a1/148_sq\fg_0000ff_bg_000000.jpg,0.254638671875
10,18,exp_a1/148_sq\fg_ff0000_bg_ffffff.jpg,0.25439453125
11,12,exp_a1/148_sq\fg_888888_bg_ffffff.jpg,0.244873046875
12,19,exp_a1/148_sq\fg_ffff00_bg_000000.jpg,0.233154296875
13,8,exp_a1/148_sq\fg_00ffff_bg_000000.jpg,0.2320556640625
14,3,exp_a1/148_sq\fg_0000ff_bg_888888.jpg,0.20703125
15,14,exp_a1/148_sq\fg_921e3e_bg_888888.jpg,0.2054443359375
16,20,exp_a1/148_sq\fg_ffff00_bg_888888.jpg,0.1929931640625
17,9,exp_a1/148_sq\fg_00ffff_bg_888888.jpg,0.1871337890625
18,0,exp_a1/148_sq\fg_000000_bg_888888.jpg,0.1839599609375
19,15,exp_a1/148_sq\fg_921e3e_bg_ffffff.jpg,0.178955078125
20,17,exp_a1/148_sq\fg_ff0000_bg_888888.jpg,0.148681640625
21,23,exp_a1/148_sq\fg_ffffff_bg_888888.jpg,0.1474609375
22,22,exp_a1/148_sq\fg_ffffff_bg_000000.jpg,0.13623046875
23,16,exp_a1/148_sq\fg_ff0000_bg_000000.jpg,0.10687255859375
0,19,exp_a1/200_sq\fg_ffff00_bg_000000.jpg,0.305908203125
1,11,exp_a1/200_sq\fg_888888_bg_000000.jpg,0.290771484375
2,5,exp_a1/200_sq\fg_00ff00_bg_000000.jpg,0.284912109375
3,8,exp_a1/200_sq\fg_00ffff_bg_000000.jpg,0.259521484375
4,13,exp_a1/200_sq\fg_921e3e_bg_000000.jpg,0.25634765625
5,2,exp_a1/200_sq\fg_0000ff_bg_000000.jpg,0.251708984375
6,18,exp_a1/200_sq\fg_ff0000_bg_ffffff.jpg,0.2489013671875
7,0,exp_a1/200_sq\fg_000000_bg_888888.jpg,0.245361328125
8,10,exp_a1/200_sq\fg_00ffff_bg_ffffff.jpg,0.24462890625
9,21,exp_a1/200_sq\fg_ffff00_bg_ffffff.jpg,0.237548828125
10,3,exp_a1/200_sq\fg_0000ff_bg_888888.jpg,0.222412109375
11,14,exp_a1/200_sq\fg_921e3e_bg_888888.jpg,0.21875
12,7,exp_a1/200_sq\fg_00ff00_bg_ffffff.jpg,0.21435546875
13,20,exp_a1/200_sq\fg_ffff00_bg_888888.jpg,0.2012939453125
14,1,exp_a1/200_sq\fg_000000_bg_ffffff.jpg,0.172607421875
15,22,exp_a1/200_sq\fg_ffffff_bg_000000.jpg,0.1552734375
16,16,exp_a1/200_sq\fg_ff0000_bg_000000.jpg,0.147705078125
17,6,exp_a1/200_sq\fg_00ff00_bg_888888.jpg,0.1474609375
18,4,exp_a1/200_sq\fg_0000ff_bg_ffffff.jpg,0.1331787109375
19,9,exp_a1/200_sq\fg_00ffff_bg_888888.jpg,0.12493896484375
20,17,exp_a1/200_sq\fg_ff0000_bg_888888.jpg,0.12176513671875
21,23,exp_a1/200_sq\fg_ffffff_bg_888888.jpg,0.1212158203125
22,15,exp_a1/200_sq\fg_921e3e_bg_ffffff.jpg,0.10302734375
23,12,exp_a1/200_sq\fg_888888_bg_ffffff.jpg,0.023345947265625
0,20,exp_a1/4_sq\fg_ffff00_bg_888888.jpg,0.3876953125
1,0,exp_a1/4_sq\fg_000000_bg_888888.jpg,0.38525390625
2,14,exp_a1/4_sq\fg_921e3e_bg_888888.jpg,0.38427734375
3,23,exp_a1/4_sq\fg_ffffff_bg_888888.jpg,0.37939453125
4,3,exp_a1/4_sq\fg_0000ff_bg_888888.jpg,0.37939453125
5,9,exp_a1/4_sq\fg_00ffff_bg_888888.jpg,0.376953125
6,17,exp_a1/4_sq\fg_ff0000_bg_888888.jpg,0.368408203125
7,6,exp_a1/4_sq\fg_00ff00_bg_888888.jpg,0.36767578125
8,1,exp_a1/4_sq\fg_000000_bg_ffffff.jpg,0.257568359375
9,15,exp_a1/4_sq\fg_921e3e_bg_ffffff.jpg,0.257568359375
10,4,exp_a1/4_sq\fg_0000ff_bg_ffffff.jpg,0.257568359375
11,10,exp_a1/4_sq\fg_00ffff_bg_ffffff.jpg,0.257568359375
12,7,exp_a1/4_sq\fg_00ff00_bg_ffffff.jpg,0.257568359375
13,12,exp_a1/4_sq\fg_888888_bg_ffffff.jpg,0.257568359375
14,18,exp_a1/4_sq\fg_ff0000_bg_ffffff.jpg,0.25732421875
15,21,exp_a1/4_sq\fg_ffff00_bg_ffffff.jpg,0.2568359375
16,22,exp_a1/4_sq\fg_ffffff_bg_000000.jpg,0.1873779296875
17,5,exp_a1/4_sq\fg_00ff00_bg_000000.jpg,0.1871337890625
18,2,exp_a1/4_sq\fg_0000ff_bg_000000.jpg,0.1871337890625
19,13,exp_a1/4_sq\fg_921e3e_bg_000000.jpg,0.18701171875
20,11,exp_a1/4_sq\fg_888888_bg_000000.jpg,0.1868896484375
21,16,exp_a1/4_sq\fg_ff0000_bg_000000.jpg,0.1868896484375
22,19,exp_a1/4_sq\fg_ffff00_bg_000000.jpg,0.1868896484375
23,8,exp_a1/4_sq\fg_00ffff_bg_000000.jpg,0.186767578125
0,14,exp_a1/56_sq\fg_921e3e_bg_888888.jpg,0.379150390625
1,0,exp_a1/56_sq\fg_000000_bg_888888.jpg,0.37060546875
2,3,exp_a1/56_sq\fg_0000ff_bg_888888.jpg,0.365478515625
3,9,exp_a1/56_sq\fg_00ffff_bg_888888.jpg,0.3642578125
4,6,exp_a1/56_sq\fg_00ff00_bg_888888.jpg,0.362060546875
5,20,exp_a1/56_sq\fg_ffff00_bg_888888.jpg,0.346435546875
6,17,exp_a1/56_sq\fg_ff0000_bg_888888.jpg,0.299560546875
7,1,exp_a1/56_sq\fg_000000_bg_ffffff.jpg,0.297119140625
8,21,exp_a1/56_sq\fg_ffff00_bg_ffffff.jpg,0.29248046875
9,4,exp_a1/56_sq\fg_0000ff_bg_ffffff.jpg,0.288330078125
10,12,exp_a1/56_sq\fg_888888_bg_ffffff.jpg,0.284912109375
11,10,exp_a1/56_sq\fg_00ffff_bg_ffffff.jpg,0.2763671875
12,7,exp_a1/56_sq\fg_00ff00_bg_ffffff.jpg,0.274658203125
13,15,exp_a1/56_sq\fg_921e3e_bg_ffffff.jpg,0.266845703125
14,23,exp_a1/56_sq\fg_ffffff_bg_888888.jpg,0.263671875
15,18,exp_a1/56_sq\fg_ff0000_bg_ffffff.jpg,0.25439453125
16,11,exp_a1/56_sq\fg_888888_bg_000000.jpg,0.251953125
17,13,exp_a1/56_sq\fg_921e3e_bg_000000.jpg,0.2493896484375
18,19,exp_a1/56_sq\fg_ffff00_bg_000000.jpg,0.2081298828125
19,8,exp_a1/56_sq\fg_00ffff_bg_000000.jpg,0.201904296875
20,2,exp_a1/56_sq\fg_0000ff_bg_000000.jpg,0.1993408203125
21,5,exp_a1/56_sq\fg_00ff00_bg_000000.jpg,0.198974609375
22,22,exp_a1/56_sq\fg_ffffff_bg_000000.jpg,0.1982421875
23,16,exp_a1/56_sq\fg_ff0000_bg_000000.jpg,0.191162109375
0,4,exp_a1/colors\bg_888888.jpg,0.39892578125
1,8,exp_a1/colors\bg_ffffff.png,0.257080078125
2,7,exp_a1/colors\bg_ffff00.jpg,0.2509765625
3,6,exp_a1/colors\bg_ff0000.jpg,0.249755859375
4,1,exp_a1/colors\bg_0000ff.jpg,0.2423095703125
5,5,exp_a1/colors\bg_921e3e.jpg,0.2376708984375
6,2,exp_a1/colors\bg_00ff00.jpg,0.19140625
7,0,exp_a1/colors\bg_000000.jpg,0.18701171875
8,3,exp_a1/colors\bg_00ffff.jpg,0.1827392578125
