,Unnamed: 0,filepaths,similarity
0,3,exp_a1/112_sq\fg_0000ff_bg_888888.jpg,0.2705078125
1,20,exp_a1/112_sq\fg_ffff00_bg_888888.jpg,0.269775390625
2,1,exp_a1/112_sq\fg_000000_bg_ffffff.jpg,0.269287109375
3,21,exp_a1/112_sq\fg_ffff00_bg_ffffff.jpg,0.269287109375
4,4,exp_a1/112_sq\fg_0000ff_bg_ffffff.jpg,0.267822265625
5,10,exp_a1/112_sq\fg_00ffff_bg_ffffff.jpg,0.26416015625
6,18,exp_a1/112_sq\fg_ff0000_bg_ffffff.jpg,0.263916015625
7,15,exp_a1/112_sq\fg_921e3e_bg_ffffff.jpg,0.260986328125
8,7,exp_a1/112_sq\fg_00ff00_bg_ffffff.jpg,0.260009765625
9,23,exp_a1/112_sq\fg_ffffff_bg_888888.jpg,0.255615234375
10,22,exp_a1/112_sq\fg_ffffff_bg_000000.jpg,0.2548828125
11,13,exp_a1/112_sq\fg_921e3e_bg_000000.jpg,0.25390625
12,14,exp_a1/112_sq\fg_921e3e_bg_888888.jpg,0.25390625
13,9,exp_a1/112_sq\fg_00ffff_bg_888888.jpg,0.2529296875
14,17,exp_a1/112_sq\fg_ff0000_bg_888888.jpg,0.251220703125
15,2,exp_a1/112_sq\fg_0000ff_bg_000000.jpg,0.250244140625
16,19,exp_a1/112_sq\fg_ffff00_bg_000000.jpg,0.248046875
17,16,exp_a1/112_sq\fg_ff0000_bg_000000.jpg,0.246337890625
18,8,exp_a1/112_sq\fg_00ffff_bg_000000.jpg,0.243896484375
19,6,exp_a1/112_sq\fg_00ff00_bg_888888.jpg,0.2403564453125
20,0,exp_a1/112_sq\fg_000000_bg_888888.jpg,0.238525390625
21,5,exp_a1/112_sq\fg_00ff00_bg_000000.jpg,0.237548828125
22,11,exp_a1/112_sq\fg_888888_bg_000000.jpg,0.2296142578125
23,12,exp_a1/112_sq\fg_888888_bg_ffffff.jpg,0.225341796875
0,10,exp_a1/12_sq\fg_00ffff_bg_ffffff.jpg,0.26416015625
1,22,exp_a1/12_sq\fg_ffffff_bg_000000.jpg,0.26171875
2,8,exp_a1/12_sq\fg_00ffff_bg_000000.jpg,0.260498046875
3,15,exp_a1/12_sq\fg_921e3e_bg_ffffff.jpg,0.260009765625
4,18,exp_a1/12_sq\fg_ff0000_bg_ffffff.jpg,0.259765625
5,14,exp_a1/12_sq\fg_921e3e_bg_888888.jpg,0.258544921875
6,1,exp_a1/12_sq\fg_000000_bg_ffffff.jpg,0.25830078125
7,2,exp_a1/12_sq\fg_0000ff_bg_000000.jpg,0.257568359375
8,9,exp_a1/12_sq\fg_00ffff_bg_888888.jpg,0.257568359375
9,13,exp_a1/12_sq\fg_921e3e_bg_000000.jpg,0.25732421875
10,11,exp_a1/12_sq\fg_888888_bg_000000.jpg,0.257080078125
11,5,exp_a1/12_sq\fg_00ff00_bg_000000.jpg,0.25634765625
12,12,exp_a1/12_sq\fg_888888_bg_ffffff.jpg,0.255859375
13,0,exp_a1/12_sq\fg_000000_bg_888888.jpg,0.253173828125
14,16,exp_a1/12_sq\fg_ff0000_bg_000000.jpg,0.252685546875
15,3,exp_a1/12_sq\fg_0000ff_bg_888888.jpg,0.252685546875
16,4,exp_a1/12_sq\fg_0000ff_bg_ffffff.jpg,0.25244140625
17,21,exp_a1/12_sq\fg_ffff00_bg_ffffff.jpg,0.252197265625
18,17,exp_a1/12_sq\fg_ff0000_bg_888888.jpg,0.251708984375
19,19,exp_a1/12_sq\fg_ffff00_bg_000000.jpg,0.251708984375
20,7,exp_a1/12_sq\fg_00ff00_bg_ffffff.jpg,0.250732421875
21,23,exp_a1/12_sq\fg_ffffff_bg_888888.jpg,0.247802734375
22,20,exp_a1/12_sq\fg_ffff00_bg_888888.jpg,0.2469482421875
23,6,exp_a1/12_sq\fg_00ff00_bg_888888.jpg,0.2374267578125
0,4,exp_a1/148_sq\fg_0000ff_bg_ffffff.jpg,0.26318359375
1,18,exp_a1/148_sq\fg_ff0000_bg_ffffff.jpg,0.26318359375
2,1,exp_a1/148_sq\fg_000000_bg_ffffff.jpg,0.26220703125
3,21,exp_a1/148_sq\fg_ffff00_bg_ffffff.jpg,0.259765625
4,10,exp_a1/148_sq\fg_00ffff_bg_ffffff.jpg,0.259033203125
5,7,exp_a1/148_sq\fg_00ff00_bg_ffffff.jpg,0.257080078125
6,15,exp_a1/148_sq\fg_921e3e_bg_ffffff.jpg,0.256591796875
7,3,exp_a1/148_sq\fg_0000ff_bg_888888.jpg,0.256103515625
8,22,exp_a1/148_sq\fg_ffffff_bg_000000.jpg,0.256103515625
9,13,exp_a1/148_sq\fg_921e3e_bg_000000.jpg,0.255126953125
10,2,exp_a1/148_sq\fg_0000ff_bg_000000.jpg,0.25048828125
11,19,exp_a1/148_sq\fg_ffff00_bg_000000.jpg,0.2493896484375
12,0,exp_a1/148_sq\fg_000000_bg_888888.jpg,0.2481689453125
13,20,exp_a1/148_sq\fg_ffff00_bg_888888.jpg,0.247802734375
14,16,exp_a1/148_sq\fg_ff0000_bg_000000.jpg,0.24609375
15,9,exp_a1/148_sq\fg_00ffff_bg_888888.jpg,0.244873046875
16,14,exp_a1/148_sq\fg_921e3e_bg_888888.jpg,0.24365234375
17,23,exp_a1/148_sq\fg_ffffff_bg_888888.jpg,0.2421875
18,8,exp_a1/148_sq\fg_00ffff_bg_000000.jpg,0.2391357421875
19,17,exp_a1/148_sq\fg_ff0000_bg_888888.jpg,0.2369384765625
20,11,exp_a1/148_sq\fg_888888_bg_000000.jpg,0.2359619140625
21,5,exp_a1/148_sq\fg_00ff00_bg_000000.jpg,0.2303466796875
22,12,exp_a1/148_sq\fg_888888_bg_ffffff.jpg,0.2266845703125
23,6,exp_a1/148_sq\fg_00ff00_bg_888888.jpg,0.203125
0,3,exp_a1/200_sq\fg_0000ff_bg_888888.jpg,0.264404296875
1,10,exp_a1/200_sq\fg_00ffff_bg_ffffff.jpg,0.26416015625
2,9,exp_a1/200_sq\fg_00ffff_bg_888888.jpg,0.26025390625
3,21,exp_a1/200_sq\fg_ffff00_bg_ffffff.jpg,0.25830078125
4,8,exp_a1/200_sq\fg_00ffff_bg_000000.jpg,0.2578125
5,1,exp_a1/200_sq\fg_000000_bg_ffffff.jpg,0.2568359375
6,0,exp_a1/200_sq\fg_000000_bg_888888.jpg,0.2568359375
7,4,exp_a1/200_sq\fg_0000ff_bg_ffffff.jpg,0.256103515625
8,22,exp_a1/200_sq\fg_ffffff_bg_000000.jpg,0.255615234375
9,20,exp_a1/200_sq\fg_ffff00_bg_888888.jpg,0.2548828125
10,15,exp_a1/200_sq\fg_921e3e_bg_ffffff.jpg,0.2529296875
11,18,exp_a1/200_sq\fg_ff0000_bg_ffffff.jpg,0.25244140625
12,19,exp_a1/200_sq\fg_ffff00_bg_000000.jpg,0.25244140625
13,13,exp_a1/200_sq\fg_921e3e_bg_000000.jpg,0.251220703125
14,7,exp_a1/200_sq\fg_00ff00_bg_ffffff.jpg,0.2509765625
15,6,exp_a1/200_sq\fg_00ff00_bg_888888.jpg,0.2509765625
16,5,exp_a1/200_sq\fg_00ff00_bg_000000.jpg,0.2509765625
17,14,exp_a1/200_sq\fg_921e3e_bg_888888.jpg,0.249755859375
18,17,exp_a1/200_sq\fg_ff0000_bg_888888.jpg,0.24853515625
19,2,exp_a1/200_sq\fg_0000ff_bg_000000.jpg,0.248046875
20,16,exp_a1/200_sq\fg_ff0000_bg_000000.jpg,0.246337890625
21,23,exp_a1/200_sq\fg_ffffff_bg_888888.jpg,0.244873046875
22,12,exp_a1/200_sq\fg_888888_bg_ffffff.jpg,0.212158203125
23,11,exp_a1/200_sq\fg_888888_bg_000000.jpg,0.19775390625
0,13,exp_a1/4_sq\fg_921e3e_bg_000000.jpg,0.255615234375
1,11,exp_a1/4_sq\fg_888888_bg_000000.jpg,0.2548828125
2,18,exp_a1/4_sq\fg_ff0000_bg_ffffff.jpg,0.25341796875
3,2,exp_a1/4_sq\fg_0000ff_bg_000000.jpg,0.253173828125
4,19,exp_a1/4_sq\fg_ffff00_bg_000000.jpg,0.253173828125
5,12,exp_a1/4_sq\fg_888888_bg_ffffff.jpg,0.251953125
6,1,exp_a1/4_sq\fg_000000_bg_ffffff.jpg,0.25146484375
7,0,exp_a1/4_sq\fg_000000_bg_888888.jpg,0.25146484375
8,8,exp_a1/4_sq\fg_00ffff_bg_000000.jpg,0.251220703125
9,22,exp_a1/4_sq\fg_ffffff_bg_000000.jpg,0.251220703125
10,16,exp_a1/4_sq\fg_ff0000_bg_000000.jpg,0.2509765625
11,10,exp_a1/4_sq\fg_00ffff_bg_ffffff.jpg,0.250732421875
12,9,exp_a1/4_sq\fg_00ffff_bg_888888.jpg,0.2498779296875
13,15,exp_a1/4_sq\fg_921e3e_bg_ffffff.jpg,0.249267578125
14,5,exp_a1/4_sq\fg_00ff00_bg_000000.jpg,0.2481689453125
15,3,exp_a1/4_sq\fg_0000ff_bg_888888.jpg,0.246826171875
16,7,exp_a1/4_sq\fg_00ff00_bg_ffffff.jpg,0.244873046875
17,4,exp_a1/4_sq\fg_0000ff_bg_ffffff.jpg,0.244873046875
18,23,exp_a1/4_sq\fg_ffffff_bg_888888.jpg,0.2435302734375
19,21,exp_a1/4_sq\fg_ffff00_bg_ffffff.jpg,0.2431640625
20,14,exp_a1/4_sq\fg_921e3e_bg_888888.jpg,0.24169921875
21,6,exp_a1/4_sq\fg_00ff00_bg_888888.jpg,0.2320556640625
22,20,exp_a1/4_sq\fg_ffff00_bg_888888.jpg,0.2310791015625
23,17,exp_a1/4_sq\fg_ff0000_bg_888888.jpg,0.219970703125
0,4,exp_a1/56_sq\fg_0000ff_bg_ffffff.jpg,0.2744140625
1,10,exp_a1/56_sq\fg_00ffff_bg_ffffff.jpg,0.271484375
2,21,exp_a1/56_sq\fg_ffff00_bg_ffffff.jpg,0.269775390625
3,1,exp_a1/56_sq\fg_000000_bg_ffffff.jpg,0.26806640625
4,7,exp_a1/56_sq\fg_00ff00_bg_ffffff.jpg,0.26708984375
5,18,exp_a1/56_sq\fg_ff0000_bg_ffffff.jpg,0.26513671875
6,3,exp_a1/56_sq\fg_0000ff_bg_888888.jpg,0.2646484375
7,15,exp_a1/56_sq\fg_921e3e_bg_ffffff.jpg,0.264404296875
8,8,exp_a1/56_sq\fg_00ffff_bg_000000.jpg,0.26220703125
9,2,exp_a1/56_sq\fg_0000ff_bg_000000.jpg,0.260986328125
10,20,exp_a1/56_sq\fg_ffff00_bg_888888.jpg,0.2607421875
11,22,exp_a1/56_sq\fg_ffffff_bg_000000.jpg,0.25927734375
12,13,exp_a1/56_sq\fg_921e3e_bg_000000.jpg,0.2578125
13,11,exp_a1/56_sq\fg_888888_bg_000000.jpg,0.255126953125
14,5,exp_a1/56_sq\fg_00ff00_bg_000000.jpg,0.252685546875
15,19,exp_a1/56_sq\fg_ffff00_bg_000000.jpg,0.25244140625
16,16,exp_a1/56_sq\fg_ff0000_bg_000000.jpg,0.2498779296875
17,9,exp_a1/56_sq\fg_00ffff_bg_888888.jpg,0.24951171875
18,14,exp_a1/56_sq\fg_921e3e_bg_888888.jpg,0.2491455078125
19,17,exp_a1/56_sq\fg_ff0000_bg_888888.jpg,0.2490234375
20,12,exp_a1/56_sq\fg_888888_bg_ffffff.jpg,0.2489013671875
21,23,exp_a1/56_sq\fg_ffffff_bg_888888.jpg,0.2467041015625
22,0,exp_a1/56_sq\fg_000000_bg_888888.jpg,0.243896484375
23,6,exp_a1/56_sq\fg_00ff00_bg_888888.jpg,0.2435302734375
0,5,exp_a1/colors\bg_921e3e.jpg,0.25732421875
1,0,exp_a1/colors\bg_000000.jpg,0.256591796875
2,6,exp_a1/colors\bg_ff0000.jpg,0.256103515625
3,1,exp_a1/colors\bg_0000ff.jpg,0.2548828125
4,8,exp_a1/colors\bg_ffffff.png,0.25048828125
5,3,exp_a1/colors\bg_00ffff.jpg,0.2479248046875
6,2,exp_a1/colors\bg_00ff00.jpg,0.2435302734375
7,7,exp_a1/colors\bg_ffff00.jpg,0.2413330078125
8,4,exp_a1/colors\bg_888888.jpg,0.219482421875
