,Unnamed: 0,filepaths,similarity
0,14,exp_a1/112_sq\fg_921e3e_bg_888888.jpg,0.34375
1,6,exp_a1/112_sq\fg_00ff00_bg_888888.jpg,0.34130859375
2,9,exp_a1/112_sq\fg_00ffff_bg_888888.jpg,0.3154296875
3,3,exp_a1/112_sq\fg_0000ff_bg_888888.jpg,0.307373046875
4,10,exp_a1/112_sq\fg_00ffff_bg_ffffff.jpg,0.2783203125
5,21,exp_a1/112_sq\fg_ffff00_bg_ffffff.jpg,0.278076171875
6,12,exp_a1/112_sq\fg_888888_bg_ffffff.jpg,0.2705078125
7,1,exp_a1/112_sq\fg_000000_bg_ffffff.jpg,0.262939453125
8,11,exp_a1/112_sq\fg_888888_bg_000000.jpg,0.259521484375
9,7,exp_a1/112_sq\fg_00ff00_bg_ffffff.jpg,0.259033203125
10,18,exp_a1/112_sq\fg_ff0000_bg_ffffff.jpg,0.251708984375
11,0,exp_a1/112_sq\fg_000000_bg_888888.jpg,0.247802734375
12,13,exp_a1/112_sq\fg_921e3e_bg_000000.jpg,0.2469482421875
13,5,exp_a1/112_sq\fg_00ff00_bg_000000.jpg,0.24658203125
14,20,exp_a1/112_sq\fg_ffff00_bg_888888.jpg,0.2391357421875
15,15,exp_a1/112_sq\fg_921e3e_bg_ffffff.jpg,0.2379150390625
16,4,exp_a1/112_sq\fg_0000ff_bg_ffffff.jpg,0.23583984375
17,8,exp_a1/112_sq\fg_00ffff_bg_000000.jpg,0.2239990234375
18,2,exp_a1/112_sq\fg_0000ff_bg_000000.jpg,0.199951171875
19,19,exp_a1/112_sq\fg_ffff00_bg_000000.jpg,0.1905517578125
20,17,exp_a1/112_sq\fg_ff0000_bg_888888.jpg,0.1768798828125
21,16,exp_a1/112_sq\fg_ff0000_bg_000000.jpg,0.176025390625
22,23,exp_a1/112_sq\fg_ffffff_bg_888888.jpg,0.175537109375
23,22,exp_a1/112_sq\fg_ffffff_bg_000000.jpg,0.1748046875
0,23,exp_a1/12_sq\fg_ffffff_bg_888888.jpg,0.360107421875
1,3,exp_a1/12_sq\fg_0000ff_bg_888888.jpg,0.35546875
2,14,exp_a1/12_sq\fg_921e3e_bg_888888.jpg,0.3544921875
3,0,exp_a1/12_sq\fg_000000_bg_888888.jpg,0.349609375
4,6,exp_a1/12_sq\fg_00ff00_bg_888888.jpg,0.34716796875
5,20,exp_a1/12_sq\fg_ffff00_bg_888888.jpg,0.341796875
6,17,exp_a1/12_sq\fg_ff0000_bg_888888.jpg,0.331298828125
7,9,exp_a1/12_sq\fg_00ffff_bg_888888.jpg,0.32958984375
8,12,exp_a1/12_sq\fg_888888_bg_ffffff.jpg,0.264404296875
9,15,exp_a1/12_sq\fg_921e3e_bg_ffffff.jpg,0.263427734375
10,4,exp_a1/12_sq\fg_0000ff_bg_ffffff.jpg,0.26171875
11,1,exp_a1/12_sq\fg_000000_bg_ffffff.jpg,0.259033203125
12,7,exp_a1/12_sq\fg_00ff00_bg_ffffff.jpg,0.25830078125
13,10,exp_a1/12_sq\fg_00ffff_bg_ffffff.jpg,0.258056640625
14,18,exp_a1/12_sq\fg_ff0000_bg_ffffff.jpg,0.2578125
15,21,exp_a1/12_sq\fg_ffff00_bg_ffffff.jpg,0.257568359375
16,11,exp_a1/12_sq\fg_888888_bg_000000.jpg,0.1573486328125
17,22,exp_a1/12_sq\fg_ffffff_bg_000000.jpg,0.1566162109375
18,16,exp_a1/12_sq\fg_ff0000_bg_000000.jpg,0.1561279296875
19,8,exp_a1/12_sq\fg_00ffff_bg_000000.jpg,0.155517578125
20,19,exp_a1/12_sq\fg_ffff00_bg_000000.jpg,0.1552734375
21,5,exp_a1/12_sq\fg_00ff00_bg_000000.jpg,0.1551513671875
22,13,exp_a1/12_sq\fg_921e3e_bg_000000.jpg,0.1546630859375
23,2,exp_a1/12_sq\fg_0000ff_bg_000000.jpg,0.154296875
0,10,exp_a1/148_sq\fg_00ffff_bg_ffffff.jpg,0.31103515625
1,21,exp_a1/148_sq\fg_ffff00_bg_ffffff.jpg,0.295654296875
2,6,exp_a1/148_sq\fg_00ff00_bg_888888.jpg,0.291015625
3,1,exp_a1/148_sq\fg_000000_bg_ffffff.jpg,0.284423828125
4,7,exp_a1/148_sq\fg_00ff00_bg_ffffff.jpg,0.281005859375
5,4,exp_a1/148_sq\fg_0000ff_bg_ffffff.jpg,0.2666015625
6,11,exp_a1/148_sq\fg_888888_bg_000000.jpg,0.25927734375
7,5,exp_a1/148_sq\fg_00ff00_bg_000000.jpg,0.258544921875
8,12,exp_a1/148_sq\fg_888888_bg_ffffff.jpg,0.251953125
9,13,exp_a1/148_sq\fg_921e3e_bg_000000.jpg,0.25048828125
10,18,exp_a1/148_sq\fg_ff0000_bg_ffffff.jpg,0.247802734375
11,2,exp_a1/148_sq\fg_0000ff_bg_000000.jpg,0.226318359375
12,14,exp_a1/148_sq\fg_921e3e_bg_888888.jpg,0.2232666015625
13,3,exp_a1/148_sq\fg_0000ff_bg_888888.jpg,0.2198486328125
14,20,exp_a1/148_sq\fg_ffff00_bg_888888.jpg,0.2061767578125
15,9,exp_a1/148_sq\fg_00ffff_bg_888888.jpg,0.2020263671875
16,8,exp_a1/148_sq\fg_00ffff_bg_000000.jpg,0.1976318359375
17,0,exp_a1/148_sq\fg_000000_bg_888888.jpg,0.1959228515625
18,19,exp_a1/148_sq\fg_ffff00_bg_000000.jpg,0.1927490234375
19,15,exp_a1/148_sq\fg_921e3e_bg_ffffff.jpg,0.171630859375
20,17,exp_a1/148_sq\fg_ff0000_bg_888888.jpg,0.1280517578125
21,22,exp_a1/148_sq\fg_ffffff_bg_000000.jpg,0.1275634765625
22,23,exp_a1/148_sq\fg_ffffff_bg_888888.jpg,0.126708984375
23,16,exp_a1/148_sq\fg_ff0000_bg_000000.jpg,0.09906005859375
0,11,exp_a1/200_sq\fg_888888_bg_000000.jpg,0.28662109375
1,5,exp_a1/200_sq\fg_00ff00_bg_000000.jpg,0.2822265625
2,19,exp_a1/200_sq\fg_ffff00_bg_000000.jpg,0.28076171875
3,13,exp_a1/200_sq\fg_921e3e_bg_000000.jpg,0.253173828125
4,18,exp_a1/200_sq\fg_ff0000_bg_ffffff.jpg,0.252197265625
5,10,exp_a1/200_sq\fg_00ffff_bg_ffffff.jpg,0.2490234375
6,8,exp_a1/200_sq\fg_00ffff_bg_000000.jpg,0.248046875
7,21,exp_a1/200_sq\fg_ffff00_bg_ffffff.jpg,0.2318115234375
8,0,exp_a1/200_sq\fg_000000_bg_888888.jpg,0.2303466796875
9,14,exp_a1/200_sq\fg_921e3e_bg_888888.jpg,0.2249755859375
10,3,exp_a1/200_sq\fg_0000ff_bg_888888.jpg,0.2247314453125
11,2,exp_a1/200_sq\fg_0000ff_bg_000000.jpg,0.222900390625
12,7,exp_a1/200_sq\fg_00ff00_bg_ffffff.jpg,0.2056884765625
13,20,exp_a1/200_sq\fg_ffff00_bg_888888.jpg,0.1729736328125
14,6,exp_a1/200_sq\fg_00ff00_bg_888888.jpg,0.1715087890625
15,22,exp_a1/200_sq\fg_ffffff_bg_000000.jpg,0.1695556640625
16,16,exp_a1/200_sq\fg_ff0000_bg_000000.jpg,0.1619873046875
17,1,exp_a1/200_sq\fg_000000_bg_ffffff.jpg,0.15478515625
18,4,exp_a1/200_sq\fg_0000ff_bg_ffffff.jpg,0.1328125
19,17,exp_a1/200_sq\fg_ff0000_bg_888888.jpg,0.11859130859375
20,9,exp_a1/200_sq\fg_00ffff_bg_888888.jpg,0.11419677734375
21,23,exp_a1/200_sq\fg_ffffff_bg_888888.jpg,0.11358642578125
22,15,exp_a1/200_sq\fg_921e3e_bg_ffffff.jpg,0.1072998046875
23,12,exp_a1/200_sq\fg_888888_bg_ffffff.jpg,0.029815673828125
0,6,exp_a1/4_sq\fg_00ff00_bg_888888.jpg,0.4013671875
1,9,exp_a1/4_sq\fg_00ffff_bg_888888.jpg,0.401123046875
2,17,exp_a1/4_sq\fg_ff0000_bg_888888.jpg,0.396240234375
3,3,exp_a1/4_sq\fg_0000ff_bg_888888.jpg,0.38916015625
4,0,exp_a1/4_sq\fg_000000_bg_888888.jpg,0.387451171875
5,20,exp_a1/4_sq\fg_ffff00_bg_888888.jpg,0.3828125
6,23,exp_a1/4_sq\fg_ffffff_bg_888888.jpg,0.381591796875
7,14,exp_a1/4_sq\fg_921e3e_bg_888888.jpg,0.381103515625
8,10,exp_a1/4_sq\fg_00ffff_bg_ffffff.jpg,0.257080078125
9,4,exp_a1/4_sq\fg_0000ff_bg_ffffff.jpg,0.257080078125
10,7,exp_a1/4_sq\fg_00ff00_bg_ffffff.jpg,0.2568359375
11,18,exp_a1/4_sq\fg_ff0000_bg_ffffff.jpg,0.2568359375
12,15,exp_a1/4_sq\fg_921e3e_bg_ffffff.jpg,0.2568359375
13,1,exp_a1/4_sq\fg_000000_bg_ffffff.jpg,0.2568359375
14,12,exp_a1/4_sq\fg_888888_bg_ffffff.jpg,0.2568359375
15,21,exp_a1/4_sq\fg_ffff00_bg_ffffff.jpg,0.256591796875
16,22,exp_a1/4_sq\fg_ffffff_bg_000000.jpg,0.155029296875
17,13,exp_a1/4_sq\fg_921e3e_bg_000000.jpg,0.1546630859375
18,16,exp_a1/4_sq\fg_ff0000_bg_000000.jpg,0.1546630859375
19,5,exp_a1/4_sq\fg_00ff00_bg_000000.jpg,0.1546630859375
20,2,exp_a1/4_sq\fg_0000ff_bg_000000.jpg,0.1546630859375
21,19,exp_a1/4_sq\fg_ffff00_bg_000000.jpg,0.154541015625
22,8,exp_a1/4_sq\fg_00ffff_bg_000000.jpg,0.1544189453125
23,11,exp_a1/4_sq\fg_888888_bg_000000.jpg,0.1544189453125
0,14,exp_a1/56_sq\fg_921e3e_bg_888888.jpg,0.38232421875
1,6,exp_a1/56_sq\fg_00ff00_bg_888888.jpg,0.37451171875
2,9,exp_a1/56_sq\fg_00ffff_bg_888888.jpg,0.372802734375
3,0,exp_a1/56_sq\fg_000000_bg_888888.jpg,0.372314453125
4,3,exp_a1/56_sq\fg_0000ff_bg_888888.jpg,0.3701171875
5,20,exp_a1/56_sq\fg_ffff00_bg_888888.jpg,0.354248046875
6,17,exp_a1/56_sq\fg_ff0000_bg_888888.jpg,0.31298828125
7,1,exp_a1/56_sq\fg_000000_bg_ffffff.jpg,0.281982421875
8,21,exp_a1/56_sq\fg_ffff00_bg_ffffff.jpg,0.28076171875
9,23,exp_a1/56_sq\fg_ffffff_bg_888888.jpg,0.279541015625
10,4,exp_a1/56_sq\fg_0000ff_bg_ffffff.jpg,0.272216796875
11,12,exp_a1/56_sq\fg_888888_bg_ffffff.jpg,0.2626953125
12,10,exp_a1/56_sq\fg_00ffff_bg_ffffff.jpg,0.26171875
13,7,exp_a1/56_sq\fg_00ff00_bg_ffffff.jpg,0.260009765625
14,15,exp_a1/56_sq\fg_921e3e_bg_ffffff.jpg,0.25390625
15,18,exp_a1/56_sq\fg_ff0000_bg_ffffff.jpg,0.250244140625
16,11,exp_a1/56_sq\fg_888888_bg_000000.jpg,0.2283935546875
17,13,exp_a1/56_sq\fg_921e3e_bg_000000.jpg,0.2198486328125
18,19,exp_a1/56_sq\fg_ffff00_bg_000000.jpg,0.1727294921875
19,22,exp_a1/56_sq\fg_ffffff_bg_000000.jpg,0.16796875
20,8,exp_a1/56_sq\fg_00ffff_bg_000000.jpg,0.1678466796875
21,2,exp_a1/56_sq\fg_0000ff_bg_000000.jpg,0.1663818359375
22,5,exp_a1/56_sq\fg_00ff00_bg_000000.jpg,0.1646728515625
23,16,exp_a1/56_sq\fg_ff0000_bg_000000.jpg,0.161376953125
0,4,exp_a1/colors\bg_888888.jpg,0.388916015625
1,8,exp_a1/colors\bg_ffffff.png,0.25634765625
2,7,exp_a1/colors\bg_ffff00.jpg,0.25146484375
3,6,exp_a1/colors\bg_ff0000.jpg,0.2274169921875
4,5,exp_a1/colors\bg_921e3e.jpg,0.220458984375
5,1,exp_a1/colors\bg_0000ff.jpg,0.2200927734375
6,3,exp_a1/colors\bg_00ffff.jpg,0.192138671875
7,2,exp_a1/colors\bg_00ff00.jpg,0.1844482421875
8,0,exp_a1/colors\bg_000000.jpg,0.154541015625
