,Unnamed: 0,filepaths,similarity
0,6,exp_a1/112_sq\fg_00ff00_bg_888888.jpg,0.3603515625
1,10,exp_a1/112_sq\fg_00ffff_bg_ffffff.jpg,0.3388671875
2,21,exp_a1/112_sq\fg_ffff00_bg_ffffff.jpg,0.325439453125
3,14,exp_a1/112_sq\fg_921e3e_bg_888888.jpg,0.32373046875
4,9,exp_a1/112_sq\fg_00ffff_bg_888888.jpg,0.318359375
5,1,exp_a1/112_sq\fg_000000_bg_ffffff.jpg,0.310791015625
6,18,exp_a1/112_sq\fg_ff0000_bg_ffffff.jpg,0.29833984375
7,7,exp_a1/112_sq\fg_00ff00_bg_ffffff.jpg,0.295166015625
8,12,exp_a1/112_sq\fg_888888_bg_ffffff.jpg,0.29296875
9,4,exp_a1/112_sq\fg_0000ff_bg_ffffff.jpg,0.27880859375
10,3,exp_a1/112_sq\fg_0000ff_bg_888888.jpg,0.278564453125
11,5,exp_a1/112_sq\fg_00ff00_bg_000000.jpg,0.265869140625
12,15,exp_a1/112_sq\fg_921e3e_bg_ffffff.jpg,0.255859375
13,11,exp_a1/112_sq\fg_888888_bg_000000.jpg,0.255126953125
14,13,exp_a1/112_sq\fg_921e3e_bg_000000.jpg,0.246337890625
15,8,exp_a1/112_sq\fg_00ffff_bg_000000.jpg,0.2294921875
16,16,exp_a1/112_sq\fg_ff0000_bg_000000.jpg,0.2291259765625
17,22,exp_a1/112_sq\fg_ffffff_bg_000000.jpg,0.228515625
18,2,exp_a1/112_sq\fg_0000ff_bg_000000.jpg,0.209716796875
19,19,exp_a1/112_sq\fg_ffff00_bg_000000.jpg,0.2054443359375
20,0,exp_a1/112_sq\fg_000000_bg_888888.jpg,0.200439453125
21,20,exp_a1/112_sq\fg_ffff00_bg_888888.jpg,0.1976318359375
22,23,exp_a1/112_sq\fg_ffffff_bg_888888.jpg,0.1875
23,17,exp_a1/112_sq\fg_ff0000_bg_888888.jpg,0.1859130859375
0,23,exp_a1/12_sq\fg_ffffff_bg_888888.jpg,0.425537109375
1,17,exp_a1/12_sq\fg_ff0000_bg_888888.jpg,0.425537109375
2,9,exp_a1/12_sq\fg_00ffff_bg_888888.jpg,0.417236328125
3,6,exp_a1/12_sq\fg_00ff00_bg_888888.jpg,0.40966796875
4,20,exp_a1/12_sq\fg_ffff00_bg_888888.jpg,0.408203125
5,14,exp_a1/12_sq\fg_921e3e_bg_888888.jpg,0.406494140625
6,3,exp_a1/12_sq\fg_0000ff_bg_888888.jpg,0.40576171875
7,0,exp_a1/12_sq\fg_000000_bg_888888.jpg,0.401611328125
8,12,exp_a1/12_sq\fg_888888_bg_ffffff.jpg,0.314208984375
9,15,exp_a1/12_sq\fg_921e3e_bg_ffffff.jpg,0.31298828125
10,4,exp_a1/12_sq\fg_0000ff_bg_ffffff.jpg,0.310546875
11,1,exp_a1/12_sq\fg_000000_bg_ffffff.jpg,0.30810546875
12,7,exp_a1/12_sq\fg_00ff00_bg_ffffff.jpg,0.30712890625
13,18,exp_a1/12_sq\fg_ff0000_bg_ffffff.jpg,0.306884765625
14,21,exp_a1/12_sq\fg_ffff00_bg_ffffff.jpg,0.306884765625
15,10,exp_a1/12_sq\fg_00ffff_bg_ffffff.jpg,0.306640625
16,22,exp_a1/12_sq\fg_ffffff_bg_000000.jpg,0.167724609375
17,11,exp_a1/12_sq\fg_888888_bg_000000.jpg,0.167236328125
18,16,exp_a1/12_sq\fg_ff0000_bg_000000.jpg,0.167236328125
19,8,exp_a1/12_sq\fg_00ffff_bg_000000.jpg,0.1661376953125
20,19,exp_a1/12_sq\fg_ffff00_bg_000000.jpg,0.165771484375
21,5,exp_a1/12_sq\fg_00ff00_bg_000000.jpg,0.16552734375
22,13,exp_a1/12_sq\fg_921e3e_bg_000000.jpg,0.1650390625
23,2,exp_a1/12_sq\fg_0000ff_bg_000000.jpg,0.1646728515625
0,10,exp_a1/148_sq\fg_00ffff_bg_ffffff.jpg,0.343017578125
1,21,exp_a1/148_sq\fg_ffff00_bg_ffffff.jpg,0.3408203125
2,6,exp_a1/148_sq\fg_00ff00_bg_888888.jpg,0.3115234375
3,1,exp_a1/148_sq\fg_000000_bg_ffffff.jpg,0.308349609375
4,7,exp_a1/148_sq\fg_00ff00_bg_ffffff.jpg,0.30810546875
5,18,exp_a1/148_sq\fg_ff0000_bg_ffffff.jpg,0.29443359375
6,4,exp_a1/148_sq\fg_0000ff_bg_ffffff.jpg,0.2841796875
7,5,exp_a1/148_sq\fg_00ff00_bg_000000.jpg,0.269775390625
8,12,exp_a1/148_sq\fg_888888_bg_ffffff.jpg,0.258544921875
9,13,exp_a1/148_sq\fg_921e3e_bg_000000.jpg,0.2467041015625
10,2,exp_a1/148_sq\fg_0000ff_bg_000000.jpg,0.235595703125
11,11,exp_a1/148_sq\fg_888888_bg_000000.jpg,0.23193359375
12,19,exp_a1/148_sq\fg_ffff00_bg_000000.jpg,0.2132568359375
13,15,exp_a1/148_sq\fg_921e3e_bg_ffffff.jpg,0.2120361328125
14,8,exp_a1/148_sq\fg_00ffff_bg_000000.jpg,0.2117919921875
15,9,exp_a1/148_sq\fg_00ffff_bg_888888.jpg,0.195068359375
16,22,exp_a1/148_sq\fg_ffffff_bg_000000.jpg,0.18505859375
17,14,exp_a1/148_sq\fg_921e3e_bg_888888.jpg,0.1700439453125
18,20,exp_a1/148_sq\fg_ffff00_bg_888888.jpg,0.1678466796875
19,17,exp_a1/148_sq\fg_ff0000_bg_888888.jpg,0.16650390625
20,3,exp_a1/148_sq\fg_0000ff_bg_888888.jpg,0.165283203125
21,16,exp_a1/148_sq\fg_ff0000_bg_000000.jpg,0.1600341796875
22,23,exp_a1/148_sq\fg_ffffff_bg_888888.jpg,0.1595458984375
23,0,exp_a1/148_sq\fg_000000_bg_888888.jpg,0.1390380859375
0,5,exp_a1/200_sq\fg_00ff00_bg_000000.jpg,0.313232421875
1,18,exp_a1/200_sq\fg_ff0000_bg_ffffff.jpg,0.296142578125
2,19,exp_a1/200_sq\fg_ffff00_bg_000000.jpg,0.28955078125
3,11,exp_a1/200_sq\fg_888888_bg_000000.jpg,0.286865234375
4,8,exp_a1/200_sq\fg_00ffff_bg_000000.jpg,0.276123046875
5,10,exp_a1/200_sq\fg_00ffff_bg_ffffff.jpg,0.274658203125
6,22,exp_a1/200_sq\fg_ffffff_bg_000000.jpg,0.2685546875
7,16,exp_a1/200_sq\fg_ff0000_bg_000000.jpg,0.255126953125
8,13,exp_a1/200_sq\fg_921e3e_bg_000000.jpg,0.253662109375
9,21,exp_a1/200_sq\fg_ffff00_bg_ffffff.jpg,0.25048828125
10,7,exp_a1/200_sq\fg_00ff00_bg_ffffff.jpg,0.2388916015625
11,2,exp_a1/200_sq\fg_0000ff_bg_000000.jpg,0.2265625
12,0,exp_a1/200_sq\fg_000000_bg_888888.jpg,0.2210693359375
13,6,exp_a1/200_sq\fg_00ff00_bg_888888.jpg,0.2109375
14,3,exp_a1/200_sq\fg_0000ff_bg_888888.jpg,0.18701171875
15,17,exp_a1/200_sq\fg_ff0000_bg_888888.jpg,0.186767578125
16,20,exp_a1/200_sq\fg_ffff00_bg_888888.jpg,0.1866455078125
17,1,exp_a1/200_sq\fg_000000_bg_ffffff.jpg,0.1864013671875
18,23,exp_a1/200_sq\fg_ffffff_bg_888888.jpg,0.1822509765625
19,14,exp_a1/200_sq\fg_921e3e_bg_888888.jpg,0.174560546875
20,4,exp_a1/200_sq\fg_0000ff_bg_ffffff.jpg,0.1690673828125
21,15,exp_a1/200_sq\fg_921e3e_bg_ffffff.jpg,0.14599609375
22,9,exp_a1/200_sq\fg_00ffff_bg_888888.jpg,0.1439208984375
23,12,exp_a1/200_sq\fg_888888_bg_ffffff.jpg,0.0528564453125
0,0,exp_a1/4_sq\fg_000000_bg_888888.jpg,0.416748046875
1,23,exp_a1/4_sq\fg_ffffff_bg_888888.jpg,0.416748046875
2,3,exp_a1/4_sq\fg_0000ff_bg_888888.jpg,0.413818359375
3,14,exp_a1/4_sq\fg_921e3e_bg_888888.jpg,0.4130859375
4,20,exp_a1/4_sq\fg_ffff00_bg_888888.jpg,0.411865234375
5,9,exp_a1/4_sq\fg_00ffff_bg_888888.jpg,0.40966796875
6,17,exp_a1/4_sq\fg_ff0000_bg_888888.jpg,0.407958984375
7,6,exp_a1/4_sq\fg_00ff00_bg_888888.jpg,0.405029296875
8,10,exp_a1/4_sq\fg_00ffff_bg_ffffff.jpg,0.30712890625
9,7,exp_a1/4_sq\fg_00ff00_bg_ffffff.jpg,0.306884765625
10,1,exp_a1/4_sq\fg_000000_bg_ffffff.jpg,0.306884765625
11,15,exp_a1/4_sq\fg_921e3e_bg_ffffff.jpg,0.306884765625
12,12,exp_a1/4_sq\fg_888888_bg_ffffff.jpg,0.306640625
13,4,exp_a1/4_sq\fg_0000ff_bg_ffffff.jpg,0.306640625
14,21,exp_a1/4_sq\fg_ffff00_bg_ffffff.jpg,0.306640625
15,18,exp_a1/4_sq\fg_ff0000_bg_ffffff.jpg,0.306640625
16,22,exp_a1/4_sq\fg_ffffff_bg_000000.jpg,0.1654052734375
17,2,exp_a1/4_sq\fg_0000ff_bg_000000.jpg,0.1650390625
18,5,exp_a1/4_sq\fg_00ff00_bg_000000.jpg,0.1650390625
19,13,exp_a1/4_sq\fg_921e3e_bg_000000.jpg,0.1650390625
20,16,exp_a1/4_sq\fg_ff0000_bg_000000.jpg,0.1649169921875
21,11,exp_a1/4_sq\fg_888888_bg_000000.jpg,0.1649169921875
22,19,exp_a1/4_sq\fg_ffff00_bg_000000.jpg,0.164794921875
23,8,exp_a1/4_sq\fg_00ffff_bg_000000.jpg,0.164794921875
0,6,exp_a1/56_sq\fg_00ff00_bg_888888.jpg,0.417724609375
1,14,exp_a1/56_sq\fg_921e3e_bg_888888.jpg,0.40283203125
2,3,exp_a1/56_sq\fg_0000ff_bg_888888.jpg,0.399169921875
3,0,exp_a1/56_sq\fg_000000_bg_888888.jpg,0.38720703125
4,9,exp_a1/56_sq\fg_00ffff_bg_888888.jpg,0.38720703125
5,20,exp_a1/56_sq\fg_ffff00_bg_888888.jpg,0.357666015625
6,21,exp_a1/56_sq\fg_ffff00_bg_ffffff.jpg,0.34326171875
7,1,exp_a1/56_sq\fg_000000_bg_ffffff.jpg,0.33447265625
8,4,exp_a1/56_sq\fg_0000ff_bg_ffffff.jpg,0.32861328125
9,10,exp_a1/56_sq\fg_00ffff_bg_ffffff.jpg,0.3251953125
10,7,exp_a1/56_sq\fg_00ff00_bg_ffffff.jpg,0.320556640625
11,12,exp_a1/56_sq\fg_888888_bg_ffffff.jpg,0.31396484375
12,15,exp_a1/56_sq\fg_921e3e_bg_ffffff.jpg,0.3125
13,17,exp_a1/56_sq\fg_ff0000_bg_888888.jpg,0.30078125
14,18,exp_a1/56_sq\fg_ff0000_bg_ffffff.jpg,0.299072265625
15,23,exp_a1/56_sq\fg_ffffff_bg_888888.jpg,0.251220703125
16,11,exp_a1/56_sq\fg_888888_bg_000000.jpg,0.2369384765625
17,13,exp_a1/56_sq\fg_921e3e_bg_000000.jpg,0.2296142578125
18,22,exp_a1/56_sq\fg_ffffff_bg_000000.jpg,0.1966552734375
19,16,exp_a1/56_sq\fg_ff0000_bg_000000.jpg,0.193359375
20,19,exp_a1/56_sq\fg_ffff00_bg_000000.jpg,0.1865234375
21,8,exp_a1/56_sq\fg_00ffff_bg_000000.jpg,0.1861572265625
22,5,exp_a1/56_sq\fg_00ff00_bg_000000.jpg,0.1793212890625
23,2,exp_a1/56_sq\fg_0000ff_bg_000000.jpg,0.177734375
0,4,exp_a1/colors\bg_888888.jpg,0.3984375
1,8,exp_a1/colors\bg_ffffff.png,0.30712890625
2,7,exp_a1/colors\bg_ffff00.jpg,0.299072265625
3,3,exp_a1/colors\bg_00ffff.jpg,0.2386474609375
4,6,exp_a1/colors\bg_ff0000.jpg,0.238525390625
5,2,exp_a1/colors\bg_00ff00.jpg,0.2359619140625
6,5,exp_a1/colors\bg_921e3e.jpg,0.231689453125
7,1,exp_a1/colors\bg_0000ff.jpg,0.216064453125
8,0,exp_a1/colors\bg_000000.jpg,0.1650390625
