,Unnamed: 0,filepaths,similarity
0,18,exp_a1/112_sq\fg_ff0000_bg_ffffff.jpg,0.2197265625
1,10,exp_a1/112_sq\fg_00ffff_bg_ffffff.jpg,0.21826171875
2,4,exp_a1/112_sq\fg_0000ff_bg_ffffff.jpg,0.2177734375
3,21,exp_a1/112_sq\fg_ffff00_bg_ffffff.jpg,0.2174072265625
4,1,exp_a1/112_sq\fg_000000_bg_ffffff.jpg,0.2171630859375
5,20,exp_a1/112_sq\fg_ffff00_bg_888888.jpg,0.215576171875
6,3,exp_a1/112_sq\fg_0000ff_bg_888888.jpg,0.2144775390625
7,17,exp_a1/112_sq\fg_ff0000_bg_888888.jpg,0.2139892578125
8,15,exp_a1/112_sq\fg_921e3e_bg_ffffff.jpg,0.213623046875
9,22,exp_a1/112_sq\fg_ffffff_bg_000000.jpg,0.21337890625
10,0,exp_a1/112_sq\fg_000000_bg_888888.jpg,0.2127685546875
11,23,exp_a1/112_sq\fg_ffffff_bg_888888.jpg,0.21240234375
12,7,exp_a1/112_sq\fg_00ff00_bg_ffffff.jpg,0.21044921875
13,12,exp_a1/112_sq\fg_888888_bg_ffffff.jpg,0.210205078125
14,11,exp_a1/112_sq\fg_888888_bg_000000.jpg,0.209228515625
15,16,exp_a1/112_sq\fg_ff0000_bg_000000.jpg,0.2076416015625
16,13,exp_a1/112_sq\fg_921e3e_bg_000000.jpg,0.206787109375
17,9,exp_a1/112_sq\fg_00ffff_bg_888888.jpg,0.206787109375
18,14,exp_a1/112_sq\fg_921e3e_bg_888888.jpg,0.2049560546875
19,19,exp_a1/112_sq\fg_ffff00_bg_000000.jpg,0.20458984375
20,8,exp_a1/112_sq\fg_00ffff_bg_000000.jpg,0.20263671875
21,2,exp_a1/112_sq\fg_0000ff_bg_000000.jpg,0.2022705078125
22,5,exp_a1/112_sq\fg_00ff00_bg_000000.jpg,0.20068359375
23,6,exp_a1/112_sq\fg_00ff00_bg_888888.jpg,0.19970703125
0,18,exp_a1/12_sq\fg_ff0000_bg_ffffff.jpg,0.220458984375
1,10,exp_a1/12_sq\fg_00ffff_bg_ffffff.jpg,0.2177734375
2,12,exp_a1/12_sq\fg_888888_bg_ffffff.jpg,0.21728515625
3,9,exp_a1/12_sq\fg_00ffff_bg_888888.jpg,0.21728515625
4,15,exp_a1/12_sq\fg_921e3e_bg_ffffff.jpg,0.21484375
5,7,exp_a1/12_sq\fg_00ff00_bg_ffffff.jpg,0.21484375
6,1,exp_a1/12_sq\fg_000000_bg_ffffff.jpg,0.21435546875
7,21,exp_a1/12_sq\fg_ffff00_bg_ffffff.jpg,0.21337890625
8,4,exp_a1/12_sq\fg_0000ff_bg_ffffff.jpg,0.2132568359375
9,23,exp_a1/12_sq\fg_ffffff_bg_888888.jpg,0.21142578125
10,3,exp_a1/12_sq\fg_0000ff_bg_888888.jpg,0.2105712890625
11,17,exp_a1/12_sq\fg_ff0000_bg_888888.jpg,0.2100830078125
12,0,exp_a1/12_sq\fg_000000_bg_888888.jpg,0.208740234375
13,14,exp_a1/12_sq\fg_921e3e_bg_888888.jpg,0.2069091796875
14,11,exp_a1/12_sq\fg_888888_bg_000000.jpg,0.2064208984375
15,22,exp_a1/12_sq\fg_ffffff_bg_000000.jpg,0.2059326171875
16,13,exp_a1/12_sq\fg_921e3e_bg_000000.jpg,0.20556640625
17,20,exp_a1/12_sq\fg_ffff00_bg_888888.jpg,0.2042236328125
18,5,exp_a1/12_sq\fg_00ff00_bg_000000.jpg,0.2032470703125
19,6,exp_a1/12_sq\fg_00ff00_bg_888888.jpg,0.2027587890625
20,2,exp_a1/12_sq\fg_0000ff_bg_000000.jpg,0.2020263671875
21,8,exp_a1/12_sq\fg_00ffff_bg_000000.jpg,0.2005615234375
22,16,exp_a1/12_sq\fg_ff0000_bg_000000.jpg,0.2005615234375
23,19,exp_a1/12_sq\fg_ffff00_bg_000000.jpg,0.1983642578125
0,18,exp_a1/148_sq\fg_ff0000_bg_ffffff.jpg,0.2169189453125
1,15,exp_a1/148_sq\fg_921e3e_bg_ffffff.jpg,0.2161865234375
2,10,exp_a1/148_sq\fg_00ffff_bg_ffffff.jpg,0.21533203125
3,0,exp_a1/148_sq\fg_000000_bg_888888.jpg,0.214599609375
4,22,exp_a1/148_sq\fg_ffffff_bg_000000.jpg,0.214599609375
5,1,exp_a1/148_sq\fg_000000_bg_ffffff.jpg,0.2144775390625
6,4,exp_a1/148_sq\fg_0000ff_bg_ffffff.jpg,0.213623046875
7,16,exp_a1/148_sq\fg_ff0000_bg_000000.jpg,0.212646484375
8,7,exp_a1/148_sq\fg_00ff00_bg_ffffff.jpg,0.21240234375
9,21,exp_a1/148_sq\fg_ffff00_bg_ffffff.jpg,0.2122802734375
10,11,exp_a1/148_sq\fg_888888_bg_000000.jpg,0.2119140625
11,23,exp_a1/148_sq\fg_ffffff_bg_888888.jpg,0.2109375
12,12,exp_a1/148_sq\fg_888888_bg_ffffff.jpg,0.210205078125
13,19,exp_a1/148_sq\fg_ffff00_bg_000000.jpg,0.2076416015625
14,13,exp_a1/148_sq\fg_921e3e_bg_000000.jpg,0.2061767578125
15,8,exp_a1/148_sq\fg_00ffff_bg_000000.jpg,0.2041015625
16,17,exp_a1/148_sq\fg_ff0000_bg_888888.jpg,0.2037353515625
17,5,exp_a1/148_sq\fg_00ff00_bg_000000.jpg,0.2025146484375
18,2,exp_a1/148_sq\fg_0000ff_bg_000000.jpg,0.1993408203125
19,3,exp_a1/148_sq\fg_0000ff_bg_888888.jpg,0.1990966796875
20,20,exp_a1/148_sq\fg_ffff00_bg_888888.jpg,0.1986083984375
21,9,exp_a1/148_sq\fg_00ffff_bg_888888.jpg,0.1962890625
22,14,exp_a1/148_sq\fg_921e3e_bg_888888.jpg,0.1868896484375
23,6,exp_a1/148_sq\fg_00ff00_bg_888888.jpg,0.173828125
0,10,exp_a1/200_sq\fg_00ffff_bg_ffffff.jpg,0.2205810546875
1,15,exp_a1/200_sq\fg_921e3e_bg_ffffff.jpg,0.21875
2,21,exp_a1/200_sq\fg_ffff00_bg_ffffff.jpg,0.21875
3,18,exp_a1/200_sq\fg_ff0000_bg_ffffff.jpg,0.2164306640625
4,2,exp_a1/200_sq\fg_0000ff_bg_000000.jpg,0.2161865234375
5,19,exp_a1/200_sq\fg_ffff00_bg_000000.jpg,0.215576171875
6,16,exp_a1/200_sq\fg_ff0000_bg_000000.jpg,0.2144775390625
7,22,exp_a1/200_sq\fg_ffffff_bg_000000.jpg,0.2135009765625
8,5,exp_a1/200_sq\fg_00ff00_bg_000000.jpg,0.213134765625
9,8,exp_a1/200_sq\fg_00ffff_bg_000000.jpg,0.212890625
10,4,exp_a1/200_sq\fg_0000ff_bg_ffffff.jpg,0.2125244140625
11,1,exp_a1/200_sq\fg_000000_bg_ffffff.jpg,0.21240234375
12,7,exp_a1/200_sq\fg_00ff00_bg_ffffff.jpg,0.212158203125
13,13,exp_a1/200_sq\fg_921e3e_bg_000000.jpg,0.2093505859375
14,9,exp_a1/200_sq\fg_00ffff_bg_888888.jpg,0.209228515625
15,3,exp_a1/200_sq\fg_0000ff_bg_888888.jpg,0.209228515625
16,17,exp_a1/200_sq\fg_ff0000_bg_888888.jpg,0.2091064453125
17,20,exp_a1/200_sq\fg_ffff00_bg_888888.jpg,0.2081298828125
18,23,exp_a1/200_sq\fg_ffffff_bg_888888.jpg,0.2073974609375
19,0,exp_a1/200_sq\fg_000000_bg_888888.jpg,0.20654296875
20,6,exp_a1/200_sq\fg_00ff00_bg_888888.jpg,0.203857421875
21,11,exp_a1/200_sq\fg_888888_bg_000000.jpg,0.200439453125
22,12,exp_a1/200_sq\fg_888888_bg_ffffff.jpg,0.2003173828125
23,14,exp_a1/200_sq\fg_921e3e_bg_888888.jpg,0.1976318359375
0,9,exp_a1/4_sq\fg_00ffff_bg_888888.jpg,0.221435546875
1,15,exp_a1/4_sq\fg_921e3e_bg_ffffff.jpg,0.219970703125
2,18,exp_a1/4_sq\fg_ff0000_bg_ffffff.jpg,0.2197265625
3,10,exp_a1/4_sq\fg_00ffff_bg_ffffff.jpg,0.2188720703125
4,7,exp_a1/4_sq\fg_00ff00_bg_ffffff.jpg,0.2178955078125
5,12,exp_a1/4_sq\fg_888888_bg_ffffff.jpg,0.2169189453125
6,21,exp_a1/4_sq\fg_ffff00_bg_ffffff.jpg,0.2158203125
7,3,exp_a1/4_sq\fg_0000ff_bg_888888.jpg,0.2158203125
8,6,exp_a1/4_sq\fg_00ff00_bg_888888.jpg,0.2158203125
9,1,exp_a1/4_sq\fg_000000_bg_ffffff.jpg,0.2139892578125
10,0,exp_a1/4_sq\fg_000000_bg_888888.jpg,0.2119140625
11,4,exp_a1/4_sq\fg_0000ff_bg_ffffff.jpg,0.2119140625
12,20,exp_a1/4_sq\fg_ffff00_bg_888888.jpg,0.211181640625
13,23,exp_a1/4_sq\fg_ffffff_bg_888888.jpg,0.2108154296875
14,11,exp_a1/4_sq\fg_888888_bg_000000.jpg,0.208740234375
15,13,exp_a1/4_sq\fg_921e3e_bg_000000.jpg,0.2083740234375
16,2,exp_a1/4_sq\fg_0000ff_bg_000000.jpg,0.2066650390625
17,17,exp_a1/4_sq\fg_ff0000_bg_888888.jpg,0.2061767578125
18,22,exp_a1/4_sq\fg_ffffff_bg_000000.jpg,0.205810546875
19,14,exp_a1/4_sq\fg_921e3e_bg_888888.jpg,0.2056884765625
20,19,exp_a1/4_sq\fg_ffff00_bg_000000.jpg,0.2052001953125
21,16,exp_a1/4_sq\fg_ff0000_bg_000000.jpg,0.2049560546875
22,5,exp_a1/4_sq\fg_00ff00_bg_000000.jpg,0.2042236328125
23,8,exp_a1/4_sq\fg_00ffff_bg_000000.jpg,0.2022705078125
0,1,exp_a1/56_sq\fg_000000_bg_ffffff.jpg,0.22412109375
1,4,exp_a1/56_sq\fg_0000ff_bg_ffffff.jpg,0.2227783203125
2,21,exp_a1/56_sq\fg_ffff00_bg_ffffff.jpg,0.2198486328125
3,10,exp_a1/56_sq\fg_00ffff_bg_ffffff.jpg,0.2191162109375
4,7,exp_a1/56_sq\fg_00ff00_bg_ffffff.jpg,0.2183837890625
5,15,exp_a1/56_sq\fg_921e3e_bg_ffffff.jpg,0.2178955078125
6,12,exp_a1/56_sq\fg_888888_bg_ffffff.jpg,0.217529296875
7,18,exp_a1/56_sq\fg_ff0000_bg_ffffff.jpg,0.216552734375
8,3,exp_a1/56_sq\fg_0000ff_bg_888888.jpg,0.2152099609375
9,0,exp_a1/56_sq\fg_000000_bg_888888.jpg,0.2139892578125
10,17,exp_a1/56_sq\fg_ff0000_bg_888888.jpg,0.2137451171875
11,20,exp_a1/56_sq\fg_ffff00_bg_888888.jpg,0.212646484375
12,11,exp_a1/56_sq\fg_888888_bg_000000.jpg,0.21142578125
13,22,exp_a1/56_sq\fg_ffffff_bg_000000.jpg,0.21044921875
14,8,exp_a1/56_sq\fg_00ffff_bg_000000.jpg,0.2093505859375
15,16,exp_a1/56_sq\fg_ff0000_bg_000000.jpg,0.2080078125
16,23,exp_a1/56_sq\fg_ffffff_bg_888888.jpg,0.207763671875
17,2,exp_a1/56_sq\fg_0000ff_bg_000000.jpg,0.206787109375
18,13,exp_a1/56_sq\fg_921e3e_bg_000000.jpg,0.2056884765625
19,9,exp_a1/56_sq\fg_00ffff_bg_888888.jpg,0.204833984375
20,14,exp_a1/56_sq\fg_921e3e_bg_888888.jpg,0.2047119140625
21,5,exp_a1/56_sq\fg_00ff00_bg_000000.jpg,0.2042236328125
22,19,exp_a1/56_sq\fg_ffff00_bg_000000.jpg,0.199951171875
23,6,exp_a1/56_sq\fg_00ff00_bg_888888.jpg,0.19970703125
0,8,exp_a1/colors\bg_ffffff.png,0.2213134765625
1,1,exp_a1/colors\bg_0000ff.jpg,0.2166748046875
2,3,exp_a1/colors\bg_00ffff.jpg,0.215087890625
3,5,exp_a1/colors\bg_921e3e.jpg,0.21484375
4,6,exp_a1/colors\bg_ff0000.jpg,0.214599609375
5,4,exp_a1/colors\bg_888888.jpg,0.210693359375
6,0,exp_a1/colors\bg_000000.jpg,0.2093505859375
7,7,exp_a1/colors\bg_ffff00.jpg,0.2073974609375
8,2,exp_a1/colors\bg_00ff00.jpg,0.2047119140625
