,Unnamed: 0,filepaths,similarity
0,14,exp_a1/112_sq\fg_921e3e_bg_888888.jpg,0.332763671875
1,10,exp_a1/112_sq\fg_00ffff_bg_ffffff.jpg,0.32763671875
2,6,exp_a1/112_sq\fg_00ff00_bg_888888.jpg,0.32568359375
3,21,exp_a1/112_sq\fg_ffff00_bg_ffffff.jpg,0.32177734375
4,1,exp_a1/112_sq\fg_000000_bg_ffffff.jpg,0.300537109375
5,12,exp_a1/112_sq\fg_888888_bg_ffffff.jpg,0.29638671875
6,9,exp_a1/112_sq\fg_00ffff_bg_888888.jpg,0.2958984375
7,18,exp_a1/112_sq\fg_ff0000_bg_ffffff.jpg,0.29150390625
8,3,exp_a1/112_sq\fg_0000ff_bg_888888.jpg,0.285888671875
9,7,exp_a1/112_sq\fg_00ff00_bg_ffffff.jpg,0.28076171875
10,4,exp_a1/112_sq\fg_0000ff_bg_ffffff.jpg,0.277099609375
11,15,exp_a1/112_sq\fg_921e3e_bg_ffffff.jpg,0.26953125
12,5,exp_a1/112_sq\fg_00ff00_bg_000000.jpg,0.26513671875
13,11,exp_a1/112_sq\fg_888888_bg_000000.jpg,0.2486572265625
14,13,exp_a1/112_sq\fg_921e3e_bg_000000.jpg,0.242431640625
15,8,exp_a1/112_sq\fg_00ffff_bg_000000.jpg,0.238037109375
16,0,exp_a1/112_sq\fg_000000_bg_888888.jpg,0.234619140625
17,20,exp_a1/112_sq\fg_ffff00_bg_888888.jpg,0.2266845703125
18,22,exp_a1/112_sq\fg_ffffff_bg_000000.jpg,0.215576171875
19,16,exp_a1/112_sq\fg_ff0000_bg_000000.jpg,0.2152099609375
20,2,exp_a1/112_sq\fg_0000ff_bg_000000.jpg,0.21435546875
21,19,exp_a1/112_sq\fg_ffff00_bg_000000.jpg,0.2098388671875
22,23,exp_a1/112_sq\fg_ffffff_bg_888888.jpg,0.1800537109375
23,17,exp_a1/112_sq\fg_ff0000_bg_888888.jpg,0.1768798828125
0,23,exp_a1/12_sq\fg_ffffff_bg_888888.jpg,0.3857421875
1,3,exp_a1/12_sq\fg_0000ff_bg_888888.jpg,0.373291015625
2,14,exp_a1/12_sq\fg_921e3e_bg_888888.jpg,0.373291015625
3,0,exp_a1/12_sq\fg_000000_bg_888888.jpg,0.370849609375
4,17,exp_a1/12_sq\fg_ff0000_bg_888888.jpg,0.3642578125
5,20,exp_a1/12_sq\fg_ffff00_bg_888888.jpg,0.359375
6,9,exp_a1/12_sq\fg_00ffff_bg_888888.jpg,0.3564453125
7,6,exp_a1/12_sq\fg_00ff00_bg_888888.jpg,0.351318359375
8,12,exp_a1/12_sq\fg_888888_bg_ffffff.jpg,0.3056640625
9,15,exp_a1/12_sq\fg_921e3e_bg_ffffff.jpg,0.3046875
10,4,exp_a1/12_sq\fg_0000ff_bg_ffffff.jpg,0.302978515625
11,1,exp_a1/12_sq\fg_000000_bg_ffffff.jpg,0.301025390625
12,7,exp_a1/12_sq\fg_00ff00_bg_ffffff.jpg,0.30029296875
13,10,exp_a1/12_sq\fg_00ffff_bg_ffffff.jpg,0.300048828125
14,18,exp_a1/12_sq\fg_ff0000_bg_ffffff.jpg,0.2998046875
15,21,exp_a1/12_sq\fg_ffff00_bg_ffffff.jpg,0.2998046875
16,22,exp_a1/12_sq\fg_ffffff_bg_000000.jpg,0.1778564453125
17,16,exp_a1/12_sq\fg_ff0000_bg_000000.jpg,0.1773681640625
18,11,exp_a1/12_sq\fg_888888_bg_000000.jpg,0.177001953125
19,8,exp_a1/12_sq\fg_00ffff_bg_000000.jpg,0.17578125
20,19,exp_a1/12_sq\fg_ffff00_bg_000000.jpg,0.17529296875
21,5,exp_a1/12_sq\fg_00ff00_bg_000000.jpg,0.1751708984375
22,13,exp_a1/12_sq\fg_921e3e_bg_000000.jpg,0.1744384765625
23,2,exp_a1/12_sq\fg_0000ff_bg_000000.jpg,0.1737060546875
0,21,exp_a1/148_sq\fg_ffff00_bg_ffffff.jpg,0.338134765625
1,10,exp_a1/148_sq\fg_00ffff_bg_ffffff.jpg,0.33642578125
2,7,exp_a1/148_sq\fg_00ff00_bg_ffffff.jpg,0.302490234375
3,1,exp_a1/148_sq\fg_000000_bg_ffffff.jpg,0.302001953125
4,18,exp_a1/148_sq\fg_ff0000_bg_ffffff.jpg,0.287109375
5,4,exp_a1/148_sq\fg_0000ff_bg_ffffff.jpg,0.281982421875
6,6,exp_a1/148_sq\fg_00ff00_bg_888888.jpg,0.2724609375
7,5,exp_a1/148_sq\fg_00ff00_bg_000000.jpg,0.2705078125
8,12,exp_a1/148_sq\fg_888888_bg_ffffff.jpg,0.26806640625
9,2,exp_a1/148_sq\fg_0000ff_bg_000000.jpg,0.2366943359375
10,13,exp_a1/148_sq\fg_921e3e_bg_000000.jpg,0.233642578125
11,14,exp_a1/148_sq\fg_921e3e_bg_888888.jpg,0.22119140625
12,8,exp_a1/148_sq\fg_00ffff_bg_000000.jpg,0.220458984375
13,11,exp_a1/148_sq\fg_888888_bg_000000.jpg,0.217529296875
14,19,exp_a1/148_sq\fg_ffff00_bg_000000.jpg,0.2171630859375
15,15,exp_a1/148_sq\fg_921e3e_bg_ffffff.jpg,0.2137451171875
16,3,exp_a1/148_sq\fg_0000ff_bg_888888.jpg,0.207275390625
17,9,exp_a1/148_sq\fg_00ffff_bg_888888.jpg,0.1998291015625
18,20,exp_a1/148_sq\fg_ffff00_bg_888888.jpg,0.197998046875
19,0,exp_a1/148_sq\fg_000000_bg_888888.jpg,0.1829833984375
20,22,exp_a1/148_sq\fg_ffffff_bg_000000.jpg,0.1650390625
21,23,exp_a1/148_sq\fg_ffffff_bg_888888.jpg,0.159423828125
22,17,exp_a1/148_sq\fg_ff0000_bg_888888.jpg,0.15673828125
23,16,exp_a1/148_sq\fg_ff0000_bg_000000.jpg,0.1483154296875
0,5,exp_a1/200_sq\fg_00ff00_bg_000000.jpg,0.302001953125
1,19,exp_a1/200_sq\fg_ffff00_bg_000000.jpg,0.29541015625
2,18,exp_a1/200_sq\fg_ff0000_bg_ffffff.jpg,0.2919921875
3,10,exp_a1/200_sq\fg_00ffff_bg_ffffff.jpg,0.28662109375
4,11,exp_a1/200_sq\fg_888888_bg_000000.jpg,0.2734375
5,8,exp_a1/200_sq\fg_00ffff_bg_000000.jpg,0.273193359375
6,21,exp_a1/200_sq\fg_ffff00_bg_ffffff.jpg,0.259521484375
7,13,exp_a1/200_sq\fg_921e3e_bg_000000.jpg,0.2362060546875
8,7,exp_a1/200_sq\fg_00ff00_bg_ffffff.jpg,0.2357177734375
9,2,exp_a1/200_sq\fg_0000ff_bg_000000.jpg,0.2335205078125
10,22,exp_a1/200_sq\fg_ffffff_bg_000000.jpg,0.2327880859375
11,0,exp_a1/200_sq\fg_000000_bg_888888.jpg,0.2303466796875
12,16,exp_a1/200_sq\fg_ff0000_bg_000000.jpg,0.2200927734375
13,3,exp_a1/200_sq\fg_0000ff_bg_888888.jpg,0.218017578125
14,14,exp_a1/200_sq\fg_921e3e_bg_888888.jpg,0.2103271484375
15,6,exp_a1/200_sq\fg_00ff00_bg_888888.jpg,0.1949462890625
16,17,exp_a1/200_sq\fg_ff0000_bg_888888.jpg,0.1949462890625
17,20,exp_a1/200_sq\fg_ffff00_bg_888888.jpg,0.1942138671875
18,23,exp_a1/200_sq\fg_ffffff_bg_888888.jpg,0.19091796875
19,1,exp_a1/200_sq\fg_000000_bg_ffffff.jpg,0.17919921875
20,4,exp_a1/200_sq\fg_0000ff_bg_ffffff.jpg,0.1617431640625
21,9,exp_a1/200_sq\fg_00ffff_bg_888888.jpg,0.1591796875
22,15,exp_a1/200_sq\fg_921e3e_bg_ffffff.jpg,0.1358642578125
23,12,exp_a1/200_sq\fg_888888_bg_ffffff.jpg,0.0535888671875
0,0,exp_a1/4_sq\fg_000000_bg_888888.jpg,0.40087890625
1,3,exp_a1/4_sq\fg_0000ff_bg_888888.jpg,0.392822265625
2,14,exp_a1/4_sq\fg_921e3e_bg_888888.jpg,0.392578125
3,9,exp_a1/4_sq\fg_00ffff_bg_888888.jpg,0.391845703125
4,20,exp_a1/4_sq\fg_ffff00_bg_888888.jpg,0.386474609375
5,23,exp_a1/4_sq\fg_ffffff_bg_888888.jpg,0.386474609375
6,17,exp_a1/4_sq\fg_ff0000_bg_888888.jpg,0.384521484375
7,6,exp_a1/4_sq\fg_00ff00_bg_888888.jpg,0.381103515625
8,10,exp_a1/4_sq\fg_00ffff_bg_ffffff.jpg,0.299560546875
9,4,exp_a1/4_sq\fg_0000ff_bg_ffffff.jpg,0.29931640625
10,18,exp_a1/4_sq\fg_ff0000_bg_ffffff.jpg,0.29931640625
11,7,exp_a1/4_sq\fg_00ff00_bg_ffffff.jpg,0.29931640625
12,15,exp_a1/4_sq\fg_921e3e_bg_ffffff.jpg,0.29931640625
13,1,exp_a1/4_sq\fg_000000_bg_ffffff.jpg,0.29931640625
14,12,exp_a1/4_sq\fg_888888_bg_ffffff.jpg,0.29931640625
15,21,exp_a1/4_sq\fg_ffff00_bg_ffffff.jpg,0.299072265625
16,22,exp_a1/4_sq\fg_ffffff_bg_000000.jpg,0.1739501953125
17,5,exp_a1/4_sq\fg_00ff00_bg_000000.jpg,0.1737060546875
18,13,exp_a1/4_sq\fg_921e3e_bg_000000.jpg,0.173583984375
19,11,exp_a1/4_sq\fg_888888_bg_000000.jpg,0.1734619140625
20,8,exp_a1/4_sq\fg_00ffff_bg_000000.jpg,0.1734619140625
21,2,exp_a1/4_sq\fg_0000ff_bg_000000.jpg,0.1734619140625
22,16,exp_a1/4_sq\fg_ff0000_bg_000000.jpg,0.17333984375
23,19,exp_a1/4_sq\fg_ffff00_bg_000000.jpg,0.17333984375
0,14,exp_a1/56_sq\fg_921e3e_bg_888888.jpg,0.3896484375
1,6,exp_a1/56_sq\fg_00ff00_bg_888888.jpg,0.38134765625
2,9,exp_a1/56_sq\fg_00ffff_bg_888888.jpg,0.375244140625
3,0,exp_a1/56_sq\fg_000000_bg_888888.jpg,0.373046875
4,3,exp_a1/56_sq\fg_0000ff_bg_888888.jpg,0.36865234375
5,20,exp_a1/56_sq\fg_ffff00_bg_888888.jpg,0.357421875
6,1,exp_a1/56_sq\fg_000000_bg_ffffff.jpg,0.332763671875
7,21,exp_a1/56_sq\fg_ffff00_bg_ffffff.jpg,0.331298828125
8,4,exp_a1/56_sq\fg_0000ff_bg_ffffff.jpg,0.328369140625
9,17,exp_a1/56_sq\fg_ff0000_bg_888888.jpg,0.319091796875
10,12,exp_a1/56_sq\fg_888888_bg_ffffff.jpg,0.313720703125
11,15,exp_a1/56_sq\fg_921e3e_bg_ffffff.jpg,0.312744140625
12,10,exp_a1/56_sq\fg_00ffff_bg_ffffff.jpg,0.31005859375
13,7,exp_a1/56_sq\fg_00ff00_bg_ffffff.jpg,0.31005859375
14,18,exp_a1/56_sq\fg_ff0000_bg_ffffff.jpg,0.292236328125
15,23,exp_a1/56_sq\fg_ffffff_bg_888888.jpg,0.288330078125
16,11,exp_a1/56_sq\fg_888888_bg_000000.jpg,0.24462890625
17,13,exp_a1/56_sq\fg_921e3e_bg_000000.jpg,0.231201171875
18,22,exp_a1/56_sq\fg_ffffff_bg_000000.jpg,0.205810546875
19,16,exp_a1/56_sq\fg_ff0000_bg_000000.jpg,0.2037353515625
20,8,exp_a1/56_sq\fg_00ffff_bg_000000.jpg,0.1990966796875
21,19,exp_a1/56_sq\fg_ffff00_bg_000000.jpg,0.1949462890625
22,5,exp_a1/56_sq\fg_00ff00_bg_000000.jpg,0.1907958984375
23,2,exp_a1/56_sq\fg_0000ff_bg_000000.jpg,0.1868896484375
0,4,exp_a1/colors\bg_888888.jpg,0.39990234375
1,8,exp_a1/colors\bg_ffffff.png,0.29931640625
2,7,exp_a1/colors\bg_ffff00.jpg,0.2939453125
3,6,exp_a1/colors\bg_ff0000.jpg,0.256591796875
4,3,exp_a1/colors\bg_00ffff.jpg,0.237060546875
5,2,exp_a1/colors\bg_00ff00.jpg,0.2353515625
6,1,exp_a1/colors\bg_0000ff.jpg,0.2200927734375
7,5,exp_a1/colors\bg_921e3e.jpg,0.2091064453125
8,0,exp_a1/colors\bg_000000.jpg,0.173583984375
