,Unnamed: 0,filepaths,similarity
0,6,exp_a1/112_sq\fg_00ff00_bg_888888.jpg,0.35009765625
1,10,exp_a1/112_sq\fg_00ffff_bg_ffffff.jpg,0.337890625
2,21,exp_a1/112_sq\fg_ffff00_bg_ffffff.jpg,0.337890625
3,14,exp_a1/112_sq\fg_921e3e_bg_888888.jpg,0.32666015625
4,1,exp_a1/112_sq\fg_000000_bg_ffffff.jpg,0.31494140625
5,9,exp_a1/112_sq\fg_00ffff_bg_888888.jpg,0.3056640625
6,18,exp_a1/112_sq\fg_ff0000_bg_ffffff.jpg,0.30126953125
7,7,exp_a1/112_sq\fg_00ff00_bg_ffffff.jpg,0.298583984375
8,12,exp_a1/112_sq\fg_888888_bg_ffffff.jpg,0.29736328125
9,4,exp_a1/112_sq\fg_0000ff_bg_ffffff.jpg,0.293701171875
10,3,exp_a1/112_sq\fg_0000ff_bg_888888.jpg,0.28076171875
11,5,exp_a1/112_sq\fg_00ff00_bg_000000.jpg,0.2783203125
12,15,exp_a1/112_sq\fg_921e3e_bg_ffffff.jpg,0.277587890625
13,13,exp_a1/112_sq\fg_921e3e_bg_000000.jpg,0.260498046875
14,11,exp_a1/112_sq\fg_888888_bg_000000.jpg,0.2469482421875
15,8,exp_a1/112_sq\fg_00ffff_bg_000000.jpg,0.244873046875
16,2,exp_a1/112_sq\fg_0000ff_bg_000000.jpg,0.229736328125
17,16,exp_a1/112_sq\fg_ff0000_bg_000000.jpg,0.227294921875
18,19,exp_a1/112_sq\fg_ffff00_bg_000000.jpg,0.22705078125
19,22,exp_a1/112_sq\fg_ffffff_bg_000000.jpg,0.2257080078125
20,0,exp_a1/112_sq\fg_000000_bg_888888.jpg,0.2174072265625
21,20,exp_a1/112_sq\fg_ffff00_bg_888888.jpg,0.21142578125
22,23,exp_a1/112_sq\fg_ffffff_bg_888888.jpg,0.18505859375
23,17,exp_a1/112_sq\fg_ff0000_bg_888888.jpg,0.18115234375
0,23,exp_a1/12_sq\fg_ffffff_bg_888888.jpg,0.39013671875
1,3,exp_a1/12_sq\fg_0000ff_bg_888888.jpg,0.3828125
2,14,exp_a1/12_sq\fg_921e3e_bg_888888.jpg,0.37939453125
3,0,exp_a1/12_sq\fg_000000_bg_888888.jpg,0.37890625
4,17,exp_a1/12_sq\fg_ff0000_bg_888888.jpg,0.375732421875
5,20,exp_a1/12_sq\fg_ffff00_bg_888888.jpg,0.370361328125
6,9,exp_a1/12_sq\fg_00ffff_bg_888888.jpg,0.36962890625
7,6,exp_a1/12_sq\fg_00ff00_bg_888888.jpg,0.36376953125
8,12,exp_a1/12_sq\fg_888888_bg_ffffff.jpg,0.31591796875
9,15,exp_a1/12_sq\fg_921e3e_bg_ffffff.jpg,0.315185546875
10,4,exp_a1/12_sq\fg_0000ff_bg_ffffff.jpg,0.313232421875
11,1,exp_a1/12_sq\fg_000000_bg_ffffff.jpg,0.3115234375
12,18,exp_a1/12_sq\fg_ff0000_bg_ffffff.jpg,0.310791015625
13,7,exp_a1/12_sq\fg_00ff00_bg_ffffff.jpg,0.310791015625
14,10,exp_a1/12_sq\fg_00ffff_bg_ffffff.jpg,0.310546875
15,21,exp_a1/12_sq\fg_ffff00_bg_ffffff.jpg,0.310546875
16,22,exp_a1/12_sq\fg_ffffff_bg_000000.jpg,0.1875
17,16,exp_a1/12_sq\fg_ff0000_bg_000000.jpg,0.1868896484375
18,11,exp_a1/12_sq\fg_888888_bg_000000.jpg,0.1859130859375
19,8,exp_a1/12_sq\fg_00ffff_bg_000000.jpg,0.1849365234375
20,19,exp_a1/12_sq\fg_ffff00_bg_000000.jpg,0.1846923828125
21,5,exp_a1/12_sq\fg_00ff00_bg_000000.jpg,0.1842041015625
22,13,exp_a1/12_sq\fg_921e3e_bg_000000.jpg,0.183349609375
23,2,exp_a1/12_sq\fg_0000ff_bg_000000.jpg,0.182861328125
0,21,exp_a1/148_sq\fg_ffff00_bg_ffffff.jpg,0.3525390625
1,10,exp_a1/148_sq\fg_00ffff_bg_ffffff.jpg,0.337158203125
2,1,exp_a1/148_sq\fg_000000_bg_ffffff.jpg,0.3115234375
3,7,exp_a1/148_sq\fg_00ff00_bg_ffffff.jpg,0.302978515625
4,18,exp_a1/148_sq\fg_ff0000_bg_ffffff.jpg,0.29931640625
5,6,exp_a1/148_sq\fg_00ff00_bg_888888.jpg,0.29541015625
6,4,exp_a1/148_sq\fg_0000ff_bg_ffffff.jpg,0.29345703125
7,5,exp_a1/148_sq\fg_00ff00_bg_000000.jpg,0.27783203125
8,12,exp_a1/148_sq\fg_888888_bg_ffffff.jpg,0.266357421875
9,2,exp_a1/148_sq\fg_0000ff_bg_000000.jpg,0.253173828125
10,13,exp_a1/148_sq\fg_921e3e_bg_000000.jpg,0.250244140625
11,19,exp_a1/148_sq\fg_ffff00_bg_000000.jpg,0.230712890625
12,15,exp_a1/148_sq\fg_921e3e_bg_ffffff.jpg,0.227783203125
13,11,exp_a1/148_sq\fg_888888_bg_000000.jpg,0.2213134765625
14,8,exp_a1/148_sq\fg_00ffff_bg_000000.jpg,0.21337890625
15,14,exp_a1/148_sq\fg_921e3e_bg_888888.jpg,0.19677734375
16,9,exp_a1/148_sq\fg_00ffff_bg_888888.jpg,0.1962890625
17,3,exp_a1/148_sq\fg_0000ff_bg_888888.jpg,0.1895751953125
18,20,exp_a1/148_sq\fg_ffff00_bg_888888.jpg,0.1832275390625
19,22,exp_a1/148_sq\fg_ffffff_bg_000000.jpg,0.180908203125
20,0,exp_a1/148_sq\fg_000000_bg_888888.jpg,0.1663818359375
21,17,exp_a1/148_sq\fg_ff0000_bg_888888.jpg,0.1644287109375
22,23,exp_a1/148_sq\fg_ffffff_bg_888888.jpg,0.1617431640625
23,16,exp_a1/148_sq\fg_ff0000_bg_000000.jpg,0.158447265625
0,5,exp_a1/200_sq\fg_00ff00_bg_000000.jpg,0.316162109375
1,18,exp_a1/200_sq\fg_ff0000_bg_ffffff.jpg,0.304443359375
2,19,exp_a1/200_sq\fg_ffff00_bg_000000.jpg,0.30224609375
3,10,exp_a1/200_sq\fg_00ffff_bg_ffffff.jpg,0.2880859375
4,8,exp_a1/200_sq\fg_00ffff_bg_000000.jpg,0.276611328125
5,11,exp_a1/200_sq\fg_888888_bg_000000.jpg,0.27587890625
6,21,exp_a1/200_sq\fg_ffff00_bg_ffffff.jpg,0.264892578125
7,7,exp_a1/200_sq\fg_00ff00_bg_ffffff.jpg,0.255615234375
8,13,exp_a1/200_sq\fg_921e3e_bg_000000.jpg,0.25390625
9,22,exp_a1/200_sq\fg_ffffff_bg_000000.jpg,0.2498779296875
10,2,exp_a1/200_sq\fg_0000ff_bg_000000.jpg,0.246337890625
11,16,exp_a1/200_sq\fg_ff0000_bg_000000.jpg,0.23681640625
12,0,exp_a1/200_sq\fg_000000_bg_888888.jpg,0.2340087890625
13,6,exp_a1/200_sq\fg_00ff00_bg_888888.jpg,0.220703125
14,3,exp_a1/200_sq\fg_0000ff_bg_888888.jpg,0.2049560546875
15,20,exp_a1/200_sq\fg_ffff00_bg_888888.jpg,0.2020263671875
16,14,exp_a1/200_sq\fg_921e3e_bg_888888.jpg,0.1973876953125
17,1,exp_a1/200_sq\fg_000000_bg_ffffff.jpg,0.1910400390625
18,17,exp_a1/200_sq\fg_ff0000_bg_888888.jpg,0.183349609375
19,23,exp_a1/200_sq\fg_ffffff_bg_888888.jpg,0.17919921875
20,4,exp_a1/200_sq\fg_0000ff_bg_ffffff.jpg,0.1728515625
21,9,exp_a1/200_sq\fg_00ffff_bg_888888.jpg,0.155517578125
22,15,exp_a1/200_sq\fg_921e3e_bg_ffffff.jpg,0.142822265625
23,12,exp_a1/200_sq\fg_888888_bg_ffffff.jpg,0.061004638671875
0,0,exp_a1/4_sq\fg_000000_bg_888888.jpg,0.40380859375
1,23,exp_a1/4_sq\fg_ffffff_bg_888888.jpg,0.400390625
2,9,exp_a1/4_sq\fg_00ffff_bg_888888.jpg,0.3984375
3,3,exp_a1/4_sq\fg_0000ff_bg_888888.jpg,0.398193359375
4,17,exp_a1/4_sq\fg_ff0000_bg_888888.jpg,0.39697265625
5,14,exp_a1/4_sq\fg_921e3e_bg_888888.jpg,0.39453125
6,20,exp_a1/4_sq\fg_ffff00_bg_888888.jpg,0.392333984375
7,6,exp_a1/4_sq\fg_00ff00_bg_888888.jpg,0.39208984375
8,10,exp_a1/4_sq\fg_00ffff_bg_ffffff.jpg,0.310791015625
9,12,exp_a1/4_sq\fg_888888_bg_ffffff.jpg,0.310546875
10,4,exp_a1/4_sq\fg_0000ff_bg_ffffff.jpg,0.310546875
11,7,exp_a1/4_sq\fg_00ff00_bg_ffffff.jpg,0.310546875
12,1,exp_a1/4_sq\fg_000000_bg_ffffff.jpg,0.310546875
13,15,exp_a1/4_sq\fg_921e3e_bg_ffffff.jpg,0.310546875
14,18,exp_a1/4_sq\fg_ff0000_bg_ffffff.jpg,0.310302734375
15,21,exp_a1/4_sq\fg_ffff00_bg_ffffff.jpg,0.310302734375
16,22,exp_a1/4_sq\fg_ffffff_bg_000000.jpg,0.1832275390625
17,5,exp_a1/4_sq\fg_00ff00_bg_000000.jpg,0.1829833984375
18,2,exp_a1/4_sq\fg_0000ff_bg_000000.jpg,0.182861328125
19,13,exp_a1/4_sq\fg_921e3e_bg_000000.jpg,0.182861328125
20,19,exp_a1/4_sq\fg_ffff00_bg_000000.jpg,0.1827392578125
21,16,exp_a1/4_sq\fg_ff0000_bg_000000.jpg,0.1827392578125
22,11,exp_a1/4_sq\fg_888888_bg_000000.jpg,0.1827392578125
23,8,exp_a1/4_sq\fg_00ffff_bg_000000.jpg,0.1827392578125
0,6,exp_a1/56_sq\fg_00ff00_bg_888888.jpg,0.395263671875
1,14,exp_a1/56_sq\fg_921e3e_bg_888888.jpg,0.390380859375
2,9,exp_a1/56_sq\fg_00ffff_bg_888888.jpg,0.3779296875
3,3,exp_a1/56_sq\fg_0000ff_bg_888888.jpg,0.375
4,0,exp_a1/56_sq\fg_000000_bg_888888.jpg,0.370849609375
5,20,exp_a1/56_sq\fg_ffff00_bg_888888.jpg,0.3505859375
6,21,exp_a1/56_sq\fg_ffff00_bg_ffffff.jpg,0.347900390625
7,1,exp_a1/56_sq\fg_000000_bg_ffffff.jpg,0.341552734375
8,4,exp_a1/56_sq\fg_0000ff_bg_ffffff.jpg,0.32958984375
9,10,exp_a1/56_sq\fg_00ffff_bg_ffffff.jpg,0.328369140625
10,12,exp_a1/56_sq\fg_888888_bg_ffffff.jpg,0.31640625
11,7,exp_a1/56_sq\fg_00ff00_bg_ffffff.jpg,0.315673828125
12,15,exp_a1/56_sq\fg_921e3e_bg_ffffff.jpg,0.30810546875
13,17,exp_a1/56_sq\fg_ff0000_bg_888888.jpg,0.30810546875
14,18,exp_a1/56_sq\fg_ff0000_bg_ffffff.jpg,0.302490234375
15,23,exp_a1/56_sq\fg_ffffff_bg_888888.jpg,0.269775390625
16,11,exp_a1/56_sq\fg_888888_bg_000000.jpg,0.259521484375
17,13,exp_a1/56_sq\fg_921e3e_bg_000000.jpg,0.25244140625
18,22,exp_a1/56_sq\fg_ffffff_bg_000000.jpg,0.210693359375
19,19,exp_a1/56_sq\fg_ffff00_bg_000000.jpg,0.2105712890625
20,16,exp_a1/56_sq\fg_ff0000_bg_000000.jpg,0.20849609375
21,8,exp_a1/56_sq\fg_00ffff_bg_000000.jpg,0.2039794921875
22,5,exp_a1/56_sq\fg_00ff00_bg_000000.jpg,0.19921875
23,2,exp_a1/56_sq\fg_0000ff_bg_000000.jpg,0.1971435546875
0,4,exp_a1/colors\bg_888888.jpg,0.4052734375
1,8,exp_a1/colors\bg_ffffff.png,0.310546875
2,7,exp_a1/colors\bg_ffff00.jpg,0.30517578125
3,6,exp_a1/colors\bg_ff0000.jpg,0.25537109375
4,2,exp_a1/colors\bg_00ff00.jpg,0.2401123046875
5,3,exp_a1/colors\bg_00ffff.jpg,0.235595703125
6,5,exp_a1/colors\bg_921e3e.jpg,0.2222900390625
7,1,exp_a1/colors\bg_0000ff.jpg,0.2220458984375
8,0,exp_a1/colors\bg_000000.jpg,0.1829833984375
