,Unnamed: 0,filepaths,similarity
0,14,exp_a1/112_sq\fg_921e3e_bg_888888.jpg,0.392578125
1,6,exp_a1/112_sq\fg_00ff00_bg_888888.jpg,0.361083984375
2,3,exp_a1/112_sq\fg_0000ff_bg_888888.jpg,0.359130859375
3,9,exp_a1/112_sq\fg_00ffff_bg_888888.jpg,0.33837890625
4,0,exp_a1/112_sq\fg_000000_bg_888888.jpg,0.316162109375
5,20,exp_a1/112_sq\fg_ffff00_bg_888888.jpg,0.313232421875
6,10,exp_a1/112_sq\fg_00ffff_bg_ffffff.jpg,0.310546875
7,21,exp_a1/112_sq\fg_ffff00_bg_ffffff.jpg,0.304931640625
8,1,exp_a1/112_sq\fg_000000_bg_ffffff.jpg,0.2939453125
9,7,exp_a1/112_sq\fg_00ff00_bg_ffffff.jpg,0.28955078125
10,12,exp_a1/112_sq\fg_888888_bg_ffffff.jpg,0.28515625
11,4,exp_a1/112_sq\fg_0000ff_bg_ffffff.jpg,0.284423828125
12,18,exp_a1/112_sq\fg_ff0000_bg_ffffff.jpg,0.2646484375
13,15,exp_a1/112_sq\fg_921e3e_bg_ffffff.jpg,0.260498046875
14,5,exp_a1/112_sq\fg_00ff00_bg_000000.jpg,0.2568359375
15,13,exp_a1/112_sq\fg_921e3e_bg_000000.jpg,0.2498779296875
16,11,exp_a1/112_sq\fg_888888_bg_000000.jpg,0.2347412109375
17,8,exp_a1/112_sq\fg_00ffff_bg_000000.jpg,0.2291259765625
18,2,exp_a1/112_sq\fg_0000ff_bg_000000.jpg,0.204345703125
19,16,exp_a1/112_sq\fg_ff0000_bg_000000.jpg,0.2000732421875
20,22,exp_a1/112_sq\fg_ffffff_bg_000000.jpg,0.19921875
21,23,exp_a1/112_sq\fg_ffffff_bg_888888.jpg,0.195556640625
22,19,exp_a1/112_sq\fg_ffff00_bg_000000.jpg,0.195068359375
23,17,exp_a1/112_sq\fg_ff0000_bg_888888.jpg,0.192626953125
0,14,exp_a1/12_sq\fg_921e3e_bg_888888.jpg,0.390625
1,3,exp_a1/12_sq\fg_0000ff_bg_888888.jpg,0.383544921875
2,23,exp_a1/12_sq\fg_ffffff_bg_888888.jpg,0.383056640625
3,0,exp_a1/12_sq\fg_000000_bg_888888.jpg,0.379638671875
4,20,exp_a1/12_sq\fg_ffff00_bg_888888.jpg,0.370361328125
5,6,exp_a1/12_sq\fg_00ff00_bg_888888.jpg,0.365478515625
6,9,exp_a1/12_sq\fg_00ffff_bg_888888.jpg,0.35546875
7,17,exp_a1/12_sq\fg_ff0000_bg_888888.jpg,0.347412109375
8,12,exp_a1/12_sq\fg_888888_bg_ffffff.jpg,0.27880859375
9,15,exp_a1/12_sq\fg_921e3e_bg_ffffff.jpg,0.277587890625
10,4,exp_a1/12_sq\fg_0000ff_bg_ffffff.jpg,0.275146484375
11,1,exp_a1/12_sq\fg_000000_bg_ffffff.jpg,0.273193359375
12,18,exp_a1/12_sq\fg_ff0000_bg_ffffff.jpg,0.272216796875
13,10,exp_a1/12_sq\fg_00ffff_bg_ffffff.jpg,0.27197265625
14,7,exp_a1/12_sq\fg_00ff00_bg_ffffff.jpg,0.27197265625
15,21,exp_a1/12_sq\fg_ffff00_bg_ffffff.jpg,0.27197265625
16,11,exp_a1/12_sq\fg_888888_bg_000000.jpg,0.16015625
17,22,exp_a1/12_sq\fg_ffffff_bg_000000.jpg,0.1600341796875
18,16,exp_a1/12_sq\fg_ff0000_bg_000000.jpg,0.15966796875
19,8,exp_a1/12_sq\fg_00ffff_bg_000000.jpg,0.1588134765625
20,5,exp_a1/12_sq\fg_00ff00_bg_000000.jpg,0.1585693359375
21,19,exp_a1/12_sq\fg_ffff00_bg_000000.jpg,0.158447265625
22,13,exp_a1/12_sq\fg_921e3e_bg_000000.jpg,0.157958984375
23,2,exp_a1/12_sq\fg_0000ff_bg_000000.jpg,0.1575927734375
0,10,exp_a1/148_sq\fg_00ffff_bg_ffffff.jpg,0.344970703125
1,21,exp_a1/148_sq\fg_ffff00_bg_ffffff.jpg,0.333740234375
2,7,exp_a1/148_sq\fg_00ff00_bg_ffffff.jpg,0.311767578125
3,14,exp_a1/148_sq\fg_921e3e_bg_888888.jpg,0.3115234375
4,1,exp_a1/148_sq\fg_000000_bg_ffffff.jpg,0.309814453125
5,6,exp_a1/148_sq\fg_00ff00_bg_888888.jpg,0.30712890625
6,4,exp_a1/148_sq\fg_0000ff_bg_ffffff.jpg,0.2978515625
7,3,exp_a1/148_sq\fg_0000ff_bg_888888.jpg,0.295654296875
8,20,exp_a1/148_sq\fg_ffff00_bg_888888.jpg,0.291015625
9,0,exp_a1/148_sq\fg_000000_bg_888888.jpg,0.271240234375
10,5,exp_a1/148_sq\fg_00ff00_bg_000000.jpg,0.265625
11,18,exp_a1/148_sq\fg_ff0000_bg_ffffff.jpg,0.263916015625
12,9,exp_a1/148_sq\fg_00ffff_bg_888888.jpg,0.259033203125
13,12,exp_a1/148_sq\fg_888888_bg_ffffff.jpg,0.25830078125
14,13,exp_a1/148_sq\fg_921e3e_bg_000000.jpg,0.2427978515625
15,2,exp_a1/148_sq\fg_0000ff_bg_000000.jpg,0.234130859375
16,11,exp_a1/148_sq\fg_888888_bg_000000.jpg,0.2183837890625
17,15,exp_a1/148_sq\fg_921e3e_bg_ffffff.jpg,0.21728515625
18,8,exp_a1/148_sq\fg_00ffff_bg_000000.jpg,0.2034912109375
19,19,exp_a1/148_sq\fg_ffff00_bg_000000.jpg,0.189697265625
20,23,exp_a1/148_sq\fg_ffffff_bg_888888.jpg,0.173828125
21,17,exp_a1/148_sq\fg_ff0000_bg_888888.jpg,0.1654052734375
22,22,exp_a1/148_sq\fg_ffffff_bg_000000.jpg,0.146240234375
23,16,exp_a1/148_sq\fg_ff0000_bg_000000.jpg,0.12445068359375
0,5,exp_a1/200_sq\fg_00ff00_bg_000000.jpg,0.298095703125
1,14,exp_a1/200_sq\fg_921e3e_bg_888888.jpg,0.295166015625
2,19,exp_a1/200_sq\fg_ffff00_bg_000000.jpg,0.294189453125
3,3,exp_a1/200_sq\fg_0000ff_bg_888888.jpg,0.291015625
4,11,exp_a1/200_sq\fg_888888_bg_000000.jpg,0.27685546875
5,8,exp_a1/200_sq\fg_00ffff_bg_000000.jpg,0.27587890625
6,0,exp_a1/200_sq\fg_000000_bg_888888.jpg,0.274169921875
7,18,exp_a1/200_sq\fg_ff0000_bg_ffffff.jpg,0.270751953125
8,10,exp_a1/200_sq\fg_00ffff_bg_ffffff.jpg,0.261474609375
9,13,exp_a1/200_sq\fg_921e3e_bg_000000.jpg,0.244140625
10,21,exp_a1/200_sq\fg_ffff00_bg_ffffff.jpg,0.230224609375
11,7,exp_a1/200_sq\fg_00ff00_bg_ffffff.jpg,0.2274169921875
12,2,exp_a1/200_sq\fg_0000ff_bg_000000.jpg,0.220947265625
13,22,exp_a1/200_sq\fg_ffffff_bg_000000.jpg,0.2120361328125
14,6,exp_a1/200_sq\fg_00ff00_bg_888888.jpg,0.2032470703125
15,16,exp_a1/200_sq\fg_ff0000_bg_000000.jpg,0.1968994140625
16,20,exp_a1/200_sq\fg_ffff00_bg_888888.jpg,0.1748046875
17,9,exp_a1/200_sq\fg_00ffff_bg_888888.jpg,0.166259765625
18,1,exp_a1/200_sq\fg_000000_bg_ffffff.jpg,0.16552734375
19,17,exp_a1/200_sq\fg_ff0000_bg_888888.jpg,0.1650390625
20,23,exp_a1/200_sq\fg_ffffff_bg_888888.jpg,0.1585693359375
21,4,exp_a1/200_sq\fg_0000ff_bg_ffffff.jpg,0.1473388671875
22,15,exp_a1/200_sq\fg_921e3e_bg_ffffff.jpg,0.1114501953125
23,12,exp_a1/200_sq\fg_888888_bg_ffffff.jpg,0.0152587890625
0,0,exp_a1/4_sq\fg_000000_bg_888888.jpg,0.417724609375
1,20,exp_a1/4_sq\fg_ffff00_bg_888888.jpg,0.409423828125
2,14,exp_a1/4_sq\fg_921e3e_bg_888888.jpg,0.409423828125
3,3,exp_a1/4_sq\fg_0000ff_bg_888888.jpg,0.407958984375
4,17,exp_a1/4_sq\fg_ff0000_bg_888888.jpg,0.406494140625
5,9,exp_a1/4_sq\fg_00ffff_bg_888888.jpg,0.40625
6,23,exp_a1/4_sq\fg_ffffff_bg_888888.jpg,0.4033203125
7,6,exp_a1/4_sq\fg_00ff00_bg_888888.jpg,0.398193359375
8,10,exp_a1/4_sq\fg_00ffff_bg_ffffff.jpg,0.27294921875
9,15,exp_a1/4_sq\fg_921e3e_bg_ffffff.jpg,0.272705078125
10,4,exp_a1/4_sq\fg_0000ff_bg_ffffff.jpg,0.2724609375
11,18,exp_a1/4_sq\fg_ff0000_bg_ffffff.jpg,0.2724609375
12,7,exp_a1/4_sq\fg_00ff00_bg_ffffff.jpg,0.2724609375
13,12,exp_a1/4_sq\fg_888888_bg_ffffff.jpg,0.2724609375
14,1,exp_a1/4_sq\fg_000000_bg_ffffff.jpg,0.272216796875
15,21,exp_a1/4_sq\fg_ffff00_bg_ffffff.jpg,0.272216796875
16,22,exp_a1/4_sq\fg_ffffff_bg_000000.jpg,0.1580810546875
17,16,exp_a1/4_sq\fg_ff0000_bg_000000.jpg,0.1578369140625
18,2,exp_a1/4_sq\fg_0000ff_bg_000000.jpg,0.1578369140625
19,13,exp_a1/4_sq\fg_921e3e_bg_000000.jpg,0.15771484375
20,5,exp_a1/4_sq\fg_00ff00_bg_000000.jpg,0.15771484375
21,8,exp_a1/4_sq\fg_00ffff_bg_000000.jpg,0.1575927734375
22,11,exp_a1/4_sq\fg_888888_bg_000000.jpg,0.1575927734375
23,19,exp_a1/4_sq\fg_ffff00_bg_000000.jpg,0.1575927734375
0,9,exp_a1/56_sq\fg_00ffff_bg_888888.jpg,0.416259765625
1,14,exp_a1/56_sq\fg_921e3e_bg_888888.jpg,0.413330078125
2,20,exp_a1/56_sq\fg_ffff00_bg_888888.jpg,0.408935546875
3,0,exp_a1/56_sq\fg_000000_bg_888888.jpg,0.4052734375
4,6,exp_a1/56_sq\fg_00ff00_bg_888888.jpg,0.399658203125
5,3,exp_a1/56_sq\fg_0000ff_bg_888888.jpg,0.38818359375
6,17,exp_a1/56_sq\fg_ff0000_bg_888888.jpg,0.38525390625
7,23,exp_a1/56_sq\fg_ffffff_bg_888888.jpg,0.363525390625
8,21,exp_a1/56_sq\fg_ffff00_bg_ffffff.jpg,0.311279296875
9,1,exp_a1/56_sq\fg_000000_bg_ffffff.jpg,0.31103515625
10,4,exp_a1/56_sq\fg_0000ff_bg_ffffff.jpg,0.296875
11,10,exp_a1/56_sq\fg_00ffff_bg_ffffff.jpg,0.296630859375
12,7,exp_a1/56_sq\fg_00ff00_bg_ffffff.jpg,0.296142578125
13,12,exp_a1/56_sq\fg_888888_bg_ffffff.jpg,0.28125
14,15,exp_a1/56_sq\fg_921e3e_bg_ffffff.jpg,0.2763671875
15,18,exp_a1/56_sq\fg_ff0000_bg_ffffff.jpg,0.263671875
16,13,exp_a1/56_sq\fg_921e3e_bg_000000.jpg,0.228515625
17,11,exp_a1/56_sq\fg_888888_bg_000000.jpg,0.221923828125
18,22,exp_a1/56_sq\fg_ffffff_bg_000000.jpg,0.1907958984375
19,16,exp_a1/56_sq\fg_ff0000_bg_000000.jpg,0.1871337890625
20,19,exp_a1/56_sq\fg_ffff00_bg_000000.jpg,0.1832275390625
21,8,exp_a1/56_sq\fg_00ffff_bg_000000.jpg,0.17578125
22,5,exp_a1/56_sq\fg_00ff00_bg_000000.jpg,0.1700439453125
23,2,exp_a1/56_sq\fg_0000ff_bg_000000.jpg,0.1685791015625
0,4,exp_a1/colors\bg_888888.jpg,0.40869140625
1,8,exp_a1/colors\bg_ffffff.png,0.272705078125
2,7,exp_a1/colors\bg_ffff00.jpg,0.267822265625
3,6,exp_a1/colors\bg_ff0000.jpg,0.2235107421875
4,1,exp_a1/colors\bg_0000ff.jpg,0.2159423828125
5,5,exp_a1/colors\bg_921e3e.jpg,0.2138671875
6,2,exp_a1/colors\bg_00ff00.jpg,0.20556640625
7,3,exp_a1/colors\bg_00ffff.jpg,0.2015380859375
8,0,exp_a1/colors\bg_000000.jpg,0.157958984375
