,Unnamed: 0,filepaths,similarity
0,6,exp_a1/112_sq\fg_00ff00_bg_888888.jpg,0.344970703125
1,14,exp_a1/112_sq\fg_921e3e_bg_888888.jpg,0.3359375
2,10,exp_a1/112_sq\fg_00ffff_bg_ffffff.jpg,0.318359375
3,21,exp_a1/112_sq\fg_ffff00_bg_ffffff.jpg,0.30517578125
4,9,exp_a1/112_sq\fg_00ffff_bg_888888.jpg,0.303955078125
5,1,exp_a1/112_sq\fg_000000_bg_ffffff.jpg,0.296142578125
6,18,exp_a1/112_sq\fg_ff0000_bg_ffffff.jpg,0.281494140625
7,7,exp_a1/112_sq\fg_00ff00_bg_ffffff.jpg,0.280517578125
8,12,exp_a1/112_sq\fg_888888_bg_ffffff.jpg,0.279296875
9,3,exp_a1/112_sq\fg_0000ff_bg_888888.jpg,0.27734375
10,4,exp_a1/112_sq\fg_0000ff_bg_ffffff.jpg,0.276611328125
11,15,exp_a1/112_sq\fg_921e3e_bg_ffffff.jpg,0.259765625
12,5,exp_a1/112_sq\fg_00ff00_bg_000000.jpg,0.25927734375
13,11,exp_a1/112_sq\fg_888888_bg_000000.jpg,0.25732421875
14,13,exp_a1/112_sq\fg_921e3e_bg_000000.jpg,0.25146484375
15,8,exp_a1/112_sq\fg_00ffff_bg_000000.jpg,0.2291259765625
16,0,exp_a1/112_sq\fg_000000_bg_888888.jpg,0.2105712890625
17,2,exp_a1/112_sq\fg_0000ff_bg_000000.jpg,0.2071533203125
18,19,exp_a1/112_sq\fg_ffff00_bg_000000.jpg,0.205810546875
19,16,exp_a1/112_sq\fg_ff0000_bg_000000.jpg,0.2037353515625
20,20,exp_a1/112_sq\fg_ffff00_bg_888888.jpg,0.2032470703125
21,22,exp_a1/112_sq\fg_ffffff_bg_000000.jpg,0.202880859375
22,23,exp_a1/112_sq\fg_ffffff_bg_888888.jpg,0.19482421875
23,17,exp_a1/112_sq\fg_ff0000_bg_888888.jpg,0.1920166015625
0,23,exp_a1/12_sq\fg_ffffff_bg_888888.jpg,0.3916015625
1,3,exp_a1/12_sq\fg_0000ff_bg_888888.jpg,0.384033203125
2,14,exp_a1/12_sq\fg_921e3e_bg_888888.jpg,0.384033203125
3,0,exp_a1/12_sq\fg_000000_bg_888888.jpg,0.381591796875
4,17,exp_a1/12_sq\fg_ff0000_bg_888888.jpg,0.374755859375
5,20,exp_a1/12_sq\fg_ffff00_bg_888888.jpg,0.371826171875
6,9,exp_a1/12_sq\fg_00ffff_bg_888888.jpg,0.3701171875
7,6,exp_a1/12_sq\fg_00ff00_bg_888888.jpg,0.366455078125
8,12,exp_a1/12_sq\fg_888888_bg_ffffff.jpg,0.29541015625
9,15,exp_a1/12_sq\fg_921e3e_bg_ffffff.jpg,0.294677734375
10,4,exp_a1/12_sq\fg_0000ff_bg_ffffff.jpg,0.29296875
11,1,exp_a1/12_sq\fg_000000_bg_ffffff.jpg,0.291015625
12,7,exp_a1/12_sq\fg_00ff00_bg_ffffff.jpg,0.290283203125
13,10,exp_a1/12_sq\fg_00ffff_bg_ffffff.jpg,0.2900390625
14,18,exp_a1/12_sq\fg_ff0000_bg_ffffff.jpg,0.2900390625
15,21,exp_a1/12_sq\fg_ffff00_bg_ffffff.jpg,0.2900390625
16,22,exp_a1/12_sq\fg_ffffff_bg_000000.jpg,0.1728515625
17,16,exp_a1/12_sq\fg_ff0000_bg_000000.jpg,0.1724853515625
18,11,exp_a1/12_sq\fg_888888_bg_000000.jpg,0.171875
19,8,exp_a1/12_sq\fg_00ffff_bg_000000.jpg,0.171142578125
20,19,exp_a1/12_sq\fg_ffff00_bg_000000.jpg,0.1707763671875
21,5,exp_a1/12_sq\fg_00ff00_bg_000000.jpg,0.170654296875
22,13,exp_a1/12_sq\fg_921e3e_bg_000000.jpg,0.1700439453125
23,2,exp_a1/12_sq\fg_0000ff_bg_000000.jpg,0.1695556640625
0,10,exp_a1/148_sq\fg_00ffff_bg_ffffff.jpg,0.322509765625
1,21,exp_a1/148_sq\fg_ffff00_bg_ffffff.jpg,0.32177734375
2,1,exp_a1/148_sq\fg_000000_bg_ffffff.jpg,0.295654296875
3,7,exp_a1/148_sq\fg_00ff00_bg_ffffff.jpg,0.294189453125
4,6,exp_a1/148_sq\fg_00ff00_bg_888888.jpg,0.28564453125
5,4,exp_a1/148_sq\fg_0000ff_bg_ffffff.jpg,0.284423828125
6,18,exp_a1/148_sq\fg_ff0000_bg_ffffff.jpg,0.278564453125
7,5,exp_a1/148_sq\fg_00ff00_bg_000000.jpg,0.27490234375
8,12,exp_a1/148_sq\fg_888888_bg_ffffff.jpg,0.260498046875
9,13,exp_a1/148_sq\fg_921e3e_bg_000000.jpg,0.251953125
10,2,exp_a1/148_sq\fg_0000ff_bg_000000.jpg,0.23388671875
11,11,exp_a1/148_sq\fg_888888_bg_000000.jpg,0.23193359375
12,15,exp_a1/148_sq\fg_921e3e_bg_ffffff.jpg,0.223876953125
13,8,exp_a1/148_sq\fg_00ffff_bg_000000.jpg,0.2222900390625
14,19,exp_a1/148_sq\fg_ffff00_bg_000000.jpg,0.2120361328125
15,14,exp_a1/148_sq\fg_921e3e_bg_888888.jpg,0.196533203125
16,9,exp_a1/148_sq\fg_00ffff_bg_888888.jpg,0.1873779296875
17,3,exp_a1/148_sq\fg_0000ff_bg_888888.jpg,0.1815185546875
18,20,exp_a1/148_sq\fg_ffff00_bg_888888.jpg,0.180419921875
19,17,exp_a1/148_sq\fg_ff0000_bg_888888.jpg,0.161376953125
20,23,exp_a1/148_sq\fg_ffffff_bg_888888.jpg,0.1588134765625
21,0,exp_a1/148_sq\fg_000000_bg_888888.jpg,0.1571044921875
22,22,exp_a1/148_sq\fg_ffffff_bg_000000.jpg,0.152099609375
23,16,exp_a1/148_sq\fg_ff0000_bg_000000.jpg,0.1336669921875
0,5,exp_a1/200_sq\fg_00ff00_bg_000000.jpg,0.30517578125
1,19,exp_a1/200_sq\fg_ffff00_bg_000000.jpg,0.297119140625
2,18,exp_a1/200_sq\fg_ff0000_bg_ffffff.jpg,0.28662109375
3,11,exp_a1/200_sq\fg_888888_bg_000000.jpg,0.283935546875
4,10,exp_a1/200_sq\fg_00ffff_bg_ffffff.jpg,0.28125
5,8,exp_a1/200_sq\fg_00ffff_bg_000000.jpg,0.274658203125
6,21,exp_a1/200_sq\fg_ffff00_bg_ffffff.jpg,0.26171875
7,13,exp_a1/200_sq\fg_921e3e_bg_000000.jpg,0.256103515625
8,22,exp_a1/200_sq\fg_ffffff_bg_000000.jpg,0.2445068359375
9,7,exp_a1/200_sq\fg_00ff00_bg_ffffff.jpg,0.2431640625
10,16,exp_a1/200_sq\fg_ff0000_bg_000000.jpg,0.2318115234375
11,2,exp_a1/200_sq\fg_0000ff_bg_000000.jpg,0.2239990234375
12,0,exp_a1/200_sq\fg_000000_bg_888888.jpg,0.2196044921875
13,14,exp_a1/200_sq\fg_921e3e_bg_888888.jpg,0.2042236328125
14,6,exp_a1/200_sq\fg_00ff00_bg_888888.jpg,0.2003173828125
15,20,exp_a1/200_sq\fg_ffff00_bg_888888.jpg,0.1944580078125
16,3,exp_a1/200_sq\fg_0000ff_bg_888888.jpg,0.192626953125
17,17,exp_a1/200_sq\fg_ff0000_bg_888888.jpg,0.180419921875
18,1,exp_a1/200_sq\fg_000000_bg_ffffff.jpg,0.1796875
19,23,exp_a1/200_sq\fg_ffffff_bg_888888.jpg,0.176513671875
20,4,exp_a1/200_sq\fg_0000ff_bg_ffffff.jpg,0.1651611328125
21,9,exp_a1/200_sq\fg_00ffff_bg_888888.jpg,0.14453125
22,15,exp_a1/200_sq\fg_921e3e_bg_ffffff.jpg,0.1383056640625
23,12,exp_a1/200_sq\fg_888888_bg_ffffff.jpg,0.059051513671875
0,0,exp_a1/4_sq\fg_000000_bg_888888.jpg,0.406005859375
1,9,exp_a1/4_sq\fg_00ffff_bg_888888.jpg,0.40576171875
2,3,exp_a1/4_sq\fg_0000ff_bg_888888.jpg,0.4013671875
3,14,exp_a1/4_sq\fg_921e3e_bg_888888.jpg,0.39794921875
4,23,exp_a1/4_sq\fg_ffffff_bg_888888.jpg,0.3974609375
5,17,exp_a1/4_sq\fg_ff0000_bg_888888.jpg,0.39697265625
6,20,exp_a1/4_sq\fg_ffff00_bg_888888.jpg,0.39501953125
7,6,exp_a1/4_sq\fg_00ff00_bg_888888.jpg,0.39453125
8,10,exp_a1/4_sq\fg_00ffff_bg_ffffff.jpg,0.289794921875
9,7,exp_a1/4_sq\fg_00ff00_bg_ffffff.jpg,0.28955078125
10,4,exp_a1/4_sq\fg_0000ff_bg_ffffff.jpg,0.28955078125
11,1,exp_a1/4_sq\fg_000000_bg_ffffff.jpg,0.28955078125
12,15,exp_a1/4_sq\fg_921e3e_bg_ffffff.jpg,0.28955078125
13,18,exp_a1/4_sq\fg_ff0000_bg_ffffff.jpg,0.28955078125
14,12,exp_a1/4_sq\fg_888888_bg_ffffff.jpg,0.289306640625
15,21,exp_a1/4_sq\fg_ffff00_bg_ffffff.jpg,0.289306640625
16,22,exp_a1/4_sq\fg_ffffff_bg_000000.jpg,0.1700439453125
17,5,exp_a1/4_sq\fg_00ff00_bg_000000.jpg,0.169921875
18,13,exp_a1/4_sq\fg_921e3e_bg_000000.jpg,0.1697998046875
19,8,exp_a1/4_sq\fg_00ffff_bg_000000.jpg,0.169677734375
20,2,exp_a1/4_sq\fg_0000ff_bg_000000.jpg,0.169677734375
21,16,exp_a1/4_sq\fg_ff0000_bg_000000.jpg,0.1695556640625
22,19,exp_a1/4_sq\fg_ffff00_bg_000000.jpg,0.1695556640625
23,11,exp_a1/4_sq\fg_888888_bg_000000.jpg,0.1695556640625
0,6,exp_a1/56_sq\fg_00ff00_bg_888888.jpg,0.400146484375
1,14,exp_a1/56_sq\fg_921e3e_bg_888888.jpg,0.39453125
2,3,exp_a1/56_sq\fg_0000ff_bg_888888.jpg,0.380859375
3,9,exp_a1/56_sq\fg_00ffff_bg_888888.jpg,0.380859375
4,0,exp_a1/56_sq\fg_000000_bg_888888.jpg,0.37841796875
5,20,exp_a1/56_sq\fg_ffff00_bg_888888.jpg,0.35791015625
6,21,exp_a1/56_sq\fg_ffff00_bg_ffffff.jpg,0.318359375
7,1,exp_a1/56_sq\fg_000000_bg_ffffff.jpg,0.318115234375
8,4,exp_a1/56_sq\fg_0000ff_bg_ffffff.jpg,0.3115234375
9,7,exp_a1/56_sq\fg_00ff00_bg_ffffff.jpg,0.3076171875
10,10,exp_a1/56_sq\fg_00ffff_bg_ffffff.jpg,0.3056640625
11,12,exp_a1/56_sq\fg_888888_bg_ffffff.jpg,0.30029296875
12,17,exp_a1/56_sq\fg_ff0000_bg_888888.jpg,0.300048828125
13,15,exp_a1/56_sq\fg_921e3e_bg_ffffff.jpg,0.294677734375
14,18,exp_a1/56_sq\fg_ff0000_bg_ffffff.jpg,0.282470703125
15,23,exp_a1/56_sq\fg_ffffff_bg_888888.jpg,0.2607421875
16,11,exp_a1/56_sq\fg_888888_bg_000000.jpg,0.23828125
17,13,exp_a1/56_sq\fg_921e3e_bg_000000.jpg,0.234130859375
18,22,exp_a1/56_sq\fg_ffffff_bg_000000.jpg,0.195556640625
19,16,exp_a1/56_sq\fg_ff0000_bg_000000.jpg,0.1939697265625
20,19,exp_a1/56_sq\fg_ffff00_bg_000000.jpg,0.192626953125
21,8,exp_a1/56_sq\fg_00ffff_bg_000000.jpg,0.187744140625
22,5,exp_a1/56_sq\fg_00ff00_bg_000000.jpg,0.1815185546875
23,2,exp_a1/56_sq\fg_0000ff_bg_000000.jpg,0.1796875
0,4,exp_a1/colors\bg_888888.jpg,0.41015625
1,8,exp_a1/colors\bg_ffffff.png,0.289306640625
2,7,exp_a1/colors\bg_ffff00.jpg,0.28515625
3,6,exp_a1/colors\bg_ff0000.jpg,0.253662109375
4,5,exp_a1/colors\bg_921e3e.jpg,0.2471923828125
5,2,exp_a1/colors\bg_00ff00.jpg,0.2379150390625
6,3,exp_a1/colors\bg_00ffff.jpg,0.23046875
7,1,exp_a1/colors\bg_0000ff.jpg,0.2125244140625
8,0,exp_a1/colors\bg_000000.jpg,0.169677734375
