,Unnamed: 0,filepaths,similarity
0,14,exp_a1/112_sq\fg_921e3e_bg_888888.jpg,0.3310546875
1,6,exp_a1/112_sq\fg_00ff00_bg_888888.jpg,0.322509765625
2,21,exp_a1/112_sq\fg_ffff00_bg_ffffff.jpg,0.321044921875
3,10,exp_a1/112_sq\fg_00ffff_bg_ffffff.jpg,0.313720703125
4,18,exp_a1/112_sq\fg_ff0000_bg_ffffff.jpg,0.3017578125
5,1,exp_a1/112_sq\fg_000000_bg_ffffff.jpg,0.29736328125
6,12,exp_a1/112_sq\fg_888888_bg_ffffff.jpg,0.297119140625
7,7,exp_a1/112_sq\fg_00ff00_bg_ffffff.jpg,0.294921875
8,9,exp_a1/112_sq\fg_00ffff_bg_888888.jpg,0.28857421875
9,4,exp_a1/112_sq\fg_0000ff_bg_ffffff.jpg,0.28173828125
10,15,exp_a1/112_sq\fg_921e3e_bg_ffffff.jpg,0.279296875
11,3,exp_a1/112_sq\fg_0000ff_bg_888888.jpg,0.276123046875
12,5,exp_a1/112_sq\fg_00ff00_bg_000000.jpg,0.27490234375
13,11,exp_a1/112_sq\fg_888888_bg_000000.jpg,0.262939453125
14,8,exp_a1/112_sq\fg_00ffff_bg_000000.jpg,0.26220703125
15,13,exp_a1/112_sq\fg_921e3e_bg_000000.jpg,0.2568359375
16,22,exp_a1/112_sq\fg_ffffff_bg_000000.jpg,0.23681640625
17,16,exp_a1/112_sq\fg_ff0000_bg_000000.jpg,0.2352294921875
18,2,exp_a1/112_sq\fg_0000ff_bg_000000.jpg,0.2333984375
19,19,exp_a1/112_sq\fg_ffff00_bg_000000.jpg,0.2236328125
20,0,exp_a1/112_sq\fg_000000_bg_888888.jpg,0.2178955078125
21,20,exp_a1/112_sq\fg_ffff00_bg_888888.jpg,0.2071533203125
22,23,exp_a1/112_sq\fg_ffffff_bg_888888.jpg,0.1700439453125
23,17,exp_a1/112_sq\fg_ff0000_bg_888888.jpg,0.1673583984375
0,23,exp_a1/12_sq\fg_ffffff_bg_888888.jpg,0.36865234375
1,3,exp_a1/12_sq\fg_0000ff_bg_888888.jpg,0.35498046875
2,14,exp_a1/12_sq\fg_921e3e_bg_888888.jpg,0.354736328125
3,0,exp_a1/12_sq\fg_000000_bg_888888.jpg,0.349853515625
4,17,exp_a1/12_sq\fg_ff0000_bg_888888.jpg,0.348388671875
5,20,exp_a1/12_sq\fg_ffff00_bg_888888.jpg,0.345458984375
6,9,exp_a1/12_sq\fg_00ffff_bg_888888.jpg,0.341552734375
7,6,exp_a1/12_sq\fg_00ff00_bg_888888.jpg,0.333251953125
8,12,exp_a1/12_sq\fg_888888_bg_ffffff.jpg,0.31787109375
9,15,exp_a1/12_sq\fg_921e3e_bg_ffffff.jpg,0.31640625
10,4,exp_a1/12_sq\fg_0000ff_bg_ffffff.jpg,0.3134765625
11,1,exp_a1/12_sq\fg_000000_bg_ffffff.jpg,0.31103515625
12,18,exp_a1/12_sq\fg_ff0000_bg_ffffff.jpg,0.31005859375
13,7,exp_a1/12_sq\fg_00ff00_bg_ffffff.jpg,0.309814453125
14,21,exp_a1/12_sq\fg_ffff00_bg_ffffff.jpg,0.309814453125
15,10,exp_a1/12_sq\fg_00ffff_bg_ffffff.jpg,0.3095703125
16,22,exp_a1/12_sq\fg_ffffff_bg_000000.jpg,0.1966552734375
17,16,exp_a1/12_sq\fg_ff0000_bg_000000.jpg,0.196044921875
18,11,exp_a1/12_sq\fg_888888_bg_000000.jpg,0.195556640625
19,8,exp_a1/12_sq\fg_00ffff_bg_000000.jpg,0.194580078125
20,5,exp_a1/12_sq\fg_00ff00_bg_000000.jpg,0.194091796875
21,19,exp_a1/12_sq\fg_ffff00_bg_000000.jpg,0.1939697265625
22,13,exp_a1/12_sq\fg_921e3e_bg_000000.jpg,0.1932373046875
23,2,exp_a1/12_sq\fg_0000ff_bg_000000.jpg,0.1923828125
0,21,exp_a1/148_sq\fg_ffff00_bg_ffffff.jpg,0.337890625
1,10,exp_a1/148_sq\fg_00ffff_bg_ffffff.jpg,0.3271484375
2,18,exp_a1/148_sq\fg_ff0000_bg_ffffff.jpg,0.301025390625
3,1,exp_a1/148_sq\fg_000000_bg_ffffff.jpg,0.2958984375
4,7,exp_a1/148_sq\fg_00ff00_bg_ffffff.jpg,0.29296875
5,5,exp_a1/148_sq\fg_00ff00_bg_000000.jpg,0.2919921875
6,4,exp_a1/148_sq\fg_0000ff_bg_ffffff.jpg,0.275146484375
7,12,exp_a1/148_sq\fg_888888_bg_ffffff.jpg,0.268798828125
8,6,exp_a1/148_sq\fg_00ff00_bg_888888.jpg,0.264892578125
9,2,exp_a1/148_sq\fg_0000ff_bg_000000.jpg,0.250732421875
10,13,exp_a1/148_sq\fg_921e3e_bg_000000.jpg,0.249755859375
11,8,exp_a1/148_sq\fg_00ffff_bg_000000.jpg,0.240234375
12,19,exp_a1/148_sq\fg_ffff00_bg_000000.jpg,0.230224609375
13,11,exp_a1/148_sq\fg_888888_bg_000000.jpg,0.22119140625
14,15,exp_a1/148_sq\fg_921e3e_bg_ffffff.jpg,0.1995849609375
15,14,exp_a1/148_sq\fg_921e3e_bg_888888.jpg,0.1964111328125
16,3,exp_a1/148_sq\fg_0000ff_bg_888888.jpg,0.1861572265625
17,9,exp_a1/148_sq\fg_00ffff_bg_888888.jpg,0.183349609375
18,20,exp_a1/148_sq\fg_ffff00_bg_888888.jpg,0.1766357421875
19,0,exp_a1/148_sq\fg_000000_bg_888888.jpg,0.1741943359375
20,22,exp_a1/148_sq\fg_ffffff_bg_000000.jpg,0.1695556640625
21,16,exp_a1/148_sq\fg_ff0000_bg_000000.jpg,0.1435546875
22,17,exp_a1/148_sq\fg_ff0000_bg_888888.jpg,0.14306640625
23,23,exp_a1/148_sq\fg_ffffff_bg_888888.jpg,0.140869140625
0,5,exp_a1/200_sq\fg_00ff00_bg_000000.jpg,0.3173828125
1,18,exp_a1/200_sq\fg_ff0000_bg_ffffff.jpg,0.3056640625
2,19,exp_a1/200_sq\fg_ffff00_bg_000000.jpg,0.30224609375
3,8,exp_a1/200_sq\fg_00ffff_bg_000000.jpg,0.286865234375
4,10,exp_a1/200_sq\fg_00ffff_bg_ffffff.jpg,0.274658203125
5,11,exp_a1/200_sq\fg_888888_bg_000000.jpg,0.267333984375
6,2,exp_a1/200_sq\fg_0000ff_bg_000000.jpg,0.257568359375
7,21,exp_a1/200_sq\fg_ffff00_bg_ffffff.jpg,0.25048828125
8,13,exp_a1/200_sq\fg_921e3e_bg_000000.jpg,0.2442626953125
9,22,exp_a1/200_sq\fg_ffffff_bg_000000.jpg,0.233642578125
10,0,exp_a1/200_sq\fg_000000_bg_888888.jpg,0.22900390625
11,16,exp_a1/200_sq\fg_ff0000_bg_000000.jpg,0.2225341796875
12,7,exp_a1/200_sq\fg_00ff00_bg_ffffff.jpg,0.2186279296875
13,20,exp_a1/200_sq\fg_ffff00_bg_888888.jpg,0.2049560546875
14,3,exp_a1/200_sq\fg_0000ff_bg_888888.jpg,0.200927734375
15,14,exp_a1/200_sq\fg_921e3e_bg_888888.jpg,0.1953125
16,6,exp_a1/200_sq\fg_00ff00_bg_888888.jpg,0.186767578125
17,17,exp_a1/200_sq\fg_ff0000_bg_888888.jpg,0.169189453125
18,23,exp_a1/200_sq\fg_ffffff_bg_888888.jpg,0.165283203125
19,1,exp_a1/200_sq\fg_000000_bg_ffffff.jpg,0.162353515625
20,4,exp_a1/200_sq\fg_0000ff_bg_ffffff.jpg,0.1424560546875
21,9,exp_a1/200_sq\fg_00ffff_bg_888888.jpg,0.142333984375
22,15,exp_a1/200_sq\fg_921e3e_bg_ffffff.jpg,0.1190185546875
23,12,exp_a1/200_sq\fg_888888_bg_ffffff.jpg,0.040008544921875
0,0,exp_a1/4_sq\fg_000000_bg_888888.jpg,0.384033203125
1,3,exp_a1/4_sq\fg_0000ff_bg_888888.jpg,0.375732421875
2,9,exp_a1/4_sq\fg_00ffff_bg_888888.jpg,0.373046875
3,14,exp_a1/4_sq\fg_921e3e_bg_888888.jpg,0.373046875
4,23,exp_a1/4_sq\fg_ffffff_bg_888888.jpg,0.368896484375
5,17,exp_a1/4_sq\fg_ff0000_bg_888888.jpg,0.36865234375
6,20,exp_a1/4_sq\fg_ffff00_bg_888888.jpg,0.367919921875
7,6,exp_a1/4_sq\fg_00ff00_bg_888888.jpg,0.3671875
8,10,exp_a1/4_sq\fg_00ffff_bg_ffffff.jpg,0.310546875
9,12,exp_a1/4_sq\fg_888888_bg_ffffff.jpg,0.310302734375
10,7,exp_a1/4_sq\fg_00ff00_bg_ffffff.jpg,0.310302734375
11,15,exp_a1/4_sq\fg_921e3e_bg_ffffff.jpg,0.310302734375
12,4,exp_a1/4_sq\fg_0000ff_bg_ffffff.jpg,0.31005859375
13,21,exp_a1/4_sq\fg_ffff00_bg_ffffff.jpg,0.31005859375
14,1,exp_a1/4_sq\fg_000000_bg_ffffff.jpg,0.31005859375
15,18,exp_a1/4_sq\fg_ff0000_bg_ffffff.jpg,0.31005859375
16,22,exp_a1/4_sq\fg_ffffff_bg_000000.jpg,0.1925048828125
17,5,exp_a1/4_sq\fg_00ff00_bg_000000.jpg,0.1923828125
18,13,exp_a1/4_sq\fg_921e3e_bg_000000.jpg,0.192138671875
19,8,exp_a1/4_sq\fg_00ffff_bg_000000.jpg,0.192138671875
20,19,exp_a1/4_sq\fg_ffff00_bg_000000.jpg,0.1920166015625
21,11,exp_a1/4_sq\fg_888888_bg_000000.jpg,0.1920166015625
22,2,exp_a1/4_sq\fg_0000ff_bg_000000.jpg,0.1920166015625
23,16,exp_a1/4_sq\fg_ff0000_bg_000000.jpg,0.19189453125
0,14,exp_a1/56_sq\fg_921e3e_bg_888888.jpg,0.377685546875
1,6,exp_a1/56_sq\fg_00ff00_bg_888888.jpg,0.3759765625
2,9,exp_a1/56_sq\fg_00ffff_bg_888888.jpg,0.3681640625
3,0,exp_a1/56_sq\fg_000000_bg_888888.jpg,0.36767578125
4,3,exp_a1/56_sq\fg_0000ff_bg_888888.jpg,0.36669921875
5,20,exp_a1/56_sq\fg_ffff00_bg_888888.jpg,0.352294921875
6,21,exp_a1/56_sq\fg_ffff00_bg_ffffff.jpg,0.3291015625
7,1,exp_a1/56_sq\fg_000000_bg_ffffff.jpg,0.32666015625
8,4,exp_a1/56_sq\fg_0000ff_bg_ffffff.jpg,0.318115234375
9,10,exp_a1/56_sq\fg_00ffff_bg_ffffff.jpg,0.3134765625
10,12,exp_a1/56_sq\fg_888888_bg_ffffff.jpg,0.306640625
11,7,exp_a1/56_sq\fg_00ff00_bg_ffffff.jpg,0.306396484375
12,15,exp_a1/56_sq\fg_921e3e_bg_ffffff.jpg,0.3046875
13,18,exp_a1/56_sq\fg_ff0000_bg_ffffff.jpg,0.301513671875
14,17,exp_a1/56_sq\fg_ff0000_bg_888888.jpg,0.301025390625
15,23,exp_a1/56_sq\fg_ffffff_bg_888888.jpg,0.264404296875
16,11,exp_a1/56_sq\fg_888888_bg_000000.jpg,0.2587890625
17,13,exp_a1/56_sq\fg_921e3e_bg_000000.jpg,0.2454833984375
18,22,exp_a1/56_sq\fg_ffffff_bg_000000.jpg,0.2166748046875
19,8,exp_a1/56_sq\fg_00ffff_bg_000000.jpg,0.213623046875
20,16,exp_a1/56_sq\fg_ff0000_bg_000000.jpg,0.2125244140625
21,19,exp_a1/56_sq\fg_ffff00_bg_000000.jpg,0.2108154296875
22,5,exp_a1/56_sq\fg_00ff00_bg_000000.jpg,0.208740234375
23,2,exp_a1/56_sq\fg_0000ff_bg_000000.jpg,0.20556640625
0,4,exp_a1/colors\bg_888888.jpg,0.387451171875
1,8,exp_a1/colors\bg_ffffff.png,0.310546875
2,7,exp_a1/colors\bg_ffff00.jpg,0.305419921875
3,6,exp_a1/colors\bg_ff0000.jpg,0.270751953125
4,3,exp_a1/colors\bg_00ffff.jpg,0.261962890625
5,2,exp_a1/colors\bg_00ff00.jpg,0.2462158203125
6,1,exp_a1/colors\bg_0000ff.jpg,0.2437744140625
7,5,exp_a1/colors\bg_921e3e.jpg,0.2265625
8,0,exp_a1/colors\bg_000000.jpg,0.1920166015625
