,Unnamed: 0,filepaths,similarity
0,4,exp_a1/112_sq\fg_0000ff_bg_ffffff.jpg,0.276123046875
1,3,exp_a1/112_sq\fg_0000ff_bg_888888.jpg,0.275634765625
2,21,exp_a1/112_sq\fg_ffff00_bg_ffffff.jpg,0.27392578125
3,1,exp_a1/112_sq\fg_000000_bg_ffffff.jpg,0.27392578125
4,20,exp_a1/112_sq\fg_ffff00_bg_888888.jpg,0.27197265625
5,10,exp_a1/112_sq\fg_00ffff_bg_ffffff.jpg,0.2705078125
6,18,exp_a1/112_sq\fg_ff0000_bg_ffffff.jpg,0.269287109375
7,7,exp_a1/112_sq\fg_00ff00_bg_ffffff.jpg,0.2666015625
8,15,exp_a1/112_sq\fg_921e3e_bg_ffffff.jpg,0.265625
9,23,exp_a1/112_sq\fg_ffffff_bg_888888.jpg,0.260498046875
10,22,exp_a1/112_sq\fg_ffffff_bg_000000.jpg,0.258056640625
11,9,exp_a1/112_sq\fg_00ffff_bg_888888.jpg,0.257568359375
12,14,exp_a1/112_sq\fg_921e3e_bg_888888.jpg,0.25732421875
13,13,exp_a1/112_sq\fg_921e3e_bg_000000.jpg,0.2568359375
14,2,exp_a1/112_sq\fg_0000ff_bg_000000.jpg,0.255126953125
15,17,exp_a1/112_sq\fg_ff0000_bg_888888.jpg,0.254638671875
16,19,exp_a1/112_sq\fg_ffff00_bg_000000.jpg,0.2509765625
17,8,exp_a1/112_sq\fg_00ffff_bg_000000.jpg,0.2493896484375
18,16,exp_a1/112_sq\fg_ff0000_bg_000000.jpg,0.249267578125
19,6,exp_a1/112_sq\fg_00ff00_bg_888888.jpg,0.245361328125
20,5,exp_a1/112_sq\fg_00ff00_bg_000000.jpg,0.24169921875
21,0,exp_a1/112_sq\fg_000000_bg_888888.jpg,0.2415771484375
22,11,exp_a1/112_sq\fg_888888_bg_000000.jpg,0.2327880859375
23,12,exp_a1/112_sq\fg_888888_bg_ffffff.jpg,0.2301025390625
0,10,exp_a1/12_sq\fg_00ffff_bg_ffffff.jpg,0.27001953125
1,8,exp_a1/12_sq\fg_00ffff_bg_000000.jpg,0.267822265625
2,22,exp_a1/12_sq\fg_ffffff_bg_000000.jpg,0.266357421875
3,18,exp_a1/12_sq\fg_ff0000_bg_ffffff.jpg,0.265869140625
4,2,exp_a1/12_sq\fg_0000ff_bg_000000.jpg,0.265625
5,15,exp_a1/12_sq\fg_921e3e_bg_ffffff.jpg,0.263916015625
6,1,exp_a1/12_sq\fg_000000_bg_ffffff.jpg,0.263916015625
7,5,exp_a1/12_sq\fg_00ff00_bg_000000.jpg,0.26220703125
8,9,exp_a1/12_sq\fg_00ffff_bg_888888.jpg,0.261962890625
9,11,exp_a1/12_sq\fg_888888_bg_000000.jpg,0.261474609375
10,13,exp_a1/12_sq\fg_921e3e_bg_000000.jpg,0.261474609375
11,14,exp_a1/12_sq\fg_921e3e_bg_888888.jpg,0.261474609375
12,12,exp_a1/12_sq\fg_888888_bg_ffffff.jpg,0.260009765625
13,4,exp_a1/12_sq\fg_0000ff_bg_ffffff.jpg,0.259765625
14,21,exp_a1/12_sq\fg_ffff00_bg_ffffff.jpg,0.257568359375
15,7,exp_a1/12_sq\fg_00ff00_bg_ffffff.jpg,0.25732421875
16,3,exp_a1/12_sq\fg_0000ff_bg_888888.jpg,0.25732421875
17,16,exp_a1/12_sq\fg_ff0000_bg_000000.jpg,0.25732421875
18,17,exp_a1/12_sq\fg_ff0000_bg_888888.jpg,0.257080078125
19,0,exp_a1/12_sq\fg_000000_bg_888888.jpg,0.2568359375
20,19,exp_a1/12_sq\fg_ffff00_bg_000000.jpg,0.256591796875
21,23,exp_a1/12_sq\fg_ffffff_bg_888888.jpg,0.25244140625
22,20,exp_a1/12_sq\fg_ffff00_bg_888888.jpg,0.2509765625
23,6,exp_a1/12_sq\fg_00ff00_bg_888888.jpg,0.2431640625
0,4,exp_a1/148_sq\fg_0000ff_bg_ffffff.jpg,0.270751953125
1,18,exp_a1/148_sq\fg_ff0000_bg_ffffff.jpg,0.2685546875
2,1,exp_a1/148_sq\fg_000000_bg_ffffff.jpg,0.26708984375
3,10,exp_a1/148_sq\fg_00ffff_bg_ffffff.jpg,0.26611328125
4,21,exp_a1/148_sq\fg_ffff00_bg_ffffff.jpg,0.264404296875
5,3,exp_a1/148_sq\fg_0000ff_bg_888888.jpg,0.263427734375
6,7,exp_a1/148_sq\fg_00ff00_bg_ffffff.jpg,0.262939453125
7,15,exp_a1/148_sq\fg_921e3e_bg_ffffff.jpg,0.260986328125
8,22,exp_a1/148_sq\fg_ffffff_bg_000000.jpg,0.25927734375
9,13,exp_a1/148_sq\fg_921e3e_bg_000000.jpg,0.257080078125
10,2,exp_a1/148_sq\fg_0000ff_bg_000000.jpg,0.255615234375
11,19,exp_a1/148_sq\fg_ffff00_bg_000000.jpg,0.252685546875
12,0,exp_a1/148_sq\fg_000000_bg_888888.jpg,0.25146484375
13,20,exp_a1/148_sq\fg_ffff00_bg_888888.jpg,0.251220703125
14,9,exp_a1/148_sq\fg_00ffff_bg_888888.jpg,0.25048828125
15,16,exp_a1/148_sq\fg_ff0000_bg_000000.jpg,0.2491455078125
16,14,exp_a1/148_sq\fg_921e3e_bg_888888.jpg,0.2474365234375
17,23,exp_a1/148_sq\fg_ffffff_bg_888888.jpg,0.2470703125
18,8,exp_a1/148_sq\fg_00ffff_bg_000000.jpg,0.2445068359375
19,17,exp_a1/148_sq\fg_ff0000_bg_888888.jpg,0.2410888671875
20,11,exp_a1/148_sq\fg_888888_bg_000000.jpg,0.2386474609375
21,5,exp_a1/148_sq\fg_00ff00_bg_000000.jpg,0.235107421875
22,12,exp_a1/148_sq\fg_888888_bg_ffffff.jpg,0.2320556640625
23,6,exp_a1/148_sq\fg_00ff00_bg_888888.jpg,0.2091064453125
0,3,exp_a1/200_sq\fg_0000ff_bg_888888.jpg,0.270751953125
1,10,exp_a1/200_sq\fg_00ffff_bg_ffffff.jpg,0.269775390625
2,9,exp_a1/200_sq\fg_00ffff_bg_888888.jpg,0.264892578125
3,8,exp_a1/200_sq\fg_00ffff_bg_000000.jpg,0.26416015625
4,4,exp_a1/200_sq\fg_0000ff_bg_ffffff.jpg,0.26318359375
5,21,exp_a1/200_sq\fg_ffff00_bg_ffffff.jpg,0.262939453125
6,22,exp_a1/200_sq\fg_ffffff_bg_000000.jpg,0.26171875
7,0,exp_a1/200_sq\fg_000000_bg_888888.jpg,0.260986328125
8,1,exp_a1/200_sq\fg_000000_bg_ffffff.jpg,0.260498046875
9,20,exp_a1/200_sq\fg_ffff00_bg_888888.jpg,0.2587890625
10,15,exp_a1/200_sq\fg_921e3e_bg_ffffff.jpg,0.25732421875
11,18,exp_a1/200_sq\fg_ff0000_bg_ffffff.jpg,0.257080078125
12,5,exp_a1/200_sq\fg_00ff00_bg_000000.jpg,0.2568359375
13,19,exp_a1/200_sq\fg_ffff00_bg_000000.jpg,0.256103515625
14,7,exp_a1/200_sq\fg_00ff00_bg_ffffff.jpg,0.255615234375
15,2,exp_a1/200_sq\fg_0000ff_bg_000000.jpg,0.255615234375
16,13,exp_a1/200_sq\fg_921e3e_bg_000000.jpg,0.254638671875
17,6,exp_a1/200_sq\fg_00ff00_bg_888888.jpg,0.25439453125
18,14,exp_a1/200_sq\fg_921e3e_bg_888888.jpg,0.25439453125
19,17,exp_a1/200_sq\fg_ff0000_bg_888888.jpg,0.2529296875
20,16,exp_a1/200_sq\fg_ff0000_bg_000000.jpg,0.25244140625
21,23,exp_a1/200_sq\fg_ffffff_bg_888888.jpg,0.2490234375
22,12,exp_a1/200_sq\fg_888888_bg_ffffff.jpg,0.2174072265625
23,11,exp_a1/200_sq\fg_888888_bg_000000.jpg,0.2032470703125
0,13,exp_a1/4_sq\fg_921e3e_bg_000000.jpg,0.259765625
1,11,exp_a1/4_sq\fg_888888_bg_000000.jpg,0.259033203125
2,18,exp_a1/4_sq\fg_ff0000_bg_ffffff.jpg,0.259033203125
3,10,exp_a1/4_sq\fg_00ffff_bg_ffffff.jpg,0.257568359375
4,2,exp_a1/4_sq\fg_0000ff_bg_000000.jpg,0.257080078125
5,19,exp_a1/4_sq\fg_ffff00_bg_000000.jpg,0.2568359375
6,1,exp_a1/4_sq\fg_000000_bg_ffffff.jpg,0.25634765625
7,8,exp_a1/4_sq\fg_00ffff_bg_000000.jpg,0.255859375
8,22,exp_a1/4_sq\fg_ffffff_bg_000000.jpg,0.255615234375
9,12,exp_a1/4_sq\fg_888888_bg_ffffff.jpg,0.25537109375
10,16,exp_a1/4_sq\fg_ff0000_bg_000000.jpg,0.2548828125
11,0,exp_a1/4_sq\fg_000000_bg_888888.jpg,0.25439453125
12,9,exp_a1/4_sq\fg_00ffff_bg_888888.jpg,0.25341796875
13,15,exp_a1/4_sq\fg_921e3e_bg_ffffff.jpg,0.2529296875
14,4,exp_a1/4_sq\fg_0000ff_bg_ffffff.jpg,0.2529296875
15,5,exp_a1/4_sq\fg_00ff00_bg_000000.jpg,0.251953125
16,3,exp_a1/4_sq\fg_0000ff_bg_888888.jpg,0.25146484375
17,7,exp_a1/4_sq\fg_00ff00_bg_ffffff.jpg,0.2509765625
18,21,exp_a1/4_sq\fg_ffff00_bg_ffffff.jpg,0.247802734375
19,23,exp_a1/4_sq\fg_ffffff_bg_888888.jpg,0.2476806640625
20,14,exp_a1/4_sq\fg_921e3e_bg_888888.jpg,0.2442626953125
21,6,exp_a1/4_sq\fg_00ff00_bg_888888.jpg,0.235107421875
22,20,exp_a1/4_sq\fg_ffff00_bg_888888.jpg,0.2337646484375
23,17,exp_a1/4_sq\fg_ff0000_bg_888888.jpg,0.223876953125
0,4,exp_a1/56_sq\fg_0000ff_bg_ffffff.jpg,0.28076171875
1,10,exp_a1/56_sq\fg_00ffff_bg_ffffff.jpg,0.277587890625
2,21,exp_a1/56_sq\fg_ffff00_bg_ffffff.jpg,0.275146484375
3,1,exp_a1/56_sq\fg_000000_bg_ffffff.jpg,0.274169921875
4,7,exp_a1/56_sq\fg_00ff00_bg_ffffff.jpg,0.274169921875
5,18,exp_a1/56_sq\fg_ff0000_bg_ffffff.jpg,0.27099609375
6,3,exp_a1/56_sq\fg_0000ff_bg_888888.jpg,0.26904296875
7,15,exp_a1/56_sq\fg_921e3e_bg_ffffff.jpg,0.26904296875
8,2,exp_a1/56_sq\fg_0000ff_bg_000000.jpg,0.2666015625
9,8,exp_a1/56_sq\fg_00ffff_bg_000000.jpg,0.2666015625
10,22,exp_a1/56_sq\fg_ffffff_bg_000000.jpg,0.26318359375
11,20,exp_a1/56_sq\fg_ffff00_bg_888888.jpg,0.2626953125
12,13,exp_a1/56_sq\fg_921e3e_bg_000000.jpg,0.260498046875
13,5,exp_a1/56_sq\fg_00ff00_bg_000000.jpg,0.257568359375
14,11,exp_a1/56_sq\fg_888888_bg_000000.jpg,0.25732421875
15,19,exp_a1/56_sq\fg_ffff00_bg_000000.jpg,0.256103515625
16,9,exp_a1/56_sq\fg_00ffff_bg_888888.jpg,0.25390625
17,16,exp_a1/56_sq\fg_ff0000_bg_000000.jpg,0.25341796875
18,12,exp_a1/56_sq\fg_888888_bg_ffffff.jpg,0.25341796875
19,17,exp_a1/56_sq\fg_ff0000_bg_888888.jpg,0.2529296875
20,14,exp_a1/56_sq\fg_921e3e_bg_888888.jpg,0.251220703125
21,23,exp_a1/56_sq\fg_ffffff_bg_888888.jpg,0.2509765625
22,6,exp_a1/56_sq\fg_00ff00_bg_888888.jpg,0.2484130859375
23,0,exp_a1/56_sq\fg_000000_bg_888888.jpg,0.246826171875
0,0,exp_a1/colors\bg_000000.jpg,0.260009765625
1,1,exp_a1/colors\bg_0000ff.jpg,0.259521484375
2,5,exp_a1/colors\bg_921e3e.jpg,0.25830078125
3,6,exp_a1/colors\bg_ff0000.jpg,0.2578125
4,8,exp_a1/colors\bg_ffffff.png,0.25390625
5,3,exp_a1/colors\bg_00ffff.jpg,0.251220703125
6,2,exp_a1/colors\bg_00ff00.jpg,0.246337890625
7,7,exp_a1/colors\bg_ffff00.jpg,0.2440185546875
8,4,exp_a1/colors\bg_888888.jpg,0.2210693359375
