,Unnamed: 0,filepaths,similarity
0,6,exp_a1/112_sq\fg_00ff00_bg_888888.jpg,0.37109375
1,14,exp_a1/112_sq\fg_921e3e_bg_888888.jpg,0.32470703125
2,10,exp_a1/112_sq\fg_00ffff_bg_ffffff.jpg,0.32421875
3,12,exp_a1/112_sq\fg_888888_bg_ffffff.jpg,0.321044921875
4,9,exp_a1/112_sq\fg_00ffff_bg_888888.jpg,0.32080078125
5,21,exp_a1/112_sq\fg_ffff00_bg_ffffff.jpg,0.317626953125
6,1,exp_a1/112_sq\fg_000000_bg_ffffff.jpg,0.2958984375
7,7,exp_a1/112_sq\fg_00ff00_bg_ffffff.jpg,0.287841796875
8,18,exp_a1/112_sq\fg_ff0000_bg_ffffff.jpg,0.285400390625
9,5,exp_a1/112_sq\fg_00ff00_bg_000000.jpg,0.279052734375
10,11,exp_a1/112_sq\fg_888888_bg_000000.jpg,0.279052734375
11,3,exp_a1/112_sq\fg_0000ff_bg_888888.jpg,0.275634765625
12,4,exp_a1/112_sq\fg_0000ff_bg_ffffff.jpg,0.27294921875
13,15,exp_a1/112_sq\fg_921e3e_bg_ffffff.jpg,0.26904296875
14,13,exp_a1/112_sq\fg_921e3e_bg_000000.jpg,0.267333984375
15,8,exp_a1/112_sq\fg_00ffff_bg_000000.jpg,0.253173828125
16,2,exp_a1/112_sq\fg_0000ff_bg_000000.jpg,0.2391357421875
17,16,exp_a1/112_sq\fg_ff0000_bg_000000.jpg,0.2340087890625
18,22,exp_a1/112_sq\fg_ffffff_bg_000000.jpg,0.23291015625
19,19,exp_a1/112_sq\fg_ffff00_bg_000000.jpg,0.2255859375
20,23,exp_a1/112_sq\fg_ffffff_bg_888888.jpg,0.2110595703125
21,17,exp_a1/112_sq\fg_ff0000_bg_888888.jpg,0.2091064453125
22,0,exp_a1/112_sq\fg_000000_bg_888888.jpg,0.1881103515625
23,20,exp_a1/112_sq\fg_ffff00_bg_888888.jpg,0.1871337890625
0,23,exp_a1/12_sq\fg_ffffff_bg_888888.jpg,0.421630859375
1,17,exp_a1/12_sq\fg_ff0000_bg_888888.jpg,0.421142578125
2,9,exp_a1/12_sq\fg_00ffff_bg_888888.jpg,0.420654296875
3,6,exp_a1/12_sq\fg_00ff00_bg_888888.jpg,0.42041015625
4,3,exp_a1/12_sq\fg_0000ff_bg_888888.jpg,0.4111328125
5,14,exp_a1/12_sq\fg_921e3e_bg_888888.jpg,0.409912109375
6,0,exp_a1/12_sq\fg_000000_bg_888888.jpg,0.408447265625
7,20,exp_a1/12_sq\fg_ffff00_bg_888888.jpg,0.40673828125
8,12,exp_a1/12_sq\fg_888888_bg_ffffff.jpg,0.302490234375
9,15,exp_a1/12_sq\fg_921e3e_bg_ffffff.jpg,0.30126953125
10,4,exp_a1/12_sq\fg_0000ff_bg_ffffff.jpg,0.299072265625
11,1,exp_a1/12_sq\fg_000000_bg_ffffff.jpg,0.29736328125
12,18,exp_a1/12_sq\fg_ff0000_bg_ffffff.jpg,0.296142578125
13,7,exp_a1/12_sq\fg_00ff00_bg_ffffff.jpg,0.296142578125
14,10,exp_a1/12_sq\fg_00ffff_bg_ffffff.jpg,0.2958984375
15,21,exp_a1/12_sq\fg_ffff00_bg_ffffff.jpg,0.2958984375
16,22,exp_a1/12_sq\fg_ffffff_bg_000000.jpg,0.199462890625
17,11,exp_a1/12_sq\fg_888888_bg_000000.jpg,0.19921875
18,16,exp_a1/12_sq\fg_ff0000_bg_000000.jpg,0.1990966796875
19,8,exp_a1/12_sq\fg_00ffff_bg_000000.jpg,0.1981201171875
20,19,exp_a1/12_sq\fg_ffff00_bg_000000.jpg,0.19775390625
21,5,exp_a1/12_sq\fg_00ff00_bg_000000.jpg,0.19775390625
22,13,exp_a1/12_sq\fg_921e3e_bg_000000.jpg,0.197265625
23,2,exp_a1/12_sq\fg_0000ff_bg_000000.jpg,0.19677734375
0,10,exp_a1/148_sq\fg_00ffff_bg_ffffff.jpg,0.348388671875
1,21,exp_a1/148_sq\fg_ffff00_bg_ffffff.jpg,0.338134765625
2,1,exp_a1/148_sq\fg_000000_bg_ffffff.jpg,0.324462890625
3,6,exp_a1/148_sq\fg_00ff00_bg_888888.jpg,0.313720703125
4,7,exp_a1/148_sq\fg_00ff00_bg_ffffff.jpg,0.3134765625
5,4,exp_a1/148_sq\fg_0000ff_bg_ffffff.jpg,0.298095703125
6,12,exp_a1/148_sq\fg_888888_bg_ffffff.jpg,0.2978515625
7,5,exp_a1/148_sq\fg_00ff00_bg_000000.jpg,0.287109375
8,18,exp_a1/148_sq\fg_ff0000_bg_ffffff.jpg,0.282958984375
9,11,exp_a1/148_sq\fg_888888_bg_000000.jpg,0.2705078125
10,13,exp_a1/148_sq\fg_921e3e_bg_000000.jpg,0.26611328125
11,2,exp_a1/148_sq\fg_0000ff_bg_000000.jpg,0.265869140625
12,19,exp_a1/148_sq\fg_ffff00_bg_000000.jpg,0.234619140625
13,8,exp_a1/148_sq\fg_00ffff_bg_000000.jpg,0.23193359375
14,15,exp_a1/148_sq\fg_921e3e_bg_ffffff.jpg,0.2139892578125
15,22,exp_a1/148_sq\fg_ffffff_bg_000000.jpg,0.1888427734375
16,9,exp_a1/148_sq\fg_00ffff_bg_888888.jpg,0.1827392578125
17,17,exp_a1/148_sq\fg_ff0000_bg_888888.jpg,0.1744384765625
18,23,exp_a1/148_sq\fg_ffffff_bg_888888.jpg,0.16552734375
19,16,exp_a1/148_sq\fg_ff0000_bg_000000.jpg,0.16552734375
20,14,exp_a1/148_sq\fg_921e3e_bg_888888.jpg,0.1593017578125
21,20,exp_a1/148_sq\fg_ffff00_bg_888888.jpg,0.1591796875
22,3,exp_a1/148_sq\fg_0000ff_bg_888888.jpg,0.148681640625
23,0,exp_a1/148_sq\fg_000000_bg_888888.jpg,0.1214599609375
0,5,exp_a1/200_sq\fg_00ff00_bg_000000.jpg,0.323974609375
1,19,exp_a1/200_sq\fg_ffff00_bg_000000.jpg,0.32080078125
2,11,exp_a1/200_sq\fg_888888_bg_000000.jpg,0.314697265625
3,18,exp_a1/200_sq\fg_ff0000_bg_ffffff.jpg,0.293212890625
4,10,exp_a1/200_sq\fg_00ffff_bg_ffffff.jpg,0.292724609375
5,8,exp_a1/200_sq\fg_00ffff_bg_000000.jpg,0.289306640625
6,21,exp_a1/200_sq\fg_ffff00_bg_ffffff.jpg,0.28125
7,22,exp_a1/200_sq\fg_ffffff_bg_000000.jpg,0.27197265625
8,16,exp_a1/200_sq\fg_ff0000_bg_000000.jpg,0.265380859375
9,13,exp_a1/200_sq\fg_921e3e_bg_000000.jpg,0.254150390625
10,7,exp_a1/200_sq\fg_00ff00_bg_ffffff.jpg,0.252685546875
11,2,exp_a1/200_sq\fg_0000ff_bg_000000.jpg,0.246826171875
12,6,exp_a1/200_sq\fg_00ff00_bg_888888.jpg,0.228271484375
13,0,exp_a1/200_sq\fg_000000_bg_888888.jpg,0.2242431640625
14,20,exp_a1/200_sq\fg_ffff00_bg_888888.jpg,0.2147216796875
15,17,exp_a1/200_sq\fg_ff0000_bg_888888.jpg,0.205078125
16,1,exp_a1/200_sq\fg_000000_bg_ffffff.jpg,0.203857421875
17,23,exp_a1/200_sq\fg_ffffff_bg_888888.jpg,0.2010498046875
18,4,exp_a1/200_sq\fg_0000ff_bg_ffffff.jpg,0.1851806640625
19,3,exp_a1/200_sq\fg_0000ff_bg_888888.jpg,0.1805419921875
20,14,exp_a1/200_sq\fg_921e3e_bg_888888.jpg,0.1722412109375
21,9,exp_a1/200_sq\fg_00ffff_bg_888888.jpg,0.166259765625
22,15,exp_a1/200_sq\fg_921e3e_bg_ffffff.jpg,0.1500244140625
23,12,exp_a1/200_sq\fg_888888_bg_ffffff.jpg,0.05487060546875
0,3,exp_a1/4_sq\fg_0000ff_bg_888888.jpg,0.41943359375
1,0,exp_a1/4_sq\fg_000000_bg_888888.jpg,0.4189453125
2,14,exp_a1/4_sq\fg_921e3e_bg_888888.jpg,0.416015625
3,20,exp_a1/4_sq\fg_ffff00_bg_888888.jpg,0.413330078125
4,23,exp_a1/4_sq\fg_ffffff_bg_888888.jpg,0.413330078125
5,9,exp_a1/4_sq\fg_00ffff_bg_888888.jpg,0.409912109375
6,17,exp_a1/4_sq\fg_ff0000_bg_888888.jpg,0.408447265625
7,6,exp_a1/4_sq\fg_00ff00_bg_888888.jpg,0.408447265625
8,10,exp_a1/4_sq\fg_00ffff_bg_ffffff.jpg,0.2958984375
9,4,exp_a1/4_sq\fg_0000ff_bg_ffffff.jpg,0.295654296875
10,15,exp_a1/4_sq\fg_921e3e_bg_ffffff.jpg,0.295654296875
11,7,exp_a1/4_sq\fg_00ff00_bg_ffffff.jpg,0.295654296875
12,18,exp_a1/4_sq\fg_ff0000_bg_ffffff.jpg,0.295654296875
13,1,exp_a1/4_sq\fg_000000_bg_ffffff.jpg,0.295654296875
14,21,exp_a1/4_sq\fg_ffff00_bg_ffffff.jpg,0.29541015625
15,12,exp_a1/4_sq\fg_888888_bg_ffffff.jpg,0.29541015625
16,22,exp_a1/4_sq\fg_ffffff_bg_000000.jpg,0.1971435546875
17,5,exp_a1/4_sq\fg_00ff00_bg_000000.jpg,0.1968994140625
18,16,exp_a1/4_sq\fg_ff0000_bg_000000.jpg,0.19677734375
19,13,exp_a1/4_sq\fg_921e3e_bg_000000.jpg,0.19677734375
20,2,exp_a1/4_sq\fg_0000ff_bg_000000.jpg,0.19677734375
21,11,exp_a1/4_sq\fg_888888_bg_000000.jpg,0.1966552734375
22,19,exp_a1/4_sq\fg_ffff00_bg_000000.jpg,0.1966552734375
23,8,exp_a1/4_sq\fg_00ffff_bg_000000.jpg,0.1966552734375
0,6,exp_a1/56_sq\fg_00ff00_bg_888888.jpg,0.424560546875
1,14,exp_a1/56_sq\fg_921e3e_bg_888888.jpg,0.410888671875
2,3,exp_a1/56_sq\fg_0000ff_bg_888888.jpg,0.408447265625
3,0,exp_a1/56_sq\fg_000000_bg_888888.jpg,0.39208984375
4,9,exp_a1/56_sq\fg_00ffff_bg_888888.jpg,0.3896484375
5,20,exp_a1/56_sq\fg_ffff00_bg_888888.jpg,0.355224609375
6,21,exp_a1/56_sq\fg_ffff00_bg_ffffff.jpg,0.333740234375
7,1,exp_a1/56_sq\fg_000000_bg_ffffff.jpg,0.325927734375
8,10,exp_a1/56_sq\fg_00ffff_bg_ffffff.jpg,0.31884765625
9,7,exp_a1/56_sq\fg_00ff00_bg_ffffff.jpg,0.317138671875
10,4,exp_a1/56_sq\fg_0000ff_bg_ffffff.jpg,0.31689453125
11,12,exp_a1/56_sq\fg_888888_bg_ffffff.jpg,0.308349609375
12,15,exp_a1/56_sq\fg_921e3e_bg_ffffff.jpg,0.30078125
13,17,exp_a1/56_sq\fg_ff0000_bg_888888.jpg,0.28955078125
14,18,exp_a1/56_sq\fg_ff0000_bg_ffffff.jpg,0.28759765625
15,13,exp_a1/56_sq\fg_921e3e_bg_000000.jpg,0.25927734375
16,11,exp_a1/56_sq\fg_888888_bg_000000.jpg,0.254150390625
17,23,exp_a1/56_sq\fg_ffffff_bg_888888.jpg,0.2362060546875
18,22,exp_a1/56_sq\fg_ffffff_bg_000000.jpg,0.221923828125
19,16,exp_a1/56_sq\fg_ff0000_bg_000000.jpg,0.2186279296875
20,19,exp_a1/56_sq\fg_ffff00_bg_000000.jpg,0.2159423828125
21,8,exp_a1/56_sq\fg_00ffff_bg_000000.jpg,0.2142333984375
22,5,exp_a1/56_sq\fg_00ff00_bg_000000.jpg,0.2083740234375
23,2,exp_a1/56_sq\fg_0000ff_bg_000000.jpg,0.2083740234375
0,4,exp_a1/colors\bg_888888.jpg,0.39599609375
1,8,exp_a1/colors\bg_ffffff.png,0.295654296875
2,7,exp_a1/colors\bg_ffff00.jpg,0.28955078125
3,6,exp_a1/colors\bg_ff0000.jpg,0.267333984375
4,2,exp_a1/colors\bg_00ff00.jpg,0.251953125
5,5,exp_a1/colors\bg_921e3e.jpg,0.251220703125
6,1,exp_a1/colors\bg_0000ff.jpg,0.2442626953125
7,3,exp_a1/colors\bg_00ffff.jpg,0.2430419921875
8,0,exp_a1/colors\bg_000000.jpg,0.19677734375
