,Unnamed: 0,filepaths,similarity
0,6,exp_a1/112_sq\fg_00ff00_bg_888888.jpg,0.355224609375
1,14,exp_a1/112_sq\fg_921e3e_bg_888888.jpg,0.33447265625
2,9,exp_a1/112_sq\fg_00ffff_bg_888888.jpg,0.31689453125
3,10,exp_a1/112_sq\fg_00ffff_bg_ffffff.jpg,0.3154296875
4,21,exp_a1/112_sq\fg_ffff00_bg_ffffff.jpg,0.298095703125
5,1,exp_a1/112_sq\fg_000000_bg_ffffff.jpg,0.289794921875
6,7,exp_a1/112_sq\fg_00ff00_bg_ffffff.jpg,0.28125
7,12,exp_a1/112_sq\fg_888888_bg_ffffff.jpg,0.280029296875
8,3,exp_a1/112_sq\fg_0000ff_bg_888888.jpg,0.280029296875
9,4,exp_a1/112_sq\fg_0000ff_bg_ffffff.jpg,0.2734375
10,18,exp_a1/112_sq\fg_ff0000_bg_ffffff.jpg,0.272216796875
11,5,exp_a1/112_sq\fg_00ff00_bg_000000.jpg,0.260498046875
12,15,exp_a1/112_sq\fg_921e3e_bg_ffffff.jpg,0.25732421875
13,13,exp_a1/112_sq\fg_921e3e_bg_000000.jpg,0.254150390625
14,11,exp_a1/112_sq\fg_888888_bg_000000.jpg,0.249267578125
15,8,exp_a1/112_sq\fg_00ffff_bg_000000.jpg,0.23193359375
16,16,exp_a1/112_sq\fg_ff0000_bg_000000.jpg,0.2176513671875
17,22,exp_a1/112_sq\fg_ffffff_bg_000000.jpg,0.216064453125
18,2,exp_a1/112_sq\fg_0000ff_bg_000000.jpg,0.2117919921875
19,19,exp_a1/112_sq\fg_ffff00_bg_000000.jpg,0.20947265625
20,0,exp_a1/112_sq\fg_000000_bg_888888.jpg,0.2088623046875
21,23,exp_a1/112_sq\fg_ffffff_bg_888888.jpg,0.2052001953125
22,20,exp_a1/112_sq\fg_ffff00_bg_888888.jpg,0.203369140625
23,17,exp_a1/112_sq\fg_ff0000_bg_888888.jpg,0.201171875
0,23,exp_a1/12_sq\fg_ffffff_bg_888888.jpg,0.415771484375
1,14,exp_a1/12_sq\fg_921e3e_bg_888888.jpg,0.41162109375
2,3,exp_a1/12_sq\fg_0000ff_bg_888888.jpg,0.40966796875
3,0,exp_a1/12_sq\fg_000000_bg_888888.jpg,0.40576171875
4,9,exp_a1/12_sq\fg_00ffff_bg_888888.jpg,0.402099609375
5,17,exp_a1/12_sq\fg_ff0000_bg_888888.jpg,0.4013671875
6,6,exp_a1/12_sq\fg_00ff00_bg_888888.jpg,0.401123046875
7,20,exp_a1/12_sq\fg_ffff00_bg_888888.jpg,0.401123046875
8,12,exp_a1/12_sq\fg_888888_bg_ffffff.jpg,0.285400390625
9,15,exp_a1/12_sq\fg_921e3e_bg_ffffff.jpg,0.283935546875
10,4,exp_a1/12_sq\fg_0000ff_bg_ffffff.jpg,0.28173828125
11,1,exp_a1/12_sq\fg_000000_bg_ffffff.jpg,0.27978515625
12,10,exp_a1/12_sq\fg_00ffff_bg_ffffff.jpg,0.27880859375
13,18,exp_a1/12_sq\fg_ff0000_bg_ffffff.jpg,0.27880859375
14,7,exp_a1/12_sq\fg_00ff00_bg_ffffff.jpg,0.27880859375
15,21,exp_a1/12_sq\fg_ffff00_bg_ffffff.jpg,0.278564453125
16,22,exp_a1/12_sq\fg_ffffff_bg_000000.jpg,0.1739501953125
17,16,exp_a1/12_sq\fg_ff0000_bg_000000.jpg,0.1734619140625
18,11,exp_a1/12_sq\fg_888888_bg_000000.jpg,0.1727294921875
19,8,exp_a1/12_sq\fg_00ffff_bg_000000.jpg,0.1719970703125
20,19,exp_a1/12_sq\fg_ffff00_bg_000000.jpg,0.1717529296875
21,5,exp_a1/12_sq\fg_00ff00_bg_000000.jpg,0.1712646484375
22,13,exp_a1/12_sq\fg_921e3e_bg_000000.jpg,0.1705322265625
23,2,exp_a1/12_sq\fg_0000ff_bg_000000.jpg,0.1700439453125
0,10,exp_a1/148_sq\fg_00ffff_bg_ffffff.jpg,0.325439453125
1,21,exp_a1/148_sq\fg_ffff00_bg_ffffff.jpg,0.320556640625
2,1,exp_a1/148_sq\fg_000000_bg_ffffff.jpg,0.29638671875
3,6,exp_a1/148_sq\fg_00ff00_bg_888888.jpg,0.294677734375
4,7,exp_a1/148_sq\fg_00ff00_bg_ffffff.jpg,0.29248046875
5,4,exp_a1/148_sq\fg_0000ff_bg_ffffff.jpg,0.279296875
6,5,exp_a1/148_sq\fg_00ff00_bg_000000.jpg,0.2705078125
7,18,exp_a1/148_sq\fg_ff0000_bg_ffffff.jpg,0.26953125
8,12,exp_a1/148_sq\fg_888888_bg_ffffff.jpg,0.2568359375
9,13,exp_a1/148_sq\fg_921e3e_bg_000000.jpg,0.25244140625
10,2,exp_a1/148_sq\fg_0000ff_bg_000000.jpg,0.24169921875
11,11,exp_a1/148_sq\fg_888888_bg_000000.jpg,0.2257080078125
12,15,exp_a1/148_sq\fg_921e3e_bg_ffffff.jpg,0.2208251953125
13,8,exp_a1/148_sq\fg_00ffff_bg_000000.jpg,0.216552734375
14,19,exp_a1/148_sq\fg_ffff00_bg_000000.jpg,0.2086181640625
15,14,exp_a1/148_sq\fg_921e3e_bg_888888.jpg,0.1944580078125
16,9,exp_a1/148_sq\fg_00ffff_bg_888888.jpg,0.190673828125
17,20,exp_a1/148_sq\fg_ffff00_bg_888888.jpg,0.18212890625
18,3,exp_a1/148_sq\fg_0000ff_bg_888888.jpg,0.1802978515625
19,17,exp_a1/148_sq\fg_ff0000_bg_888888.jpg,0.1585693359375
20,22,exp_a1/148_sq\fg_ffffff_bg_000000.jpg,0.1558837890625
21,23,exp_a1/148_sq\fg_ffffff_bg_888888.jpg,0.1549072265625
22,0,exp_a1/148_sq\fg_000000_bg_888888.jpg,0.1527099609375
23,16,exp_a1/148_sq\fg_ff0000_bg_000000.jpg,0.1373291015625
0,19,exp_a1/200_sq\fg_ffff00_bg_000000.jpg,0.296630859375
1,5,exp_a1/200_sq\fg_00ff00_bg_000000.jpg,0.296142578125
2,11,exp_a1/200_sq\fg_888888_bg_000000.jpg,0.283203125
3,18,exp_a1/200_sq\fg_ff0000_bg_ffffff.jpg,0.275634765625
4,10,exp_a1/200_sq\fg_00ffff_bg_ffffff.jpg,0.26953125
5,8,exp_a1/200_sq\fg_00ffff_bg_000000.jpg,0.268310546875
6,13,exp_a1/200_sq\fg_921e3e_bg_000000.jpg,0.255126953125
7,21,exp_a1/200_sq\fg_ffff00_bg_ffffff.jpg,0.252197265625
8,2,exp_a1/200_sq\fg_0000ff_bg_000000.jpg,0.2353515625
9,22,exp_a1/200_sq\fg_ffffff_bg_000000.jpg,0.2325439453125
10,7,exp_a1/200_sq\fg_00ff00_bg_ffffff.jpg,0.2236328125
11,0,exp_a1/200_sq\fg_000000_bg_888888.jpg,0.220947265625
12,16,exp_a1/200_sq\fg_ff0000_bg_000000.jpg,0.2197265625
13,14,exp_a1/200_sq\fg_921e3e_bg_888888.jpg,0.19775390625
14,3,exp_a1/200_sq\fg_0000ff_bg_888888.jpg,0.1966552734375
15,20,exp_a1/200_sq\fg_ffff00_bg_888888.jpg,0.1942138671875
16,6,exp_a1/200_sq\fg_00ff00_bg_888888.jpg,0.191162109375
17,1,exp_a1/200_sq\fg_000000_bg_ffffff.jpg,0.1751708984375
18,17,exp_a1/200_sq\fg_ff0000_bg_888888.jpg,0.1654052734375
19,23,exp_a1/200_sq\fg_ffffff_bg_888888.jpg,0.1605224609375
20,4,exp_a1/200_sq\fg_0000ff_bg_ffffff.jpg,0.1549072265625
21,9,exp_a1/200_sq\fg_00ffff_bg_888888.jpg,0.13818359375
22,15,exp_a1/200_sq\fg_921e3e_bg_ffffff.jpg,0.13232421875
23,12,exp_a1/200_sq\fg_888888_bg_ffffff.jpg,0.04901123046875
0,0,exp_a1/4_sq\fg_000000_bg_888888.jpg,0.42724609375
1,9,exp_a1/4_sq\fg_00ffff_bg_888888.jpg,0.423828125
2,3,exp_a1/4_sq\fg_0000ff_bg_888888.jpg,0.4228515625
3,17,exp_a1/4_sq\fg_ff0000_bg_888888.jpg,0.421142578125
4,23,exp_a1/4_sq\fg_ffffff_bg_888888.jpg,0.4208984375
5,14,exp_a1/4_sq\fg_921e3e_bg_888888.jpg,0.419677734375
6,6,exp_a1/4_sq\fg_00ff00_bg_888888.jpg,0.41796875
7,20,exp_a1/4_sq\fg_ffff00_bg_888888.jpg,0.417724609375
8,10,exp_a1/4_sq\fg_00ffff_bg_ffffff.jpg,0.279052734375
9,15,exp_a1/4_sq\fg_921e3e_bg_ffffff.jpg,0.27880859375
10,1,exp_a1/4_sq\fg_000000_bg_ffffff.jpg,0.278564453125
11,18,exp_a1/4_sq\fg_ff0000_bg_ffffff.jpg,0.278564453125
12,12,exp_a1/4_sq\fg_888888_bg_ffffff.jpg,0.278564453125
13,4,exp_a1/4_sq\fg_0000ff_bg_ffffff.jpg,0.278564453125
14,7,exp_a1/4_sq\fg_00ff00_bg_ffffff.jpg,0.278564453125
15,21,exp_a1/4_sq\fg_ffff00_bg_ffffff.jpg,0.2783203125
16,22,exp_a1/4_sq\fg_ffffff_bg_000000.jpg,0.170654296875
17,5,exp_a1/4_sq\fg_00ff00_bg_000000.jpg,0.1705322265625
18,13,exp_a1/4_sq\fg_921e3e_bg_000000.jpg,0.1702880859375
19,16,exp_a1/4_sq\fg_ff0000_bg_000000.jpg,0.170166015625
20,2,exp_a1/4_sq\fg_0000ff_bg_000000.jpg,0.170166015625
21,8,exp_a1/4_sq\fg_00ffff_bg_000000.jpg,0.170166015625
22,19,exp_a1/4_sq\fg_ffff00_bg_000000.jpg,0.170166015625
23,11,exp_a1/4_sq\fg_888888_bg_000000.jpg,0.1700439453125
0,6,exp_a1/56_sq\fg_00ff00_bg_888888.jpg,0.412353515625
1,14,exp_a1/56_sq\fg_921e3e_bg_888888.jpg,0.410400390625
2,3,exp_a1/56_sq\fg_0000ff_bg_888888.jpg,0.39453125
3,0,exp_a1/56_sq\fg_000000_bg_888888.jpg,0.39111328125
4,9,exp_a1/56_sq\fg_00ffff_bg_888888.jpg,0.390869140625
5,20,exp_a1/56_sq\fg_ffff00_bg_888888.jpg,0.361083984375
6,17,exp_a1/56_sq\fg_ff0000_bg_888888.jpg,0.30859375
7,21,exp_a1/56_sq\fg_ffff00_bg_ffffff.jpg,0.307373046875
8,1,exp_a1/56_sq\fg_000000_bg_ffffff.jpg,0.306640625
9,10,exp_a1/56_sq\fg_00ffff_bg_ffffff.jpg,0.296875
10,4,exp_a1/56_sq\fg_0000ff_bg_ffffff.jpg,0.296142578125
11,7,exp_a1/56_sq\fg_00ff00_bg_ffffff.jpg,0.294677734375
12,12,exp_a1/56_sq\fg_888888_bg_ffffff.jpg,0.28564453125
13,15,exp_a1/56_sq\fg_921e3e_bg_ffffff.jpg,0.27783203125
14,18,exp_a1/56_sq\fg_ff0000_bg_ffffff.jpg,0.271484375
15,23,exp_a1/56_sq\fg_ffffff_bg_888888.jpg,0.263916015625
16,13,exp_a1/56_sq\fg_921e3e_bg_000000.jpg,0.2425537109375
17,11,exp_a1/56_sq\fg_888888_bg_000000.jpg,0.2391357421875
18,22,exp_a1/56_sq\fg_ffffff_bg_000000.jpg,0.2017822265625
19,16,exp_a1/56_sq\fg_ff0000_bg_000000.jpg,0.199951171875
20,19,exp_a1/56_sq\fg_ffff00_bg_000000.jpg,0.194091796875
21,8,exp_a1/56_sq\fg_00ffff_bg_000000.jpg,0.190185546875
22,5,exp_a1/56_sq\fg_00ff00_bg_000000.jpg,0.184814453125
23,2,exp_a1/56_sq\fg_0000ff_bg_000000.jpg,0.182861328125
0,4,exp_a1/colors\bg_888888.jpg,0.41845703125
1,8,exp_a1/colors\bg_ffffff.png,0.27880859375
2,7,exp_a1/colors\bg_ffff00.jpg,0.274169921875
3,6,exp_a1/colors\bg_ff0000.jpg,0.255126953125
4,5,exp_a1/colors\bg_921e3e.jpg,0.2452392578125
5,2,exp_a1/colors\bg_00ff00.jpg,0.226806640625
6,1,exp_a1/colors\bg_0000ff.jpg,0.2222900390625
7,3,exp_a1/colors\bg_00ffff.jpg,0.2196044921875
8,0,exp_a1/colors\bg_000000.jpg,0.17041015625
