,Unnamed: 0,filepaths,similarity
0,14,exp_a1/112_sq\fg_921e3e_bg_888888.jpg,0.353759765625
1,6,exp_a1/112_sq\fg_00ff00_bg_888888.jpg,0.33740234375
2,9,exp_a1/112_sq\fg_00ffff_bg_888888.jpg,0.325439453125
3,3,exp_a1/112_sq\fg_0000ff_bg_888888.jpg,0.31396484375
4,21,exp_a1/112_sq\fg_ffff00_bg_ffffff.jpg,0.29736328125
5,1,exp_a1/112_sq\fg_000000_bg_ffffff.jpg,0.29345703125
6,7,exp_a1/112_sq\fg_00ff00_bg_ffffff.jpg,0.28466796875
7,4,exp_a1/112_sq\fg_0000ff_bg_ffffff.jpg,0.28271484375
8,10,exp_a1/112_sq\fg_00ffff_bg_ffffff.jpg,0.281005859375
9,15,exp_a1/112_sq\fg_921e3e_bg_ffffff.jpg,0.269775390625
10,18,exp_a1/112_sq\fg_ff0000_bg_ffffff.jpg,0.267822265625
11,0,exp_a1/112_sq\fg_000000_bg_888888.jpg,0.262451171875
12,11,exp_a1/112_sq\fg_888888_bg_000000.jpg,0.258544921875
13,5,exp_a1/112_sq\fg_00ff00_bg_000000.jpg,0.252197265625
14,12,exp_a1/112_sq\fg_888888_bg_ffffff.jpg,0.251220703125
15,20,exp_a1/112_sq\fg_ffff00_bg_888888.jpg,0.248779296875
16,13,exp_a1/112_sq\fg_921e3e_bg_000000.jpg,0.247802734375
17,8,exp_a1/112_sq\fg_00ffff_bg_000000.jpg,0.2342529296875
18,16,exp_a1/112_sq\fg_ff0000_bg_000000.jpg,0.2012939453125
19,2,exp_a1/112_sq\fg_0000ff_bg_000000.jpg,0.1943359375
20,22,exp_a1/112_sq\fg_ffffff_bg_000000.jpg,0.1923828125
21,19,exp_a1/112_sq\fg_ffff00_bg_000000.jpg,0.1727294921875
22,17,exp_a1/112_sq\fg_ff0000_bg_888888.jpg,0.1495361328125
23,23,exp_a1/112_sq\fg_ffffff_bg_888888.jpg,0.1480712890625
0,23,exp_a1/12_sq\fg_ffffff_bg_888888.jpg,0.362060546875
1,3,exp_a1/12_sq\fg_0000ff_bg_888888.jpg,0.35498046875
2,14,exp_a1/12_sq\fg_921e3e_bg_888888.jpg,0.354736328125
3,0,exp_a1/12_sq\fg_000000_bg_888888.jpg,0.353271484375
4,20,exp_a1/12_sq\fg_ffff00_bg_888888.jpg,0.328125
5,17,exp_a1/12_sq\fg_ff0000_bg_888888.jpg,0.32275390625
6,6,exp_a1/12_sq\fg_00ff00_bg_888888.jpg,0.318359375
7,9,exp_a1/12_sq\fg_00ffff_bg_888888.jpg,0.313720703125
8,12,exp_a1/12_sq\fg_888888_bg_ffffff.jpg,0.2724609375
9,15,exp_a1/12_sq\fg_921e3e_bg_ffffff.jpg,0.272216796875
10,18,exp_a1/12_sq\fg_ff0000_bg_ffffff.jpg,0.271240234375
11,21,exp_a1/12_sq\fg_ffff00_bg_ffffff.jpg,0.2705078125
12,4,exp_a1/12_sq\fg_0000ff_bg_ffffff.jpg,0.270263671875
13,1,exp_a1/12_sq\fg_000000_bg_ffffff.jpg,0.270263671875
14,10,exp_a1/12_sq\fg_00ffff_bg_ffffff.jpg,0.27001953125
15,7,exp_a1/12_sq\fg_00ff00_bg_ffffff.jpg,0.269287109375
16,11,exp_a1/12_sq\fg_888888_bg_000000.jpg,0.154541015625
17,22,exp_a1/12_sq\fg_ffffff_bg_000000.jpg,0.154052734375
18,16,exp_a1/12_sq\fg_ff0000_bg_000000.jpg,0.1534423828125
19,19,exp_a1/12_sq\fg_ffff00_bg_000000.jpg,0.153076171875
20,8,exp_a1/12_sq\fg_00ffff_bg_000000.jpg,0.153076171875
21,5,exp_a1/12_sq\fg_00ff00_bg_000000.jpg,0.1527099609375
22,13,exp_a1/12_sq\fg_921e3e_bg_000000.jpg,0.15185546875
23,2,exp_a1/12_sq\fg_0000ff_bg_000000.jpg,0.151611328125
0,10,exp_a1/148_sq\fg_00ffff_bg_ffffff.jpg,0.32958984375
1,21,exp_a1/148_sq\fg_ffff00_bg_ffffff.jpg,0.311767578125
2,1,exp_a1/148_sq\fg_000000_bg_ffffff.jpg,0.29296875
3,7,exp_a1/148_sq\fg_00ff00_bg_ffffff.jpg,0.28857421875
4,4,exp_a1/148_sq\fg_0000ff_bg_ffffff.jpg,0.28662109375
5,6,exp_a1/148_sq\fg_00ff00_bg_888888.jpg,0.27490234375
6,18,exp_a1/148_sq\fg_ff0000_bg_ffffff.jpg,0.2705078125
7,5,exp_a1/148_sq\fg_00ff00_bg_000000.jpg,0.264892578125
8,13,exp_a1/148_sq\fg_921e3e_bg_000000.jpg,0.254638671875
9,11,exp_a1/148_sq\fg_888888_bg_000000.jpg,0.23974609375
10,14,exp_a1/148_sq\fg_921e3e_bg_888888.jpg,0.226318359375
11,12,exp_a1/148_sq\fg_888888_bg_ffffff.jpg,0.2252197265625
12,3,exp_a1/148_sq\fg_0000ff_bg_888888.jpg,0.2220458984375
13,2,exp_a1/148_sq\fg_0000ff_bg_000000.jpg,0.2210693359375
14,0,exp_a1/148_sq\fg_000000_bg_888888.jpg,0.2152099609375
15,8,exp_a1/148_sq\fg_00ffff_bg_000000.jpg,0.21435546875
16,15,exp_a1/148_sq\fg_921e3e_bg_ffffff.jpg,0.208251953125
17,9,exp_a1/148_sq\fg_00ffff_bg_888888.jpg,0.1949462890625
18,20,exp_a1/148_sq\fg_ffff00_bg_888888.jpg,0.1917724609375
19,19,exp_a1/148_sq\fg_ffff00_bg_000000.jpg,0.18408203125
20,17,exp_a1/148_sq\fg_ff0000_bg_888888.jpg,0.1429443359375
21,23,exp_a1/148_sq\fg_ffffff_bg_888888.jpg,0.141845703125
22,22,exp_a1/148_sq\fg_ffffff_bg_000000.jpg,0.140869140625
23,16,exp_a1/148_sq\fg_ff0000_bg_000000.jpg,0.11541748046875
0,11,exp_a1/200_sq\fg_888888_bg_000000.jpg,0.27587890625
1,19,exp_a1/200_sq\fg_ffff00_bg_000000.jpg,0.27294921875
2,5,exp_a1/200_sq\fg_00ff00_bg_000000.jpg,0.272216796875
3,18,exp_a1/200_sq\fg_ff0000_bg_ffffff.jpg,0.27099609375
4,10,exp_a1/200_sq\fg_00ffff_bg_ffffff.jpg,0.264404296875
5,8,exp_a1/200_sq\fg_00ffff_bg_000000.jpg,0.252685546875
6,13,exp_a1/200_sq\fg_921e3e_bg_000000.jpg,0.25146484375
7,7,exp_a1/200_sq\fg_00ff00_bg_ffffff.jpg,0.2491455078125
8,0,exp_a1/200_sq\fg_000000_bg_888888.jpg,0.2269287109375
9,2,exp_a1/200_sq\fg_0000ff_bg_000000.jpg,0.2265625
10,3,exp_a1/200_sq\fg_0000ff_bg_888888.jpg,0.22412109375
11,14,exp_a1/200_sq\fg_921e3e_bg_888888.jpg,0.219970703125
12,21,exp_a1/200_sq\fg_ffff00_bg_ffffff.jpg,0.2198486328125
13,20,exp_a1/200_sq\fg_ffff00_bg_888888.jpg,0.18212890625
14,22,exp_a1/200_sq\fg_ffffff_bg_000000.jpg,0.1800537109375
15,16,exp_a1/200_sq\fg_ff0000_bg_000000.jpg,0.1773681640625
16,1,exp_a1/200_sq\fg_000000_bg_ffffff.jpg,0.16748046875
17,6,exp_a1/200_sq\fg_00ff00_bg_888888.jpg,0.162109375
18,4,exp_a1/200_sq\fg_0000ff_bg_ffffff.jpg,0.14453125
19,17,exp_a1/200_sq\fg_ff0000_bg_888888.jpg,0.1424560546875
20,23,exp_a1/200_sq\fg_ffffff_bg_888888.jpg,0.1414794921875
21,9,exp_a1/200_sq\fg_00ffff_bg_888888.jpg,0.1312255859375
22,15,exp_a1/200_sq\fg_921e3e_bg_ffffff.jpg,0.1240234375
23,12,exp_a1/200_sq\fg_888888_bg_ffffff.jpg,0.0482177734375
0,9,exp_a1/4_sq\fg_00ffff_bg_888888.jpg,0.396240234375
1,0,exp_a1/4_sq\fg_000000_bg_888888.jpg,0.392822265625
2,3,exp_a1/4_sq\fg_0000ff_bg_888888.jpg,0.391357421875
3,23,exp_a1/4_sq\fg_ffffff_bg_888888.jpg,0.38916015625
4,14,exp_a1/4_sq\fg_921e3e_bg_888888.jpg,0.388916015625
5,17,exp_a1/4_sq\fg_ff0000_bg_888888.jpg,0.38720703125
6,20,exp_a1/4_sq\fg_ffff00_bg_888888.jpg,0.38623046875
7,6,exp_a1/4_sq\fg_00ff00_bg_888888.jpg,0.3740234375
8,10,exp_a1/4_sq\fg_00ffff_bg_ffffff.jpg,0.273193359375
9,15,exp_a1/4_sq\fg_921e3e_bg_ffffff.jpg,0.272705078125
10,18,exp_a1/4_sq\fg_ff0000_bg_ffffff.jpg,0.272705078125
11,4,exp_a1/4_sq\fg_0000ff_bg_ffffff.jpg,0.272705078125
12,7,exp_a1/4_sq\fg_00ff00_bg_ffffff.jpg,0.272705078125
13,12,exp_a1/4_sq\fg_888888_bg_ffffff.jpg,0.272705078125
14,1,exp_a1/4_sq\fg_000000_bg_ffffff.jpg,0.2724609375
15,21,exp_a1/4_sq\fg_ffff00_bg_ffffff.jpg,0.2724609375
16,22,exp_a1/4_sq\fg_ffffff_bg_000000.jpg,0.15234375
17,5,exp_a1/4_sq\fg_00ff00_bg_000000.jpg,0.152099609375
18,13,exp_a1/4_sq\fg_921e3e_bg_000000.jpg,0.1519775390625
19,16,exp_a1/4_sq\fg_ff0000_bg_000000.jpg,0.1519775390625
20,2,exp_a1/4_sq\fg_0000ff_bg_000000.jpg,0.1519775390625
21,19,exp_a1/4_sq\fg_ffff00_bg_000000.jpg,0.1519775390625
22,8,exp_a1/4_sq\fg_00ffff_bg_000000.jpg,0.15185546875
23,11,exp_a1/4_sq\fg_888888_bg_000000.jpg,0.1517333984375
0,9,exp_a1/56_sq\fg_00ffff_bg_888888.jpg,0.389404296875
1,14,exp_a1/56_sq\fg_921e3e_bg_888888.jpg,0.386962890625
2,0,exp_a1/56_sq\fg_000000_bg_888888.jpg,0.385009765625
3,6,exp_a1/56_sq\fg_00ff00_bg_888888.jpg,0.380859375
4,3,exp_a1/56_sq\fg_0000ff_bg_888888.jpg,0.376708984375
5,20,exp_a1/56_sq\fg_ffff00_bg_888888.jpg,0.372802734375
6,17,exp_a1/56_sq\fg_ff0000_bg_888888.jpg,0.322265625
7,23,exp_a1/56_sq\fg_ffffff_bg_888888.jpg,0.292724609375
8,21,exp_a1/56_sq\fg_ffff00_bg_ffffff.jpg,0.26953125
9,18,exp_a1/56_sq\fg_ff0000_bg_ffffff.jpg,0.25927734375
10,1,exp_a1/56_sq\fg_000000_bg_ffffff.jpg,0.25732421875
11,10,exp_a1/56_sq\fg_00ffff_bg_ffffff.jpg,0.253662109375
12,4,exp_a1/56_sq\fg_0000ff_bg_ffffff.jpg,0.24658203125
13,7,exp_a1/56_sq\fg_00ff00_bg_ffffff.jpg,0.2373046875
14,12,exp_a1/56_sq\fg_888888_bg_ffffff.jpg,0.235595703125
15,11,exp_a1/56_sq\fg_888888_bg_000000.jpg,0.2181396484375
16,15,exp_a1/56_sq\fg_921e3e_bg_ffffff.jpg,0.2154541015625
17,13,exp_a1/56_sq\fg_921e3e_bg_000000.jpg,0.2147216796875
18,2,exp_a1/56_sq\fg_0000ff_bg_000000.jpg,0.16259765625
19,19,exp_a1/56_sq\fg_ffff00_bg_000000.jpg,0.1622314453125
20,8,exp_a1/56_sq\fg_00ffff_bg_000000.jpg,0.1595458984375
21,5,exp_a1/56_sq\fg_00ff00_bg_000000.jpg,0.1591796875
22,22,exp_a1/56_sq\fg_ffffff_bg_000000.jpg,0.1578369140625
23,16,exp_a1/56_sq\fg_ff0000_bg_000000.jpg,0.14697265625
0,4,exp_a1/colors\bg_888888.jpg,0.4052734375
1,8,exp_a1/colors\bg_ffffff.png,0.273193359375
2,7,exp_a1/colors\bg_ffff00.jpg,0.271240234375
3,6,exp_a1/colors\bg_ff0000.jpg,0.227783203125
4,1,exp_a1/colors\bg_0000ff.jpg,0.2215576171875
5,3,exp_a1/colors\bg_00ffff.jpg,0.21826171875
6,5,exp_a1/colors\bg_921e3e.jpg,0.21044921875
7,2,exp_a1/colors\bg_00ff00.jpg,0.2099609375
8,0,exp_a1/colors\bg_000000.jpg,0.15185546875
