,Unnamed: 0,filepaths,similarity
0,6,exp_a1/112_sq\fg_00ff00_bg_888888.jpg,0.339111328125
1,10,exp_a1/112_sq\fg_00ffff_bg_ffffff.jpg,0.31982421875
2,21,exp_a1/112_sq\fg_ffff00_bg_ffffff.jpg,0.3115234375
3,14,exp_a1/112_sq\fg_921e3e_bg_888888.jpg,0.3017578125
4,1,exp_a1/112_sq\fg_000000_bg_ffffff.jpg,0.293701171875
5,9,exp_a1/112_sq\fg_00ffff_bg_888888.jpg,0.28515625
6,12,exp_a1/112_sq\fg_888888_bg_ffffff.jpg,0.28369140625
7,7,exp_a1/112_sq\fg_00ff00_bg_ffffff.jpg,0.282470703125
8,18,exp_a1/112_sq\fg_ff0000_bg_ffffff.jpg,0.279052734375
9,4,exp_a1/112_sq\fg_0000ff_bg_ffffff.jpg,0.2666015625
10,3,exp_a1/112_sq\fg_0000ff_bg_888888.jpg,0.25048828125
11,11,exp_a1/112_sq\fg_888888_bg_000000.jpg,0.2493896484375
12,5,exp_a1/112_sq\fg_00ff00_bg_000000.jpg,0.2464599609375
13,15,exp_a1/112_sq\fg_921e3e_bg_ffffff.jpg,0.2451171875
14,13,exp_a1/112_sq\fg_921e3e_bg_000000.jpg,0.2369384765625
15,8,exp_a1/112_sq\fg_00ffff_bg_000000.jpg,0.22265625
16,22,exp_a1/112_sq\fg_ffffff_bg_000000.jpg,0.212158203125
17,16,exp_a1/112_sq\fg_ff0000_bg_000000.jpg,0.2119140625
18,2,exp_a1/112_sq\fg_0000ff_bg_000000.jpg,0.1988525390625
19,19,exp_a1/112_sq\fg_ffff00_bg_000000.jpg,0.1942138671875
20,0,exp_a1/112_sq\fg_000000_bg_888888.jpg,0.1783447265625
21,23,exp_a1/112_sq\fg_ffffff_bg_888888.jpg,0.1759033203125
22,17,exp_a1/112_sq\fg_ff0000_bg_888888.jpg,0.172119140625
23,20,exp_a1/112_sq\fg_ffff00_bg_888888.jpg,0.1676025390625
0,23,exp_a1/12_sq\fg_ffffff_bg_888888.jpg,0.3828125
1,3,exp_a1/12_sq\fg_0000ff_bg_888888.jpg,0.381591796875
2,14,exp_a1/12_sq\fg_921e3e_bg_888888.jpg,0.37353515625
3,0,exp_a1/12_sq\fg_000000_bg_888888.jpg,0.372802734375
4,17,exp_a1/12_sq\fg_ff0000_bg_888888.jpg,0.36572265625
5,20,exp_a1/12_sq\fg_ffff00_bg_888888.jpg,0.364990234375
6,9,exp_a1/12_sq\fg_00ffff_bg_888888.jpg,0.363525390625
7,6,exp_a1/12_sq\fg_00ff00_bg_888888.jpg,0.361328125
8,12,exp_a1/12_sq\fg_888888_bg_ffffff.jpg,0.29345703125
9,15,exp_a1/12_sq\fg_921e3e_bg_ffffff.jpg,0.29248046875
10,4,exp_a1/12_sq\fg_0000ff_bg_ffffff.jpg,0.290771484375
11,1,exp_a1/12_sq\fg_000000_bg_ffffff.jpg,0.2890625
12,18,exp_a1/12_sq\fg_ff0000_bg_ffffff.jpg,0.288330078125
13,7,exp_a1/12_sq\fg_00ff00_bg_ffffff.jpg,0.288330078125
14,10,exp_a1/12_sq\fg_00ffff_bg_ffffff.jpg,0.2880859375
15,21,exp_a1/12_sq\fg_ffff00_bg_ffffff.jpg,0.287841796875
16,22,exp_a1/12_sq\fg_ffffff_bg_000000.jpg,0.1600341796875
17,16,exp_a1/12_sq\fg_ff0000_bg_000000.jpg,0.1595458984375
18,11,exp_a1/12_sq\fg_888888_bg_000000.jpg,0.1588134765625
19,8,exp_a1/12_sq\fg_00ffff_bg_000000.jpg,0.1580810546875
20,19,exp_a1/12_sq\fg_ffff00_bg_000000.jpg,0.1575927734375
21,5,exp_a1/12_sq\fg_00ff00_bg_000000.jpg,0.1573486328125
22,13,exp_a1/12_sq\fg_921e3e_bg_000000.jpg,0.15673828125
23,2,exp_a1/12_sq\fg_0000ff_bg_000000.jpg,0.1563720703125
0,10,exp_a1/148_sq\fg_00ffff_bg_ffffff.jpg,0.330322265625
1,21,exp_a1/148_sq\fg_ffff00_bg_ffffff.jpg,0.321044921875
2,7,exp_a1/148_sq\fg_00ff00_bg_ffffff.jpg,0.300048828125
3,1,exp_a1/148_sq\fg_000000_bg_ffffff.jpg,0.28564453125
4,6,exp_a1/148_sq\fg_00ff00_bg_888888.jpg,0.280029296875
5,18,exp_a1/148_sq\fg_ff0000_bg_ffffff.jpg,0.27587890625
6,4,exp_a1/148_sq\fg_0000ff_bg_ffffff.jpg,0.261474609375
7,5,exp_a1/148_sq\fg_00ff00_bg_000000.jpg,0.258056640625
8,12,exp_a1/148_sq\fg_888888_bg_ffffff.jpg,0.25439453125
9,13,exp_a1/148_sq\fg_921e3e_bg_000000.jpg,0.239501953125
10,2,exp_a1/148_sq\fg_0000ff_bg_000000.jpg,0.220703125
11,11,exp_a1/148_sq\fg_888888_bg_000000.jpg,0.21142578125
12,8,exp_a1/148_sq\fg_00ffff_bg_000000.jpg,0.20458984375
13,19,exp_a1/148_sq\fg_ffff00_bg_000000.jpg,0.20068359375
14,15,exp_a1/148_sq\fg_921e3e_bg_ffffff.jpg,0.18603515625
15,9,exp_a1/148_sq\fg_00ffff_bg_888888.jpg,0.1600341796875
16,14,exp_a1/148_sq\fg_921e3e_bg_888888.jpg,0.153564453125
17,22,exp_a1/148_sq\fg_ffffff_bg_000000.jpg,0.153076171875
18,3,exp_a1/148_sq\fg_0000ff_bg_888888.jpg,0.1475830078125
19,20,exp_a1/148_sq\fg_ffff00_bg_888888.jpg,0.140625
20,17,exp_a1/148_sq\fg_ff0000_bg_888888.jpg,0.1361083984375
21,16,exp_a1/148_sq\fg_ff0000_bg_000000.jpg,0.1309814453125
22,23,exp_a1/148_sq\fg_ffffff_bg_888888.jpg,0.130859375
23,0,exp_a1/148_sq\fg_000000_bg_888888.jpg,0.12646484375
0,5,exp_a1/200_sq\fg_00ff00_bg_000000.jpg,0.290283203125
1,18,exp_a1/200_sq\fg_ff0000_bg_ffffff.jpg,0.28515625
2,19,exp_a1/200_sq\fg_ffff00_bg_000000.jpg,0.2802734375
3,10,exp_a1/200_sq\fg_00ffff_bg_ffffff.jpg,0.26953125
4,8,exp_a1/200_sq\fg_00ffff_bg_000000.jpg,0.267822265625
5,11,exp_a1/200_sq\fg_888888_bg_000000.jpg,0.265869140625
6,21,exp_a1/200_sq\fg_ffff00_bg_ffffff.jpg,0.249755859375
7,13,exp_a1/200_sq\fg_921e3e_bg_000000.jpg,0.236328125
8,22,exp_a1/200_sq\fg_ffffff_bg_000000.jpg,0.2325439453125
9,7,exp_a1/200_sq\fg_00ff00_bg_ffffff.jpg,0.2218017578125
10,16,exp_a1/200_sq\fg_ff0000_bg_000000.jpg,0.219482421875
11,2,exp_a1/200_sq\fg_0000ff_bg_000000.jpg,0.213623046875
12,0,exp_a1/200_sq\fg_000000_bg_888888.jpg,0.192626953125
13,20,exp_a1/200_sq\fg_ffff00_bg_888888.jpg,0.178955078125
14,6,exp_a1/200_sq\fg_00ff00_bg_888888.jpg,0.1748046875
15,1,exp_a1/200_sq\fg_000000_bg_ffffff.jpg,0.1671142578125
16,17,exp_a1/200_sq\fg_ff0000_bg_888888.jpg,0.1641845703125
17,23,exp_a1/200_sq\fg_ffffff_bg_888888.jpg,0.161376953125
18,14,exp_a1/200_sq\fg_921e3e_bg_888888.jpg,0.15771484375
19,3,exp_a1/200_sq\fg_0000ff_bg_888888.jpg,0.1575927734375
20,4,exp_a1/200_sq\fg_0000ff_bg_ffffff.jpg,0.1470947265625
21,15,exp_a1/200_sq\fg_921e3e_bg_ffffff.jpg,0.11663818359375
22,9,exp_a1/200_sq\fg_00ffff_bg_888888.jpg,0.1016845703125
23,12,exp_a1/200_sq\fg_888888_bg_ffffff.jpg,0.037811279296875
0,9,exp_a1/4_sq\fg_00ffff_bg_888888.jpg,0.418212890625
1,3,exp_a1/4_sq\fg_0000ff_bg_888888.jpg,0.414794921875
2,23,exp_a1/4_sq\fg_ffffff_bg_888888.jpg,0.411865234375
3,0,exp_a1/4_sq\fg_000000_bg_888888.jpg,0.404541015625
4,17,exp_a1/4_sq\fg_ff0000_bg_888888.jpg,0.399169921875
5,6,exp_a1/4_sq\fg_00ff00_bg_888888.jpg,0.39208984375
6,14,exp_a1/4_sq\fg_921e3e_bg_888888.jpg,0.391845703125
7,20,exp_a1/4_sq\fg_ffff00_bg_888888.jpg,0.390625
8,10,exp_a1/4_sq\fg_00ffff_bg_ffffff.jpg,0.28759765625
9,1,exp_a1/4_sq\fg_000000_bg_ffffff.jpg,0.287353515625
10,18,exp_a1/4_sq\fg_ff0000_bg_ffffff.jpg,0.287353515625
11,15,exp_a1/4_sq\fg_921e3e_bg_ffffff.jpg,0.287353515625
12,4,exp_a1/4_sq\fg_0000ff_bg_ffffff.jpg,0.287353515625
13,7,exp_a1/4_sq\fg_00ff00_bg_ffffff.jpg,0.287109375
14,12,exp_a1/4_sq\fg_888888_bg_ffffff.jpg,0.287109375
15,21,exp_a1/4_sq\fg_ffff00_bg_ffffff.jpg,0.286865234375
16,22,exp_a1/4_sq\fg_ffffff_bg_000000.jpg,0.1566162109375
17,5,exp_a1/4_sq\fg_00ff00_bg_000000.jpg,0.1563720703125
18,2,exp_a1/4_sq\fg_0000ff_bg_000000.jpg,0.1563720703125
19,13,exp_a1/4_sq\fg_921e3e_bg_000000.jpg,0.15625
20,16,exp_a1/4_sq\fg_ff0000_bg_000000.jpg,0.15625
21,8,exp_a1/4_sq\fg_00ffff_bg_000000.jpg,0.15625
22,19,exp_a1/4_sq\fg_ffff00_bg_000000.jpg,0.15625
23,11,exp_a1/4_sq\fg_888888_bg_000000.jpg,0.1561279296875
0,6,exp_a1/56_sq\fg_00ff00_bg_888888.jpg,0.3857421875
1,14,exp_a1/56_sq\fg_921e3e_bg_888888.jpg,0.3837890625
2,3,exp_a1/56_sq\fg_0000ff_bg_888888.jpg,0.362060546875
3,9,exp_a1/56_sq\fg_00ffff_bg_888888.jpg,0.36083984375
4,0,exp_a1/56_sq\fg_000000_bg_888888.jpg,0.360595703125
5,20,exp_a1/56_sq\fg_ffff00_bg_888888.jpg,0.330322265625
6,1,exp_a1/56_sq\fg_000000_bg_ffffff.jpg,0.330078125
7,21,exp_a1/56_sq\fg_ffff00_bg_ffffff.jpg,0.327880859375
8,4,exp_a1/56_sq\fg_0000ff_bg_ffffff.jpg,0.32080078125
9,10,exp_a1/56_sq\fg_00ffff_bg_ffffff.jpg,0.310302734375
10,12,exp_a1/56_sq\fg_888888_bg_ffffff.jpg,0.31005859375
11,7,exp_a1/56_sq\fg_00ff00_bg_ffffff.jpg,0.305419921875
12,15,exp_a1/56_sq\fg_921e3e_bg_ffffff.jpg,0.300048828125
13,18,exp_a1/56_sq\fg_ff0000_bg_ffffff.jpg,0.27978515625
14,17,exp_a1/56_sq\fg_ff0000_bg_888888.jpg,0.271728515625
15,11,exp_a1/56_sq\fg_888888_bg_000000.jpg,0.23095703125
16,23,exp_a1/56_sq\fg_ffffff_bg_888888.jpg,0.225341796875
17,13,exp_a1/56_sq\fg_921e3e_bg_000000.jpg,0.220703125
18,22,exp_a1/56_sq\fg_ffffff_bg_000000.jpg,0.18798828125
19,16,exp_a1/56_sq\fg_ff0000_bg_000000.jpg,0.187255859375
20,19,exp_a1/56_sq\fg_ffff00_bg_000000.jpg,0.18017578125
21,8,exp_a1/56_sq\fg_00ffff_bg_000000.jpg,0.1773681640625
22,5,exp_a1/56_sq\fg_00ff00_bg_000000.jpg,0.1708984375
23,2,exp_a1/56_sq\fg_0000ff_bg_000000.jpg,0.1685791015625
0,4,exp_a1/colors\bg_888888.jpg,0.424560546875
1,8,exp_a1/colors\bg_ffffff.png,0.287109375
2,7,exp_a1/colors\bg_ffff00.jpg,0.283447265625
3,6,exp_a1/colors\bg_ff0000.jpg,0.243408203125
4,5,exp_a1/colors\bg_921e3e.jpg,0.22265625
5,2,exp_a1/colors\bg_00ff00.jpg,0.220458984375
6,3,exp_a1/colors\bg_00ffff.jpg,0.21875
7,1,exp_a1/colors\bg_0000ff.jpg,0.2083740234375
8,0,exp_a1/colors\bg_000000.jpg,0.15625
