,Unnamed: 0,filepaths,similarity
0,6,exp_a1/112_sq\fg_00ff00_bg_888888.jpg,0.353515625
1,10,exp_a1/112_sq\fg_00ffff_bg_ffffff.jpg,0.329833984375
2,21,exp_a1/112_sq\fg_ffff00_bg_ffffff.jpg,0.32080078125
3,14,exp_a1/112_sq\fg_921e3e_bg_888888.jpg,0.3203125
4,9,exp_a1/112_sq\fg_00ffff_bg_888888.jpg,0.310546875
5,1,exp_a1/112_sq\fg_000000_bg_ffffff.jpg,0.303955078125
6,12,exp_a1/112_sq\fg_888888_bg_ffffff.jpg,0.2939453125
7,7,exp_a1/112_sq\fg_00ff00_bg_ffffff.jpg,0.293701171875
8,18,exp_a1/112_sq\fg_ff0000_bg_ffffff.jpg,0.292724609375
9,4,exp_a1/112_sq\fg_0000ff_bg_ffffff.jpg,0.2841796875
10,5,exp_a1/112_sq\fg_00ff00_bg_000000.jpg,0.277099609375
11,3,exp_a1/112_sq\fg_0000ff_bg_888888.jpg,0.268310546875
12,11,exp_a1/112_sq\fg_888888_bg_000000.jpg,0.26708984375
13,15,exp_a1/112_sq\fg_921e3e_bg_ffffff.jpg,0.264892578125
14,13,exp_a1/112_sq\fg_921e3e_bg_000000.jpg,0.260986328125
15,8,exp_a1/112_sq\fg_00ffff_bg_000000.jpg,0.248779296875
16,16,exp_a1/112_sq\fg_ff0000_bg_000000.jpg,0.22998046875
17,22,exp_a1/112_sq\fg_ffffff_bg_000000.jpg,0.22900390625
18,2,exp_a1/112_sq\fg_0000ff_bg_000000.jpg,0.2269287109375
19,19,exp_a1/112_sq\fg_ffff00_bg_000000.jpg,0.2259521484375
20,23,exp_a1/112_sq\fg_ffffff_bg_888888.jpg,0.208740234375
21,17,exp_a1/112_sq\fg_ff0000_bg_888888.jpg,0.2047119140625
22,0,exp_a1/112_sq\fg_000000_bg_888888.jpg,0.1964111328125
23,20,exp_a1/112_sq\fg_ffff00_bg_888888.jpg,0.1920166015625
0,23,exp_a1/12_sq\fg_ffffff_bg_888888.jpg,0.39501953125
1,14,exp_a1/12_sq\fg_921e3e_bg_888888.jpg,0.3916015625
2,3,exp_a1/12_sq\fg_0000ff_bg_888888.jpg,0.389404296875
3,0,exp_a1/12_sq\fg_000000_bg_888888.jpg,0.38720703125
4,6,exp_a1/12_sq\fg_00ff00_bg_888888.jpg,0.379638671875
5,17,exp_a1/12_sq\fg_ff0000_bg_888888.jpg,0.37939453125
6,20,exp_a1/12_sq\fg_ffff00_bg_888888.jpg,0.37841796875
7,9,exp_a1/12_sq\fg_00ffff_bg_888888.jpg,0.378173828125
8,12,exp_a1/12_sq\fg_888888_bg_ffffff.jpg,0.306884765625
9,15,exp_a1/12_sq\fg_921e3e_bg_ffffff.jpg,0.3056640625
10,4,exp_a1/12_sq\fg_0000ff_bg_ffffff.jpg,0.303466796875
11,1,exp_a1/12_sq\fg_000000_bg_ffffff.jpg,0.3017578125
12,18,exp_a1/12_sq\fg_ff0000_bg_ffffff.jpg,0.30078125
13,7,exp_a1/12_sq\fg_00ff00_bg_ffffff.jpg,0.30078125
14,10,exp_a1/12_sq\fg_00ffff_bg_ffffff.jpg,0.300537109375
15,21,exp_a1/12_sq\fg_ffff00_bg_ffffff.jpg,0.300537109375
16,22,exp_a1/12_sq\fg_ffffff_bg_000000.jpg,0.188232421875
17,16,exp_a1/12_sq\fg_ff0000_bg_000000.jpg,0.187744140625
18,11,exp_a1/12_sq\fg_888888_bg_000000.jpg,0.186767578125
19,8,exp_a1/12_sq\fg_00ffff_bg_000000.jpg,0.1859130859375
20,19,exp_a1/12_sq\fg_ffff00_bg_000000.jpg,0.1856689453125
21,5,exp_a1/12_sq\fg_00ff00_bg_000000.jpg,0.185302734375
22,13,exp_a1/12_sq\fg_921e3e_bg_000000.jpg,0.1844482421875
23,2,exp_a1/12_sq\fg_0000ff_bg_000000.jpg,0.183837890625
0,21,exp_a1/148_sq\fg_ffff00_bg_ffffff.jpg,0.338134765625
1,10,exp_a1/148_sq\fg_00ffff_bg_ffffff.jpg,0.3359375
2,1,exp_a1/148_sq\fg_000000_bg_ffffff.jpg,0.304931640625
3,7,exp_a1/148_sq\fg_00ff00_bg_ffffff.jpg,0.2978515625
4,6,exp_a1/148_sq\fg_00ff00_bg_888888.jpg,0.294921875
5,18,exp_a1/148_sq\fg_ff0000_bg_ffffff.jpg,0.289794921875
6,5,exp_a1/148_sq\fg_00ff00_bg_000000.jpg,0.287109375
7,4,exp_a1/148_sq\fg_0000ff_bg_ffffff.jpg,0.285888671875
8,12,exp_a1/148_sq\fg_888888_bg_ffffff.jpg,0.268798828125
9,13,exp_a1/148_sq\fg_921e3e_bg_000000.jpg,0.2587890625
10,2,exp_a1/148_sq\fg_0000ff_bg_000000.jpg,0.2509765625
11,11,exp_a1/148_sq\fg_888888_bg_000000.jpg,0.234375
12,8,exp_a1/148_sq\fg_00ffff_bg_000000.jpg,0.2310791015625
13,19,exp_a1/148_sq\fg_ffff00_bg_000000.jpg,0.227783203125
14,15,exp_a1/148_sq\fg_921e3e_bg_ffffff.jpg,0.212890625
15,9,exp_a1/148_sq\fg_00ffff_bg_888888.jpg,0.1854248046875
16,14,exp_a1/148_sq\fg_921e3e_bg_888888.jpg,0.17578125
17,20,exp_a1/148_sq\fg_ffff00_bg_888888.jpg,0.170654296875
18,22,exp_a1/148_sq\fg_ffffff_bg_000000.jpg,0.1695556640625
19,17,exp_a1/148_sq\fg_ff0000_bg_888888.jpg,0.1680908203125
20,3,exp_a1/148_sq\fg_0000ff_bg_888888.jpg,0.1661376953125
21,23,exp_a1/148_sq\fg_ffffff_bg_888888.jpg,0.162353515625
22,16,exp_a1/148_sq\fg_ff0000_bg_000000.jpg,0.1494140625
23,0,exp_a1/148_sq\fg_000000_bg_888888.jpg,0.141357421875
0,5,exp_a1/200_sq\fg_00ff00_bg_000000.jpg,0.31982421875
1,19,exp_a1/200_sq\fg_ffff00_bg_000000.jpg,0.31201171875
2,18,exp_a1/200_sq\fg_ff0000_bg_ffffff.jpg,0.296875
3,8,exp_a1/200_sq\fg_00ffff_bg_000000.jpg,0.291015625
4,10,exp_a1/200_sq\fg_00ffff_bg_ffffff.jpg,0.27978515625
5,11,exp_a1/200_sq\fg_888888_bg_000000.jpg,0.278564453125
6,21,exp_a1/200_sq\fg_ffff00_bg_ffffff.jpg,0.2607421875
7,13,exp_a1/200_sq\fg_921e3e_bg_000000.jpg,0.256103515625
8,22,exp_a1/200_sq\fg_ffffff_bg_000000.jpg,0.2469482421875
9,2,exp_a1/200_sq\fg_0000ff_bg_000000.jpg,0.240478515625
10,16,exp_a1/200_sq\fg_ff0000_bg_000000.jpg,0.2362060546875
11,7,exp_a1/200_sq\fg_00ff00_bg_ffffff.jpg,0.2347412109375
12,0,exp_a1/200_sq\fg_000000_bg_888888.jpg,0.2158203125
13,20,exp_a1/200_sq\fg_ffff00_bg_888888.jpg,0.2093505859375
14,6,exp_a1/200_sq\fg_00ff00_bg_888888.jpg,0.2076416015625
15,3,exp_a1/200_sq\fg_0000ff_bg_888888.jpg,0.1839599609375
16,17,exp_a1/200_sq\fg_ff0000_bg_888888.jpg,0.1822509765625
17,1,exp_a1/200_sq\fg_000000_bg_ffffff.jpg,0.181884765625
18,14,exp_a1/200_sq\fg_921e3e_bg_888888.jpg,0.1817626953125
19,23,exp_a1/200_sq\fg_ffffff_bg_888888.jpg,0.1776123046875
20,4,exp_a1/200_sq\fg_0000ff_bg_ffffff.jpg,0.160400390625
21,9,exp_a1/200_sq\fg_00ffff_bg_888888.jpg,0.1485595703125
22,15,exp_a1/200_sq\fg_921e3e_bg_ffffff.jpg,0.1312255859375
23,12,exp_a1/200_sq\fg_888888_bg_ffffff.jpg,0.043853759765625
0,0,exp_a1/4_sq\fg_000000_bg_888888.jpg,0.408935546875
1,9,exp_a1/4_sq\fg_00ffff_bg_888888.jpg,0.40771484375
2,3,exp_a1/4_sq\fg_0000ff_bg_888888.jpg,0.406005859375
3,14,exp_a1/4_sq\fg_921e3e_bg_888888.jpg,0.404541015625
4,17,exp_a1/4_sq\fg_ff0000_bg_888888.jpg,0.403564453125
5,20,exp_a1/4_sq\fg_ffff00_bg_888888.jpg,0.40185546875
6,23,exp_a1/4_sq\fg_ffffff_bg_888888.jpg,0.40185546875
7,6,exp_a1/4_sq\fg_00ff00_bg_888888.jpg,0.4013671875
8,10,exp_a1/4_sq\fg_00ffff_bg_ffffff.jpg,0.30078125
9,4,exp_a1/4_sq\fg_0000ff_bg_ffffff.jpg,0.300537109375
10,7,exp_a1/4_sq\fg_00ff00_bg_ffffff.jpg,0.30029296875
11,18,exp_a1/4_sq\fg_ff0000_bg_ffffff.jpg,0.30029296875
12,15,exp_a1/4_sq\fg_921e3e_bg_ffffff.jpg,0.30029296875
13,1,exp_a1/4_sq\fg_000000_bg_ffffff.jpg,0.30029296875
14,12,exp_a1/4_sq\fg_888888_bg_ffffff.jpg,0.30029296875
15,21,exp_a1/4_sq\fg_ffff00_bg_ffffff.jpg,0.300048828125
16,22,exp_a1/4_sq\fg_ffffff_bg_000000.jpg,0.184326171875
17,5,exp_a1/4_sq\fg_00ff00_bg_000000.jpg,0.1842041015625
18,13,exp_a1/4_sq\fg_921e3e_bg_000000.jpg,0.1839599609375
19,8,exp_a1/4_sq\fg_00ffff_bg_000000.jpg,0.183837890625
20,11,exp_a1/4_sq\fg_888888_bg_000000.jpg,0.183837890625
21,19,exp_a1/4_sq\fg_ffff00_bg_000000.jpg,0.183837890625
22,2,exp_a1/4_sq\fg_0000ff_bg_000000.jpg,0.183837890625
23,16,exp_a1/4_sq\fg_ff0000_bg_000000.jpg,0.1837158203125
0,6,exp_a1/56_sq\fg_00ff00_bg_888888.jpg,0.401611328125
1,14,exp_a1/56_sq\fg_921e3e_bg_888888.jpg,0.391845703125
2,9,exp_a1/56_sq\fg_00ffff_bg_888888.jpg,0.379638671875
3,3,exp_a1/56_sq\fg_0000ff_bg_888888.jpg,0.377197265625
4,0,exp_a1/56_sq\fg_000000_bg_888888.jpg,0.37353515625
5,20,exp_a1/56_sq\fg_ffff00_bg_888888.jpg,0.349365234375
6,21,exp_a1/56_sq\fg_ffff00_bg_ffffff.jpg,0.33251953125
7,1,exp_a1/56_sq\fg_000000_bg_ffffff.jpg,0.3310546875
8,4,exp_a1/56_sq\fg_0000ff_bg_ffffff.jpg,0.322509765625
9,10,exp_a1/56_sq\fg_00ffff_bg_ffffff.jpg,0.319580078125
10,7,exp_a1/56_sq\fg_00ff00_bg_ffffff.jpg,0.31494140625
11,12,exp_a1/56_sq\fg_888888_bg_ffffff.jpg,0.308837890625
12,15,exp_a1/56_sq\fg_921e3e_bg_ffffff.jpg,0.303955078125
13,18,exp_a1/56_sq\fg_ff0000_bg_ffffff.jpg,0.293212890625
14,17,exp_a1/56_sq\fg_ff0000_bg_888888.jpg,0.29296875
15,11,exp_a1/56_sq\fg_888888_bg_000000.jpg,0.252685546875
16,13,exp_a1/56_sq\fg_921e3e_bg_000000.jpg,0.2509765625
17,23,exp_a1/56_sq\fg_ffffff_bg_888888.jpg,0.248779296875
18,22,exp_a1/56_sq\fg_ffffff_bg_000000.jpg,0.2188720703125
19,16,exp_a1/56_sq\fg_ff0000_bg_000000.jpg,0.217041015625
20,19,exp_a1/56_sq\fg_ffff00_bg_000000.jpg,0.21142578125
21,8,exp_a1/56_sq\fg_00ffff_bg_000000.jpg,0.205810546875
22,5,exp_a1/56_sq\fg_00ff00_bg_000000.jpg,0.199951171875
23,2,exp_a1/56_sq\fg_0000ff_bg_000000.jpg,0.197021484375
0,4,exp_a1/colors\bg_888888.jpg,0.405517578125
1,8,exp_a1/colors\bg_ffffff.png,0.300537109375
2,7,exp_a1/colors\bg_ffff00.jpg,0.295654296875
3,6,exp_a1/colors\bg_ff0000.jpg,0.259033203125
4,2,exp_a1/colors\bg_00ff00.jpg,0.2432861328125
5,3,exp_a1/colors\bg_00ffff.jpg,0.2391357421875
6,5,exp_a1/colors\bg_921e3e.jpg,0.238037109375
7,1,exp_a1/colors\bg_0000ff.jpg,0.2266845703125
8,0,exp_a1/colors\bg_000000.jpg,0.1842041015625
