,Unnamed: 0,filepaths,similarity
0,20,exp_a1/112_sq\fg_ffff00_bg_888888.jpg,0.25732421875
1,21,exp_a1/112_sq\fg_ffff00_bg_ffffff.jpg,0.251708984375
2,18,exp_a1/112_sq\fg_ff0000_bg_ffffff.jpg,0.2423095703125
3,19,exp_a1/112_sq\fg_ffff00_bg_000000.jpg,0.2398681640625
4,15,exp_a1/112_sq\fg_921e3e_bg_ffffff.jpg,0.239501953125
5,13,exp_a1/112_sq\fg_921e3e_bg_000000.jpg,0.2374267578125
6,10,exp_a1/112_sq\fg_00ffff_bg_ffffff.jpg,0.2369384765625
7,1,exp_a1/112_sq\fg_000000_bg_ffffff.jpg,0.2359619140625
8,22,exp_a1/112_sq\fg_ffffff_bg_000000.jpg,0.2352294921875
9,17,exp_a1/112_sq\fg_ff0000_bg_888888.jpg,0.23193359375
10,14,exp_a1/112_sq\fg_921e3e_bg_888888.jpg,0.2305908203125
11,16,exp_a1/112_sq\fg_ff0000_bg_000000.jpg,0.2305908203125
12,4,exp_a1/112_sq\fg_0000ff_bg_ffffff.jpg,0.2303466796875
13,3,exp_a1/112_sq\fg_0000ff_bg_888888.jpg,0.2283935546875
14,23,exp_a1/112_sq\fg_ffffff_bg_888888.jpg,0.2274169921875
15,7,exp_a1/112_sq\fg_00ff00_bg_ffffff.jpg,0.227294921875
16,2,exp_a1/112_sq\fg_0000ff_bg_000000.jpg,0.22021484375
17,9,exp_a1/112_sq\fg_00ffff_bg_888888.jpg,0.2198486328125
18,0,exp_a1/112_sq\fg_000000_bg_888888.jpg,0.2188720703125
19,11,exp_a1/112_sq\fg_888888_bg_000000.jpg,0.217041015625
20,8,exp_a1/112_sq\fg_00ffff_bg_000000.jpg,0.217041015625
21,12,exp_a1/112_sq\fg_888888_bg_ffffff.jpg,0.21533203125
22,5,exp_a1/112_sq\fg_00ff00_bg_000000.jpg,0.2147216796875
23,6,exp_a1/112_sq\fg_00ff00_bg_888888.jpg,0.2060546875
0,19,exp_a1/12_sq\fg_ffff00_bg_000000.jpg,0.2386474609375
1,21,exp_a1/12_sq\fg_ffff00_bg_ffffff.jpg,0.2376708984375
2,12,exp_a1/12_sq\fg_888888_bg_ffffff.jpg,0.2373046875
3,18,exp_a1/12_sq\fg_ff0000_bg_ffffff.jpg,0.2357177734375
4,13,exp_a1/12_sq\fg_921e3e_bg_000000.jpg,0.2335205078125
5,15,exp_a1/12_sq\fg_921e3e_bg_ffffff.jpg,0.2335205078125
6,10,exp_a1/12_sq\fg_00ffff_bg_ffffff.jpg,0.2322998046875
7,14,exp_a1/12_sq\fg_921e3e_bg_888888.jpg,0.22998046875
8,1,exp_a1/12_sq\fg_000000_bg_ffffff.jpg,0.2286376953125
9,20,exp_a1/12_sq\fg_ffff00_bg_888888.jpg,0.2274169921875
10,22,exp_a1/12_sq\fg_ffffff_bg_000000.jpg,0.225830078125
11,11,exp_a1/12_sq\fg_888888_bg_000000.jpg,0.225830078125
12,7,exp_a1/12_sq\fg_00ff00_bg_ffffff.jpg,0.2239990234375
13,9,exp_a1/12_sq\fg_00ffff_bg_888888.jpg,0.223388671875
14,5,exp_a1/12_sq\fg_00ff00_bg_000000.jpg,0.2218017578125
15,8,exp_a1/12_sq\fg_00ffff_bg_000000.jpg,0.220458984375
16,16,exp_a1/12_sq\fg_ff0000_bg_000000.jpg,0.219482421875
17,17,exp_a1/12_sq\fg_ff0000_bg_888888.jpg,0.2193603515625
18,4,exp_a1/12_sq\fg_0000ff_bg_ffffff.jpg,0.2188720703125
19,0,exp_a1/12_sq\fg_000000_bg_888888.jpg,0.218017578125
20,2,exp_a1/12_sq\fg_0000ff_bg_000000.jpg,0.2174072265625
21,23,exp_a1/12_sq\fg_ffffff_bg_888888.jpg,0.2164306640625
22,3,exp_a1/12_sq\fg_0000ff_bg_888888.jpg,0.2127685546875
23,6,exp_a1/12_sq\fg_00ff00_bg_888888.jpg,0.2088623046875
0,19,exp_a1/148_sq\fg_ffff00_bg_000000.jpg,0.249755859375
1,21,exp_a1/148_sq\fg_ffff00_bg_ffffff.jpg,0.2479248046875
2,15,exp_a1/148_sq\fg_921e3e_bg_ffffff.jpg,0.2415771484375
3,13,exp_a1/148_sq\fg_921e3e_bg_000000.jpg,0.2408447265625
4,18,exp_a1/148_sq\fg_ff0000_bg_ffffff.jpg,0.2398681640625
5,22,exp_a1/148_sq\fg_ffffff_bg_000000.jpg,0.238037109375
6,16,exp_a1/148_sq\fg_ff0000_bg_000000.jpg,0.238037109375
7,20,exp_a1/148_sq\fg_ffff00_bg_888888.jpg,0.236328125
8,1,exp_a1/148_sq\fg_000000_bg_ffffff.jpg,0.2313232421875
9,7,exp_a1/148_sq\fg_00ff00_bg_ffffff.jpg,0.228515625
10,10,exp_a1/148_sq\fg_00ffff_bg_ffffff.jpg,0.22802734375
11,23,exp_a1/148_sq\fg_ffffff_bg_888888.jpg,0.2247314453125
12,4,exp_a1/148_sq\fg_0000ff_bg_ffffff.jpg,0.22265625
13,0,exp_a1/148_sq\fg_000000_bg_888888.jpg,0.2225341796875
14,11,exp_a1/148_sq\fg_888888_bg_000000.jpg,0.2215576171875
15,2,exp_a1/148_sq\fg_0000ff_bg_000000.jpg,0.2200927734375
16,14,exp_a1/148_sq\fg_921e3e_bg_888888.jpg,0.2188720703125
17,8,exp_a1/148_sq\fg_00ffff_bg_000000.jpg,0.218505859375
18,17,exp_a1/148_sq\fg_ff0000_bg_888888.jpg,0.2181396484375
19,5,exp_a1/148_sq\fg_00ff00_bg_000000.jpg,0.2176513671875
20,12,exp_a1/148_sq\fg_888888_bg_ffffff.jpg,0.2125244140625
21,3,exp_a1/148_sq\fg_0000ff_bg_888888.jpg,0.2105712890625
22,9,exp_a1/148_sq\fg_00ffff_bg_888888.jpg,0.2056884765625
23,6,exp_a1/148_sq\fg_00ff00_bg_888888.jpg,0.1773681640625
0,21,exp_a1/200_sq\fg_ffff00_bg_ffffff.jpg,0.259033203125
1,19,exp_a1/200_sq\fg_ffff00_bg_000000.jpg,0.253173828125
2,20,exp_a1/200_sq\fg_ffff00_bg_888888.jpg,0.2486572265625
3,18,exp_a1/200_sq\fg_ff0000_bg_ffffff.jpg,0.243896484375
4,10,exp_a1/200_sq\fg_00ffff_bg_ffffff.jpg,0.243408203125
5,15,exp_a1/200_sq\fg_921e3e_bg_ffffff.jpg,0.2415771484375
6,17,exp_a1/200_sq\fg_ff0000_bg_888888.jpg,0.23876953125
7,13,exp_a1/200_sq\fg_921e3e_bg_000000.jpg,0.238037109375
8,9,exp_a1/200_sq\fg_00ffff_bg_888888.jpg,0.2362060546875
9,7,exp_a1/200_sq\fg_00ff00_bg_ffffff.jpg,0.23583984375
10,6,exp_a1/200_sq\fg_00ff00_bg_888888.jpg,0.23486328125
11,1,exp_a1/200_sq\fg_000000_bg_ffffff.jpg,0.2327880859375
12,16,exp_a1/200_sq\fg_ff0000_bg_000000.jpg,0.2325439453125
13,0,exp_a1/200_sq\fg_000000_bg_888888.jpg,0.229248046875
14,14,exp_a1/200_sq\fg_921e3e_bg_888888.jpg,0.2286376953125
15,4,exp_a1/200_sq\fg_0000ff_bg_ffffff.jpg,0.2279052734375
16,5,exp_a1/200_sq\fg_00ff00_bg_000000.jpg,0.2274169921875
17,3,exp_a1/200_sq\fg_0000ff_bg_888888.jpg,0.2259521484375
18,2,exp_a1/200_sq\fg_0000ff_bg_000000.jpg,0.2257080078125
19,23,exp_a1/200_sq\fg_ffffff_bg_888888.jpg,0.2249755859375
20,8,exp_a1/200_sq\fg_00ffff_bg_000000.jpg,0.2236328125
21,22,exp_a1/200_sq\fg_ffffff_bg_000000.jpg,0.2159423828125
22,12,exp_a1/200_sq\fg_888888_bg_ffffff.jpg,0.202392578125
23,11,exp_a1/200_sq\fg_888888_bg_000000.jpg,0.193603515625
0,12,exp_a1/4_sq\fg_888888_bg_ffffff.jpg,0.2421875
1,15,exp_a1/4_sq\fg_921e3e_bg_ffffff.jpg,0.24072265625
2,21,exp_a1/4_sq\fg_ffff00_bg_ffffff.jpg,0.2392578125
3,1,exp_a1/4_sq\fg_000000_bg_ffffff.jpg,0.2379150390625
4,18,exp_a1/4_sq\fg_ff0000_bg_ffffff.jpg,0.232666015625
5,19,exp_a1/4_sq\fg_ffff00_bg_000000.jpg,0.2315673828125
6,13,exp_a1/4_sq\fg_921e3e_bg_000000.jpg,0.2293701171875
7,11,exp_a1/4_sq\fg_888888_bg_000000.jpg,0.22900390625
8,2,exp_a1/4_sq\fg_0000ff_bg_000000.jpg,0.226318359375
9,10,exp_a1/4_sq\fg_00ffff_bg_ffffff.jpg,0.226318359375
10,7,exp_a1/4_sq\fg_00ff00_bg_ffffff.jpg,0.2255859375
11,20,exp_a1/4_sq\fg_ffff00_bg_888888.jpg,0.2252197265625
12,22,exp_a1/4_sq\fg_ffffff_bg_000000.jpg,0.2247314453125
13,16,exp_a1/4_sq\fg_ff0000_bg_000000.jpg,0.224609375
14,5,exp_a1/4_sq\fg_00ff00_bg_000000.jpg,0.2235107421875
15,0,exp_a1/4_sq\fg_000000_bg_888888.jpg,0.2225341796875
16,8,exp_a1/4_sq\fg_00ffff_bg_000000.jpg,0.221435546875
17,14,exp_a1/4_sq\fg_921e3e_bg_888888.jpg,0.220947265625
18,9,exp_a1/4_sq\fg_00ffff_bg_888888.jpg,0.220703125
19,4,exp_a1/4_sq\fg_0000ff_bg_ffffff.jpg,0.219970703125
20,3,exp_a1/4_sq\fg_0000ff_bg_888888.jpg,0.21728515625
21,23,exp_a1/4_sq\fg_ffffff_bg_888888.jpg,0.2144775390625
22,6,exp_a1/4_sq\fg_00ff00_bg_888888.jpg,0.2135009765625
23,17,exp_a1/4_sq\fg_ff0000_bg_888888.jpg,0.203125
0,20,exp_a1/56_sq\fg_ffff00_bg_888888.jpg,0.246826171875
1,21,exp_a1/56_sq\fg_ffff00_bg_ffffff.jpg,0.2459716796875
2,13,exp_a1/56_sq\fg_921e3e_bg_000000.jpg,0.2447509765625
3,19,exp_a1/56_sq\fg_ffff00_bg_000000.jpg,0.242431640625
4,15,exp_a1/56_sq\fg_921e3e_bg_ffffff.jpg,0.24072265625
5,18,exp_a1/56_sq\fg_ff0000_bg_ffffff.jpg,0.2371826171875
6,22,exp_a1/56_sq\fg_ffffff_bg_000000.jpg,0.2369384765625
7,1,exp_a1/56_sq\fg_000000_bg_ffffff.jpg,0.2344970703125
8,10,exp_a1/56_sq\fg_00ffff_bg_ffffff.jpg,0.2342529296875
9,11,exp_a1/56_sq\fg_888888_bg_000000.jpg,0.231689453125
10,7,exp_a1/56_sq\fg_00ff00_bg_ffffff.jpg,0.2313232421875
11,12,exp_a1/56_sq\fg_888888_bg_ffffff.jpg,0.231201171875
12,4,exp_a1/56_sq\fg_0000ff_bg_ffffff.jpg,0.230712890625
13,17,exp_a1/56_sq\fg_ff0000_bg_888888.jpg,0.22998046875
14,8,exp_a1/56_sq\fg_00ffff_bg_000000.jpg,0.228759765625
15,16,exp_a1/56_sq\fg_ff0000_bg_000000.jpg,0.227783203125
16,14,exp_a1/56_sq\fg_921e3e_bg_888888.jpg,0.2275390625
17,5,exp_a1/56_sq\fg_00ff00_bg_000000.jpg,0.2265625
18,2,exp_a1/56_sq\fg_0000ff_bg_000000.jpg,0.226318359375
19,3,exp_a1/56_sq\fg_0000ff_bg_888888.jpg,0.223876953125
20,23,exp_a1/56_sq\fg_ffffff_bg_888888.jpg,0.22216796875
21,0,exp_a1/56_sq\fg_000000_bg_888888.jpg,0.2205810546875
22,9,exp_a1/56_sq\fg_00ffff_bg_888888.jpg,0.206787109375
23,6,exp_a1/56_sq\fg_00ff00_bg_888888.jpg,0.205078125
0,6,exp_a1/colors\bg_ff0000.jpg,0.25732421875
1,5,exp_a1/colors\bg_921e3e.jpg,0.251708984375
2,7,exp_a1/colors\bg_ffff00.jpg,0.239013671875
3,1,exp_a1/colors\bg_0000ff.jpg,0.234130859375
4,8,exp_a1/colors\bg_ffffff.png,0.231201171875
5,2,exp_a1/colors\bg_00ff00.jpg,0.2305908203125
6,3,exp_a1/colors\bg_00ffff.jpg,0.229736328125
7,0,exp_a1/colors\bg_000000.jpg,0.22900390625
8,4,exp_a1/colors\bg_888888.jpg,0.2159423828125
