,Unnamed: 0,filepaths,similarity
0,14,exp_a1/112_sq\fg_921e3e_bg_888888.jpg,0.3369140625
1,6,exp_a1/112_sq\fg_00ff00_bg_888888.jpg,0.326904296875
2,9,exp_a1/112_sq\fg_00ffff_bg_888888.jpg,0.30322265625
3,3,exp_a1/112_sq\fg_0000ff_bg_888888.jpg,0.2939453125
4,12,exp_a1/112_sq\fg_888888_bg_ffffff.jpg,0.287109375
5,21,exp_a1/112_sq\fg_ffff00_bg_ffffff.jpg,0.28125
6,10,exp_a1/112_sq\fg_00ffff_bg_ffffff.jpg,0.27783203125
7,1,exp_a1/112_sq\fg_000000_bg_ffffff.jpg,0.26220703125
8,7,exp_a1/112_sq\fg_00ff00_bg_ffffff.jpg,0.26171875
9,18,exp_a1/112_sq\fg_ff0000_bg_ffffff.jpg,0.26123046875
10,4,exp_a1/112_sq\fg_0000ff_bg_ffffff.jpg,0.2568359375
11,15,exp_a1/112_sq\fg_921e3e_bg_ffffff.jpg,0.2548828125
12,5,exp_a1/112_sq\fg_00ff00_bg_000000.jpg,0.2412109375
13,0,exp_a1/112_sq\fg_000000_bg_888888.jpg,0.2393798828125
14,11,exp_a1/112_sq\fg_888888_bg_000000.jpg,0.2327880859375
15,20,exp_a1/112_sq\fg_ffff00_bg_888888.jpg,0.2283935546875
16,13,exp_a1/112_sq\fg_921e3e_bg_000000.jpg,0.2264404296875
17,8,exp_a1/112_sq\fg_00ffff_bg_000000.jpg,0.2132568359375
18,2,exp_a1/112_sq\fg_0000ff_bg_000000.jpg,0.1827392578125
19,17,exp_a1/112_sq\fg_ff0000_bg_888888.jpg,0.1690673828125
20,23,exp_a1/112_sq\fg_ffffff_bg_888888.jpg,0.1689453125
21,19,exp_a1/112_sq\fg_ffff00_bg_000000.jpg,0.16796875
22,22,exp_a1/112_sq\fg_ffffff_bg_000000.jpg,0.15869140625
23,16,exp_a1/112_sq\fg_ff0000_bg_000000.jpg,0.1580810546875
0,23,exp_a1/12_sq\fg_ffffff_bg_888888.jpg,0.356201171875
1,3,exp_a1/12_sq\fg_0000ff_bg_888888.jpg,0.352294921875
2,0,exp_a1/12_sq\fg_000000_bg_888888.jpg,0.348876953125
3,14,exp_a1/12_sq\fg_921e3e_bg_888888.jpg,0.3486328125
4,20,exp_a1/12_sq\fg_ffff00_bg_888888.jpg,0.336181640625
5,6,exp_a1/12_sq\fg_00ff00_bg_888888.jpg,0.32861328125
6,17,exp_a1/12_sq\fg_ff0000_bg_888888.jpg,0.3271484375
7,9,exp_a1/12_sq\fg_00ffff_bg_888888.jpg,0.3251953125
8,12,exp_a1/12_sq\fg_888888_bg_ffffff.jpg,0.271484375
9,15,exp_a1/12_sq\fg_921e3e_bg_ffffff.jpg,0.270751953125
10,4,exp_a1/12_sq\fg_0000ff_bg_ffffff.jpg,0.2705078125
11,1,exp_a1/12_sq\fg_000000_bg_ffffff.jpg,0.2685546875
12,10,exp_a1/12_sq\fg_00ffff_bg_ffffff.jpg,0.2685546875
13,7,exp_a1/12_sq\fg_00ff00_bg_ffffff.jpg,0.2685546875
14,18,exp_a1/12_sq\fg_ff0000_bg_ffffff.jpg,0.268310546875
15,21,exp_a1/12_sq\fg_ffff00_bg_ffffff.jpg,0.267822265625
16,11,exp_a1/12_sq\fg_888888_bg_000000.jpg,0.1431884765625
17,22,exp_a1/12_sq\fg_ffffff_bg_000000.jpg,0.142578125
18,16,exp_a1/12_sq\fg_ff0000_bg_000000.jpg,0.1422119140625
19,8,exp_a1/12_sq\fg_00ffff_bg_000000.jpg,0.140869140625
20,19,exp_a1/12_sq\fg_ffff00_bg_000000.jpg,0.140625
21,5,exp_a1/12_sq\fg_00ff00_bg_000000.jpg,0.1405029296875
22,13,exp_a1/12_sq\fg_921e3e_bg_000000.jpg,0.1400146484375
23,2,exp_a1/12_sq\fg_0000ff_bg_000000.jpg,0.13916015625
0,10,exp_a1/148_sq\fg_00ffff_bg_ffffff.jpg,0.306884765625
1,21,exp_a1/148_sq\fg_ffff00_bg_ffffff.jpg,0.300048828125
2,1,exp_a1/148_sq\fg_000000_bg_ffffff.jpg,0.291259765625
3,4,exp_a1/148_sq\fg_0000ff_bg_ffffff.jpg,0.281005859375
4,6,exp_a1/148_sq\fg_00ff00_bg_888888.jpg,0.270751953125
5,7,exp_a1/148_sq\fg_00ff00_bg_ffffff.jpg,0.270263671875
6,18,exp_a1/148_sq\fg_ff0000_bg_ffffff.jpg,0.25732421875
7,12,exp_a1/148_sq\fg_888888_bg_ffffff.jpg,0.256103515625
8,5,exp_a1/148_sq\fg_00ff00_bg_000000.jpg,0.25537109375
9,11,exp_a1/148_sq\fg_888888_bg_000000.jpg,0.23779296875
10,13,exp_a1/148_sq\fg_921e3e_bg_000000.jpg,0.227783203125
11,14,exp_a1/148_sq\fg_921e3e_bg_888888.jpg,0.21533203125
12,3,exp_a1/148_sq\fg_0000ff_bg_888888.jpg,0.20751953125
13,2,exp_a1/148_sq\fg_0000ff_bg_000000.jpg,0.205078125
14,0,exp_a1/148_sq\fg_000000_bg_888888.jpg,0.19091796875
15,9,exp_a1/148_sq\fg_00ffff_bg_888888.jpg,0.19091796875
16,20,exp_a1/148_sq\fg_ffff00_bg_888888.jpg,0.189453125
17,8,exp_a1/148_sq\fg_00ffff_bg_000000.jpg,0.1884765625
18,15,exp_a1/148_sq\fg_921e3e_bg_ffffff.jpg,0.1854248046875
19,19,exp_a1/148_sq\fg_ffff00_bg_000000.jpg,0.1771240234375
20,17,exp_a1/148_sq\fg_ff0000_bg_888888.jpg,0.13623046875
21,23,exp_a1/148_sq\fg_ffffff_bg_888888.jpg,0.134521484375
22,22,exp_a1/148_sq\fg_ffffff_bg_000000.jpg,0.1065673828125
23,16,exp_a1/148_sq\fg_ff0000_bg_000000.jpg,0.0823974609375
0,5,exp_a1/200_sq\fg_00ff00_bg_000000.jpg,0.281494140625
1,11,exp_a1/200_sq\fg_888888_bg_000000.jpg,0.273193359375
2,19,exp_a1/200_sq\fg_ffff00_bg_000000.jpg,0.267333984375
3,18,exp_a1/200_sq\fg_ff0000_bg_ffffff.jpg,0.260498046875
4,10,exp_a1/200_sq\fg_00ffff_bg_ffffff.jpg,0.259765625
5,8,exp_a1/200_sq\fg_00ffff_bg_000000.jpg,0.25390625
6,13,exp_a1/200_sq\fg_921e3e_bg_000000.jpg,0.247314453125
7,21,exp_a1/200_sq\fg_ffff00_bg_ffffff.jpg,0.2227783203125
8,0,exp_a1/200_sq\fg_000000_bg_888888.jpg,0.2210693359375
9,7,exp_a1/200_sq\fg_00ff00_bg_ffffff.jpg,0.2200927734375
10,14,exp_a1/200_sq\fg_921e3e_bg_888888.jpg,0.2156982421875
11,3,exp_a1/200_sq\fg_0000ff_bg_888888.jpg,0.213134765625
12,2,exp_a1/200_sq\fg_0000ff_bg_000000.jpg,0.2005615234375
13,20,exp_a1/200_sq\fg_ffff00_bg_888888.jpg,0.18798828125
14,22,exp_a1/200_sq\fg_ffffff_bg_000000.jpg,0.183349609375
15,16,exp_a1/200_sq\fg_ff0000_bg_000000.jpg,0.175048828125
16,1,exp_a1/200_sq\fg_000000_bg_ffffff.jpg,0.1710205078125
17,6,exp_a1/200_sq\fg_00ff00_bg_888888.jpg,0.160400390625
18,17,exp_a1/200_sq\fg_ff0000_bg_888888.jpg,0.14453125
19,23,exp_a1/200_sq\fg_ffffff_bg_888888.jpg,0.1375732421875
20,4,exp_a1/200_sq\fg_0000ff_bg_ffffff.jpg,0.135009765625
21,9,exp_a1/200_sq\fg_00ffff_bg_888888.jpg,0.1204833984375
22,15,exp_a1/200_sq\fg_921e3e_bg_ffffff.jpg,0.10650634765625
23,12,exp_a1/200_sq\fg_888888_bg_ffffff.jpg,0.0211029052734375
0,9,exp_a1/4_sq\fg_00ffff_bg_888888.jpg,0.400146484375
1,17,exp_a1/4_sq\fg_ff0000_bg_888888.jpg,0.39404296875
2,6,exp_a1/4_sq\fg_00ff00_bg_888888.jpg,0.392333984375
3,3,exp_a1/4_sq\fg_0000ff_bg_888888.jpg,0.385986328125
4,23,exp_a1/4_sq\fg_ffffff_bg_888888.jpg,0.3857421875
5,0,exp_a1/4_sq\fg_000000_bg_888888.jpg,0.385498046875
6,14,exp_a1/4_sq\fg_921e3e_bg_888888.jpg,0.37841796875
7,20,exp_a1/4_sq\fg_ffff00_bg_888888.jpg,0.37548828125
8,4,exp_a1/4_sq\fg_0000ff_bg_ffffff.jpg,0.26708984375
9,10,exp_a1/4_sq\fg_00ffff_bg_ffffff.jpg,0.26708984375
10,1,exp_a1/4_sq\fg_000000_bg_ffffff.jpg,0.26708984375
11,15,exp_a1/4_sq\fg_921e3e_bg_ffffff.jpg,0.266845703125
12,18,exp_a1/4_sq\fg_ff0000_bg_ffffff.jpg,0.266845703125
13,7,exp_a1/4_sq\fg_00ff00_bg_ffffff.jpg,0.266845703125
14,12,exp_a1/4_sq\fg_888888_bg_ffffff.jpg,0.266845703125
15,21,exp_a1/4_sq\fg_ffff00_bg_ffffff.jpg,0.2666015625
16,22,exp_a1/4_sq\fg_ffffff_bg_000000.jpg,0.1395263671875
17,5,exp_a1/4_sq\fg_00ff00_bg_000000.jpg,0.1392822265625
18,13,exp_a1/4_sq\fg_921e3e_bg_000000.jpg,0.13916015625
19,2,exp_a1/4_sq\fg_0000ff_bg_000000.jpg,0.1390380859375
20,16,exp_a1/4_sq\fg_ff0000_bg_000000.jpg,0.138916015625
21,11,exp_a1/4_sq\fg_888888_bg_000000.jpg,0.138916015625
22,19,exp_a1/4_sq\fg_ffff00_bg_000000.jpg,0.138916015625
23,8,exp_a1/4_sq\fg_00ffff_bg_000000.jpg,0.138916015625
0,14,exp_a1/56_sq\fg_921e3e_bg_888888.jpg,0.376708984375
1,0,exp_a1/56_sq\fg_000000_bg_888888.jpg,0.365966796875
2,6,exp_a1/56_sq\fg_00ff00_bg_888888.jpg,0.36279296875
3,9,exp_a1/56_sq\fg_00ffff_bg_888888.jpg,0.36181640625
4,3,exp_a1/56_sq\fg_0000ff_bg_888888.jpg,0.3603515625
5,20,exp_a1/56_sq\fg_ffff00_bg_888888.jpg,0.35009765625
6,17,exp_a1/56_sq\fg_ff0000_bg_888888.jpg,0.303955078125
7,1,exp_a1/56_sq\fg_000000_bg_ffffff.jpg,0.290771484375
8,21,exp_a1/56_sq\fg_ffff00_bg_ffffff.jpg,0.28759765625
9,4,exp_a1/56_sq\fg_0000ff_bg_ffffff.jpg,0.281982421875
10,23,exp_a1/56_sq\fg_ffffff_bg_888888.jpg,0.272216796875
11,10,exp_a1/56_sq\fg_00ffff_bg_ffffff.jpg,0.271240234375
12,7,exp_a1/56_sq\fg_00ff00_bg_ffffff.jpg,0.26708984375
13,15,exp_a1/56_sq\fg_921e3e_bg_ffffff.jpg,0.259521484375
14,18,exp_a1/56_sq\fg_ff0000_bg_ffffff.jpg,0.259521484375
15,12,exp_a1/56_sq\fg_888888_bg_ffffff.jpg,0.254638671875
16,11,exp_a1/56_sq\fg_888888_bg_000000.jpg,0.2095947265625
17,13,exp_a1/56_sq\fg_921e3e_bg_000000.jpg,0.2022705078125
18,22,exp_a1/56_sq\fg_ffffff_bg_000000.jpg,0.16064453125
19,19,exp_a1/56_sq\fg_ffff00_bg_000000.jpg,0.155517578125
20,8,exp_a1/56_sq\fg_00ffff_bg_000000.jpg,0.1546630859375
21,16,exp_a1/56_sq\fg_ff0000_bg_000000.jpg,0.154296875
22,2,exp_a1/56_sq\fg_0000ff_bg_000000.jpg,0.15234375
23,5,exp_a1/56_sq\fg_00ff00_bg_000000.jpg,0.15185546875
0,4,exp_a1/colors\bg_888888.jpg,0.393310546875
1,8,exp_a1/colors\bg_ffffff.png,0.266357421875
2,7,exp_a1/colors\bg_ffff00.jpg,0.26220703125
3,5,exp_a1/colors\bg_921e3e.jpg,0.207763671875
4,1,exp_a1/colors\bg_0000ff.jpg,0.2049560546875
5,6,exp_a1/colors\bg_ff0000.jpg,0.2008056640625
6,3,exp_a1/colors\bg_00ffff.jpg,0.1956787109375
7,2,exp_a1/colors\bg_00ff00.jpg,0.1876220703125
8,0,exp_a1/colors\bg_000000.jpg,0.1390380859375
