,Unnamed: 0,filepaths,similarity
0,14,exp_a1/112_sq\fg_921e3e_bg_888888.jpg,0.332763671875
1,9,exp_a1/112_sq\fg_00ffff_bg_888888.jpg,0.331787109375
2,20,exp_a1/112_sq\fg_ffff00_bg_888888.jpg,0.331298828125
3,17,exp_a1/112_sq\fg_ff0000_bg_888888.jpg,0.330810546875
4,3,exp_a1/112_sq\fg_0000ff_bg_888888.jpg,0.32861328125
5,7,exp_a1/112_sq\fg_00ff00_bg_ffffff.jpg,0.325927734375
6,6,exp_a1/112_sq\fg_00ff00_bg_888888.jpg,0.32421875
7,16,exp_a1/112_sq\fg_ff0000_bg_000000.jpg,0.3212890625
8,23,exp_a1/112_sq\fg_ffffff_bg_888888.jpg,0.32080078125
9,8,exp_a1/112_sq\fg_00ffff_bg_000000.jpg,0.31884765625
10,13,exp_a1/112_sq\fg_921e3e_bg_000000.jpg,0.317626953125
11,2,exp_a1/112_sq\fg_0000ff_bg_000000.jpg,0.31640625
12,21,exp_a1/112_sq\fg_ffff00_bg_ffffff.jpg,0.316162109375
13,15,exp_a1/112_sq\fg_921e3e_bg_ffffff.jpg,0.315673828125
14,4,exp_a1/112_sq\fg_0000ff_bg_ffffff.jpg,0.315673828125
15,18,exp_a1/112_sq\fg_ff0000_bg_ffffff.jpg,0.315673828125
16,22,exp_a1/112_sq\fg_ffffff_bg_000000.jpg,0.31396484375
17,19,exp_a1/112_sq\fg_ffff00_bg_000000.jpg,0.313232421875
18,10,exp_a1/112_sq\fg_00ffff_bg_ffffff.jpg,0.3125
19,5,exp_a1/112_sq\fg_00ff00_bg_000000.jpg,0.31201171875
20,1,exp_a1/112_sq\fg_000000_bg_ffffff.jpg,0.300048828125
21,0,exp_a1/112_sq\fg_000000_bg_888888.jpg,0.296142578125
22,11,exp_a1/112_sq\fg_888888_bg_000000.jpg,0.29443359375
23,12,exp_a1/112_sq\fg_888888_bg_ffffff.jpg,0.28271484375
0,23,exp_a1/12_sq\fg_ffffff_bg_888888.jpg,0.324951171875
1,8,exp_a1/12_sq\fg_00ffff_bg_000000.jpg,0.32421875
2,17,exp_a1/12_sq\fg_ff0000_bg_888888.jpg,0.32373046875
3,5,exp_a1/12_sq\fg_00ff00_bg_000000.jpg,0.3232421875
4,19,exp_a1/12_sq\fg_ffff00_bg_000000.jpg,0.3232421875
5,22,exp_a1/12_sq\fg_ffffff_bg_000000.jpg,0.32275390625
6,18,exp_a1/12_sq\fg_ff0000_bg_ffffff.jpg,0.32275390625
7,21,exp_a1/12_sq\fg_ffff00_bg_ffffff.jpg,0.322509765625
8,14,exp_a1/12_sq\fg_921e3e_bg_888888.jpg,0.3212890625
9,3,exp_a1/12_sq\fg_0000ff_bg_888888.jpg,0.321044921875
10,2,exp_a1/12_sq\fg_0000ff_bg_000000.jpg,0.32080078125
11,20,exp_a1/12_sq\fg_ffff00_bg_888888.jpg,0.320068359375
12,16,exp_a1/12_sq\fg_ff0000_bg_000000.jpg,0.3193359375
13,11,exp_a1/12_sq\fg_888888_bg_000000.jpg,0.319091796875
14,13,exp_a1/12_sq\fg_921e3e_bg_000000.jpg,0.31884765625
15,15,exp_a1/12_sq\fg_921e3e_bg_ffffff.jpg,0.317138671875
16,0,exp_a1/12_sq\fg_000000_bg_888888.jpg,0.31640625
17,4,exp_a1/12_sq\fg_0000ff_bg_ffffff.jpg,0.31640625
18,10,exp_a1/12_sq\fg_00ffff_bg_ffffff.jpg,0.315673828125
19,7,exp_a1/12_sq\fg_00ff00_bg_ffffff.jpg,0.3154296875
20,9,exp_a1/12_sq\fg_00ffff_bg_888888.jpg,0.31396484375
21,1,exp_a1/12_sq\fg_000000_bg_ffffff.jpg,0.3125
22,12,exp_a1/12_sq\fg_888888_bg_ffffff.jpg,0.3017578125
23,6,exp_a1/12_sq\fg_00ff00_bg_888888.jpg,0.301513671875
0,20,exp_a1/148_sq\fg_ffff00_bg_888888.jpg,0.33349609375
1,14,exp_a1/148_sq\fg_921e3e_bg_888888.jpg,0.330078125
2,9,exp_a1/148_sq\fg_00ffff_bg_888888.jpg,0.3271484375
3,17,exp_a1/148_sq\fg_ff0000_bg_888888.jpg,0.324951171875
4,3,exp_a1/148_sq\fg_0000ff_bg_888888.jpg,0.324462890625
5,8,exp_a1/148_sq\fg_00ffff_bg_000000.jpg,0.322998046875
6,2,exp_a1/148_sq\fg_0000ff_bg_000000.jpg,0.322021484375
7,19,exp_a1/148_sq\fg_ffff00_bg_000000.jpg,0.319580078125
8,16,exp_a1/148_sq\fg_ff0000_bg_000000.jpg,0.319580078125
9,18,exp_a1/148_sq\fg_ff0000_bg_ffffff.jpg,0.318603515625
10,7,exp_a1/148_sq\fg_00ff00_bg_ffffff.jpg,0.31787109375
11,21,exp_a1/148_sq\fg_ffff00_bg_ffffff.jpg,0.31787109375
12,5,exp_a1/148_sq\fg_00ff00_bg_000000.jpg,0.316650390625
13,13,exp_a1/148_sq\fg_921e3e_bg_000000.jpg,0.316650390625
14,10,exp_a1/148_sq\fg_00ffff_bg_ffffff.jpg,0.3154296875
15,4,exp_a1/148_sq\fg_0000ff_bg_ffffff.jpg,0.315185546875
16,22,exp_a1/148_sq\fg_ffffff_bg_000000.jpg,0.312744140625
17,23,exp_a1/148_sq\fg_ffffff_bg_888888.jpg,0.3115234375
18,15,exp_a1/148_sq\fg_921e3e_bg_ffffff.jpg,0.307861328125
19,1,exp_a1/148_sq\fg_000000_bg_ffffff.jpg,0.3017578125
20,0,exp_a1/148_sq\fg_000000_bg_888888.jpg,0.300048828125
21,6,exp_a1/148_sq\fg_00ff00_bg_888888.jpg,0.2939453125
22,11,exp_a1/148_sq\fg_888888_bg_000000.jpg,0.2919921875
23,12,exp_a1/148_sq\fg_888888_bg_ffffff.jpg,0.28271484375
0,5,exp_a1/200_sq\fg_00ff00_bg_000000.jpg,0.330322265625
1,16,exp_a1/200_sq\fg_ff0000_bg_000000.jpg,0.3271484375
2,17,exp_a1/200_sq\fg_ff0000_bg_888888.jpg,0.32373046875
3,13,exp_a1/200_sq\fg_921e3e_bg_000000.jpg,0.319580078125
4,8,exp_a1/200_sq\fg_00ffff_bg_000000.jpg,0.3193359375
5,9,exp_a1/200_sq\fg_00ffff_bg_888888.jpg,0.3193359375
6,3,exp_a1/200_sq\fg_0000ff_bg_888888.jpg,0.318359375
7,14,exp_a1/200_sq\fg_921e3e_bg_888888.jpg,0.318359375
8,2,exp_a1/200_sq\fg_0000ff_bg_000000.jpg,0.317626953125
9,7,exp_a1/200_sq\fg_00ff00_bg_ffffff.jpg,0.317138671875
10,4,exp_a1/200_sq\fg_0000ff_bg_ffffff.jpg,0.315673828125
11,19,exp_a1/200_sq\fg_ffff00_bg_000000.jpg,0.315185546875
12,20,exp_a1/200_sq\fg_ffff00_bg_888888.jpg,0.314697265625
13,0,exp_a1/200_sq\fg_000000_bg_888888.jpg,0.312744140625
14,1,exp_a1/200_sq\fg_000000_bg_ffffff.jpg,0.3125
15,21,exp_a1/200_sq\fg_ffff00_bg_ffffff.jpg,0.3125
16,6,exp_a1/200_sq\fg_00ff00_bg_888888.jpg,0.310546875
17,22,exp_a1/200_sq\fg_ffffff_bg_000000.jpg,0.31005859375
18,10,exp_a1/200_sq\fg_00ffff_bg_ffffff.jpg,0.309814453125
19,18,exp_a1/200_sq\fg_ff0000_bg_ffffff.jpg,0.305908203125
20,15,exp_a1/200_sq\fg_921e3e_bg_ffffff.jpg,0.298095703125
21,23,exp_a1/200_sq\fg_ffffff_bg_888888.jpg,0.287353515625
22,12,exp_a1/200_sq\fg_888888_bg_ffffff.jpg,0.269287109375
23,11,exp_a1/200_sq\fg_888888_bg_000000.jpg,0.261962890625
0,8,exp_a1/4_sq\fg_00ffff_bg_000000.jpg,0.31298828125
1,19,exp_a1/4_sq\fg_ffff00_bg_000000.jpg,0.3115234375
2,13,exp_a1/4_sq\fg_921e3e_bg_000000.jpg,0.311279296875
3,22,exp_a1/4_sq\fg_ffffff_bg_000000.jpg,0.310791015625
4,5,exp_a1/4_sq\fg_00ff00_bg_000000.jpg,0.310791015625
5,11,exp_a1/4_sq\fg_888888_bg_000000.jpg,0.310546875
6,2,exp_a1/4_sq\fg_0000ff_bg_000000.jpg,0.309814453125
7,21,exp_a1/4_sq\fg_ffff00_bg_ffffff.jpg,0.308837890625
8,10,exp_a1/4_sq\fg_00ffff_bg_ffffff.jpg,0.308837890625
9,16,exp_a1/4_sq\fg_ff0000_bg_000000.jpg,0.308349609375
10,15,exp_a1/4_sq\fg_921e3e_bg_ffffff.jpg,0.30810546875
11,4,exp_a1/4_sq\fg_0000ff_bg_ffffff.jpg,0.306640625
12,7,exp_a1/4_sq\fg_00ff00_bg_ffffff.jpg,0.306640625
13,12,exp_a1/4_sq\fg_888888_bg_ffffff.jpg,0.305908203125
14,1,exp_a1/4_sq\fg_000000_bg_ffffff.jpg,0.305908203125
15,18,exp_a1/4_sq\fg_ff0000_bg_ffffff.jpg,0.30517578125
16,23,exp_a1/4_sq\fg_ffffff_bg_888888.jpg,0.290283203125
17,14,exp_a1/4_sq\fg_921e3e_bg_888888.jpg,0.2890625
18,9,exp_a1/4_sq\fg_00ffff_bg_888888.jpg,0.287841796875
19,3,exp_a1/4_sq\fg_0000ff_bg_888888.jpg,0.287353515625
20,0,exp_a1/4_sq\fg_000000_bg_888888.jpg,0.284912109375
21,20,exp_a1/4_sq\fg_ffff00_bg_888888.jpg,0.281982421875
22,17,exp_a1/4_sq\fg_ff0000_bg_888888.jpg,0.272705078125
23,6,exp_a1/4_sq\fg_00ff00_bg_888888.jpg,0.26513671875
0,19,exp_a1/56_sq\fg_ffff00_bg_000000.jpg,0.31982421875
1,5,exp_a1/56_sq\fg_00ff00_bg_000000.jpg,0.318603515625
2,16,exp_a1/56_sq\fg_ff0000_bg_000000.jpg,0.318115234375
3,13,exp_a1/56_sq\fg_921e3e_bg_000000.jpg,0.316162109375
4,8,exp_a1/56_sq\fg_00ffff_bg_000000.jpg,0.315673828125
5,7,exp_a1/56_sq\fg_00ff00_bg_ffffff.jpg,0.313232421875
6,22,exp_a1/56_sq\fg_ffffff_bg_000000.jpg,0.312255859375
7,10,exp_a1/56_sq\fg_00ffff_bg_ffffff.jpg,0.31201171875
8,20,exp_a1/56_sq\fg_ffff00_bg_888888.jpg,0.31103515625
9,6,exp_a1/56_sq\fg_00ff00_bg_888888.jpg,0.309814453125
10,2,exp_a1/56_sq\fg_0000ff_bg_000000.jpg,0.30859375
11,21,exp_a1/56_sq\fg_ffff00_bg_ffffff.jpg,0.307373046875
12,23,exp_a1/56_sq\fg_ffffff_bg_888888.jpg,0.306640625
13,9,exp_a1/56_sq\fg_00ffff_bg_888888.jpg,0.306396484375
14,3,exp_a1/56_sq\fg_0000ff_bg_888888.jpg,0.3056640625
15,15,exp_a1/56_sq\fg_921e3e_bg_ffffff.jpg,0.305419921875
16,18,exp_a1/56_sq\fg_ff0000_bg_ffffff.jpg,0.304443359375
17,11,exp_a1/56_sq\fg_888888_bg_000000.jpg,0.3037109375
18,14,exp_a1/56_sq\fg_921e3e_bg_888888.jpg,0.3037109375
19,17,exp_a1/56_sq\fg_ff0000_bg_888888.jpg,0.30029296875
20,4,exp_a1/56_sq\fg_0000ff_bg_ffffff.jpg,0.299560546875
21,12,exp_a1/56_sq\fg_888888_bg_ffffff.jpg,0.294677734375
22,1,exp_a1/56_sq\fg_000000_bg_ffffff.jpg,0.294189453125
23,0,exp_a1/56_sq\fg_000000_bg_888888.jpg,0.2880859375
0,0,exp_a1/colors\bg_000000.jpg,0.311279296875
1,8,exp_a1/colors\bg_ffffff.png,0.298828125
2,1,exp_a1/colors\bg_0000ff.jpg,0.295654296875
3,6,exp_a1/colors\bg_ff0000.jpg,0.295166015625
4,5,exp_a1/colors\bg_921e3e.jpg,0.290283203125
5,7,exp_a1/colors\bg_ffff00.jpg,0.281005859375
6,2,exp_a1/colors\bg_00ff00.jpg,0.280029296875
7,3,exp_a1/colors\bg_00ffff.jpg,0.273193359375
8,4,exp_a1/colors\bg_888888.jpg,0.2498779296875
