,Unnamed: 0,filepaths,similarity
0,14,exp_a1/112_sq\fg_921e3e_bg_888888.jpg,0.3203125
1,6,exp_a1/112_sq\fg_00ff00_bg_888888.jpg,0.318603515625
2,12,exp_a1/112_sq\fg_888888_bg_ffffff.jpg,0.30322265625
3,21,exp_a1/112_sq\fg_ffff00_bg_ffffff.jpg,0.294677734375
4,9,exp_a1/112_sq\fg_00ffff_bg_888888.jpg,0.29150390625
5,10,exp_a1/112_sq\fg_00ffff_bg_ffffff.jpg,0.287109375
6,1,exp_a1/112_sq\fg_000000_bg_ffffff.jpg,0.281005859375
7,4,exp_a1/112_sq\fg_0000ff_bg_ffffff.jpg,0.277587890625
8,7,exp_a1/112_sq\fg_00ff00_bg_ffffff.jpg,0.27392578125
9,3,exp_a1/112_sq\fg_0000ff_bg_888888.jpg,0.273193359375
10,13,exp_a1/112_sq\fg_921e3e_bg_000000.jpg,0.266357421875
11,11,exp_a1/112_sq\fg_888888_bg_000000.jpg,0.263916015625
12,15,exp_a1/112_sq\fg_921e3e_bg_ffffff.jpg,0.25927734375
13,5,exp_a1/112_sq\fg_00ff00_bg_000000.jpg,0.251220703125
14,18,exp_a1/112_sq\fg_ff0000_bg_ffffff.jpg,0.244384765625
15,8,exp_a1/112_sq\fg_00ffff_bg_000000.jpg,0.224609375
16,2,exp_a1/112_sq\fg_0000ff_bg_000000.jpg,0.209716796875
17,0,exp_a1/112_sq\fg_000000_bg_888888.jpg,0.2061767578125
18,20,exp_a1/112_sq\fg_ffff00_bg_888888.jpg,0.1968994140625
19,19,exp_a1/112_sq\fg_ffff00_bg_000000.jpg,0.1754150390625
20,16,exp_a1/112_sq\fg_ff0000_bg_000000.jpg,0.1746826171875
21,22,exp_a1/112_sq\fg_ffffff_bg_000000.jpg,0.1729736328125
22,17,exp_a1/112_sq\fg_ff0000_bg_888888.jpg,0.156005859375
23,23,exp_a1/112_sq\fg_ffffff_bg_888888.jpg,0.155029296875
0,23,exp_a1/12_sq\fg_ffffff_bg_888888.jpg,0.374267578125
1,20,exp_a1/12_sq\fg_ffff00_bg_888888.jpg,0.3681640625
2,3,exp_a1/12_sq\fg_0000ff_bg_888888.jpg,0.366455078125
3,14,exp_a1/12_sq\fg_921e3e_bg_888888.jpg,0.36328125
4,9,exp_a1/12_sq\fg_00ffff_bg_888888.jpg,0.362548828125
5,0,exp_a1/12_sq\fg_000000_bg_888888.jpg,0.360107421875
6,6,exp_a1/12_sq\fg_00ff00_bg_888888.jpg,0.359130859375
7,17,exp_a1/12_sq\fg_ff0000_bg_888888.jpg,0.3525390625
8,12,exp_a1/12_sq\fg_888888_bg_ffffff.jpg,0.255615234375
9,15,exp_a1/12_sq\fg_921e3e_bg_ffffff.jpg,0.254638671875
10,4,exp_a1/12_sq\fg_0000ff_bg_ffffff.jpg,0.253173828125
11,1,exp_a1/12_sq\fg_000000_bg_ffffff.jpg,0.25146484375
12,18,exp_a1/12_sq\fg_ff0000_bg_ffffff.jpg,0.2509765625
13,21,exp_a1/12_sq\fg_ffff00_bg_ffffff.jpg,0.2509765625
14,10,exp_a1/12_sq\fg_00ffff_bg_ffffff.jpg,0.250732421875
15,7,exp_a1/12_sq\fg_00ff00_bg_ffffff.jpg,0.250732421875
16,11,exp_a1/12_sq\fg_888888_bg_000000.jpg,0.165283203125
17,22,exp_a1/12_sq\fg_ffffff_bg_000000.jpg,0.1636962890625
18,16,exp_a1/12_sq\fg_ff0000_bg_000000.jpg,0.1634521484375
19,8,exp_a1/12_sq\fg_00ffff_bg_000000.jpg,0.1627197265625
20,5,exp_a1/12_sq\fg_00ff00_bg_000000.jpg,0.1624755859375
21,19,exp_a1/12_sq\fg_ffff00_bg_000000.jpg,0.1624755859375
22,13,exp_a1/12_sq\fg_921e3e_bg_000000.jpg,0.1617431640625
23,2,exp_a1/12_sq\fg_0000ff_bg_000000.jpg,0.1611328125
0,21,exp_a1/148_sq\fg_ffff00_bg_ffffff.jpg,0.306640625
1,10,exp_a1/148_sq\fg_00ffff_bg_ffffff.jpg,0.302490234375
2,1,exp_a1/148_sq\fg_000000_bg_ffffff.jpg,0.289306640625
3,4,exp_a1/148_sq\fg_0000ff_bg_ffffff.jpg,0.287353515625
4,5,exp_a1/148_sq\fg_00ff00_bg_000000.jpg,0.2734375
5,11,exp_a1/148_sq\fg_888888_bg_000000.jpg,0.270263671875
6,13,exp_a1/148_sq\fg_921e3e_bg_000000.jpg,0.26806640625
7,12,exp_a1/148_sq\fg_888888_bg_ffffff.jpg,0.2626953125
8,7,exp_a1/148_sq\fg_00ff00_bg_ffffff.jpg,0.25341796875
9,6,exp_a1/148_sq\fg_00ff00_bg_888888.jpg,0.253173828125
10,18,exp_a1/148_sq\fg_ff0000_bg_ffffff.jpg,0.2449951171875
11,2,exp_a1/148_sq\fg_0000ff_bg_000000.jpg,0.240478515625
12,8,exp_a1/148_sq\fg_00ffff_bg_000000.jpg,0.2080078125
13,15,exp_a1/148_sq\fg_921e3e_bg_ffffff.jpg,0.1915283203125
14,19,exp_a1/148_sq\fg_ffff00_bg_000000.jpg,0.1815185546875
15,14,exp_a1/148_sq\fg_921e3e_bg_888888.jpg,0.17626953125
16,9,exp_a1/148_sq\fg_00ffff_bg_888888.jpg,0.166748046875
17,3,exp_a1/148_sq\fg_0000ff_bg_888888.jpg,0.165771484375
18,0,exp_a1/148_sq\fg_000000_bg_888888.jpg,0.1441650390625
19,20,exp_a1/148_sq\fg_ffff00_bg_888888.jpg,0.1383056640625
20,22,exp_a1/148_sq\fg_ffffff_bg_000000.jpg,0.1326904296875
21,17,exp_a1/148_sq\fg_ff0000_bg_888888.jpg,0.1270751953125
22,23,exp_a1/148_sq\fg_ffffff_bg_888888.jpg,0.12249755859375
23,16,exp_a1/148_sq\fg_ff0000_bg_000000.jpg,0.10174560546875
0,5,exp_a1/200_sq\fg_00ff00_bg_000000.jpg,0.303466796875
1,19,exp_a1/200_sq\fg_ffff00_bg_000000.jpg,0.293701171875
2,11,exp_a1/200_sq\fg_888888_bg_000000.jpg,0.267822265625
3,13,exp_a1/200_sq\fg_921e3e_bg_000000.jpg,0.2666015625
4,8,exp_a1/200_sq\fg_00ffff_bg_000000.jpg,0.251220703125
5,18,exp_a1/200_sq\fg_ff0000_bg_ffffff.jpg,0.2470703125
6,21,exp_a1/200_sq\fg_ffff00_bg_ffffff.jpg,0.2391357421875
7,10,exp_a1/200_sq\fg_00ffff_bg_ffffff.jpg,0.2386474609375
8,2,exp_a1/200_sq\fg_0000ff_bg_000000.jpg,0.2308349609375
9,0,exp_a1/200_sq\fg_000000_bg_888888.jpg,0.219482421875
10,22,exp_a1/200_sq\fg_ffffff_bg_000000.jpg,0.1964111328125
11,3,exp_a1/200_sq\fg_0000ff_bg_888888.jpg,0.195556640625
12,7,exp_a1/200_sq\fg_00ff00_bg_ffffff.jpg,0.1944580078125
13,14,exp_a1/200_sq\fg_921e3e_bg_888888.jpg,0.19189453125
14,16,exp_a1/200_sq\fg_ff0000_bg_000000.jpg,0.185791015625
15,20,exp_a1/200_sq\fg_ffff00_bg_888888.jpg,0.1737060546875
16,6,exp_a1/200_sq\fg_00ff00_bg_888888.jpg,0.154296875
17,1,exp_a1/200_sq\fg_000000_bg_ffffff.jpg,0.1527099609375
18,17,exp_a1/200_sq\fg_ff0000_bg_888888.jpg,0.1490478515625
19,23,exp_a1/200_sq\fg_ffffff_bg_888888.jpg,0.1412353515625
20,9,exp_a1/200_sq\fg_00ffff_bg_888888.jpg,0.1324462890625
21,4,exp_a1/200_sq\fg_0000ff_bg_ffffff.jpg,0.11138916015625
22,15,exp_a1/200_sq\fg_921e3e_bg_ffffff.jpg,0.0865478515625
23,12,exp_a1/200_sq\fg_888888_bg_ffffff.jpg,0.0064239501953125
0,0,exp_a1/4_sq\fg_000000_bg_888888.jpg,0.398193359375
1,20,exp_a1/4_sq\fg_ffff00_bg_888888.jpg,0.398193359375
2,14,exp_a1/4_sq\fg_921e3e_bg_888888.jpg,0.397705078125
3,3,exp_a1/4_sq\fg_0000ff_bg_888888.jpg,0.39208984375
4,23,exp_a1/4_sq\fg_ffffff_bg_888888.jpg,0.390380859375
5,9,exp_a1/4_sq\fg_00ffff_bg_888888.jpg,0.389892578125
6,17,exp_a1/4_sq\fg_ff0000_bg_888888.jpg,0.3876953125
7,6,exp_a1/4_sq\fg_00ff00_bg_888888.jpg,0.385498046875
8,10,exp_a1/4_sq\fg_00ffff_bg_ffffff.jpg,0.251220703125
9,15,exp_a1/4_sq\fg_921e3e_bg_ffffff.jpg,0.251220703125
10,4,exp_a1/4_sq\fg_0000ff_bg_ffffff.jpg,0.2509765625
11,18,exp_a1/4_sq\fg_ff0000_bg_ffffff.jpg,0.2509765625
12,12,exp_a1/4_sq\fg_888888_bg_ffffff.jpg,0.2509765625
13,1,exp_a1/4_sq\fg_000000_bg_ffffff.jpg,0.2509765625
14,7,exp_a1/4_sq\fg_00ff00_bg_ffffff.jpg,0.2509765625
15,21,exp_a1/4_sq\fg_ffff00_bg_ffffff.jpg,0.250732421875
16,22,exp_a1/4_sq\fg_ffffff_bg_000000.jpg,0.1614990234375
17,5,exp_a1/4_sq\fg_00ff00_bg_000000.jpg,0.1612548828125
18,13,exp_a1/4_sq\fg_921e3e_bg_000000.jpg,0.1611328125
19,11,exp_a1/4_sq\fg_888888_bg_000000.jpg,0.1610107421875
20,19,exp_a1/4_sq\fg_ffff00_bg_000000.jpg,0.1610107421875
21,2,exp_a1/4_sq\fg_0000ff_bg_000000.jpg,0.1610107421875
22,16,exp_a1/4_sq\fg_ff0000_bg_000000.jpg,0.160888671875
23,8,exp_a1/4_sq\fg_00ffff_bg_000000.jpg,0.1607666015625
0,14,exp_a1/56_sq\fg_921e3e_bg_888888.jpg,0.384521484375
1,6,exp_a1/56_sq\fg_00ff00_bg_888888.jpg,0.382080078125
2,3,exp_a1/56_sq\fg_0000ff_bg_888888.jpg,0.37451171875
3,0,exp_a1/56_sq\fg_000000_bg_888888.jpg,0.372314453125
4,9,exp_a1/56_sq\fg_00ffff_bg_888888.jpg,0.36962890625
5,20,exp_a1/56_sq\fg_ffff00_bg_888888.jpg,0.348876953125
6,17,exp_a1/56_sq\fg_ff0000_bg_888888.jpg,0.295654296875
7,21,exp_a1/56_sq\fg_ffff00_bg_ffffff.jpg,0.27099609375
8,1,exp_a1/56_sq\fg_000000_bg_ffffff.jpg,0.26513671875
9,23,exp_a1/56_sq\fg_ffffff_bg_888888.jpg,0.2548828125
10,10,exp_a1/56_sq\fg_00ffff_bg_ffffff.jpg,0.25390625
11,4,exp_a1/56_sq\fg_0000ff_bg_ffffff.jpg,0.252685546875
12,11,exp_a1/56_sq\fg_888888_bg_000000.jpg,0.250732421875
13,12,exp_a1/56_sq\fg_888888_bg_ffffff.jpg,0.243896484375
14,18,exp_a1/56_sq\fg_ff0000_bg_ffffff.jpg,0.2420654296875
15,7,exp_a1/56_sq\fg_00ff00_bg_ffffff.jpg,0.2391357421875
16,13,exp_a1/56_sq\fg_921e3e_bg_000000.jpg,0.234375
17,15,exp_a1/56_sq\fg_921e3e_bg_ffffff.jpg,0.2335205078125
18,2,exp_a1/56_sq\fg_0000ff_bg_000000.jpg,0.174072265625
19,19,exp_a1/56_sq\fg_ffff00_bg_000000.jpg,0.16943359375
20,8,exp_a1/56_sq\fg_00ffff_bg_000000.jpg,0.1690673828125
21,5,exp_a1/56_sq\fg_00ff00_bg_000000.jpg,0.1685791015625
22,22,exp_a1/56_sq\fg_ffffff_bg_000000.jpg,0.16552734375
23,16,exp_a1/56_sq\fg_ff0000_bg_000000.jpg,0.1624755859375
0,4,exp_a1/colors\bg_888888.jpg,0.396728515625
1,8,exp_a1/colors\bg_ffffff.png,0.2509765625
2,7,exp_a1/colors\bg_ffff00.jpg,0.248291015625
3,5,exp_a1/colors\bg_921e3e.jpg,0.224609375
4,1,exp_a1/colors\bg_0000ff.jpg,0.219482421875
5,6,exp_a1/colors\bg_ff0000.jpg,0.218505859375
6,2,exp_a1/colors\bg_00ff00.jpg,0.1883544921875
7,3,exp_a1/colors\bg_00ffff.jpg,0.1846923828125
8,0,exp_a1/colors\bg_000000.jpg,0.1610107421875
