,Unnamed: 0,filepaths,similarity
0,6,exp_a1/112_sq\fg_00ff00_bg_888888.jpg,0.3349609375
1,14,exp_a1/112_sq\fg_921e3e_bg_888888.jpg,0.30615234375
2,21,exp_a1/112_sq\fg_ffff00_bg_ffffff.jpg,0.3056640625
3,10,exp_a1/112_sq\fg_00ffff_bg_ffffff.jpg,0.303955078125
4,9,exp_a1/112_sq\fg_00ffff_bg_888888.jpg,0.296630859375
5,1,exp_a1/112_sq\fg_000000_bg_ffffff.jpg,0.29345703125
6,18,exp_a1/112_sq\fg_ff0000_bg_ffffff.jpg,0.283447265625
7,12,exp_a1/112_sq\fg_888888_bg_ffffff.jpg,0.279052734375
8,7,exp_a1/112_sq\fg_00ff00_bg_ffffff.jpg,0.27197265625
9,4,exp_a1/112_sq\fg_0000ff_bg_ffffff.jpg,0.27197265625
10,15,exp_a1/112_sq\fg_921e3e_bg_ffffff.jpg,0.269775390625
11,5,exp_a1/112_sq\fg_00ff00_bg_000000.jpg,0.26806640625
12,3,exp_a1/112_sq\fg_0000ff_bg_888888.jpg,0.26318359375
13,13,exp_a1/112_sq\fg_921e3e_bg_000000.jpg,0.259033203125
14,11,exp_a1/112_sq\fg_888888_bg_000000.jpg,0.25830078125
15,8,exp_a1/112_sq\fg_00ffff_bg_000000.jpg,0.252685546875
16,2,exp_a1/112_sq\fg_0000ff_bg_000000.jpg,0.22412109375
17,16,exp_a1/112_sq\fg_ff0000_bg_000000.jpg,0.2208251953125
18,19,exp_a1/112_sq\fg_ffff00_bg_000000.jpg,0.215087890625
19,22,exp_a1/112_sq\fg_ffffff_bg_000000.jpg,0.2139892578125
20,0,exp_a1/112_sq\fg_000000_bg_888888.jpg,0.1942138671875
21,20,exp_a1/112_sq\fg_ffff00_bg_888888.jpg,0.1875
22,23,exp_a1/112_sq\fg_ffffff_bg_888888.jpg,0.1685791015625
23,17,exp_a1/112_sq\fg_ff0000_bg_888888.jpg,0.167236328125
0,23,exp_a1/12_sq\fg_ffffff_bg_888888.jpg,0.369873046875
1,3,exp_a1/12_sq\fg_0000ff_bg_888888.jpg,0.36083984375
2,14,exp_a1/12_sq\fg_921e3e_bg_888888.jpg,0.359375
3,0,exp_a1/12_sq\fg_000000_bg_888888.jpg,0.358154296875
4,20,exp_a1/12_sq\fg_ffff00_bg_888888.jpg,0.3544921875
5,9,exp_a1/12_sq\fg_00ffff_bg_888888.jpg,0.351806640625
6,17,exp_a1/12_sq\fg_ff0000_bg_888888.jpg,0.35107421875
7,6,exp_a1/12_sq\fg_00ff00_bg_888888.jpg,0.34228515625
8,12,exp_a1/12_sq\fg_888888_bg_ffffff.jpg,0.29345703125
9,15,exp_a1/12_sq\fg_921e3e_bg_ffffff.jpg,0.292724609375
10,4,exp_a1/12_sq\fg_0000ff_bg_ffffff.jpg,0.289794921875
11,1,exp_a1/12_sq\fg_000000_bg_ffffff.jpg,0.2890625
12,18,exp_a1/12_sq\fg_ff0000_bg_ffffff.jpg,0.288818359375
13,21,exp_a1/12_sq\fg_ffff00_bg_ffffff.jpg,0.288818359375
14,10,exp_a1/12_sq\fg_00ffff_bg_ffffff.jpg,0.2880859375
15,7,exp_a1/12_sq\fg_00ff00_bg_ffffff.jpg,0.287841796875
16,22,exp_a1/12_sq\fg_ffffff_bg_000000.jpg,0.1822509765625
17,16,exp_a1/12_sq\fg_ff0000_bg_000000.jpg,0.181884765625
18,8,exp_a1/12_sq\fg_00ffff_bg_000000.jpg,0.1810302734375
19,11,exp_a1/12_sq\fg_888888_bg_000000.jpg,0.1807861328125
20,5,exp_a1/12_sq\fg_00ff00_bg_000000.jpg,0.180419921875
21,19,exp_a1/12_sq\fg_ffff00_bg_000000.jpg,0.180419921875
22,13,exp_a1/12_sq\fg_921e3e_bg_000000.jpg,0.179443359375
23,2,exp_a1/12_sq\fg_0000ff_bg_000000.jpg,0.178955078125
0,10,exp_a1/148_sq\fg_00ffff_bg_ffffff.jpg,0.32763671875
1,21,exp_a1/148_sq\fg_ffff00_bg_ffffff.jpg,0.320068359375
2,1,exp_a1/148_sq\fg_000000_bg_ffffff.jpg,0.310791015625
3,4,exp_a1/148_sq\fg_0000ff_bg_ffffff.jpg,0.2978515625
4,18,exp_a1/148_sq\fg_ff0000_bg_ffffff.jpg,0.28662109375
5,7,exp_a1/148_sq\fg_00ff00_bg_ffffff.jpg,0.284912109375
6,6,exp_a1/148_sq\fg_00ff00_bg_888888.jpg,0.2783203125
7,5,exp_a1/148_sq\fg_00ff00_bg_000000.jpg,0.272216796875
8,12,exp_a1/148_sq\fg_888888_bg_ffffff.jpg,0.27001953125
9,2,exp_a1/148_sq\fg_0000ff_bg_000000.jpg,0.2509765625
10,13,exp_a1/148_sq\fg_921e3e_bg_000000.jpg,0.250732421875
11,11,exp_a1/148_sq\fg_888888_bg_000000.jpg,0.247802734375
12,8,exp_a1/148_sq\fg_00ffff_bg_000000.jpg,0.221435546875
13,19,exp_a1/148_sq\fg_ffff00_bg_000000.jpg,0.2174072265625
14,15,exp_a1/148_sq\fg_921e3e_bg_ffffff.jpg,0.2100830078125
15,9,exp_a1/148_sq\fg_00ffff_bg_888888.jpg,0.1634521484375
16,14,exp_a1/148_sq\fg_921e3e_bg_888888.jpg,0.161865234375
17,3,exp_a1/148_sq\fg_0000ff_bg_888888.jpg,0.160888671875
18,22,exp_a1/148_sq\fg_ffffff_bg_000000.jpg,0.1519775390625
19,20,exp_a1/148_sq\fg_ffff00_bg_888888.jpg,0.151123046875
20,0,exp_a1/148_sq\fg_000000_bg_888888.jpg,0.1475830078125
21,16,exp_a1/148_sq\fg_ff0000_bg_000000.jpg,0.131103515625
22,17,exp_a1/148_sq\fg_ff0000_bg_888888.jpg,0.12103271484375
23,23,exp_a1/148_sq\fg_ffffff_bg_888888.jpg,0.11419677734375
0,11,exp_a1/200_sq\fg_888888_bg_000000.jpg,0.297607421875
1,5,exp_a1/200_sq\fg_00ff00_bg_000000.jpg,0.297119140625
2,19,exp_a1/200_sq\fg_ffff00_bg_000000.jpg,0.29638671875
3,18,exp_a1/200_sq\fg_ff0000_bg_ffffff.jpg,0.2861328125
4,8,exp_a1/200_sq\fg_00ffff_bg_000000.jpg,0.275390625
5,10,exp_a1/200_sq\fg_00ffff_bg_ffffff.jpg,0.261474609375
6,13,exp_a1/200_sq\fg_921e3e_bg_000000.jpg,0.260986328125
7,2,exp_a1/200_sq\fg_0000ff_bg_000000.jpg,0.2471923828125
8,21,exp_a1/200_sq\fg_ffff00_bg_ffffff.jpg,0.23681640625
9,7,exp_a1/200_sq\fg_00ff00_bg_ffffff.jpg,0.2330322265625
10,22,exp_a1/200_sq\fg_ffffff_bg_000000.jpg,0.2213134765625
11,0,exp_a1/200_sq\fg_000000_bg_888888.jpg,0.220458984375
12,16,exp_a1/200_sq\fg_ff0000_bg_000000.jpg,0.2135009765625
13,20,exp_a1/200_sq\fg_ffff00_bg_888888.jpg,0.18408203125
14,6,exp_a1/200_sq\fg_00ff00_bg_888888.jpg,0.1837158203125
15,3,exp_a1/200_sq\fg_0000ff_bg_888888.jpg,0.1788330078125
16,14,exp_a1/200_sq\fg_921e3e_bg_888888.jpg,0.1719970703125
17,1,exp_a1/200_sq\fg_000000_bg_ffffff.jpg,0.1689453125
18,17,exp_a1/200_sq\fg_ff0000_bg_888888.jpg,0.1524658203125
19,23,exp_a1/200_sq\fg_ffffff_bg_888888.jpg,0.1517333984375
20,4,exp_a1/200_sq\fg_0000ff_bg_ffffff.jpg,0.143310546875
21,9,exp_a1/200_sq\fg_00ffff_bg_888888.jpg,0.120361328125
22,15,exp_a1/200_sq\fg_921e3e_bg_ffffff.jpg,0.11419677734375
23,12,exp_a1/200_sq\fg_888888_bg_ffffff.jpg,0.04144287109375
0,23,exp_a1/4_sq\fg_ffffff_bg_888888.jpg,0.3896484375
1,3,exp_a1/4_sq\fg_0000ff_bg_888888.jpg,0.388427734375
2,9,exp_a1/4_sq\fg_00ffff_bg_888888.jpg,0.38623046875
3,0,exp_a1/4_sq\fg_000000_bg_888888.jpg,0.385986328125
4,14,exp_a1/4_sq\fg_921e3e_bg_888888.jpg,0.38037109375
5,20,exp_a1/4_sq\fg_ffff00_bg_888888.jpg,0.377197265625
6,17,exp_a1/4_sq\fg_ff0000_bg_888888.jpg,0.375244140625
7,6,exp_a1/4_sq\fg_00ff00_bg_888888.jpg,0.37353515625
8,10,exp_a1/4_sq\fg_00ffff_bg_ffffff.jpg,0.290283203125
9,15,exp_a1/4_sq\fg_921e3e_bg_ffffff.jpg,0.2900390625
10,18,exp_a1/4_sq\fg_ff0000_bg_ffffff.jpg,0.2900390625
11,4,exp_a1/4_sq\fg_0000ff_bg_ffffff.jpg,0.2900390625
12,7,exp_a1/4_sq\fg_00ff00_bg_ffffff.jpg,0.2900390625
13,12,exp_a1/4_sq\fg_888888_bg_ffffff.jpg,0.2900390625
14,1,exp_a1/4_sq\fg_000000_bg_ffffff.jpg,0.289794921875
15,21,exp_a1/4_sq\fg_ffff00_bg_ffffff.jpg,0.289794921875
16,22,exp_a1/4_sq\fg_ffffff_bg_000000.jpg,0.1795654296875
17,5,exp_a1/4_sq\fg_00ff00_bg_000000.jpg,0.179443359375
18,2,exp_a1/4_sq\fg_0000ff_bg_000000.jpg,0.1793212890625
19,13,exp_a1/4_sq\fg_921e3e_bg_000000.jpg,0.17919921875
20,8,exp_a1/4_sq\fg_00ffff_bg_000000.jpg,0.17919921875
21,19,exp_a1/4_sq\fg_ffff00_bg_000000.jpg,0.17919921875
22,11,exp_a1/4_sq\fg_888888_bg_000000.jpg,0.1790771484375
23,16,exp_a1/4_sq\fg_ff0000_bg_000000.jpg,0.1790771484375
0,6,exp_a1/56_sq\fg_00ff00_bg_888888.jpg,0.380615234375
1,14,exp_a1/56_sq\fg_921e3e_bg_888888.jpg,0.375244140625
2,9,exp_a1/56_sq\fg_00ffff_bg_888888.jpg,0.3681640625
3,3,exp_a1/56_sq\fg_0000ff_bg_888888.jpg,0.36669921875
4,0,exp_a1/56_sq\fg_000000_bg_888888.jpg,0.360595703125
5,20,exp_a1/56_sq\fg_ffff00_bg_888888.jpg,0.341064453125
6,21,exp_a1/56_sq\fg_ffff00_bg_ffffff.jpg,0.310546875
7,1,exp_a1/56_sq\fg_000000_bg_ffffff.jpg,0.30615234375
8,10,exp_a1/56_sq\fg_00ffff_bg_ffffff.jpg,0.296875
9,4,exp_a1/56_sq\fg_0000ff_bg_ffffff.jpg,0.294189453125
10,7,exp_a1/56_sq\fg_00ff00_bg_ffffff.jpg,0.286865234375
11,12,exp_a1/56_sq\fg_888888_bg_ffffff.jpg,0.28564453125
12,17,exp_a1/56_sq\fg_ff0000_bg_888888.jpg,0.2822265625
13,18,exp_a1/56_sq\fg_ff0000_bg_ffffff.jpg,0.27880859375
14,15,exp_a1/56_sq\fg_921e3e_bg_ffffff.jpg,0.269287109375
15,13,exp_a1/56_sq\fg_921e3e_bg_000000.jpg,0.2420654296875
16,23,exp_a1/56_sq\fg_ffffff_bg_888888.jpg,0.23828125
17,11,exp_a1/56_sq\fg_888888_bg_000000.jpg,0.2325439453125
18,19,exp_a1/56_sq\fg_ffff00_bg_000000.jpg,0.1982421875
19,22,exp_a1/56_sq\fg_ffffff_bg_000000.jpg,0.195068359375
20,8,exp_a1/56_sq\fg_00ffff_bg_000000.jpg,0.1934814453125
21,5,exp_a1/56_sq\fg_00ff00_bg_000000.jpg,0.190185546875
22,2,exp_a1/56_sq\fg_0000ff_bg_000000.jpg,0.1900634765625
23,16,exp_a1/56_sq\fg_ff0000_bg_000000.jpg,0.18994140625
0,4,exp_a1/colors\bg_888888.jpg,0.403076171875
1,8,exp_a1/colors\bg_ffffff.png,0.290283203125
2,7,exp_a1/colors\bg_ffff00.jpg,0.288330078125
3,6,exp_a1/colors\bg_ff0000.jpg,0.251220703125
4,5,exp_a1/colors\bg_921e3e.jpg,0.2342529296875
5,1,exp_a1/colors\bg_0000ff.jpg,0.23291015625
6,3,exp_a1/colors\bg_00ffff.jpg,0.22998046875
7,2,exp_a1/colors\bg_00ff00.jpg,0.22705078125
8,0,exp_a1/colors\bg_000000.jpg,0.1793212890625
