,Unnamed: 0,filepaths,similarity
0,6,exp_a1/112_sq\fg_00ff00_bg_888888.jpg,0.35693359375
1,10,exp_a1/112_sq\fg_00ffff_bg_ffffff.jpg,0.32568359375
2,14,exp_a1/112_sq\fg_921e3e_bg_888888.jpg,0.32470703125
3,21,exp_a1/112_sq\fg_ffff00_bg_ffffff.jpg,0.323486328125
4,9,exp_a1/112_sq\fg_00ffff_bg_888888.jpg,0.3076171875
5,1,exp_a1/112_sq\fg_000000_bg_ffffff.jpg,0.303466796875
6,7,exp_a1/112_sq\fg_00ff00_bg_ffffff.jpg,0.2978515625
7,12,exp_a1/112_sq\fg_888888_bg_ffffff.jpg,0.294921875
8,4,exp_a1/112_sq\fg_0000ff_bg_ffffff.jpg,0.291259765625
9,18,exp_a1/112_sq\fg_ff0000_bg_ffffff.jpg,0.287109375
10,15,exp_a1/112_sq\fg_921e3e_bg_ffffff.jpg,0.273681640625
11,5,exp_a1/112_sq\fg_00ff00_bg_000000.jpg,0.271240234375
12,3,exp_a1/112_sq\fg_0000ff_bg_888888.jpg,0.269775390625
13,13,exp_a1/112_sq\fg_921e3e_bg_000000.jpg,0.2607421875
14,11,exp_a1/112_sq\fg_888888_bg_000000.jpg,0.25341796875
15,8,exp_a1/112_sq\fg_00ffff_bg_000000.jpg,0.2423095703125
16,2,exp_a1/112_sq\fg_0000ff_bg_000000.jpg,0.22705078125
17,16,exp_a1/112_sq\fg_ff0000_bg_000000.jpg,0.2255859375
18,22,exp_a1/112_sq\fg_ffffff_bg_000000.jpg,0.225341796875
19,19,exp_a1/112_sq\fg_ffff00_bg_000000.jpg,0.2222900390625
20,0,exp_a1/112_sq\fg_000000_bg_888888.jpg,0.194091796875
21,20,exp_a1/112_sq\fg_ffff00_bg_888888.jpg,0.1920166015625
22,23,exp_a1/112_sq\fg_ffffff_bg_888888.jpg,0.181640625
23,17,exp_a1/112_sq\fg_ff0000_bg_888888.jpg,0.1788330078125
0,23,exp_a1/12_sq\fg_ffffff_bg_888888.jpg,0.3916015625
1,14,exp_a1/12_sq\fg_921e3e_bg_888888.jpg,0.38720703125
2,3,exp_a1/12_sq\fg_0000ff_bg_888888.jpg,0.38525390625
3,0,exp_a1/12_sq\fg_000000_bg_888888.jpg,0.382568359375
4,17,exp_a1/12_sq\fg_ff0000_bg_888888.jpg,0.376220703125
5,6,exp_a1/12_sq\fg_00ff00_bg_888888.jpg,0.372314453125
6,20,exp_a1/12_sq\fg_ffff00_bg_888888.jpg,0.3720703125
7,9,exp_a1/12_sq\fg_00ffff_bg_888888.jpg,0.371826171875
8,12,exp_a1/12_sq\fg_888888_bg_ffffff.jpg,0.304443359375
9,15,exp_a1/12_sq\fg_921e3e_bg_ffffff.jpg,0.303466796875
10,4,exp_a1/12_sq\fg_0000ff_bg_ffffff.jpg,0.30078125
11,1,exp_a1/12_sq\fg_000000_bg_ffffff.jpg,0.298583984375
12,7,exp_a1/12_sq\fg_00ff00_bg_ffffff.jpg,0.29736328125
13,21,exp_a1/12_sq\fg_ffff00_bg_ffffff.jpg,0.297119140625
14,10,exp_a1/12_sq\fg_00ffff_bg_ffffff.jpg,0.296875
15,18,exp_a1/12_sq\fg_ff0000_bg_ffffff.jpg,0.296875
16,22,exp_a1/12_sq\fg_ffffff_bg_000000.jpg,0.18603515625
17,16,exp_a1/12_sq\fg_ff0000_bg_000000.jpg,0.1854248046875
18,11,exp_a1/12_sq\fg_888888_bg_000000.jpg,0.1849365234375
19,8,exp_a1/12_sq\fg_00ffff_bg_000000.jpg,0.18359375
20,19,exp_a1/12_sq\fg_ffff00_bg_000000.jpg,0.183349609375
21,5,exp_a1/12_sq\fg_00ff00_bg_000000.jpg,0.1829833984375
22,13,exp_a1/12_sq\fg_921e3e_bg_000000.jpg,0.1824951171875
23,2,exp_a1/12_sq\fg_0000ff_bg_000000.jpg,0.1817626953125
0,21,exp_a1/148_sq\fg_ffff00_bg_ffffff.jpg,0.334228515625
1,10,exp_a1/148_sq\fg_00ffff_bg_ffffff.jpg,0.328857421875
2,6,exp_a1/148_sq\fg_00ff00_bg_888888.jpg,0.29833984375
3,1,exp_a1/148_sq\fg_000000_bg_ffffff.jpg,0.297119140625
4,7,exp_a1/148_sq\fg_00ff00_bg_ffffff.jpg,0.291748046875
5,18,exp_a1/148_sq\fg_ff0000_bg_ffffff.jpg,0.287109375
6,5,exp_a1/148_sq\fg_00ff00_bg_000000.jpg,0.281494140625
7,4,exp_a1/148_sq\fg_0000ff_bg_ffffff.jpg,0.279296875
8,13,exp_a1/148_sq\fg_921e3e_bg_000000.jpg,0.258544921875
9,12,exp_a1/148_sq\fg_888888_bg_ffffff.jpg,0.255126953125
10,2,exp_a1/148_sq\fg_0000ff_bg_000000.jpg,0.252197265625
11,19,exp_a1/148_sq\fg_ffff00_bg_000000.jpg,0.2288818359375
12,11,exp_a1/148_sq\fg_888888_bg_000000.jpg,0.223388671875
13,8,exp_a1/148_sq\fg_00ffff_bg_000000.jpg,0.22314453125
14,15,exp_a1/148_sq\fg_921e3e_bg_ffffff.jpg,0.2066650390625
15,9,exp_a1/148_sq\fg_00ffff_bg_888888.jpg,0.17529296875
16,14,exp_a1/148_sq\fg_921e3e_bg_888888.jpg,0.1712646484375
17,3,exp_a1/148_sq\fg_0000ff_bg_888888.jpg,0.162109375
18,22,exp_a1/148_sq\fg_ffffff_bg_000000.jpg,0.161865234375
19,20,exp_a1/148_sq\fg_ffff00_bg_888888.jpg,0.1566162109375
20,17,exp_a1/148_sq\fg_ff0000_bg_888888.jpg,0.1522216796875
21,23,exp_a1/148_sq\fg_ffffff_bg_888888.jpg,0.14599609375
22,16,exp_a1/148_sq\fg_ff0000_bg_000000.jpg,0.1419677734375
23,0,exp_a1/148_sq\fg_000000_bg_888888.jpg,0.1400146484375
0,5,exp_a1/200_sq\fg_00ff00_bg_000000.jpg,0.3125
1,19,exp_a1/200_sq\fg_ffff00_bg_000000.jpg,0.31103515625
2,18,exp_a1/200_sq\fg_ff0000_bg_ffffff.jpg,0.29345703125
3,8,exp_a1/200_sq\fg_00ffff_bg_000000.jpg,0.28173828125
4,11,exp_a1/200_sq\fg_888888_bg_000000.jpg,0.27001953125
5,10,exp_a1/200_sq\fg_00ffff_bg_ffffff.jpg,0.2685546875
6,13,exp_a1/200_sq\fg_921e3e_bg_000000.jpg,0.255615234375
7,21,exp_a1/200_sq\fg_ffff00_bg_ffffff.jpg,0.252197265625
8,22,exp_a1/200_sq\fg_ffffff_bg_000000.jpg,0.246337890625
9,2,exp_a1/200_sq\fg_0000ff_bg_000000.jpg,0.2440185546875
10,16,exp_a1/200_sq\fg_ff0000_bg_000000.jpg,0.2353515625
11,7,exp_a1/200_sq\fg_00ff00_bg_ffffff.jpg,0.2216796875
12,0,exp_a1/200_sq\fg_000000_bg_888888.jpg,0.2174072265625
13,6,exp_a1/200_sq\fg_00ff00_bg_888888.jpg,0.2071533203125
14,20,exp_a1/200_sq\fg_ffff00_bg_888888.jpg,0.1968994140625
15,3,exp_a1/200_sq\fg_0000ff_bg_888888.jpg,0.1842041015625
16,14,exp_a1/200_sq\fg_921e3e_bg_888888.jpg,0.1826171875
17,17,exp_a1/200_sq\fg_ff0000_bg_888888.jpg,0.1685791015625
18,1,exp_a1/200_sq\fg_000000_bg_ffffff.jpg,0.1666259765625
19,23,exp_a1/200_sq\fg_ffffff_bg_888888.jpg,0.165283203125
20,4,exp_a1/200_sq\fg_0000ff_bg_ffffff.jpg,0.1483154296875
21,9,exp_a1/200_sq\fg_00ffff_bg_888888.jpg,0.1370849609375
22,15,exp_a1/200_sq\fg_921e3e_bg_ffffff.jpg,0.12188720703125
23,12,exp_a1/200_sq\fg_888888_bg_ffffff.jpg,0.03668212890625
0,20,exp_a1/4_sq\fg_ffff00_bg_888888.jpg,0.41064453125
1,0,exp_a1/4_sq\fg_000000_bg_888888.jpg,0.409912109375
2,14,exp_a1/4_sq\fg_921e3e_bg_888888.jpg,0.40673828125
3,3,exp_a1/4_sq\fg_0000ff_bg_888888.jpg,0.40087890625
4,9,exp_a1/4_sq\fg_00ffff_bg_888888.jpg,0.400146484375
5,17,exp_a1/4_sq\fg_ff0000_bg_888888.jpg,0.399658203125
6,6,exp_a1/4_sq\fg_00ff00_bg_888888.jpg,0.398681640625
7,23,exp_a1/4_sq\fg_ffffff_bg_888888.jpg,0.3984375
8,10,exp_a1/4_sq\fg_00ffff_bg_ffffff.jpg,0.297119140625
9,15,exp_a1/4_sq\fg_921e3e_bg_ffffff.jpg,0.296875
10,4,exp_a1/4_sq\fg_0000ff_bg_ffffff.jpg,0.296875
11,18,exp_a1/4_sq\fg_ff0000_bg_ffffff.jpg,0.296875
12,12,exp_a1/4_sq\fg_888888_bg_ffffff.jpg,0.296875
13,7,exp_a1/4_sq\fg_00ff00_bg_ffffff.jpg,0.296630859375
14,1,exp_a1/4_sq\fg_000000_bg_ffffff.jpg,0.296630859375
15,21,exp_a1/4_sq\fg_ffff00_bg_ffffff.jpg,0.29638671875
16,22,exp_a1/4_sq\fg_ffffff_bg_000000.jpg,0.1820068359375
17,5,exp_a1/4_sq\fg_00ff00_bg_000000.jpg,0.181884765625
18,13,exp_a1/4_sq\fg_921e3e_bg_000000.jpg,0.1817626953125
19,2,exp_a1/4_sq\fg_0000ff_bg_000000.jpg,0.1817626953125
20,11,exp_a1/4_sq\fg_888888_bg_000000.jpg,0.181640625
21,19,exp_a1/4_sq\fg_ffff00_bg_000000.jpg,0.181640625
22,8,exp_a1/4_sq\fg_00ffff_bg_000000.jpg,0.1815185546875
23,16,exp_a1/4_sq\fg_ff0000_bg_000000.jpg,0.1815185546875
0,6,exp_a1/56_sq\fg_00ff00_bg_888888.jpg,0.40625
1,14,exp_a1/56_sq\fg_921e3e_bg_888888.jpg,0.392822265625
2,3,exp_a1/56_sq\fg_0000ff_bg_888888.jpg,0.381591796875
3,9,exp_a1/56_sq\fg_00ffff_bg_888888.jpg,0.37939453125
4,0,exp_a1/56_sq\fg_000000_bg_888888.jpg,0.37548828125
5,20,exp_a1/56_sq\fg_ffff00_bg_888888.jpg,0.347412109375
6,21,exp_a1/56_sq\fg_ffff00_bg_ffffff.jpg,0.334716796875
7,1,exp_a1/56_sq\fg_000000_bg_ffffff.jpg,0.334228515625
8,4,exp_a1/56_sq\fg_0000ff_bg_ffffff.jpg,0.326416015625
9,10,exp_a1/56_sq\fg_00ffff_bg_ffffff.jpg,0.318359375
10,12,exp_a1/56_sq\fg_888888_bg_ffffff.jpg,0.3125
11,7,exp_a1/56_sq\fg_00ff00_bg_ffffff.jpg,0.310302734375
12,15,exp_a1/56_sq\fg_921e3e_bg_ffffff.jpg,0.309326171875
13,18,exp_a1/56_sq\fg_ff0000_bg_ffffff.jpg,0.2900390625
14,17,exp_a1/56_sq\fg_ff0000_bg_888888.jpg,0.287841796875
15,11,exp_a1/56_sq\fg_888888_bg_000000.jpg,0.251708984375
16,13,exp_a1/56_sq\fg_921e3e_bg_000000.jpg,0.25
17,23,exp_a1/56_sq\fg_ffffff_bg_888888.jpg,0.2406005859375
18,22,exp_a1/56_sq\fg_ffffff_bg_000000.jpg,0.2088623046875
19,19,exp_a1/56_sq\fg_ffff00_bg_000000.jpg,0.2078857421875
20,16,exp_a1/56_sq\fg_ff0000_bg_000000.jpg,0.2052001953125
21,8,exp_a1/56_sq\fg_00ffff_bg_000000.jpg,0.2012939453125
22,5,exp_a1/56_sq\fg_00ff00_bg_000000.jpg,0.1971435546875
23,2,exp_a1/56_sq\fg_0000ff_bg_000000.jpg,0.1956787109375
0,4,exp_a1/colors\bg_888888.jpg,0.4033203125
1,8,exp_a1/colors\bg_ffffff.png,0.297119140625
2,7,exp_a1/colors\bg_ffff00.jpg,0.29150390625
3,6,exp_a1/colors\bg_ff0000.jpg,0.254638671875
4,5,exp_a1/colors\bg_921e3e.jpg,0.248779296875
5,3,exp_a1/colors\bg_00ffff.jpg,0.2362060546875
6,1,exp_a1/colors\bg_0000ff.jpg,0.230224609375
7,2,exp_a1/colors\bg_00ff00.jpg,0.2266845703125
8,0,exp_a1/colors\bg_000000.jpg,0.1817626953125
