,Unnamed: 0,filepaths,similarity
0,6,exp_a1/112_sq\fg_00ff00_bg_888888.jpg,0.3515625
1,21,exp_a1/112_sq\fg_ffff00_bg_ffffff.jpg,0.34375
2,10,exp_a1/112_sq\fg_00ffff_bg_ffffff.jpg,0.3427734375
3,14,exp_a1/112_sq\fg_921e3e_bg_888888.jpg,0.33984375
4,1,exp_a1/112_sq\fg_000000_bg_ffffff.jpg,0.32861328125
5,18,exp_a1/112_sq\fg_ff0000_bg_ffffff.jpg,0.321044921875
6,4,exp_a1/112_sq\fg_0000ff_bg_ffffff.jpg,0.32080078125
7,9,exp_a1/112_sq\fg_00ffff_bg_888888.jpg,0.314208984375
8,12,exp_a1/112_sq\fg_888888_bg_ffffff.jpg,0.31103515625
9,15,exp_a1/112_sq\fg_921e3e_bg_ffffff.jpg,0.305419921875
10,7,exp_a1/112_sq\fg_00ff00_bg_ffffff.jpg,0.304443359375
11,3,exp_a1/112_sq\fg_0000ff_bg_888888.jpg,0.284423828125
12,5,exp_a1/112_sq\fg_00ff00_bg_000000.jpg,0.280029296875
13,11,exp_a1/112_sq\fg_888888_bg_000000.jpg,0.265625
14,13,exp_a1/112_sq\fg_921e3e_bg_000000.jpg,0.263671875
15,8,exp_a1/112_sq\fg_00ffff_bg_000000.jpg,0.2451171875
16,16,exp_a1/112_sq\fg_ff0000_bg_000000.jpg,0.2410888671875
17,22,exp_a1/112_sq\fg_ffffff_bg_000000.jpg,0.239501953125
18,2,exp_a1/112_sq\fg_0000ff_bg_000000.jpg,0.2265625
19,0,exp_a1/112_sq\fg_000000_bg_888888.jpg,0.2174072265625
20,20,exp_a1/112_sq\fg_ffff00_bg_888888.jpg,0.215576171875
21,19,exp_a1/112_sq\fg_ffff00_bg_000000.jpg,0.21484375
22,23,exp_a1/112_sq\fg_ffffff_bg_888888.jpg,0.1834716796875
23,17,exp_a1/112_sq\fg_ff0000_bg_888888.jpg,0.179443359375
0,23,exp_a1/12_sq\fg_ffffff_bg_888888.jpg,0.390625
1,3,exp_a1/12_sq\fg_0000ff_bg_888888.jpg,0.386962890625
2,14,exp_a1/12_sq\fg_921e3e_bg_888888.jpg,0.38623046875
3,0,exp_a1/12_sq\fg_000000_bg_888888.jpg,0.383544921875
4,20,exp_a1/12_sq\fg_ffff00_bg_888888.jpg,0.376708984375
5,9,exp_a1/12_sq\fg_00ffff_bg_888888.jpg,0.37255859375
6,17,exp_a1/12_sq\fg_ff0000_bg_888888.jpg,0.372314453125
7,6,exp_a1/12_sq\fg_00ff00_bg_888888.jpg,0.3671875
8,12,exp_a1/12_sq\fg_888888_bg_ffffff.jpg,0.3330078125
9,15,exp_a1/12_sq\fg_921e3e_bg_ffffff.jpg,0.332763671875
10,4,exp_a1/12_sq\fg_0000ff_bg_ffffff.jpg,0.331298828125
11,1,exp_a1/12_sq\fg_000000_bg_ffffff.jpg,0.3310546875
12,18,exp_a1/12_sq\fg_ff0000_bg_ffffff.jpg,0.3310546875
13,21,exp_a1/12_sq\fg_ffff00_bg_ffffff.jpg,0.330810546875
14,10,exp_a1/12_sq\fg_00ffff_bg_ffffff.jpg,0.330078125
15,7,exp_a1/12_sq\fg_00ff00_bg_ffffff.jpg,0.329833984375
16,22,exp_a1/12_sq\fg_ffffff_bg_000000.jpg,0.18994140625
17,11,exp_a1/12_sq\fg_888888_bg_000000.jpg,0.189697265625
18,16,exp_a1/12_sq\fg_ff0000_bg_000000.jpg,0.189453125
19,8,exp_a1/12_sq\fg_00ffff_bg_000000.jpg,0.18896484375
20,5,exp_a1/12_sq\fg_00ff00_bg_000000.jpg,0.1884765625
21,19,exp_a1/12_sq\fg_ffff00_bg_000000.jpg,0.1883544921875
22,13,exp_a1/12_sq\fg_921e3e_bg_000000.jpg,0.1878662109375
23,2,exp_a1/12_sq\fg_0000ff_bg_000000.jpg,0.187255859375
0,21,exp_a1/148_sq\fg_ffff00_bg_ffffff.jpg,0.359130859375
1,10,exp_a1/148_sq\fg_00ffff_bg_ffffff.jpg,0.356689453125
2,1,exp_a1/148_sq\fg_000000_bg_ffffff.jpg,0.3251953125
3,7,exp_a1/148_sq\fg_00ff00_bg_ffffff.jpg,0.322998046875
4,18,exp_a1/148_sq\fg_ff0000_bg_ffffff.jpg,0.318115234375
5,4,exp_a1/148_sq\fg_0000ff_bg_ffffff.jpg,0.310302734375
6,5,exp_a1/148_sq\fg_00ff00_bg_000000.jpg,0.297119140625
7,6,exp_a1/148_sq\fg_00ff00_bg_888888.jpg,0.286376953125
8,12,exp_a1/148_sq\fg_888888_bg_ffffff.jpg,0.283447265625
9,13,exp_a1/148_sq\fg_921e3e_bg_000000.jpg,0.258544921875
10,2,exp_a1/148_sq\fg_0000ff_bg_000000.jpg,0.253173828125
11,11,exp_a1/148_sq\fg_888888_bg_000000.jpg,0.2423095703125
12,8,exp_a1/148_sq\fg_00ffff_bg_000000.jpg,0.2349853515625
13,15,exp_a1/148_sq\fg_921e3e_bg_ffffff.jpg,0.234375
14,19,exp_a1/148_sq\fg_ffff00_bg_000000.jpg,0.2254638671875
15,14,exp_a1/148_sq\fg_921e3e_bg_888888.jpg,0.20166015625
16,9,exp_a1/148_sq\fg_00ffff_bg_888888.jpg,0.1915283203125
17,22,exp_a1/148_sq\fg_ffffff_bg_000000.jpg,0.183349609375
18,3,exp_a1/148_sq\fg_0000ff_bg_888888.jpg,0.1832275390625
19,20,exp_a1/148_sq\fg_ffff00_bg_888888.jpg,0.177978515625
20,17,exp_a1/148_sq\fg_ff0000_bg_888888.jpg,0.16845703125
21,23,exp_a1/148_sq\fg_ffffff_bg_888888.jpg,0.1671142578125
22,0,exp_a1/148_sq\fg_000000_bg_888888.jpg,0.1624755859375
23,16,exp_a1/148_sq\fg_ff0000_bg_000000.jpg,0.1619873046875
0,5,exp_a1/200_sq\fg_00ff00_bg_000000.jpg,0.33740234375
1,18,exp_a1/200_sq\fg_ff0000_bg_ffffff.jpg,0.327392578125
2,19,exp_a1/200_sq\fg_ffff00_bg_000000.jpg,0.323486328125
3,8,exp_a1/200_sq\fg_00ffff_bg_000000.jpg,0.3125
4,10,exp_a1/200_sq\fg_00ffff_bg_ffffff.jpg,0.302978515625
5,11,exp_a1/200_sq\fg_888888_bg_000000.jpg,0.298828125
6,21,exp_a1/200_sq\fg_ffff00_bg_ffffff.jpg,0.2822265625
7,22,exp_a1/200_sq\fg_ffffff_bg_000000.jpg,0.274169921875
8,16,exp_a1/200_sq\fg_ff0000_bg_000000.jpg,0.263916015625
9,7,exp_a1/200_sq\fg_00ff00_bg_ffffff.jpg,0.25830078125
10,13,exp_a1/200_sq\fg_921e3e_bg_000000.jpg,0.2548828125
11,2,exp_a1/200_sq\fg_0000ff_bg_000000.jpg,0.2396240234375
12,0,exp_a1/200_sq\fg_000000_bg_888888.jpg,0.22607421875
13,6,exp_a1/200_sq\fg_00ff00_bg_888888.jpg,0.2125244140625
14,14,exp_a1/200_sq\fg_921e3e_bg_888888.jpg,0.2042236328125
15,17,exp_a1/200_sq\fg_ff0000_bg_888888.jpg,0.202880859375
16,23,exp_a1/200_sq\fg_ffffff_bg_888888.jpg,0.2008056640625
17,20,exp_a1/200_sq\fg_ffff00_bg_888888.jpg,0.19873046875
18,3,exp_a1/200_sq\fg_0000ff_bg_888888.jpg,0.198486328125
19,1,exp_a1/200_sq\fg_000000_bg_ffffff.jpg,0.1903076171875
20,4,exp_a1/200_sq\fg_0000ff_bg_ffffff.jpg,0.1710205078125
21,9,exp_a1/200_sq\fg_00ffff_bg_888888.jpg,0.1575927734375
22,15,exp_a1/200_sq\fg_921e3e_bg_ffffff.jpg,0.13818359375
23,12,exp_a1/200_sq\fg_888888_bg_ffffff.jpg,0.05108642578125
0,0,exp_a1/4_sq\fg_000000_bg_888888.jpg,0.405517578125
1,3,exp_a1/4_sq\fg_0000ff_bg_888888.jpg,0.398681640625
2,14,exp_a1/4_sq\fg_921e3e_bg_888888.jpg,0.391845703125
3,9,exp_a1/4_sq\fg_00ffff_bg_888888.jpg,0.390380859375
4,23,exp_a1/4_sq\fg_ffffff_bg_888888.jpg,0.390380859375
5,20,exp_a1/4_sq\fg_ffff00_bg_888888.jpg,0.3896484375
6,17,exp_a1/4_sq\fg_ff0000_bg_888888.jpg,0.384765625
7,6,exp_a1/4_sq\fg_00ff00_bg_888888.jpg,0.3837890625
8,10,exp_a1/4_sq\fg_00ffff_bg_ffffff.jpg,0.332275390625
9,15,exp_a1/4_sq\fg_921e3e_bg_ffffff.jpg,0.33203125
10,12,exp_a1/4_sq\fg_888888_bg_ffffff.jpg,0.331787109375
11,7,exp_a1/4_sq\fg_00ff00_bg_ffffff.jpg,0.331787109375
12,4,exp_a1/4_sq\fg_0000ff_bg_ffffff.jpg,0.331787109375
13,1,exp_a1/4_sq\fg_000000_bg_ffffff.jpg,0.331787109375
14,18,exp_a1/4_sq\fg_ff0000_bg_ffffff.jpg,0.331787109375
15,21,exp_a1/4_sq\fg_ffff00_bg_ffffff.jpg,0.33154296875
16,22,exp_a1/4_sq\fg_ffffff_bg_000000.jpg,0.187744140625
17,5,exp_a1/4_sq\fg_00ff00_bg_000000.jpg,0.1875
18,2,exp_a1/4_sq\fg_0000ff_bg_000000.jpg,0.1875
19,16,exp_a1/4_sq\fg_ff0000_bg_000000.jpg,0.1873779296875
20,19,exp_a1/4_sq\fg_ffff00_bg_000000.jpg,0.1873779296875
21,13,exp_a1/4_sq\fg_921e3e_bg_000000.jpg,0.1873779296875
22,11,exp_a1/4_sq\fg_888888_bg_000000.jpg,0.187255859375
23,8,exp_a1/4_sq\fg_00ffff_bg_000000.jpg,0.187255859375
0,6,exp_a1/56_sq\fg_00ff00_bg_888888.jpg,0.39990234375
1,14,exp_a1/56_sq\fg_921e3e_bg_888888.jpg,0.3935546875
2,9,exp_a1/56_sq\fg_00ffff_bg_888888.jpg,0.387939453125
3,3,exp_a1/56_sq\fg_0000ff_bg_888888.jpg,0.38134765625
4,0,exp_a1/56_sq\fg_000000_bg_888888.jpg,0.379150390625
5,20,exp_a1/56_sq\fg_ffff00_bg_888888.jpg,0.3662109375
6,21,exp_a1/56_sq\fg_ffff00_bg_ffffff.jpg,0.36181640625
7,1,exp_a1/56_sq\fg_000000_bg_ffffff.jpg,0.359375
8,4,exp_a1/56_sq\fg_0000ff_bg_ffffff.jpg,0.350341796875
9,10,exp_a1/56_sq\fg_00ffff_bg_ffffff.jpg,0.34716796875
10,7,exp_a1/56_sq\fg_00ff00_bg_ffffff.jpg,0.339599609375
11,12,exp_a1/56_sq\fg_888888_bg_ffffff.jpg,0.33935546875
12,15,exp_a1/56_sq\fg_921e3e_bg_ffffff.jpg,0.334228515625
13,18,exp_a1/56_sq\fg_ff0000_bg_ffffff.jpg,0.322998046875
14,17,exp_a1/56_sq\fg_ff0000_bg_888888.jpg,0.31494140625
15,23,exp_a1/56_sq\fg_ffffff_bg_888888.jpg,0.27587890625
16,11,exp_a1/56_sq\fg_888888_bg_000000.jpg,0.2490234375
17,13,exp_a1/56_sq\fg_921e3e_bg_000000.jpg,0.248779296875
18,22,exp_a1/56_sq\fg_ffffff_bg_000000.jpg,0.2091064453125
19,16,exp_a1/56_sq\fg_ff0000_bg_000000.jpg,0.204833984375
20,19,exp_a1/56_sq\fg_ffff00_bg_000000.jpg,0.2037353515625
21,8,exp_a1/56_sq\fg_00ffff_bg_000000.jpg,0.2005615234375
22,2,exp_a1/56_sq\fg_0000ff_bg_000000.jpg,0.197265625
23,5,exp_a1/56_sq\fg_00ff00_bg_000000.jpg,0.195556640625
0,4,exp_a1/colors\bg_888888.jpg,0.403564453125
1,8,exp_a1/colors\bg_ffffff.png,0.33251953125
2,7,exp_a1/colors\bg_ffff00.jpg,0.32666015625
3,6,exp_a1/colors\bg_ff0000.jpg,0.27685546875
4,3,exp_a1/colors\bg_00ffff.jpg,0.2705078125
5,2,exp_a1/colors\bg_00ff00.jpg,0.267578125
6,5,exp_a1/colors\bg_921e3e.jpg,0.23681640625
7,1,exp_a1/colors\bg_0000ff.jpg,0.232666015625
8,0,exp_a1/colors\bg_000000.jpg,0.1875
