,Unnamed: 0,filepaths,similarity
0,6,exp_a1/112_sq\fg_00ff00_bg_888888.jpg,0.3623046875
1,14,exp_a1/112_sq\fg_921e3e_bg_888888.jpg,0.351806640625
2,10,exp_a1/112_sq\fg_00ffff_bg_ffffff.jpg,0.34423828125
3,21,exp_a1/112_sq\fg_ffff00_bg_ffffff.jpg,0.3388671875
4,1,exp_a1/112_sq\fg_000000_bg_ffffff.jpg,0.325439453125
5,9,exp_a1/112_sq\fg_00ffff_bg_888888.jpg,0.324462890625
6,4,exp_a1/112_sq\fg_0000ff_bg_ffffff.jpg,0.30859375
7,18,exp_a1/112_sq\fg_ff0000_bg_ffffff.jpg,0.306884765625
8,7,exp_a1/112_sq\fg_00ff00_bg_ffffff.jpg,0.30322265625
9,12,exp_a1/112_sq\fg_888888_bg_ffffff.jpg,0.30078125
10,3,exp_a1/112_sq\fg_0000ff_bg_888888.jpg,0.294677734375
11,15,exp_a1/112_sq\fg_921e3e_bg_ffffff.jpg,0.28173828125
12,5,exp_a1/112_sq\fg_00ff00_bg_000000.jpg,0.273193359375
13,11,exp_a1/112_sq\fg_888888_bg_000000.jpg,0.269775390625
14,13,exp_a1/112_sq\fg_921e3e_bg_000000.jpg,0.261962890625
15,8,exp_a1/112_sq\fg_00ffff_bg_000000.jpg,0.2509765625
16,16,exp_a1/112_sq\fg_ff0000_bg_000000.jpg,0.234619140625
17,22,exp_a1/112_sq\fg_ffffff_bg_000000.jpg,0.2335205078125
18,0,exp_a1/112_sq\fg_000000_bg_888888.jpg,0.2314453125
19,20,exp_a1/112_sq\fg_ffff00_bg_888888.jpg,0.229248046875
20,2,exp_a1/112_sq\fg_0000ff_bg_000000.jpg,0.227294921875
21,19,exp_a1/112_sq\fg_ffff00_bg_000000.jpg,0.2235107421875
22,23,exp_a1/112_sq\fg_ffffff_bg_888888.jpg,0.1976318359375
23,17,exp_a1/112_sq\fg_ff0000_bg_888888.jpg,0.1943359375
0,3,exp_a1/12_sq\fg_0000ff_bg_888888.jpg,0.409423828125
1,0,exp_a1/12_sq\fg_000000_bg_888888.jpg,0.408447265625
2,14,exp_a1/12_sq\fg_921e3e_bg_888888.jpg,0.40625
3,23,exp_a1/12_sq\fg_ffffff_bg_888888.jpg,0.401611328125
4,6,exp_a1/12_sq\fg_00ff00_bg_888888.jpg,0.38525390625
5,20,exp_a1/12_sq\fg_ffff00_bg_888888.jpg,0.384521484375
6,9,exp_a1/12_sq\fg_00ffff_bg_888888.jpg,0.382080078125
7,17,exp_a1/12_sq\fg_ff0000_bg_888888.jpg,0.3798828125
8,12,exp_a1/12_sq\fg_888888_bg_ffffff.jpg,0.322021484375
9,15,exp_a1/12_sq\fg_921e3e_bg_ffffff.jpg,0.32080078125
10,4,exp_a1/12_sq\fg_0000ff_bg_ffffff.jpg,0.318603515625
11,1,exp_a1/12_sq\fg_000000_bg_ffffff.jpg,0.316650390625
12,7,exp_a1/12_sq\fg_00ff00_bg_ffffff.jpg,0.315673828125
13,10,exp_a1/12_sq\fg_00ffff_bg_ffffff.jpg,0.315185546875
14,18,exp_a1/12_sq\fg_ff0000_bg_ffffff.jpg,0.315185546875
15,21,exp_a1/12_sq\fg_ffff00_bg_ffffff.jpg,0.315185546875
16,22,exp_a1/12_sq\fg_ffffff_bg_000000.jpg,0.1904296875
17,16,exp_a1/12_sq\fg_ff0000_bg_000000.jpg,0.18994140625
18,11,exp_a1/12_sq\fg_888888_bg_000000.jpg,0.1895751953125
19,8,exp_a1/12_sq\fg_00ffff_bg_000000.jpg,0.1883544921875
20,19,exp_a1/12_sq\fg_ffff00_bg_000000.jpg,0.18798828125
21,5,exp_a1/12_sq\fg_00ff00_bg_000000.jpg,0.187744140625
22,13,exp_a1/12_sq\fg_921e3e_bg_000000.jpg,0.18701171875
23,2,exp_a1/12_sq\fg_0000ff_bg_000000.jpg,0.1864013671875
0,21,exp_a1/148_sq\fg_ffff00_bg_ffffff.jpg,0.3515625
1,10,exp_a1/148_sq\fg_00ffff_bg_ffffff.jpg,0.349365234375
2,1,exp_a1/148_sq\fg_000000_bg_ffffff.jpg,0.31591796875
3,7,exp_a1/148_sq\fg_00ff00_bg_ffffff.jpg,0.3125
4,6,exp_a1/148_sq\fg_00ff00_bg_888888.jpg,0.3046875
5,18,exp_a1/148_sq\fg_ff0000_bg_ffffff.jpg,0.30419921875
6,4,exp_a1/148_sq\fg_0000ff_bg_ffffff.jpg,0.296875
7,12,exp_a1/148_sq\fg_888888_bg_ffffff.jpg,0.285400390625
8,5,exp_a1/148_sq\fg_00ff00_bg_000000.jpg,0.2802734375
9,13,exp_a1/148_sq\fg_921e3e_bg_000000.jpg,0.25390625
10,2,exp_a1/148_sq\fg_0000ff_bg_000000.jpg,0.25341796875
11,11,exp_a1/148_sq\fg_888888_bg_000000.jpg,0.23779296875
12,8,exp_a1/148_sq\fg_00ffff_bg_000000.jpg,0.2357177734375
13,19,exp_a1/148_sq\fg_ffff00_bg_000000.jpg,0.227783203125
14,15,exp_a1/148_sq\fg_921e3e_bg_ffffff.jpg,0.2196044921875
15,14,exp_a1/148_sq\fg_921e3e_bg_888888.jpg,0.2137451171875
16,9,exp_a1/148_sq\fg_00ffff_bg_888888.jpg,0.2109375
17,20,exp_a1/148_sq\fg_ffff00_bg_888888.jpg,0.199951171875
18,3,exp_a1/148_sq\fg_0000ff_bg_888888.jpg,0.19921875
19,22,exp_a1/148_sq\fg_ffffff_bg_000000.jpg,0.1834716796875
20,0,exp_a1/148_sq\fg_000000_bg_888888.jpg,0.1800537109375
21,17,exp_a1/148_sq\fg_ff0000_bg_888888.jpg,0.1754150390625
22,23,exp_a1/148_sq\fg_ffffff_bg_888888.jpg,0.1748046875
23,16,exp_a1/148_sq\fg_ff0000_bg_000000.jpg,0.1588134765625
0,5,exp_a1/200_sq\fg_00ff00_bg_000000.jpg,0.326171875
1,19,exp_a1/200_sq\fg_ffff00_bg_000000.jpg,0.315185546875
2,18,exp_a1/200_sq\fg_ff0000_bg_ffffff.jpg,0.31103515625
3,8,exp_a1/200_sq\fg_00ffff_bg_000000.jpg,0.2958984375
4,10,exp_a1/200_sq\fg_00ffff_bg_ffffff.jpg,0.2958984375
5,11,exp_a1/200_sq\fg_888888_bg_000000.jpg,0.2890625
6,21,exp_a1/200_sq\fg_ffff00_bg_ffffff.jpg,0.272705078125
7,22,exp_a1/200_sq\fg_ffffff_bg_000000.jpg,0.256103515625
8,13,exp_a1/200_sq\fg_921e3e_bg_000000.jpg,0.255615234375
9,2,exp_a1/200_sq\fg_0000ff_bg_000000.jpg,0.24755859375
10,16,exp_a1/200_sq\fg_ff0000_bg_000000.jpg,0.2454833984375
11,7,exp_a1/200_sq\fg_00ff00_bg_ffffff.jpg,0.243408203125
12,0,exp_a1/200_sq\fg_000000_bg_888888.jpg,0.2381591796875
13,14,exp_a1/200_sq\fg_921e3e_bg_888888.jpg,0.21875
14,20,exp_a1/200_sq\fg_ffff00_bg_888888.jpg,0.216796875
15,6,exp_a1/200_sq\fg_00ff00_bg_888888.jpg,0.2156982421875
16,3,exp_a1/200_sq\fg_0000ff_bg_888888.jpg,0.21142578125
17,17,exp_a1/200_sq\fg_ff0000_bg_888888.jpg,0.2022705078125
18,23,exp_a1/200_sq\fg_ffffff_bg_888888.jpg,0.1993408203125
19,1,exp_a1/200_sq\fg_000000_bg_ffffff.jpg,0.182373046875
20,9,exp_a1/200_sq\fg_00ffff_bg_888888.jpg,0.1668701171875
21,4,exp_a1/200_sq\fg_0000ff_bg_ffffff.jpg,0.1644287109375
22,15,exp_a1/200_sq\fg_921e3e_bg_ffffff.jpg,0.1337890625
23,12,exp_a1/200_sq\fg_888888_bg_ffffff.jpg,0.046905517578125
0,0,exp_a1/4_sq\fg_000000_bg_888888.jpg,0.42724609375
1,3,exp_a1/4_sq\fg_0000ff_bg_888888.jpg,0.42041015625
2,9,exp_a1/4_sq\fg_00ffff_bg_888888.jpg,0.417724609375
3,23,exp_a1/4_sq\fg_ffffff_bg_888888.jpg,0.413330078125
4,14,exp_a1/4_sq\fg_921e3e_bg_888888.jpg,0.4130859375
5,20,exp_a1/4_sq\fg_ffff00_bg_888888.jpg,0.410400390625
6,17,exp_a1/4_sq\fg_ff0000_bg_888888.jpg,0.40966796875
7,6,exp_a1/4_sq\fg_00ff00_bg_888888.jpg,0.408203125
8,10,exp_a1/4_sq\fg_00ffff_bg_ffffff.jpg,0.31494140625
9,1,exp_a1/4_sq\fg_000000_bg_ffffff.jpg,0.314697265625
10,18,exp_a1/4_sq\fg_ff0000_bg_ffffff.jpg,0.314697265625
11,15,exp_a1/4_sq\fg_921e3e_bg_ffffff.jpg,0.314697265625
12,4,exp_a1/4_sq\fg_0000ff_bg_ffffff.jpg,0.314697265625
13,7,exp_a1/4_sq\fg_00ff00_bg_ffffff.jpg,0.314697265625
14,21,exp_a1/4_sq\fg_ffff00_bg_ffffff.jpg,0.314453125
15,12,exp_a1/4_sq\fg_888888_bg_ffffff.jpg,0.314453125
16,22,exp_a1/4_sq\fg_ffffff_bg_000000.jpg,0.1868896484375
17,5,exp_a1/4_sq\fg_00ff00_bg_000000.jpg,0.1866455078125
18,13,exp_a1/4_sq\fg_921e3e_bg_000000.jpg,0.1865234375
19,11,exp_a1/4_sq\fg_888888_bg_000000.jpg,0.1864013671875
20,16,exp_a1/4_sq\fg_ff0000_bg_000000.jpg,0.1864013671875
21,2,exp_a1/4_sq\fg_0000ff_bg_000000.jpg,0.1864013671875
22,19,exp_a1/4_sq\fg_ffff00_bg_000000.jpg,0.1864013671875
23,8,exp_a1/4_sq\fg_00ffff_bg_000000.jpg,0.186279296875
0,14,exp_a1/56_sq\fg_921e3e_bg_888888.jpg,0.41259765625
1,6,exp_a1/56_sq\fg_00ff00_bg_888888.jpg,0.410400390625
2,9,exp_a1/56_sq\fg_00ffff_bg_888888.jpg,0.398193359375
3,0,exp_a1/56_sq\fg_000000_bg_888888.jpg,0.395263671875
4,3,exp_a1/56_sq\fg_0000ff_bg_888888.jpg,0.39013671875
5,20,exp_a1/56_sq\fg_ffff00_bg_888888.jpg,0.375
6,1,exp_a1/56_sq\fg_000000_bg_ffffff.jpg,0.35107421875
7,21,exp_a1/56_sq\fg_ffff00_bg_ffffff.jpg,0.350341796875
8,4,exp_a1/56_sq\fg_0000ff_bg_ffffff.jpg,0.34130859375
9,12,exp_a1/56_sq\fg_888888_bg_ffffff.jpg,0.33251953125
10,10,exp_a1/56_sq\fg_00ffff_bg_ffffff.jpg,0.330810546875
11,15,exp_a1/56_sq\fg_921e3e_bg_ffffff.jpg,0.326904296875
12,17,exp_a1/56_sq\fg_ff0000_bg_888888.jpg,0.32666015625
13,7,exp_a1/56_sq\fg_00ff00_bg_ffffff.jpg,0.323486328125
14,18,exp_a1/56_sq\fg_ff0000_bg_ffffff.jpg,0.30712890625
15,23,exp_a1/56_sq\fg_ffffff_bg_888888.jpg,0.286376953125
16,11,exp_a1/56_sq\fg_888888_bg_000000.jpg,0.2529296875
17,13,exp_a1/56_sq\fg_921e3e_bg_000000.jpg,0.248779296875
18,22,exp_a1/56_sq\fg_ffffff_bg_000000.jpg,0.215576171875
19,16,exp_a1/56_sq\fg_ff0000_bg_000000.jpg,0.213134765625
20,19,exp_a1/56_sq\fg_ffff00_bg_000000.jpg,0.20751953125
21,8,exp_a1/56_sq\fg_00ffff_bg_000000.jpg,0.2056884765625
22,5,exp_a1/56_sq\fg_00ff00_bg_000000.jpg,0.1995849609375
23,2,exp_a1/56_sq\fg_0000ff_bg_000000.jpg,0.1983642578125
0,4,exp_a1/colors\bg_888888.jpg,0.416015625
1,8,exp_a1/colors\bg_ffffff.png,0.314697265625
2,7,exp_a1/colors\bg_ffff00.jpg,0.310546875
3,6,exp_a1/colors\bg_ff0000.jpg,0.272216796875
4,3,exp_a1/colors\bg_00ffff.jpg,0.254150390625
5,2,exp_a1/colors\bg_00ff00.jpg,0.25048828125
6,5,exp_a1/colors\bg_921e3e.jpg,0.246337890625
7,1,exp_a1/colors\bg_0000ff.jpg,0.2353515625
8,0,exp_a1/colors\bg_000000.jpg,0.1866455078125
