,Unnamed: 0,filepaths,similarity
0,20,exp_a1/112_sq\fg_ffff00_bg_888888.jpg,0.328125
1,17,exp_a1/112_sq\fg_ff0000_bg_888888.jpg,0.327880859375
2,14,exp_a1/112_sq\fg_921e3e_bg_888888.jpg,0.32666015625
3,9,exp_a1/112_sq\fg_00ffff_bg_888888.jpg,0.326416015625
4,3,exp_a1/112_sq\fg_0000ff_bg_888888.jpg,0.322509765625
5,6,exp_a1/112_sq\fg_00ff00_bg_888888.jpg,0.322265625
6,7,exp_a1/112_sq\fg_00ff00_bg_ffffff.jpg,0.320068359375
7,23,exp_a1/112_sq\fg_ffffff_bg_888888.jpg,0.3173828125
8,18,exp_a1/112_sq\fg_ff0000_bg_ffffff.jpg,0.3125
9,21,exp_a1/112_sq\fg_ffff00_bg_ffffff.jpg,0.310302734375
10,15,exp_a1/112_sq\fg_921e3e_bg_ffffff.jpg,0.310302734375
11,4,exp_a1/112_sq\fg_0000ff_bg_ffffff.jpg,0.308837890625
12,10,exp_a1/112_sq\fg_00ffff_bg_ffffff.jpg,0.30859375
13,8,exp_a1/112_sq\fg_00ffff_bg_000000.jpg,0.308349609375
14,13,exp_a1/112_sq\fg_921e3e_bg_000000.jpg,0.307373046875
15,16,exp_a1/112_sq\fg_ff0000_bg_000000.jpg,0.307373046875
16,22,exp_a1/112_sq\fg_ffffff_bg_000000.jpg,0.303955078125
17,2,exp_a1/112_sq\fg_0000ff_bg_000000.jpg,0.30322265625
18,5,exp_a1/112_sq\fg_00ff00_bg_000000.jpg,0.3017578125
19,19,exp_a1/112_sq\fg_ffff00_bg_000000.jpg,0.3017578125
20,1,exp_a1/112_sq\fg_000000_bg_ffffff.jpg,0.293701171875
21,0,exp_a1/112_sq\fg_000000_bg_888888.jpg,0.28857421875
22,11,exp_a1/112_sq\fg_888888_bg_000000.jpg,0.287353515625
23,12,exp_a1/112_sq\fg_888888_bg_ffffff.jpg,0.282470703125
0,8,exp_a1/12_sq\fg_00ffff_bg_000000.jpg,0.315673828125
1,23,exp_a1/12_sq\fg_ffffff_bg_888888.jpg,0.314208984375
2,22,exp_a1/12_sq\fg_ffffff_bg_000000.jpg,0.3134765625
3,17,exp_a1/12_sq\fg_ff0000_bg_888888.jpg,0.313232421875
4,18,exp_a1/12_sq\fg_ff0000_bg_ffffff.jpg,0.31298828125
5,5,exp_a1/12_sq\fg_00ff00_bg_000000.jpg,0.31298828125
6,21,exp_a1/12_sq\fg_ffff00_bg_ffffff.jpg,0.31201171875
7,19,exp_a1/12_sq\fg_ffff00_bg_000000.jpg,0.311279296875
8,16,exp_a1/12_sq\fg_ff0000_bg_000000.jpg,0.310546875
9,2,exp_a1/12_sq\fg_0000ff_bg_000000.jpg,0.310546875
10,11,exp_a1/12_sq\fg_888888_bg_000000.jpg,0.309814453125
11,13,exp_a1/12_sq\fg_921e3e_bg_000000.jpg,0.309814453125
12,20,exp_a1/12_sq\fg_ffff00_bg_888888.jpg,0.3095703125
13,10,exp_a1/12_sq\fg_00ffff_bg_ffffff.jpg,0.3095703125
14,15,exp_a1/12_sq\fg_921e3e_bg_ffffff.jpg,0.308837890625
15,4,exp_a1/12_sq\fg_0000ff_bg_ffffff.jpg,0.307861328125
16,14,exp_a1/12_sq\fg_921e3e_bg_888888.jpg,0.30712890625
17,3,exp_a1/12_sq\fg_0000ff_bg_888888.jpg,0.306884765625
18,7,exp_a1/12_sq\fg_00ff00_bg_ffffff.jpg,0.306640625
19,1,exp_a1/12_sq\fg_000000_bg_ffffff.jpg,0.305908203125
20,0,exp_a1/12_sq\fg_000000_bg_888888.jpg,0.3037109375
21,9,exp_a1/12_sq\fg_00ffff_bg_888888.jpg,0.302978515625
22,12,exp_a1/12_sq\fg_888888_bg_ffffff.jpg,0.298095703125
23,6,exp_a1/12_sq\fg_00ff00_bg_888888.jpg,0.29052734375
0,20,exp_a1/148_sq\fg_ffff00_bg_888888.jpg,0.32958984375
1,14,exp_a1/148_sq\fg_921e3e_bg_888888.jpg,0.32470703125
2,17,exp_a1/148_sq\fg_ff0000_bg_888888.jpg,0.32421875
3,9,exp_a1/148_sq\fg_00ffff_bg_888888.jpg,0.3232421875
4,3,exp_a1/148_sq\fg_0000ff_bg_888888.jpg,0.31787109375
5,18,exp_a1/148_sq\fg_ff0000_bg_ffffff.jpg,0.315185546875
6,7,exp_a1/148_sq\fg_00ff00_bg_ffffff.jpg,0.31396484375
7,21,exp_a1/148_sq\fg_ffff00_bg_ffffff.jpg,0.312744140625
8,8,exp_a1/148_sq\fg_00ffff_bg_000000.jpg,0.31201171875
9,10,exp_a1/148_sq\fg_00ffff_bg_ffffff.jpg,0.310546875
10,16,exp_a1/148_sq\fg_ff0000_bg_000000.jpg,0.3095703125
11,23,exp_a1/148_sq\fg_ffffff_bg_888888.jpg,0.3095703125
12,4,exp_a1/148_sq\fg_0000ff_bg_ffffff.jpg,0.309326171875
13,2,exp_a1/148_sq\fg_0000ff_bg_000000.jpg,0.308837890625
14,19,exp_a1/148_sq\fg_ffff00_bg_000000.jpg,0.30712890625
15,13,exp_a1/148_sq\fg_921e3e_bg_000000.jpg,0.306884765625
16,5,exp_a1/148_sq\fg_00ff00_bg_000000.jpg,0.306396484375
17,15,exp_a1/148_sq\fg_921e3e_bg_ffffff.jpg,0.30615234375
18,22,exp_a1/148_sq\fg_ffffff_bg_000000.jpg,0.302734375
19,6,exp_a1/148_sq\fg_00ff00_bg_888888.jpg,0.296875
20,1,exp_a1/148_sq\fg_000000_bg_ffffff.jpg,0.2958984375
21,0,exp_a1/148_sq\fg_000000_bg_888888.jpg,0.29345703125
22,11,exp_a1/148_sq\fg_888888_bg_000000.jpg,0.284423828125
23,12,exp_a1/148_sq\fg_888888_bg_ffffff.jpg,0.28271484375
0,5,exp_a1/200_sq\fg_00ff00_bg_000000.jpg,0.326171875
1,16,exp_a1/200_sq\fg_ff0000_bg_000000.jpg,0.32470703125
2,17,exp_a1/200_sq\fg_ff0000_bg_888888.jpg,0.322265625
3,13,exp_a1/200_sq\fg_921e3e_bg_000000.jpg,0.319580078125
4,9,exp_a1/200_sq\fg_00ffff_bg_888888.jpg,0.316650390625
5,20,exp_a1/200_sq\fg_ffff00_bg_888888.jpg,0.315673828125
6,14,exp_a1/200_sq\fg_921e3e_bg_888888.jpg,0.3154296875
7,7,exp_a1/200_sq\fg_00ff00_bg_ffffff.jpg,0.315185546875
8,2,exp_a1/200_sq\fg_0000ff_bg_000000.jpg,0.314697265625
9,19,exp_a1/200_sq\fg_ffff00_bg_000000.jpg,0.314697265625
10,3,exp_a1/200_sq\fg_0000ff_bg_888888.jpg,0.314453125
11,8,exp_a1/200_sq\fg_00ffff_bg_000000.jpg,0.31396484375
12,4,exp_a1/200_sq\fg_0000ff_bg_ffffff.jpg,0.312744140625
13,21,exp_a1/200_sq\fg_ffff00_bg_ffffff.jpg,0.3115234375
14,6,exp_a1/200_sq\fg_00ff00_bg_888888.jpg,0.308349609375
15,10,exp_a1/200_sq\fg_00ffff_bg_ffffff.jpg,0.306884765625
16,22,exp_a1/200_sq\fg_ffffff_bg_000000.jpg,0.30615234375
17,0,exp_a1/200_sq\fg_000000_bg_888888.jpg,0.30615234375
18,18,exp_a1/200_sq\fg_ff0000_bg_ffffff.jpg,0.304443359375
19,1,exp_a1/200_sq\fg_000000_bg_ffffff.jpg,0.30224609375
20,15,exp_a1/200_sq\fg_921e3e_bg_ffffff.jpg,0.300048828125
21,23,exp_a1/200_sq\fg_ffffff_bg_888888.jpg,0.288330078125
22,12,exp_a1/200_sq\fg_888888_bg_ffffff.jpg,0.268310546875
23,11,exp_a1/200_sq\fg_888888_bg_000000.jpg,0.25830078125
0,8,exp_a1/4_sq\fg_00ffff_bg_000000.jpg,0.302978515625
1,13,exp_a1/4_sq\fg_921e3e_bg_000000.jpg,0.302001953125
2,19,exp_a1/4_sq\fg_ffff00_bg_000000.jpg,0.30126953125
3,2,exp_a1/4_sq\fg_0000ff_bg_000000.jpg,0.30126953125
4,10,exp_a1/4_sq\fg_00ffff_bg_ffffff.jpg,0.30078125
5,11,exp_a1/4_sq\fg_888888_bg_000000.jpg,0.30078125
6,5,exp_a1/4_sq\fg_00ff00_bg_000000.jpg,0.300537109375
7,22,exp_a1/4_sq\fg_ffffff_bg_000000.jpg,0.300048828125
8,15,exp_a1/4_sq\fg_921e3e_bg_ffffff.jpg,0.300048828125
9,16,exp_a1/4_sq\fg_ff0000_bg_000000.jpg,0.298828125
10,12,exp_a1/4_sq\fg_888888_bg_ffffff.jpg,0.298828125
11,7,exp_a1/4_sq\fg_00ff00_bg_ffffff.jpg,0.29833984375
12,1,exp_a1/4_sq\fg_000000_bg_ffffff.jpg,0.297607421875
13,4,exp_a1/4_sq\fg_0000ff_bg_ffffff.jpg,0.29736328125
14,18,exp_a1/4_sq\fg_ff0000_bg_ffffff.jpg,0.296142578125
15,21,exp_a1/4_sq\fg_ffff00_bg_ffffff.jpg,0.296142578125
16,9,exp_a1/4_sq\fg_00ffff_bg_888888.jpg,0.28125
17,14,exp_a1/4_sq\fg_921e3e_bg_888888.jpg,0.281005859375
18,23,exp_a1/4_sq\fg_ffffff_bg_888888.jpg,0.280517578125
19,3,exp_a1/4_sq\fg_0000ff_bg_888888.jpg,0.279296875
20,0,exp_a1/4_sq\fg_000000_bg_888888.jpg,0.278076171875
21,20,exp_a1/4_sq\fg_ffff00_bg_888888.jpg,0.27685546875
22,17,exp_a1/4_sq\fg_ff0000_bg_888888.jpg,0.265869140625
23,6,exp_a1/4_sq\fg_00ff00_bg_888888.jpg,0.263916015625
0,20,exp_a1/56_sq\fg_ffff00_bg_888888.jpg,0.30908203125
1,16,exp_a1/56_sq\fg_ff0000_bg_000000.jpg,0.308349609375
2,7,exp_a1/56_sq\fg_00ff00_bg_ffffff.jpg,0.307861328125
3,10,exp_a1/56_sq\fg_00ffff_bg_ffffff.jpg,0.307373046875
4,5,exp_a1/56_sq\fg_00ff00_bg_000000.jpg,0.306884765625
5,19,exp_a1/56_sq\fg_ffff00_bg_000000.jpg,0.306640625
6,23,exp_a1/56_sq\fg_ffffff_bg_888888.jpg,0.30517578125
7,8,exp_a1/56_sq\fg_00ffff_bg_000000.jpg,0.30517578125
8,13,exp_a1/56_sq\fg_921e3e_bg_000000.jpg,0.30419921875
9,22,exp_a1/56_sq\fg_ffffff_bg_000000.jpg,0.303955078125
10,6,exp_a1/56_sq\fg_00ff00_bg_888888.jpg,0.303466796875
11,15,exp_a1/56_sq\fg_921e3e_bg_ffffff.jpg,0.3017578125
12,9,exp_a1/56_sq\fg_00ffff_bg_888888.jpg,0.301513671875
13,3,exp_a1/56_sq\fg_0000ff_bg_888888.jpg,0.30126953125
14,21,exp_a1/56_sq\fg_ffff00_bg_ffffff.jpg,0.300537109375
15,14,exp_a1/56_sq\fg_921e3e_bg_888888.jpg,0.300537109375
16,17,exp_a1/56_sq\fg_ff0000_bg_888888.jpg,0.297607421875
17,18,exp_a1/56_sq\fg_ff0000_bg_ffffff.jpg,0.29736328125
18,2,exp_a1/56_sq\fg_0000ff_bg_000000.jpg,0.2958984375
19,12,exp_a1/56_sq\fg_888888_bg_ffffff.jpg,0.295654296875
20,4,exp_a1/56_sq\fg_0000ff_bg_ffffff.jpg,0.29541015625
21,11,exp_a1/56_sq\fg_888888_bg_000000.jpg,0.294921875
22,1,exp_a1/56_sq\fg_000000_bg_ffffff.jpg,0.289794921875
23,0,exp_a1/56_sq\fg_000000_bg_888888.jpg,0.282470703125
0,0,exp_a1/colors\bg_000000.jpg,0.305419921875
1,6,exp_a1/colors\bg_ff0000.jpg,0.30029296875
2,8,exp_a1/colors\bg_ffffff.png,0.296630859375
3,1,exp_a1/colors\bg_0000ff.jpg,0.29443359375
4,5,exp_a1/colors\bg_921e3e.jpg,0.294189453125
5,7,exp_a1/colors\bg_ffff00.jpg,0.28369140625
6,2,exp_a1/colors\bg_00ff00.jpg,0.280029296875
7,3,exp_a1/colors\bg_00ffff.jpg,0.272216796875
8,4,exp_a1/colors\bg_888888.jpg,0.24951171875
