,Unnamed: 0,filepaths,similarity
0,14,exp_a1/112_sq\fg_921e3e_bg_888888.jpg,0.35595703125
1,6,exp_a1/112_sq\fg_00ff00_bg_888888.jpg,0.34033203125
2,21,exp_a1/112_sq\fg_ffff00_bg_ffffff.jpg,0.33056640625
3,9,exp_a1/112_sq\fg_00ffff_bg_888888.jpg,0.3251953125
4,3,exp_a1/112_sq\fg_0000ff_bg_888888.jpg,0.323974609375
5,10,exp_a1/112_sq\fg_00ffff_bg_ffffff.jpg,0.3173828125
6,1,exp_a1/112_sq\fg_000000_bg_ffffff.jpg,0.3095703125
7,18,exp_a1/112_sq\fg_ff0000_bg_ffffff.jpg,0.296142578125
8,7,exp_a1/112_sq\fg_00ff00_bg_ffffff.jpg,0.28515625
9,12,exp_a1/112_sq\fg_888888_bg_ffffff.jpg,0.283447265625
10,4,exp_a1/112_sq\fg_0000ff_bg_ffffff.jpg,0.283203125
11,0,exp_a1/112_sq\fg_000000_bg_888888.jpg,0.280029296875
12,20,exp_a1/112_sq\fg_ffff00_bg_888888.jpg,0.2734375
13,15,exp_a1/112_sq\fg_921e3e_bg_ffffff.jpg,0.272705078125
14,5,exp_a1/112_sq\fg_00ff00_bg_000000.jpg,0.26806640625
15,13,exp_a1/112_sq\fg_921e3e_bg_000000.jpg,0.2484130859375
16,8,exp_a1/112_sq\fg_00ffff_bg_000000.jpg,0.2464599609375
17,11,exp_a1/112_sq\fg_888888_bg_000000.jpg,0.2440185546875
18,2,exp_a1/112_sq\fg_0000ff_bg_000000.jpg,0.218994140625
19,19,exp_a1/112_sq\fg_ffff00_bg_000000.jpg,0.216552734375
20,16,exp_a1/112_sq\fg_ff0000_bg_000000.jpg,0.2120361328125
21,22,exp_a1/112_sq\fg_ffffff_bg_000000.jpg,0.207763671875
22,23,exp_a1/112_sq\fg_ffffff_bg_888888.jpg,0.180908203125
23,17,exp_a1/112_sq\fg_ff0000_bg_888888.jpg,0.1788330078125
0,23,exp_a1/12_sq\fg_ffffff_bg_888888.jpg,0.373291015625
1,14,exp_a1/12_sq\fg_921e3e_bg_888888.jpg,0.367431640625
2,3,exp_a1/12_sq\fg_0000ff_bg_888888.jpg,0.366943359375
3,0,exp_a1/12_sq\fg_000000_bg_888888.jpg,0.36279296875
4,20,exp_a1/12_sq\fg_ffff00_bg_888888.jpg,0.353759765625
5,17,exp_a1/12_sq\fg_ff0000_bg_888888.jpg,0.345947265625
6,9,exp_a1/12_sq\fg_00ffff_bg_888888.jpg,0.344970703125
7,6,exp_a1/12_sq\fg_00ff00_bg_888888.jpg,0.343017578125
8,12,exp_a1/12_sq\fg_888888_bg_ffffff.jpg,0.307373046875
9,15,exp_a1/12_sq\fg_921e3e_bg_ffffff.jpg,0.306884765625
10,4,exp_a1/12_sq\fg_0000ff_bg_ffffff.jpg,0.304443359375
11,1,exp_a1/12_sq\fg_000000_bg_ffffff.jpg,0.303955078125
12,18,exp_a1/12_sq\fg_ff0000_bg_ffffff.jpg,0.3037109375
13,21,exp_a1/12_sq\fg_ffff00_bg_ffffff.jpg,0.303466796875
14,10,exp_a1/12_sq\fg_00ffff_bg_ffffff.jpg,0.302978515625
15,7,exp_a1/12_sq\fg_00ff00_bg_ffffff.jpg,0.302734375
16,22,exp_a1/12_sq\fg_ffffff_bg_000000.jpg,0.1806640625
17,16,exp_a1/12_sq\fg_ff0000_bg_000000.jpg,0.1800537109375
18,11,exp_a1/12_sq\fg_888888_bg_000000.jpg,0.1796875
19,8,exp_a1/12_sq\fg_00ffff_bg_000000.jpg,0.178466796875
20,19,exp_a1/12_sq\fg_ffff00_bg_000000.jpg,0.1783447265625
21,5,exp_a1/12_sq\fg_00ff00_bg_000000.jpg,0.177734375
22,13,exp_a1/12_sq\fg_921e3e_bg_000000.jpg,0.1768798828125
23,2,exp_a1/12_sq\fg_0000ff_bg_000000.jpg,0.17626953125
0,21,exp_a1/148_sq\fg_ffff00_bg_ffffff.jpg,0.33837890625
1,10,exp_a1/148_sq\fg_00ffff_bg_ffffff.jpg,0.3349609375
2,1,exp_a1/148_sq\fg_000000_bg_ffffff.jpg,0.310791015625
3,18,exp_a1/148_sq\fg_ff0000_bg_ffffff.jpg,0.29638671875
4,4,exp_a1/148_sq\fg_0000ff_bg_ffffff.jpg,0.295654296875
5,6,exp_a1/148_sq\fg_00ff00_bg_888888.jpg,0.294921875
6,7,exp_a1/148_sq\fg_00ff00_bg_ffffff.jpg,0.289306640625
7,5,exp_a1/148_sq\fg_00ff00_bg_000000.jpg,0.27734375
8,14,exp_a1/148_sq\fg_921e3e_bg_888888.jpg,0.2587890625
9,12,exp_a1/148_sq\fg_888888_bg_ffffff.jpg,0.257080078125
10,3,exp_a1/148_sq\fg_0000ff_bg_888888.jpg,0.25634765625
11,2,exp_a1/148_sq\fg_0000ff_bg_000000.jpg,0.2420654296875
12,0,exp_a1/148_sq\fg_000000_bg_888888.jpg,0.23828125
13,13,exp_a1/148_sq\fg_921e3e_bg_000000.jpg,0.2364501953125
14,11,exp_a1/148_sq\fg_888888_bg_000000.jpg,0.232421875
15,20,exp_a1/148_sq\fg_ffff00_bg_888888.jpg,0.230224609375
16,9,exp_a1/148_sq\fg_00ffff_bg_888888.jpg,0.2294921875
17,19,exp_a1/148_sq\fg_ffff00_bg_000000.jpg,0.22265625
18,8,exp_a1/148_sq\fg_00ffff_bg_000000.jpg,0.222412109375
19,15,exp_a1/148_sq\fg_921e3e_bg_ffffff.jpg,0.20751953125
20,22,exp_a1/148_sq\fg_ffffff_bg_000000.jpg,0.1737060546875
21,23,exp_a1/148_sq\fg_ffffff_bg_888888.jpg,0.154296875
22,17,exp_a1/148_sq\fg_ff0000_bg_888888.jpg,0.1517333984375
23,16,exp_a1/148_sq\fg_ff0000_bg_000000.jpg,0.14892578125
0,5,exp_a1/200_sq\fg_00ff00_bg_000000.jpg,0.312255859375
1,19,exp_a1/200_sq\fg_ffff00_bg_000000.jpg,0.300048828125
2,18,exp_a1/200_sq\fg_ff0000_bg_ffffff.jpg,0.29931640625
3,8,exp_a1/200_sq\fg_00ffff_bg_000000.jpg,0.284912109375
4,0,exp_a1/200_sq\fg_000000_bg_888888.jpg,0.266357421875
5,10,exp_a1/200_sq\fg_00ffff_bg_ffffff.jpg,0.26611328125
6,3,exp_a1/200_sq\fg_0000ff_bg_888888.jpg,0.26318359375
7,11,exp_a1/200_sq\fg_888888_bg_000000.jpg,0.255615234375
8,14,exp_a1/200_sq\fg_921e3e_bg_888888.jpg,0.25
9,21,exp_a1/200_sq\fg_ffff00_bg_ffffff.jpg,0.2374267578125
10,13,exp_a1/200_sq\fg_921e3e_bg_000000.jpg,0.234375
11,22,exp_a1/200_sq\fg_ffffff_bg_000000.jpg,0.233642578125
12,7,exp_a1/200_sq\fg_00ff00_bg_ffffff.jpg,0.233154296875
13,2,exp_a1/200_sq\fg_0000ff_bg_000000.jpg,0.2313232421875
14,16,exp_a1/200_sq\fg_ff0000_bg_000000.jpg,0.2266845703125
15,6,exp_a1/200_sq\fg_00ff00_bg_888888.jpg,0.2103271484375
16,20,exp_a1/200_sq\fg_ffff00_bg_888888.jpg,0.1959228515625
17,17,exp_a1/200_sq\fg_ff0000_bg_888888.jpg,0.1708984375
18,9,exp_a1/200_sq\fg_00ffff_bg_888888.jpg,0.167724609375
19,1,exp_a1/200_sq\fg_000000_bg_ffffff.jpg,0.1668701171875
20,23,exp_a1/200_sq\fg_ffffff_bg_888888.jpg,0.16650390625
21,4,exp_a1/200_sq\fg_0000ff_bg_ffffff.jpg,0.142822265625
22,15,exp_a1/200_sq\fg_921e3e_bg_ffffff.jpg,0.115478515625
23,12,exp_a1/200_sq\fg_888888_bg_ffffff.jpg,0.034912109375
0,0,exp_a1/4_sq\fg_000000_bg_888888.jpg,0.390625
1,23,exp_a1/4_sq\fg_ffffff_bg_888888.jpg,0.389404296875
2,17,exp_a1/4_sq\fg_ff0000_bg_888888.jpg,0.3857421875
3,9,exp_a1/4_sq\fg_00ffff_bg_888888.jpg,0.385498046875
4,3,exp_a1/4_sq\fg_0000ff_bg_888888.jpg,0.384765625
5,14,exp_a1/4_sq\fg_921e3e_bg_888888.jpg,0.3837890625
6,20,exp_a1/4_sq\fg_ffff00_bg_888888.jpg,0.383056640625
7,6,exp_a1/4_sq\fg_00ff00_bg_888888.jpg,0.380615234375
8,10,exp_a1/4_sq\fg_00ffff_bg_ffffff.jpg,0.3046875
9,18,exp_a1/4_sq\fg_ff0000_bg_ffffff.jpg,0.304443359375
10,4,exp_a1/4_sq\fg_0000ff_bg_ffffff.jpg,0.304443359375
11,7,exp_a1/4_sq\fg_00ff00_bg_ffffff.jpg,0.304443359375
12,15,exp_a1/4_sq\fg_921e3e_bg_ffffff.jpg,0.304443359375
13,12,exp_a1/4_sq\fg_888888_bg_ffffff.jpg,0.30419921875
14,1,exp_a1/4_sq\fg_000000_bg_ffffff.jpg,0.30419921875
15,21,exp_a1/4_sq\fg_ffff00_bg_ffffff.jpg,0.303955078125
16,22,exp_a1/4_sq\fg_ffffff_bg_000000.jpg,0.176513671875
17,5,exp_a1/4_sq\fg_00ff00_bg_000000.jpg,0.1763916015625
18,13,exp_a1/4_sq\fg_921e3e_bg_000000.jpg,0.17626953125
19,19,exp_a1/4_sq\fg_ffff00_bg_000000.jpg,0.1761474609375
20,2,exp_a1/4_sq\fg_0000ff_bg_000000.jpg,0.1761474609375
21,16,exp_a1/4_sq\fg_ff0000_bg_000000.jpg,0.176025390625
22,11,exp_a1/4_sq\fg_888888_bg_000000.jpg,0.176025390625
23,8,exp_a1/4_sq\fg_00ffff_bg_000000.jpg,0.176025390625
0,14,exp_a1/56_sq\fg_921e3e_bg_888888.jpg,0.393310546875
1,9,exp_a1/56_sq\fg_00ffff_bg_888888.jpg,0.387451171875
2,0,exp_a1/56_sq\fg_000000_bg_888888.jpg,0.380615234375
3,6,exp_a1/56_sq\fg_00ff00_bg_888888.jpg,0.37939453125
4,3,exp_a1/56_sq\fg_0000ff_bg_888888.jpg,0.3740234375
5,20,exp_a1/56_sq\fg_ffff00_bg_888888.jpg,0.373291015625
6,17,exp_a1/56_sq\fg_ff0000_bg_888888.jpg,0.34619140625
7,21,exp_a1/56_sq\fg_ffff00_bg_ffffff.jpg,0.32861328125
8,1,exp_a1/56_sq\fg_000000_bg_ffffff.jpg,0.323486328125
9,23,exp_a1/56_sq\fg_ffffff_bg_888888.jpg,0.320556640625
10,4,exp_a1/56_sq\fg_0000ff_bg_ffffff.jpg,0.31298828125
11,10,exp_a1/56_sq\fg_00ffff_bg_ffffff.jpg,0.311279296875
12,7,exp_a1/56_sq\fg_00ff00_bg_ffffff.jpg,0.30078125
13,12,exp_a1/56_sq\fg_888888_bg_ffffff.jpg,0.293701171875
14,18,exp_a1/56_sq\fg_ff0000_bg_ffffff.jpg,0.29296875
15,15,exp_a1/56_sq\fg_921e3e_bg_ffffff.jpg,0.291748046875
16,11,exp_a1/56_sq\fg_888888_bg_000000.jpg,0.2470703125
17,13,exp_a1/56_sq\fg_921e3e_bg_000000.jpg,0.240966796875
18,19,exp_a1/56_sq\fg_ffff00_bg_000000.jpg,0.2008056640625
19,8,exp_a1/56_sq\fg_00ffff_bg_000000.jpg,0.196533203125
20,22,exp_a1/56_sq\fg_ffffff_bg_000000.jpg,0.192138671875
21,5,exp_a1/56_sq\fg_00ff00_bg_000000.jpg,0.18994140625
22,2,exp_a1/56_sq\fg_0000ff_bg_000000.jpg,0.1890869140625
23,16,exp_a1/56_sq\fg_ff0000_bg_000000.jpg,0.1884765625
0,4,exp_a1/colors\bg_888888.jpg,0.40283203125
1,8,exp_a1/colors\bg_ffffff.png,0.3046875
2,7,exp_a1/colors\bg_ffff00.jpg,0.30126953125
3,6,exp_a1/colors\bg_ff0000.jpg,0.2412109375
4,3,exp_a1/colors\bg_00ffff.jpg,0.2337646484375
5,2,exp_a1/colors\bg_00ff00.jpg,0.2215576171875
6,1,exp_a1/colors\bg_0000ff.jpg,0.2181396484375
7,5,exp_a1/colors\bg_921e3e.jpg,0.2064208984375
8,0,exp_a1/colors\bg_000000.jpg,0.1761474609375
