,Unnamed: 0,filepaths,similarity
0,18,exp_a1/112_sq\fg_ff0000_bg_ffffff.jpg,0.291748046875
1,20,exp_a1/112_sq\fg_ffff00_bg_888888.jpg,0.28955078125
2,23,exp_a1/112_sq\fg_ffffff_bg_888888.jpg,0.2890625
3,3,exp_a1/112_sq\fg_0000ff_bg_888888.jpg,0.2890625
4,10,exp_a1/112_sq\fg_00ffff_bg_ffffff.jpg,0.287841796875
5,1,exp_a1/112_sq\fg_000000_bg_ffffff.jpg,0.286865234375
6,17,exp_a1/112_sq\fg_ff0000_bg_888888.jpg,0.284423828125
7,4,exp_a1/112_sq\fg_0000ff_bg_ffffff.jpg,0.283203125
8,22,exp_a1/112_sq\fg_ffffff_bg_000000.jpg,0.282470703125
9,7,exp_a1/112_sq\fg_00ff00_bg_ffffff.jpg,0.280029296875
10,9,exp_a1/112_sq\fg_00ffff_bg_888888.jpg,0.279052734375
11,21,exp_a1/112_sq\fg_ffff00_bg_ffffff.jpg,0.278076171875
12,14,exp_a1/112_sq\fg_921e3e_bg_888888.jpg,0.27734375
13,6,exp_a1/112_sq\fg_00ff00_bg_888888.jpg,0.274658203125
14,15,exp_a1/112_sq\fg_921e3e_bg_ffffff.jpg,0.2734375
15,16,exp_a1/112_sq\fg_ff0000_bg_000000.jpg,0.269775390625
16,13,exp_a1/112_sq\fg_921e3e_bg_000000.jpg,0.268310546875
17,8,exp_a1/112_sq\fg_00ffff_bg_000000.jpg,0.26806640625
18,2,exp_a1/112_sq\fg_0000ff_bg_000000.jpg,0.26708984375
19,19,exp_a1/112_sq\fg_ffff00_bg_000000.jpg,0.263671875
20,0,exp_a1/112_sq\fg_000000_bg_888888.jpg,0.25927734375
21,11,exp_a1/112_sq\fg_888888_bg_000000.jpg,0.25927734375
22,12,exp_a1/112_sq\fg_888888_bg_ffffff.jpg,0.25390625
23,5,exp_a1/112_sq\fg_00ff00_bg_000000.jpg,0.2496337890625
0,22,exp_a1/12_sq\fg_ffffff_bg_000000.jpg,0.297607421875
1,11,exp_a1/12_sq\fg_888888_bg_000000.jpg,0.294189453125
2,1,exp_a1/12_sq\fg_000000_bg_ffffff.jpg,0.2919921875
3,13,exp_a1/12_sq\fg_921e3e_bg_000000.jpg,0.288818359375
4,12,exp_a1/12_sq\fg_888888_bg_ffffff.jpg,0.28662109375
5,8,exp_a1/12_sq\fg_00ffff_bg_000000.jpg,0.285400390625
6,10,exp_a1/12_sq\fg_00ffff_bg_ffffff.jpg,0.28515625
7,18,exp_a1/12_sq\fg_ff0000_bg_ffffff.jpg,0.28466796875
8,16,exp_a1/12_sq\fg_ff0000_bg_000000.jpg,0.281494140625
9,2,exp_a1/12_sq\fg_0000ff_bg_000000.jpg,0.2802734375
10,15,exp_a1/12_sq\fg_921e3e_bg_ffffff.jpg,0.280029296875
11,23,exp_a1/12_sq\fg_ffffff_bg_888888.jpg,0.2734375
12,4,exp_a1/12_sq\fg_0000ff_bg_ffffff.jpg,0.2734375
13,19,exp_a1/12_sq\fg_ffff00_bg_000000.jpg,0.273193359375
14,5,exp_a1/12_sq\fg_00ff00_bg_000000.jpg,0.271728515625
15,7,exp_a1/12_sq\fg_00ff00_bg_ffffff.jpg,0.27001953125
16,17,exp_a1/12_sq\fg_ff0000_bg_888888.jpg,0.269287109375
17,9,exp_a1/12_sq\fg_00ffff_bg_888888.jpg,0.268310546875
18,0,exp_a1/12_sq\fg_000000_bg_888888.jpg,0.268310546875
19,21,exp_a1/12_sq\fg_ffff00_bg_ffffff.jpg,0.267822265625
20,14,exp_a1/12_sq\fg_921e3e_bg_888888.jpg,0.264892578125
21,3,exp_a1/12_sq\fg_0000ff_bg_888888.jpg,0.263916015625
22,20,exp_a1/12_sq\fg_ffff00_bg_888888.jpg,0.253662109375
23,6,exp_a1/12_sq\fg_00ff00_bg_888888.jpg,0.2462158203125
0,18,exp_a1/148_sq\fg_ff0000_bg_ffffff.jpg,0.288330078125
1,10,exp_a1/148_sq\fg_00ffff_bg_ffffff.jpg,0.2841796875
2,22,exp_a1/148_sq\fg_ffffff_bg_000000.jpg,0.283447265625
3,1,exp_a1/148_sq\fg_000000_bg_ffffff.jpg,0.28271484375
4,4,exp_a1/148_sq\fg_0000ff_bg_ffffff.jpg,0.2822265625
5,7,exp_a1/148_sq\fg_00ff00_bg_ffffff.jpg,0.279296875
6,21,exp_a1/148_sq\fg_ffff00_bg_ffffff.jpg,0.27734375
7,15,exp_a1/148_sq\fg_921e3e_bg_ffffff.jpg,0.276611328125
8,16,exp_a1/148_sq\fg_ff0000_bg_000000.jpg,0.27490234375
9,23,exp_a1/148_sq\fg_ffffff_bg_888888.jpg,0.273681640625
10,9,exp_a1/148_sq\fg_00ffff_bg_888888.jpg,0.2705078125
11,3,exp_a1/148_sq\fg_0000ff_bg_888888.jpg,0.268798828125
12,8,exp_a1/148_sq\fg_00ffff_bg_000000.jpg,0.268798828125
13,13,exp_a1/148_sq\fg_921e3e_bg_000000.jpg,0.268798828125
14,0,exp_a1/148_sq\fg_000000_bg_888888.jpg,0.267333984375
15,17,exp_a1/148_sq\fg_ff0000_bg_888888.jpg,0.26611328125
16,2,exp_a1/148_sq\fg_0000ff_bg_000000.jpg,0.26611328125
17,11,exp_a1/148_sq\fg_888888_bg_000000.jpg,0.26513671875
18,20,exp_a1/148_sq\fg_ffff00_bg_888888.jpg,0.264892578125
19,19,exp_a1/148_sq\fg_ffff00_bg_000000.jpg,0.2626953125
20,12,exp_a1/148_sq\fg_888888_bg_ffffff.jpg,0.260009765625
21,14,exp_a1/148_sq\fg_921e3e_bg_888888.jpg,0.257568359375
22,5,exp_a1/148_sq\fg_00ff00_bg_000000.jpg,0.25341796875
23,6,exp_a1/148_sq\fg_00ff00_bg_888888.jpg,0.2276611328125
0,10,exp_a1/200_sq\fg_00ffff_bg_ffffff.jpg,0.2919921875
1,1,exp_a1/200_sq\fg_000000_bg_ffffff.jpg,0.2861328125
2,9,exp_a1/200_sq\fg_00ffff_bg_888888.jpg,0.28564453125
3,8,exp_a1/200_sq\fg_00ffff_bg_000000.jpg,0.284423828125
4,22,exp_a1/200_sq\fg_ffffff_bg_000000.jpg,0.2841796875
5,17,exp_a1/200_sq\fg_ff0000_bg_888888.jpg,0.2822265625
6,3,exp_a1/200_sq\fg_0000ff_bg_888888.jpg,0.281982421875
7,0,exp_a1/200_sq\fg_000000_bg_888888.jpg,0.281494140625
8,4,exp_a1/200_sq\fg_0000ff_bg_ffffff.jpg,0.28125
9,16,exp_a1/200_sq\fg_ff0000_bg_000000.jpg,0.280517578125
10,23,exp_a1/200_sq\fg_ffffff_bg_888888.jpg,0.279541015625
11,18,exp_a1/200_sq\fg_ff0000_bg_ffffff.jpg,0.278076171875
12,21,exp_a1/200_sq\fg_ffff00_bg_ffffff.jpg,0.27783203125
13,5,exp_a1/200_sq\fg_00ff00_bg_000000.jpg,0.27685546875
14,19,exp_a1/200_sq\fg_ffff00_bg_000000.jpg,0.275146484375
15,6,exp_a1/200_sq\fg_00ff00_bg_888888.jpg,0.271240234375
16,2,exp_a1/200_sq\fg_0000ff_bg_000000.jpg,0.27099609375
17,7,exp_a1/200_sq\fg_00ff00_bg_ffffff.jpg,0.2705078125
18,20,exp_a1/200_sq\fg_ffff00_bg_888888.jpg,0.270263671875
19,13,exp_a1/200_sq\fg_921e3e_bg_000000.jpg,0.27001953125
20,15,exp_a1/200_sq\fg_921e3e_bg_ffffff.jpg,0.26953125
21,14,exp_a1/200_sq\fg_921e3e_bg_888888.jpg,0.267822265625
22,12,exp_a1/200_sq\fg_888888_bg_ffffff.jpg,0.236572265625
23,11,exp_a1/200_sq\fg_888888_bg_000000.jpg,0.21435546875
0,2,exp_a1/4_sq\fg_0000ff_bg_000000.jpg,0.291015625
1,13,exp_a1/4_sq\fg_921e3e_bg_000000.jpg,0.290771484375
2,11,exp_a1/4_sq\fg_888888_bg_000000.jpg,0.29052734375
3,16,exp_a1/4_sq\fg_ff0000_bg_000000.jpg,0.2880859375
4,8,exp_a1/4_sq\fg_00ffff_bg_000000.jpg,0.2880859375
5,22,exp_a1/4_sq\fg_ffffff_bg_000000.jpg,0.286865234375
6,19,exp_a1/4_sq\fg_ffff00_bg_000000.jpg,0.28564453125
7,1,exp_a1/4_sq\fg_000000_bg_ffffff.jpg,0.28369140625
8,5,exp_a1/4_sq\fg_00ff00_bg_000000.jpg,0.282958984375
9,18,exp_a1/4_sq\fg_ff0000_bg_ffffff.jpg,0.278564453125
10,12,exp_a1/4_sq\fg_888888_bg_ffffff.jpg,0.27783203125
11,10,exp_a1/4_sq\fg_00ffff_bg_ffffff.jpg,0.27587890625
12,0,exp_a1/4_sq\fg_000000_bg_888888.jpg,0.271728515625
13,15,exp_a1/4_sq\fg_921e3e_bg_ffffff.jpg,0.27099609375
14,4,exp_a1/4_sq\fg_0000ff_bg_ffffff.jpg,0.26904296875
15,7,exp_a1/4_sq\fg_00ff00_bg_ffffff.jpg,0.267578125
16,23,exp_a1/4_sq\fg_ffffff_bg_888888.jpg,0.26708984375
17,21,exp_a1/4_sq\fg_ffff00_bg_ffffff.jpg,0.265869140625
18,9,exp_a1/4_sq\fg_00ffff_bg_888888.jpg,0.2587890625
19,3,exp_a1/4_sq\fg_0000ff_bg_888888.jpg,0.255615234375
20,14,exp_a1/4_sq\fg_921e3e_bg_888888.jpg,0.2509765625
21,6,exp_a1/4_sq\fg_00ff00_bg_888888.jpg,0.240234375
22,20,exp_a1/4_sq\fg_ffff00_bg_888888.jpg,0.238525390625
23,17,exp_a1/4_sq\fg_ff0000_bg_888888.jpg,0.2335205078125
0,1,exp_a1/56_sq\fg_000000_bg_ffffff.jpg,0.289306640625
1,10,exp_a1/56_sq\fg_00ffff_bg_ffffff.jpg,0.28759765625
2,22,exp_a1/56_sq\fg_ffffff_bg_000000.jpg,0.28759765625
3,11,exp_a1/56_sq\fg_888888_bg_000000.jpg,0.28466796875
4,12,exp_a1/56_sq\fg_888888_bg_ffffff.jpg,0.2841796875
5,4,exp_a1/56_sq\fg_0000ff_bg_ffffff.jpg,0.282958984375
6,20,exp_a1/56_sq\fg_ffff00_bg_888888.jpg,0.2802734375
7,18,exp_a1/56_sq\fg_ff0000_bg_ffffff.jpg,0.279052734375
8,8,exp_a1/56_sq\fg_00ffff_bg_000000.jpg,0.27783203125
9,16,exp_a1/56_sq\fg_ff0000_bg_000000.jpg,0.276611328125
10,23,exp_a1/56_sq\fg_ffffff_bg_888888.jpg,0.276611328125
11,7,exp_a1/56_sq\fg_00ff00_bg_ffffff.jpg,0.276611328125
12,3,exp_a1/56_sq\fg_0000ff_bg_888888.jpg,0.27587890625
13,13,exp_a1/56_sq\fg_921e3e_bg_000000.jpg,0.274169921875
14,17,exp_a1/56_sq\fg_ff0000_bg_888888.jpg,0.2734375
15,2,exp_a1/56_sq\fg_0000ff_bg_000000.jpg,0.273193359375
16,15,exp_a1/56_sq\fg_921e3e_bg_ffffff.jpg,0.272705078125
17,21,exp_a1/56_sq\fg_ffff00_bg_ffffff.jpg,0.2724609375
18,14,exp_a1/56_sq\fg_921e3e_bg_888888.jpg,0.26953125
19,19,exp_a1/56_sq\fg_ffff00_bg_000000.jpg,0.266845703125
20,9,exp_a1/56_sq\fg_00ffff_bg_888888.jpg,0.265380859375
21,5,exp_a1/56_sq\fg_00ff00_bg_000000.jpg,0.263916015625
22,0,exp_a1/56_sq\fg_000000_bg_888888.jpg,0.2607421875
23,6,exp_a1/56_sq\fg_00ff00_bg_888888.jpg,0.2578125
0,0,exp_a1/colors\bg_000000.jpg,0.294189453125
1,8,exp_a1/colors\bg_ffffff.png,0.2880859375
2,1,exp_a1/colors\bg_0000ff.jpg,0.268310546875
3,3,exp_a1/colors\bg_00ffff.jpg,0.267333984375
4,5,exp_a1/colors\bg_921e3e.jpg,0.26611328125
5,6,exp_a1/colors\bg_ff0000.jpg,0.26318359375
6,7,exp_a1/colors\bg_ffff00.jpg,0.260986328125
7,2,exp_a1/colors\bg_00ff00.jpg,0.250244140625
8,4,exp_a1/colors\bg_888888.jpg,0.22705078125
