,Unnamed: 0,filepaths,similarity
0,6,exp_a1/112_sq\fg_00ff00_bg_888888.jpg,0.383056640625
1,14,exp_a1/112_sq\fg_921e3e_bg_888888.jpg,0.351806640625
2,9,exp_a1/112_sq\fg_00ffff_bg_888888.jpg,0.3310546875
3,10,exp_a1/112_sq\fg_00ffff_bg_ffffff.jpg,0.310791015625
4,3,exp_a1/112_sq\fg_0000ff_bg_888888.jpg,0.291748046875
5,21,exp_a1/112_sq\fg_ffff00_bg_ffffff.jpg,0.2880859375
6,1,exp_a1/112_sq\fg_000000_bg_ffffff.jpg,0.287353515625
7,12,exp_a1/112_sq\fg_888888_bg_ffffff.jpg,0.28466796875
8,18,exp_a1/112_sq\fg_ff0000_bg_ffffff.jpg,0.274169921875
9,11,exp_a1/112_sq\fg_888888_bg_000000.jpg,0.272216796875
10,4,exp_a1/112_sq\fg_0000ff_bg_ffffff.jpg,0.26513671875
11,7,exp_a1/112_sq\fg_00ff00_bg_ffffff.jpg,0.261962890625
12,13,exp_a1/112_sq\fg_921e3e_bg_000000.jpg,0.259521484375
13,5,exp_a1/112_sq\fg_00ff00_bg_000000.jpg,0.258056640625
14,15,exp_a1/112_sq\fg_921e3e_bg_ffffff.jpg,0.2359619140625
15,19,exp_a1/112_sq\fg_ffff00_bg_000000.jpg,0.2337646484375
16,8,exp_a1/112_sq\fg_00ffff_bg_000000.jpg,0.23095703125
17,2,exp_a1/112_sq\fg_0000ff_bg_000000.jpg,0.2255859375
18,16,exp_a1/112_sq\fg_ff0000_bg_000000.jpg,0.2171630859375
19,22,exp_a1/112_sq\fg_ffffff_bg_000000.jpg,0.2159423828125
20,23,exp_a1/112_sq\fg_ffffff_bg_888888.jpg,0.2095947265625
21,17,exp_a1/112_sq\fg_ff0000_bg_888888.jpg,0.2061767578125
22,0,exp_a1/112_sq\fg_000000_bg_888888.jpg,0.1953125
23,20,exp_a1/112_sq\fg_ffff00_bg_888888.jpg,0.188232421875
0,9,exp_a1/12_sq\fg_00ffff_bg_888888.jpg,0.464599609375
1,23,exp_a1/12_sq\fg_ffffff_bg_888888.jpg,0.4619140625
2,6,exp_a1/12_sq\fg_00ff00_bg_888888.jpg,0.458740234375
3,3,exp_a1/12_sq\fg_0000ff_bg_888888.jpg,0.45849609375
4,17,exp_a1/12_sq\fg_ff0000_bg_888888.jpg,0.457763671875
5,0,exp_a1/12_sq\fg_000000_bg_888888.jpg,0.45751953125
6,14,exp_a1/12_sq\fg_921e3e_bg_888888.jpg,0.455322265625
7,20,exp_a1/12_sq\fg_ffff00_bg_888888.jpg,0.447509765625
8,12,exp_a1/12_sq\fg_888888_bg_ffffff.jpg,0.2861328125
9,15,exp_a1/12_sq\fg_921e3e_bg_ffffff.jpg,0.285888671875
10,4,exp_a1/12_sq\fg_0000ff_bg_ffffff.jpg,0.28515625
11,1,exp_a1/12_sq\fg_000000_bg_ffffff.jpg,0.284423828125
12,7,exp_a1/12_sq\fg_00ff00_bg_ffffff.jpg,0.28369140625
13,10,exp_a1/12_sq\fg_00ffff_bg_ffffff.jpg,0.283203125
14,18,exp_a1/12_sq\fg_ff0000_bg_ffffff.jpg,0.283203125
15,21,exp_a1/12_sq\fg_ffff00_bg_ffffff.jpg,0.283203125
16,22,exp_a1/12_sq\fg_ffffff_bg_000000.jpg,0.1954345703125
17,11,exp_a1/12_sq\fg_888888_bg_000000.jpg,0.1951904296875
18,16,exp_a1/12_sq\fg_ff0000_bg_000000.jpg,0.19482421875
19,8,exp_a1/12_sq\fg_00ffff_bg_000000.jpg,0.19482421875
20,5,exp_a1/12_sq\fg_00ff00_bg_000000.jpg,0.1944580078125
21,19,exp_a1/12_sq\fg_ffff00_bg_000000.jpg,0.1943359375
22,13,exp_a1/12_sq\fg_921e3e_bg_000000.jpg,0.194091796875
23,2,exp_a1/12_sq\fg_0000ff_bg_000000.jpg,0.19384765625
0,6,exp_a1/148_sq\fg_00ff00_bg_888888.jpg,0.324462890625
1,10,exp_a1/148_sq\fg_00ffff_bg_ffffff.jpg,0.318115234375
2,21,exp_a1/148_sq\fg_ffff00_bg_ffffff.jpg,0.3125
3,1,exp_a1/148_sq\fg_000000_bg_ffffff.jpg,0.300537109375
4,12,exp_a1/148_sq\fg_888888_bg_ffffff.jpg,0.287841796875
5,4,exp_a1/148_sq\fg_0000ff_bg_ffffff.jpg,0.28076171875
6,7,exp_a1/148_sq\fg_00ff00_bg_ffffff.jpg,0.28076171875
7,5,exp_a1/148_sq\fg_00ff00_bg_000000.jpg,0.27978515625
8,18,exp_a1/148_sq\fg_ff0000_bg_ffffff.jpg,0.26904296875
9,11,exp_a1/148_sq\fg_888888_bg_000000.jpg,0.268798828125
10,2,exp_a1/148_sq\fg_0000ff_bg_000000.jpg,0.261474609375
11,13,exp_a1/148_sq\fg_921e3e_bg_000000.jpg,0.25537109375
12,19,exp_a1/148_sq\fg_ffff00_bg_000000.jpg,0.2303466796875
13,8,exp_a1/148_sq\fg_00ffff_bg_000000.jpg,0.2288818359375
14,15,exp_a1/148_sq\fg_921e3e_bg_ffffff.jpg,0.1923828125
15,9,exp_a1/148_sq\fg_00ffff_bg_888888.jpg,0.1845703125
16,17,exp_a1/148_sq\fg_ff0000_bg_888888.jpg,0.1763916015625
17,22,exp_a1/148_sq\fg_ffffff_bg_000000.jpg,0.1761474609375
18,14,exp_a1/148_sq\fg_921e3e_bg_888888.jpg,0.1710205078125
19,23,exp_a1/148_sq\fg_ffffff_bg_888888.jpg,0.1658935546875
20,20,exp_a1/148_sq\fg_ffff00_bg_888888.jpg,0.1644287109375
21,3,exp_a1/148_sq\fg_0000ff_bg_888888.jpg,0.1593017578125
22,16,exp_a1/148_sq\fg_ff0000_bg_000000.jpg,0.1513671875
23,0,exp_a1/148_sq\fg_000000_bg_888888.jpg,0.132568359375
0,19,exp_a1/200_sq\fg_ffff00_bg_000000.jpg,0.321044921875
1,5,exp_a1/200_sq\fg_00ff00_bg_000000.jpg,0.318115234375
2,11,exp_a1/200_sq\fg_888888_bg_000000.jpg,0.308349609375
3,8,exp_a1/200_sq\fg_00ffff_bg_000000.jpg,0.30517578125
4,18,exp_a1/200_sq\fg_ff0000_bg_ffffff.jpg,0.285400390625
5,10,exp_a1/200_sq\fg_00ffff_bg_ffffff.jpg,0.27392578125
6,22,exp_a1/200_sq\fg_ffffff_bg_000000.jpg,0.273193359375
7,21,exp_a1/200_sq\fg_ffff00_bg_ffffff.jpg,0.271240234375
8,16,exp_a1/200_sq\fg_ff0000_bg_000000.jpg,0.265625
9,2,exp_a1/200_sq\fg_0000ff_bg_000000.jpg,0.239990234375
10,13,exp_a1/200_sq\fg_921e3e_bg_000000.jpg,0.2388916015625
11,0,exp_a1/200_sq\fg_000000_bg_888888.jpg,0.232666015625
12,20,exp_a1/200_sq\fg_ffff00_bg_888888.jpg,0.2314453125
13,7,exp_a1/200_sq\fg_00ff00_bg_ffffff.jpg,0.2152099609375
14,17,exp_a1/200_sq\fg_ff0000_bg_888888.jpg,0.2130126953125
15,23,exp_a1/200_sq\fg_ffffff_bg_888888.jpg,0.2103271484375
16,6,exp_a1/200_sq\fg_00ff00_bg_888888.jpg,0.201416015625
17,1,exp_a1/200_sq\fg_000000_bg_ffffff.jpg,0.1884765625
18,3,exp_a1/200_sq\fg_0000ff_bg_888888.jpg,0.1851806640625
19,14,exp_a1/200_sq\fg_921e3e_bg_888888.jpg,0.1842041015625
20,4,exp_a1/200_sq\fg_0000ff_bg_ffffff.jpg,0.167724609375
21,9,exp_a1/200_sq\fg_00ffff_bg_888888.jpg,0.1461181640625
22,15,exp_a1/200_sq\fg_921e3e_bg_ffffff.jpg,0.14208984375
23,12,exp_a1/200_sq\fg_888888_bg_ffffff.jpg,0.059844970703125
0,0,exp_a1/4_sq\fg_000000_bg_888888.jpg,0.44384765625
1,3,exp_a1/4_sq\fg_0000ff_bg_888888.jpg,0.443115234375
2,23,exp_a1/4_sq\fg_ffffff_bg_888888.jpg,0.435791015625
3,9,exp_a1/4_sq\fg_00ffff_bg_888888.jpg,0.43505859375
4,6,exp_a1/4_sq\fg_00ff00_bg_888888.jpg,0.432861328125
5,14,exp_a1/4_sq\fg_921e3e_bg_888888.jpg,0.4326171875
6,20,exp_a1/4_sq\fg_ffff00_bg_888888.jpg,0.431396484375
7,17,exp_a1/4_sq\fg_ff0000_bg_888888.jpg,0.4296875
8,10,exp_a1/4_sq\fg_00ffff_bg_ffffff.jpg,0.282470703125
9,4,exp_a1/4_sq\fg_0000ff_bg_ffffff.jpg,0.282470703125
10,18,exp_a1/4_sq\fg_ff0000_bg_ffffff.jpg,0.2822265625
11,1,exp_a1/4_sq\fg_000000_bg_ffffff.jpg,0.2822265625
12,15,exp_a1/4_sq\fg_921e3e_bg_ffffff.jpg,0.2822265625
13,12,exp_a1/4_sq\fg_888888_bg_ffffff.jpg,0.281982421875
14,7,exp_a1/4_sq\fg_00ff00_bg_ffffff.jpg,0.281982421875
15,21,exp_a1/4_sq\fg_ffff00_bg_ffffff.jpg,0.281982421875
16,22,exp_a1/4_sq\fg_ffffff_bg_000000.jpg,0.1951904296875
17,16,exp_a1/4_sq\fg_ff0000_bg_000000.jpg,0.19482421875
18,2,exp_a1/4_sq\fg_0000ff_bg_000000.jpg,0.1947021484375
19,5,exp_a1/4_sq\fg_00ff00_bg_000000.jpg,0.1947021484375
20,13,exp_a1/4_sq\fg_921e3e_bg_000000.jpg,0.1947021484375
21,19,exp_a1/4_sq\fg_ffff00_bg_000000.jpg,0.194580078125
22,11,exp_a1/4_sq\fg_888888_bg_000000.jpg,0.194580078125
23,8,exp_a1/4_sq\fg_00ffff_bg_000000.jpg,0.1944580078125
0,6,exp_a1/56_sq\fg_00ff00_bg_888888.jpg,0.448974609375
1,3,exp_a1/56_sq\fg_0000ff_bg_888888.jpg,0.434814453125
2,14,exp_a1/56_sq\fg_921e3e_bg_888888.jpg,0.433349609375
3,0,exp_a1/56_sq\fg_000000_bg_888888.jpg,0.41845703125
4,9,exp_a1/56_sq\fg_00ffff_bg_888888.jpg,0.41259765625
5,20,exp_a1/56_sq\fg_ffff00_bg_888888.jpg,0.378173828125
6,17,exp_a1/56_sq\fg_ff0000_bg_888888.jpg,0.302001953125
7,21,exp_a1/56_sq\fg_ffff00_bg_ffffff.jpg,0.299072265625
8,1,exp_a1/56_sq\fg_000000_bg_ffffff.jpg,0.293701171875
9,4,exp_a1/56_sq\fg_0000ff_bg_ffffff.jpg,0.29052734375
10,12,exp_a1/56_sq\fg_888888_bg_ffffff.jpg,0.282958984375
11,10,exp_a1/56_sq\fg_00ffff_bg_ffffff.jpg,0.281982421875
12,7,exp_a1/56_sq\fg_00ff00_bg_ffffff.jpg,0.27734375
13,18,exp_a1/56_sq\fg_ff0000_bg_ffffff.jpg,0.27587890625
14,15,exp_a1/56_sq\fg_921e3e_bg_ffffff.jpg,0.275146484375
15,13,exp_a1/56_sq\fg_921e3e_bg_000000.jpg,0.254638671875
16,23,exp_a1/56_sq\fg_ffffff_bg_888888.jpg,0.244873046875
17,11,exp_a1/56_sq\fg_888888_bg_000000.jpg,0.2376708984375
18,19,exp_a1/56_sq\fg_ffff00_bg_000000.jpg,0.2166748046875
19,22,exp_a1/56_sq\fg_ffffff_bg_000000.jpg,0.21044921875
20,16,exp_a1/56_sq\fg_ff0000_bg_000000.jpg,0.2069091796875
21,8,exp_a1/56_sq\fg_00ffff_bg_000000.jpg,0.204345703125
22,2,exp_a1/56_sq\fg_0000ff_bg_000000.jpg,0.2015380859375
23,5,exp_a1/56_sq\fg_00ff00_bg_000000.jpg,0.1995849609375
0,4,exp_a1/colors\bg_888888.jpg,0.42041015625
1,8,exp_a1/colors\bg_ffffff.png,0.2822265625
2,7,exp_a1/colors\bg_ffff00.jpg,0.279541015625
3,6,exp_a1/colors\bg_ff0000.jpg,0.2763671875
4,5,exp_a1/colors\bg_921e3e.jpg,0.275390625
5,3,exp_a1/colors\bg_00ffff.jpg,0.2467041015625
6,1,exp_a1/colors\bg_0000ff.jpg,0.2427978515625
7,2,exp_a1/colors\bg_00ff00.jpg,0.23828125
8,0,exp_a1/colors\bg_000000.jpg,0.19482421875
