,Unnamed: 0,filepaths,similarity
0,14,exp_a1/112_sq\fg_921e3e_bg_888888.jpg,0.3544921875
1,6,exp_a1/112_sq\fg_00ff00_bg_888888.jpg,0.340576171875
2,3,exp_a1/112_sq\fg_0000ff_bg_888888.jpg,0.326904296875
3,9,exp_a1/112_sq\fg_00ffff_bg_888888.jpg,0.324951171875
4,12,exp_a1/112_sq\fg_888888_bg_ffffff.jpg,0.287353515625
5,10,exp_a1/112_sq\fg_00ffff_bg_ffffff.jpg,0.28515625
6,0,exp_a1/112_sq\fg_000000_bg_888888.jpg,0.280517578125
7,21,exp_a1/112_sq\fg_ffff00_bg_ffffff.jpg,0.278564453125
8,20,exp_a1/112_sq\fg_ffff00_bg_888888.jpg,0.27587890625
9,1,exp_a1/112_sq\fg_000000_bg_ffffff.jpg,0.275146484375
10,7,exp_a1/112_sq\fg_00ff00_bg_ffffff.jpg,0.25830078125
11,4,exp_a1/112_sq\fg_0000ff_bg_ffffff.jpg,0.252685546875
12,11,exp_a1/112_sq\fg_888888_bg_000000.jpg,0.251220703125
13,13,exp_a1/112_sq\fg_921e3e_bg_000000.jpg,0.25
14,15,exp_a1/112_sq\fg_921e3e_bg_ffffff.jpg,0.2469482421875
15,18,exp_a1/112_sq\fg_ff0000_bg_ffffff.jpg,0.239501953125
16,5,exp_a1/112_sq\fg_00ff00_bg_000000.jpg,0.234130859375
17,8,exp_a1/112_sq\fg_00ffff_bg_000000.jpg,0.208984375
18,23,exp_a1/112_sq\fg_ffffff_bg_888888.jpg,0.191650390625
19,17,exp_a1/112_sq\fg_ff0000_bg_888888.jpg,0.1888427734375
20,2,exp_a1/112_sq\fg_0000ff_bg_000000.jpg,0.1871337890625
21,19,exp_a1/112_sq\fg_ffff00_bg_000000.jpg,0.168212890625
22,16,exp_a1/112_sq\fg_ff0000_bg_000000.jpg,0.166259765625
23,22,exp_a1/112_sq\fg_ffffff_bg_000000.jpg,0.1646728515625
0,14,exp_a1/12_sq\fg_921e3e_bg_888888.jpg,0.364990234375
1,3,exp_a1/12_sq\fg_0000ff_bg_888888.jpg,0.36279296875
2,23,exp_a1/12_sq\fg_ffffff_bg_888888.jpg,0.361083984375
3,0,exp_a1/12_sq\fg_000000_bg_888888.jpg,0.359375
4,20,exp_a1/12_sq\fg_ffff00_bg_888888.jpg,0.34765625
5,6,exp_a1/12_sq\fg_00ff00_bg_888888.jpg,0.337158203125
6,9,exp_a1/12_sq\fg_00ffff_bg_888888.jpg,0.33251953125
7,17,exp_a1/12_sq\fg_ff0000_bg_888888.jpg,0.328125
8,12,exp_a1/12_sq\fg_888888_bg_ffffff.jpg,0.25244140625
9,15,exp_a1/12_sq\fg_921e3e_bg_ffffff.jpg,0.2509765625
10,4,exp_a1/12_sq\fg_0000ff_bg_ffffff.jpg,0.2493896484375
11,1,exp_a1/12_sq\fg_000000_bg_ffffff.jpg,0.246826171875
12,21,exp_a1/12_sq\fg_ffff00_bg_ffffff.jpg,0.2459716796875
13,10,exp_a1/12_sq\fg_00ffff_bg_ffffff.jpg,0.245849609375
14,18,exp_a1/12_sq\fg_ff0000_bg_ffffff.jpg,0.245849609375
15,7,exp_a1/12_sq\fg_00ff00_bg_ffffff.jpg,0.245849609375
16,11,exp_a1/12_sq\fg_888888_bg_000000.jpg,0.140625
17,22,exp_a1/12_sq\fg_ffffff_bg_000000.jpg,0.1402587890625
18,16,exp_a1/12_sq\fg_ff0000_bg_000000.jpg,0.1397705078125
19,8,exp_a1/12_sq\fg_00ffff_bg_000000.jpg,0.1383056640625
20,19,exp_a1/12_sq\fg_ffff00_bg_000000.jpg,0.1380615234375
21,5,exp_a1/12_sq\fg_00ff00_bg_000000.jpg,0.1376953125
22,13,exp_a1/12_sq\fg_921e3e_bg_000000.jpg,0.13720703125
23,2,exp_a1/12_sq\fg_0000ff_bg_000000.jpg,0.1365966796875
0,10,exp_a1/148_sq\fg_00ffff_bg_ffffff.jpg,0.304931640625
1,1,exp_a1/148_sq\fg_000000_bg_ffffff.jpg,0.30224609375
2,21,exp_a1/148_sq\fg_ffff00_bg_ffffff.jpg,0.297119140625
3,6,exp_a1/148_sq\fg_00ff00_bg_888888.jpg,0.292236328125
4,4,exp_a1/148_sq\fg_0000ff_bg_ffffff.jpg,0.291748046875
5,7,exp_a1/148_sq\fg_00ff00_bg_ffffff.jpg,0.264404296875
6,12,exp_a1/148_sq\fg_888888_bg_ffffff.jpg,0.263427734375
7,14,exp_a1/148_sq\fg_921e3e_bg_888888.jpg,0.25927734375
8,3,exp_a1/148_sq\fg_0000ff_bg_888888.jpg,0.252685546875
9,11,exp_a1/148_sq\fg_888888_bg_000000.jpg,0.25244140625
10,13,exp_a1/148_sq\fg_921e3e_bg_000000.jpg,0.24609375
11,5,exp_a1/148_sq\fg_00ff00_bg_000000.jpg,0.2447509765625
12,18,exp_a1/148_sq\fg_ff0000_bg_ffffff.jpg,0.2410888671875
13,20,exp_a1/148_sq\fg_ffff00_bg_888888.jpg,0.238037109375
14,9,exp_a1/148_sq\fg_00ffff_bg_888888.jpg,0.2364501953125
15,0,exp_a1/148_sq\fg_000000_bg_888888.jpg,0.2303466796875
16,2,exp_a1/148_sq\fg_0000ff_bg_000000.jpg,0.2156982421875
17,15,exp_a1/148_sq\fg_921e3e_bg_ffffff.jpg,0.19921875
18,8,exp_a1/148_sq\fg_00ffff_bg_000000.jpg,0.1795654296875
19,19,exp_a1/148_sq\fg_ffff00_bg_000000.jpg,0.168212890625
20,23,exp_a1/148_sq\fg_ffffff_bg_888888.jpg,0.15966796875
21,17,exp_a1/148_sq\fg_ff0000_bg_888888.jpg,0.1571044921875
22,22,exp_a1/148_sq\fg_ffffff_bg_000000.jpg,0.12646484375
23,16,exp_a1/148_sq\fg_ff0000_bg_000000.jpg,0.0958251953125
0,5,exp_a1/200_sq\fg_00ff00_bg_000000.jpg,0.269775390625
1,11,exp_a1/200_sq\fg_888888_bg_000000.jpg,0.26025390625
2,19,exp_a1/200_sq\fg_ffff00_bg_000000.jpg,0.25927734375
3,3,exp_a1/200_sq\fg_0000ff_bg_888888.jpg,0.252685546875
4,14,exp_a1/200_sq\fg_921e3e_bg_888888.jpg,0.25048828125
5,13,exp_a1/200_sq\fg_921e3e_bg_000000.jpg,0.248046875
6,8,exp_a1/200_sq\fg_00ffff_bg_000000.jpg,0.246826171875
7,0,exp_a1/200_sq\fg_000000_bg_888888.jpg,0.239990234375
8,18,exp_a1/200_sq\fg_ff0000_bg_ffffff.jpg,0.239990234375
9,10,exp_a1/200_sq\fg_00ffff_bg_ffffff.jpg,0.2314453125
10,21,exp_a1/200_sq\fg_ffff00_bg_ffffff.jpg,0.2099609375
11,2,exp_a1/200_sq\fg_0000ff_bg_000000.jpg,0.2054443359375
12,7,exp_a1/200_sq\fg_00ff00_bg_ffffff.jpg,0.2041015625
13,22,exp_a1/200_sq\fg_ffffff_bg_000000.jpg,0.1827392578125
14,6,exp_a1/200_sq\fg_00ff00_bg_888888.jpg,0.1807861328125
15,16,exp_a1/200_sq\fg_ff0000_bg_000000.jpg,0.17138671875
16,1,exp_a1/200_sq\fg_000000_bg_ffffff.jpg,0.1640625
17,20,exp_a1/200_sq\fg_ffff00_bg_888888.jpg,0.1612548828125
18,9,exp_a1/200_sq\fg_00ffff_bg_888888.jpg,0.1392822265625
19,4,exp_a1/200_sq\fg_0000ff_bg_ffffff.jpg,0.1376953125
20,17,exp_a1/200_sq\fg_ff0000_bg_888888.jpg,0.1275634765625
21,23,exp_a1/200_sq\fg_ffffff_bg_888888.jpg,0.1220703125
22,15,exp_a1/200_sq\fg_921e3e_bg_ffffff.jpg,0.11322021484375
23,12,exp_a1/200_sq\fg_888888_bg_ffffff.jpg,0.0303802490234375
0,23,exp_a1/4_sq\fg_ffffff_bg_888888.jpg,0.394775390625
1,20,exp_a1/4_sq\fg_ffff00_bg_888888.jpg,0.389404296875
2,0,exp_a1/4_sq\fg_000000_bg_888888.jpg,0.38916015625
3,14,exp_a1/4_sq\fg_921e3e_bg_888888.jpg,0.387939453125
4,9,exp_a1/4_sq\fg_00ffff_bg_888888.jpg,0.38671875
5,3,exp_a1/4_sq\fg_0000ff_bg_888888.jpg,0.386474609375
6,17,exp_a1/4_sq\fg_ff0000_bg_888888.jpg,0.3837890625
7,6,exp_a1/4_sq\fg_00ff00_bg_888888.jpg,0.3779296875
8,10,exp_a1/4_sq\fg_00ffff_bg_ffffff.jpg,0.245849609375
9,12,exp_a1/4_sq\fg_888888_bg_ffffff.jpg,0.245849609375
10,7,exp_a1/4_sq\fg_00ff00_bg_ffffff.jpg,0.245849609375
11,1,exp_a1/4_sq\fg_000000_bg_ffffff.jpg,0.2457275390625
12,4,exp_a1/4_sq\fg_0000ff_bg_ffffff.jpg,0.2457275390625
13,15,exp_a1/4_sq\fg_921e3e_bg_ffffff.jpg,0.2457275390625
14,18,exp_a1/4_sq\fg_ff0000_bg_ffffff.jpg,0.2457275390625
15,21,exp_a1/4_sq\fg_ffff00_bg_ffffff.jpg,0.245361328125
16,22,exp_a1/4_sq\fg_ffffff_bg_000000.jpg,0.136962890625
17,5,exp_a1/4_sq\fg_00ff00_bg_000000.jpg,0.1365966796875
18,19,exp_a1/4_sq\fg_ffff00_bg_000000.jpg,0.1365966796875
19,2,exp_a1/4_sq\fg_0000ff_bg_000000.jpg,0.1365966796875
20,13,exp_a1/4_sq\fg_921e3e_bg_000000.jpg,0.1365966796875
21,16,exp_a1/4_sq\fg_ff0000_bg_000000.jpg,0.136474609375
22,8,exp_a1/4_sq\fg_00ffff_bg_000000.jpg,0.1363525390625
23,11,exp_a1/4_sq\fg_888888_bg_000000.jpg,0.1363525390625
0,14,exp_a1/56_sq\fg_921e3e_bg_888888.jpg,0.3896484375
1,9,exp_a1/56_sq\fg_00ffff_bg_888888.jpg,0.3837890625
2,0,exp_a1/56_sq\fg_000000_bg_888888.jpg,0.37841796875
3,6,exp_a1/56_sq\fg_00ff00_bg_888888.jpg,0.37109375
4,20,exp_a1/56_sq\fg_ffff00_bg_888888.jpg,0.369873046875
5,3,exp_a1/56_sq\fg_0000ff_bg_888888.jpg,0.3681640625
6,17,exp_a1/56_sq\fg_ff0000_bg_888888.jpg,0.346435546875
7,23,exp_a1/56_sq\fg_ffffff_bg_888888.jpg,0.318115234375
8,1,exp_a1/56_sq\fg_000000_bg_ffffff.jpg,0.282958984375
9,21,exp_a1/56_sq\fg_ffff00_bg_ffffff.jpg,0.276123046875
10,4,exp_a1/56_sq\fg_0000ff_bg_ffffff.jpg,0.27099609375
11,12,exp_a1/56_sq\fg_888888_bg_ffffff.jpg,0.266357421875
12,10,exp_a1/56_sq\fg_00ffff_bg_ffffff.jpg,0.26220703125
13,7,exp_a1/56_sq\fg_00ff00_bg_ffffff.jpg,0.2607421875
14,15,exp_a1/56_sq\fg_921e3e_bg_ffffff.jpg,0.2474365234375
15,18,exp_a1/56_sq\fg_ff0000_bg_ffffff.jpg,0.237060546875
16,11,exp_a1/56_sq\fg_888888_bg_000000.jpg,0.2281494140625
17,13,exp_a1/56_sq\fg_921e3e_bg_000000.jpg,0.2197265625
18,22,exp_a1/56_sq\fg_ffffff_bg_000000.jpg,0.1611328125
19,16,exp_a1/56_sq\fg_ff0000_bg_000000.jpg,0.15966796875
20,19,exp_a1/56_sq\fg_ffff00_bg_000000.jpg,0.1588134765625
21,8,exp_a1/56_sq\fg_00ffff_bg_000000.jpg,0.1541748046875
22,2,exp_a1/56_sq\fg_0000ff_bg_000000.jpg,0.1510009765625
23,5,exp_a1/56_sq\fg_00ff00_bg_000000.jpg,0.14990234375
0,4,exp_a1/colors\bg_888888.jpg,0.400634765625
1,8,exp_a1/colors\bg_ffffff.png,0.24560546875
2,7,exp_a1/colors\bg_ffff00.jpg,0.2408447265625
3,1,exp_a1/colors\bg_0000ff.jpg,0.20458984375
4,5,exp_a1/colors\bg_921e3e.jpg,0.20361328125
5,6,exp_a1/colors\bg_ff0000.jpg,0.1954345703125
6,3,exp_a1/colors\bg_00ffff.jpg,0.174560546875
7,2,exp_a1/colors\bg_00ff00.jpg,0.169189453125
8,0,exp_a1/colors\bg_000000.jpg,0.13671875
