,Unnamed: 0,filepaths,similarity
0,6,exp_a1/112_sq\fg_00ff00_bg_888888.jpg,0.33935546875
1,14,exp_a1/112_sq\fg_921e3e_bg_888888.jpg,0.3369140625
2,9,exp_a1/112_sq\fg_00ffff_bg_888888.jpg,0.312255859375
3,3,exp_a1/112_sq\fg_0000ff_bg_888888.jpg,0.303955078125
4,21,exp_a1/112_sq\fg_ffff00_bg_ffffff.jpg,0.287841796875
5,10,exp_a1/112_sq\fg_00ffff_bg_ffffff.jpg,0.27001953125
6,1,exp_a1/112_sq\fg_000000_bg_ffffff.jpg,0.266357421875
7,12,exp_a1/112_sq\fg_888888_bg_ffffff.jpg,0.262451171875
8,13,exp_a1/112_sq\fg_921e3e_bg_000000.jpg,0.2568359375
9,0,exp_a1/112_sq\fg_000000_bg_888888.jpg,0.255615234375
10,11,exp_a1/112_sq\fg_888888_bg_000000.jpg,0.25341796875
11,7,exp_a1/112_sq\fg_00ff00_bg_ffffff.jpg,0.2509765625
12,5,exp_a1/112_sq\fg_00ff00_bg_000000.jpg,0.250244140625
13,18,exp_a1/112_sq\fg_ff0000_bg_ffffff.jpg,0.250244140625
14,4,exp_a1/112_sq\fg_0000ff_bg_ffffff.jpg,0.24853515625
15,20,exp_a1/112_sq\fg_ffff00_bg_888888.jpg,0.2476806640625
16,15,exp_a1/112_sq\fg_921e3e_bg_ffffff.jpg,0.2391357421875
17,8,exp_a1/112_sq\fg_00ffff_bg_000000.jpg,0.2249755859375
18,2,exp_a1/112_sq\fg_0000ff_bg_000000.jpg,0.205322265625
19,19,exp_a1/112_sq\fg_ffff00_bg_000000.jpg,0.197998046875
20,23,exp_a1/112_sq\fg_ffffff_bg_888888.jpg,0.174560546875
21,17,exp_a1/112_sq\fg_ff0000_bg_888888.jpg,0.1727294921875
22,16,exp_a1/112_sq\fg_ff0000_bg_000000.jpg,0.170166015625
23,22,exp_a1/112_sq\fg_ffffff_bg_000000.jpg,0.1680908203125
0,23,exp_a1/12_sq\fg_ffffff_bg_888888.jpg,0.340087890625
1,14,exp_a1/12_sq\fg_921e3e_bg_888888.jpg,0.328369140625
2,3,exp_a1/12_sq\fg_0000ff_bg_888888.jpg,0.327392578125
3,0,exp_a1/12_sq\fg_000000_bg_888888.jpg,0.326171875
4,20,exp_a1/12_sq\fg_ffff00_bg_888888.jpg,0.31298828125
5,6,exp_a1/12_sq\fg_00ff00_bg_888888.jpg,0.3115234375
6,17,exp_a1/12_sq\fg_ff0000_bg_888888.jpg,0.308837890625
7,9,exp_a1/12_sq\fg_00ffff_bg_888888.jpg,0.30078125
8,12,exp_a1/12_sq\fg_888888_bg_ffffff.jpg,0.26220703125
9,15,exp_a1/12_sq\fg_921e3e_bg_ffffff.jpg,0.26123046875
10,4,exp_a1/12_sq\fg_0000ff_bg_ffffff.jpg,0.259765625
11,1,exp_a1/12_sq\fg_000000_bg_ffffff.jpg,0.2578125
12,7,exp_a1/12_sq\fg_00ff00_bg_ffffff.jpg,0.2568359375
13,10,exp_a1/12_sq\fg_00ffff_bg_ffffff.jpg,0.256591796875
14,18,exp_a1/12_sq\fg_ff0000_bg_ffffff.jpg,0.256591796875
15,21,exp_a1/12_sq\fg_ffff00_bg_ffffff.jpg,0.256591796875
16,22,exp_a1/12_sq\fg_ffffff_bg_000000.jpg,0.1656494140625
17,16,exp_a1/12_sq\fg_ff0000_bg_000000.jpg,0.1650390625
18,11,exp_a1/12_sq\fg_888888_bg_000000.jpg,0.1649169921875
19,8,exp_a1/12_sq\fg_00ffff_bg_000000.jpg,0.1640625
20,19,exp_a1/12_sq\fg_ffff00_bg_000000.jpg,0.1639404296875
21,5,exp_a1/12_sq\fg_00ff00_bg_000000.jpg,0.1632080078125
22,13,exp_a1/12_sq\fg_921e3e_bg_000000.jpg,0.162841796875
23,2,exp_a1/12_sq\fg_0000ff_bg_000000.jpg,0.162109375
0,21,exp_a1/148_sq\fg_ffff00_bg_ffffff.jpg,0.302734375
1,10,exp_a1/148_sq\fg_00ffff_bg_ffffff.jpg,0.30029296875
2,1,exp_a1/148_sq\fg_000000_bg_ffffff.jpg,0.29248046875
3,6,exp_a1/148_sq\fg_00ff00_bg_888888.jpg,0.283447265625
4,4,exp_a1/148_sq\fg_0000ff_bg_ffffff.jpg,0.2685546875
5,5,exp_a1/148_sq\fg_00ff00_bg_000000.jpg,0.26513671875
6,13,exp_a1/148_sq\fg_921e3e_bg_000000.jpg,0.258544921875
7,7,exp_a1/148_sq\fg_00ff00_bg_ffffff.jpg,0.2568359375
8,12,exp_a1/148_sq\fg_888888_bg_ffffff.jpg,0.249267578125
9,18,exp_a1/148_sq\fg_ff0000_bg_ffffff.jpg,0.2479248046875
10,11,exp_a1/148_sq\fg_888888_bg_000000.jpg,0.2330322265625
11,14,exp_a1/148_sq\fg_921e3e_bg_888888.jpg,0.23095703125
12,2,exp_a1/148_sq\fg_0000ff_bg_000000.jpg,0.229248046875
13,3,exp_a1/148_sq\fg_0000ff_bg_888888.jpg,0.2242431640625
14,0,exp_a1/148_sq\fg_000000_bg_888888.jpg,0.2093505859375
15,9,exp_a1/148_sq\fg_00ffff_bg_888888.jpg,0.2086181640625
16,20,exp_a1/148_sq\fg_ffff00_bg_888888.jpg,0.2017822265625
17,19,exp_a1/148_sq\fg_ffff00_bg_000000.jpg,0.2012939453125
18,8,exp_a1/148_sq\fg_00ffff_bg_000000.jpg,0.1973876953125
19,15,exp_a1/148_sq\fg_921e3e_bg_ffffff.jpg,0.1949462890625
20,23,exp_a1/148_sq\fg_ffffff_bg_888888.jpg,0.1273193359375
21,17,exp_a1/148_sq\fg_ff0000_bg_888888.jpg,0.1260986328125
22,22,exp_a1/148_sq\fg_ffffff_bg_000000.jpg,0.117431640625
23,16,exp_a1/148_sq\fg_ff0000_bg_000000.jpg,0.0924072265625
0,19,exp_a1/200_sq\fg_ffff00_bg_000000.jpg,0.286376953125
1,5,exp_a1/200_sq\fg_00ff00_bg_000000.jpg,0.27685546875
2,11,exp_a1/200_sq\fg_888888_bg_000000.jpg,0.26318359375
3,18,exp_a1/200_sq\fg_ff0000_bg_ffffff.jpg,0.25048828125
4,13,exp_a1/200_sq\fg_921e3e_bg_000000.jpg,0.25
5,8,exp_a1/200_sq\fg_00ffff_bg_000000.jpg,0.2493896484375
6,10,exp_a1/200_sq\fg_00ffff_bg_ffffff.jpg,0.2462158203125
7,21,exp_a1/200_sq\fg_ffff00_bg_ffffff.jpg,0.2327880859375
8,0,exp_a1/200_sq\fg_000000_bg_888888.jpg,0.224853515625
9,14,exp_a1/200_sq\fg_921e3e_bg_888888.jpg,0.2200927734375
10,3,exp_a1/200_sq\fg_0000ff_bg_888888.jpg,0.2196044921875
11,2,exp_a1/200_sq\fg_0000ff_bg_000000.jpg,0.2169189453125
12,7,exp_a1/200_sq\fg_00ff00_bg_ffffff.jpg,0.2071533203125
13,20,exp_a1/200_sq\fg_ffff00_bg_888888.jpg,0.1739501953125
14,6,exp_a1/200_sq\fg_00ff00_bg_888888.jpg,0.17333984375
15,1,exp_a1/200_sq\fg_000000_bg_ffffff.jpg,0.16650390625
16,22,exp_a1/200_sq\fg_ffffff_bg_000000.jpg,0.1591796875
17,16,exp_a1/200_sq\fg_ff0000_bg_000000.jpg,0.1546630859375
18,4,exp_a1/200_sq\fg_0000ff_bg_ffffff.jpg,0.13720703125
19,17,exp_a1/200_sq\fg_ff0000_bg_888888.jpg,0.1309814453125
20,23,exp_a1/200_sq\fg_ffffff_bg_888888.jpg,0.127197265625
21,9,exp_a1/200_sq\fg_00ffff_bg_888888.jpg,0.11602783203125
22,15,exp_a1/200_sq\fg_921e3e_bg_ffffff.jpg,0.1055908203125
23,12,exp_a1/200_sq\fg_888888_bg_ffffff.jpg,0.0284423828125
0,9,exp_a1/4_sq\fg_00ffff_bg_888888.jpg,0.377685546875
1,6,exp_a1/4_sq\fg_00ff00_bg_888888.jpg,0.3759765625
2,17,exp_a1/4_sq\fg_ff0000_bg_888888.jpg,0.366943359375
3,20,exp_a1/4_sq\fg_ffff00_bg_888888.jpg,0.3623046875
4,14,exp_a1/4_sq\fg_921e3e_bg_888888.jpg,0.359619140625
5,3,exp_a1/4_sq\fg_0000ff_bg_888888.jpg,0.356689453125
6,0,exp_a1/4_sq\fg_000000_bg_888888.jpg,0.35595703125
7,23,exp_a1/4_sq\fg_ffffff_bg_888888.jpg,0.353271484375
8,10,exp_a1/4_sq\fg_00ffff_bg_ffffff.jpg,0.256591796875
9,15,exp_a1/4_sq\fg_921e3e_bg_ffffff.jpg,0.256591796875
10,4,exp_a1/4_sq\fg_0000ff_bg_ffffff.jpg,0.256591796875
11,7,exp_a1/4_sq\fg_00ff00_bg_ffffff.jpg,0.25634765625
12,1,exp_a1/4_sq\fg_000000_bg_ffffff.jpg,0.25634765625
13,18,exp_a1/4_sq\fg_ff0000_bg_ffffff.jpg,0.25634765625
14,12,exp_a1/4_sq\fg_888888_bg_ffffff.jpg,0.25634765625
15,21,exp_a1/4_sq\fg_ffff00_bg_ffffff.jpg,0.256103515625
16,22,exp_a1/4_sq\fg_ffffff_bg_000000.jpg,0.1629638671875
17,13,exp_a1/4_sq\fg_921e3e_bg_000000.jpg,0.16259765625
18,5,exp_a1/4_sq\fg_00ff00_bg_000000.jpg,0.16259765625
19,19,exp_a1/4_sq\fg_ffff00_bg_000000.jpg,0.16259765625
20,8,exp_a1/4_sq\fg_00ffff_bg_000000.jpg,0.1624755859375
21,16,exp_a1/4_sq\fg_ff0000_bg_000000.jpg,0.1624755859375
22,2,exp_a1/4_sq\fg_0000ff_bg_000000.jpg,0.1624755859375
23,11,exp_a1/4_sq\fg_888888_bg_000000.jpg,0.162353515625
0,14,exp_a1/56_sq\fg_921e3e_bg_888888.jpg,0.36767578125
1,9,exp_a1/56_sq\fg_00ffff_bg_888888.jpg,0.364501953125
2,0,exp_a1/56_sq\fg_000000_bg_888888.jpg,0.359130859375
3,6,exp_a1/56_sq\fg_00ff00_bg_888888.jpg,0.358642578125
4,3,exp_a1/56_sq\fg_0000ff_bg_888888.jpg,0.3505859375
5,20,exp_a1/56_sq\fg_ffff00_bg_888888.jpg,0.3466796875
6,17,exp_a1/56_sq\fg_ff0000_bg_888888.jpg,0.31201171875
7,23,exp_a1/56_sq\fg_ffffff_bg_888888.jpg,0.285400390625
8,21,exp_a1/56_sq\fg_ffff00_bg_ffffff.jpg,0.27978515625
9,1,exp_a1/56_sq\fg_000000_bg_ffffff.jpg,0.27880859375
10,4,exp_a1/56_sq\fg_0000ff_bg_ffffff.jpg,0.269287109375
11,12,exp_a1/56_sq\fg_888888_bg_ffffff.jpg,0.26416015625
12,10,exp_a1/56_sq\fg_00ffff_bg_ffffff.jpg,0.261962890625
13,7,exp_a1/56_sq\fg_00ff00_bg_ffffff.jpg,0.259521484375
14,15,exp_a1/56_sq\fg_921e3e_bg_ffffff.jpg,0.2529296875
15,18,exp_a1/56_sq\fg_ff0000_bg_ffffff.jpg,0.248291015625
16,13,exp_a1/56_sq\fg_921e3e_bg_000000.jpg,0.2322998046875
17,11,exp_a1/56_sq\fg_888888_bg_000000.jpg,0.2242431640625
18,19,exp_a1/56_sq\fg_ffff00_bg_000000.jpg,0.1834716796875
19,22,exp_a1/56_sq\fg_ffffff_bg_000000.jpg,0.176513671875
20,16,exp_a1/56_sq\fg_ff0000_bg_000000.jpg,0.1734619140625
21,8,exp_a1/56_sq\fg_00ffff_bg_000000.jpg,0.172607421875
22,2,exp_a1/56_sq\fg_0000ff_bg_000000.jpg,0.1724853515625
23,5,exp_a1/56_sq\fg_00ff00_bg_000000.jpg,0.16845703125
0,4,exp_a1/colors\bg_888888.jpg,0.369140625
1,8,exp_a1/colors\bg_ffffff.png,0.25634765625
2,7,exp_a1/colors\bg_ffff00.jpg,0.251220703125
3,6,exp_a1/colors\bg_ff0000.jpg,0.224365234375
4,1,exp_a1/colors\bg_0000ff.jpg,0.214599609375
5,5,exp_a1/colors\bg_921e3e.jpg,0.203369140625
6,3,exp_a1/colors\bg_00ffff.jpg,0.1920166015625
7,2,exp_a1/colors\bg_00ff00.jpg,0.1776123046875
8,0,exp_a1/colors\bg_000000.jpg,0.1627197265625
