,Unnamed: 0,filepaths,similarity
0,20,exp_a1/112_sq\fg_ffff00_bg_888888.jpg,0.2783203125
1,1,exp_a1/112_sq\fg_000000_bg_ffffff.jpg,0.277099609375
2,22,exp_a1/112_sq\fg_ffffff_bg_000000.jpg,0.275634765625
3,17,exp_a1/112_sq\fg_ff0000_bg_888888.jpg,0.274658203125
4,13,exp_a1/112_sq\fg_921e3e_bg_000000.jpg,0.271484375
5,16,exp_a1/112_sq\fg_ff0000_bg_000000.jpg,0.270751953125
6,23,exp_a1/112_sq\fg_ffffff_bg_888888.jpg,0.268798828125
7,8,exp_a1/112_sq\fg_00ffff_bg_000000.jpg,0.267822265625
8,2,exp_a1/112_sq\fg_0000ff_bg_000000.jpg,0.267578125
9,14,exp_a1/112_sq\fg_921e3e_bg_888888.jpg,0.26708984375
10,21,exp_a1/112_sq\fg_ffff00_bg_ffffff.jpg,0.266845703125
11,18,exp_a1/112_sq\fg_ff0000_bg_ffffff.jpg,0.266845703125
12,9,exp_a1/112_sq\fg_00ffff_bg_888888.jpg,0.2666015625
13,3,exp_a1/112_sq\fg_0000ff_bg_888888.jpg,0.265380859375
14,19,exp_a1/112_sq\fg_ffff00_bg_000000.jpg,0.264404296875
15,4,exp_a1/112_sq\fg_0000ff_bg_ffffff.jpg,0.26416015625
16,15,exp_a1/112_sq\fg_921e3e_bg_ffffff.jpg,0.26416015625
17,0,exp_a1/112_sq\fg_000000_bg_888888.jpg,0.263427734375
18,10,exp_a1/112_sq\fg_00ffff_bg_ffffff.jpg,0.262939453125
19,7,exp_a1/112_sq\fg_00ff00_bg_ffffff.jpg,0.26220703125
20,5,exp_a1/112_sq\fg_00ff00_bg_000000.jpg,0.259765625
21,11,exp_a1/112_sq\fg_888888_bg_000000.jpg,0.258056640625
22,6,exp_a1/112_sq\fg_00ff00_bg_888888.jpg,0.251708984375
23,12,exp_a1/112_sq\fg_888888_bg_ffffff.jpg,0.2457275390625
0,18,exp_a1/12_sq\fg_ff0000_bg_ffffff.jpg,0.27392578125
1,2,exp_a1/12_sq\fg_0000ff_bg_000000.jpg,0.267822265625
2,22,exp_a1/12_sq\fg_ffffff_bg_000000.jpg,0.267822265625
3,21,exp_a1/12_sq\fg_ffff00_bg_ffffff.jpg,0.26611328125
4,8,exp_a1/12_sq\fg_00ffff_bg_000000.jpg,0.26611328125
5,1,exp_a1/12_sq\fg_000000_bg_ffffff.jpg,0.26611328125
6,13,exp_a1/12_sq\fg_921e3e_bg_000000.jpg,0.26611328125
7,11,exp_a1/12_sq\fg_888888_bg_000000.jpg,0.265625
8,16,exp_a1/12_sq\fg_ff0000_bg_000000.jpg,0.264404296875
9,17,exp_a1/12_sq\fg_ff0000_bg_888888.jpg,0.263916015625
10,20,exp_a1/12_sq\fg_ffff00_bg_888888.jpg,0.26171875
11,19,exp_a1/12_sq\fg_ffff00_bg_000000.jpg,0.26171875
12,7,exp_a1/12_sq\fg_00ff00_bg_ffffff.jpg,0.26123046875
13,5,exp_a1/12_sq\fg_00ff00_bg_000000.jpg,0.260986328125
14,15,exp_a1/12_sq\fg_921e3e_bg_ffffff.jpg,0.260009765625
15,12,exp_a1/12_sq\fg_888888_bg_ffffff.jpg,0.259765625
16,0,exp_a1/12_sq\fg_000000_bg_888888.jpg,0.25927734375
17,10,exp_a1/12_sq\fg_00ffff_bg_ffffff.jpg,0.259033203125
18,23,exp_a1/12_sq\fg_ffffff_bg_888888.jpg,0.259033203125
19,4,exp_a1/12_sq\fg_0000ff_bg_ffffff.jpg,0.25830078125
20,14,exp_a1/12_sq\fg_921e3e_bg_888888.jpg,0.257080078125
21,9,exp_a1/12_sq\fg_00ffff_bg_888888.jpg,0.256591796875
22,3,exp_a1/12_sq\fg_0000ff_bg_888888.jpg,0.254150390625
23,6,exp_a1/12_sq\fg_00ff00_bg_888888.jpg,0.253662109375
0,22,exp_a1/148_sq\fg_ffffff_bg_000000.jpg,0.279296875
1,1,exp_a1/148_sq\fg_000000_bg_ffffff.jpg,0.272705078125
2,19,exp_a1/148_sq\fg_ffff00_bg_000000.jpg,0.2705078125
3,13,exp_a1/148_sq\fg_921e3e_bg_000000.jpg,0.269775390625
4,2,exp_a1/148_sq\fg_0000ff_bg_000000.jpg,0.269287109375
5,8,exp_a1/148_sq\fg_00ffff_bg_000000.jpg,0.26904296875
6,16,exp_a1/148_sq\fg_ff0000_bg_000000.jpg,0.267578125
7,18,exp_a1/148_sq\fg_ff0000_bg_ffffff.jpg,0.267333984375
8,0,exp_a1/148_sq\fg_000000_bg_888888.jpg,0.266357421875
9,20,exp_a1/148_sq\fg_ffff00_bg_888888.jpg,0.265625
10,5,exp_a1/148_sq\fg_00ff00_bg_000000.jpg,0.265380859375
11,15,exp_a1/148_sq\fg_921e3e_bg_ffffff.jpg,0.26513671875
12,10,exp_a1/148_sq\fg_00ffff_bg_ffffff.jpg,0.26416015625
13,23,exp_a1/148_sq\fg_ffffff_bg_888888.jpg,0.262451171875
14,21,exp_a1/148_sq\fg_ffff00_bg_ffffff.jpg,0.26220703125
15,17,exp_a1/148_sq\fg_ff0000_bg_888888.jpg,0.26123046875
16,7,exp_a1/148_sq\fg_00ff00_bg_ffffff.jpg,0.260009765625
17,4,exp_a1/148_sq\fg_0000ff_bg_ffffff.jpg,0.259521484375
18,11,exp_a1/148_sq\fg_888888_bg_000000.jpg,0.258544921875
19,3,exp_a1/148_sq\fg_0000ff_bg_888888.jpg,0.2568359375
20,14,exp_a1/148_sq\fg_921e3e_bg_888888.jpg,0.25537109375
21,9,exp_a1/148_sq\fg_00ffff_bg_888888.jpg,0.252685546875
22,12,exp_a1/148_sq\fg_888888_bg_ffffff.jpg,0.2431640625
23,6,exp_a1/148_sq\fg_00ff00_bg_888888.jpg,0.2236328125
0,16,exp_a1/200_sq\fg_ff0000_bg_000000.jpg,0.274658203125
1,22,exp_a1/200_sq\fg_ffffff_bg_000000.jpg,0.273681640625
2,13,exp_a1/200_sq\fg_921e3e_bg_000000.jpg,0.272216796875
3,1,exp_a1/200_sq\fg_000000_bg_ffffff.jpg,0.270263671875
4,8,exp_a1/200_sq\fg_00ffff_bg_000000.jpg,0.268798828125
5,19,exp_a1/200_sq\fg_ffff00_bg_000000.jpg,0.267578125
6,5,exp_a1/200_sq\fg_00ff00_bg_000000.jpg,0.267578125
7,0,exp_a1/200_sq\fg_000000_bg_888888.jpg,0.266845703125
8,10,exp_a1/200_sq\fg_00ffff_bg_ffffff.jpg,0.266357421875
9,2,exp_a1/200_sq\fg_0000ff_bg_000000.jpg,0.265625
10,21,exp_a1/200_sq\fg_ffff00_bg_ffffff.jpg,0.264404296875
11,17,exp_a1/200_sq\fg_ff0000_bg_888888.jpg,0.26318359375
12,20,exp_a1/200_sq\fg_ffff00_bg_888888.jpg,0.260009765625
13,7,exp_a1/200_sq\fg_00ff00_bg_ffffff.jpg,0.25927734375
14,18,exp_a1/200_sq\fg_ff0000_bg_ffffff.jpg,0.259033203125
15,4,exp_a1/200_sq\fg_0000ff_bg_ffffff.jpg,0.258544921875
16,3,exp_a1/200_sq\fg_0000ff_bg_888888.jpg,0.256591796875
17,9,exp_a1/200_sq\fg_00ffff_bg_888888.jpg,0.255859375
18,15,exp_a1/200_sq\fg_921e3e_bg_ffffff.jpg,0.25439453125
19,6,exp_a1/200_sq\fg_00ff00_bg_888888.jpg,0.253662109375
20,14,exp_a1/200_sq\fg_921e3e_bg_888888.jpg,0.251953125
21,23,exp_a1/200_sq\fg_ffffff_bg_888888.jpg,0.2490234375
22,12,exp_a1/200_sq\fg_888888_bg_ffffff.jpg,0.236572265625
23,11,exp_a1/200_sq\fg_888888_bg_000000.jpg,0.234375
0,1,exp_a1/4_sq\fg_000000_bg_ffffff.jpg,0.268798828125
1,7,exp_a1/4_sq\fg_00ff00_bg_ffffff.jpg,0.267822265625
2,13,exp_a1/4_sq\fg_921e3e_bg_000000.jpg,0.267822265625
3,11,exp_a1/4_sq\fg_888888_bg_000000.jpg,0.26708984375
4,4,exp_a1/4_sq\fg_0000ff_bg_ffffff.jpg,0.2666015625
5,22,exp_a1/4_sq\fg_ffffff_bg_000000.jpg,0.265869140625
6,2,exp_a1/4_sq\fg_0000ff_bg_000000.jpg,0.265625
7,15,exp_a1/4_sq\fg_921e3e_bg_ffffff.jpg,0.264892578125
8,10,exp_a1/4_sq\fg_00ffff_bg_ffffff.jpg,0.264892578125
9,19,exp_a1/4_sq\fg_ffff00_bg_000000.jpg,0.263916015625
10,18,exp_a1/4_sq\fg_ff0000_bg_ffffff.jpg,0.263916015625
11,8,exp_a1/4_sq\fg_00ffff_bg_000000.jpg,0.263427734375
12,16,exp_a1/4_sq\fg_ff0000_bg_000000.jpg,0.263427734375
13,0,exp_a1/4_sq\fg_000000_bg_888888.jpg,0.262939453125
14,5,exp_a1/4_sq\fg_00ff00_bg_000000.jpg,0.262451171875
15,21,exp_a1/4_sq\fg_ffff00_bg_ffffff.jpg,0.261962890625
16,9,exp_a1/4_sq\fg_00ffff_bg_888888.jpg,0.261474609375
17,12,exp_a1/4_sq\fg_888888_bg_ffffff.jpg,0.26123046875
18,20,exp_a1/4_sq\fg_ffff00_bg_888888.jpg,0.260986328125
19,14,exp_a1/4_sq\fg_921e3e_bg_888888.jpg,0.25732421875
20,3,exp_a1/4_sq\fg_0000ff_bg_888888.jpg,0.255615234375
21,17,exp_a1/4_sq\fg_ff0000_bg_888888.jpg,0.255126953125
22,6,exp_a1/4_sq\fg_00ff00_bg_888888.jpg,0.251953125
23,23,exp_a1/4_sq\fg_ffffff_bg_888888.jpg,0.2479248046875
0,8,exp_a1/56_sq\fg_00ffff_bg_000000.jpg,0.27587890625
1,16,exp_a1/56_sq\fg_ff0000_bg_000000.jpg,0.274658203125
2,22,exp_a1/56_sq\fg_ffffff_bg_000000.jpg,0.274658203125
3,1,exp_a1/56_sq\fg_000000_bg_ffffff.jpg,0.274658203125
4,20,exp_a1/56_sq\fg_ffff00_bg_888888.jpg,0.273681640625
5,11,exp_a1/56_sq\fg_888888_bg_000000.jpg,0.273681640625
6,2,exp_a1/56_sq\fg_0000ff_bg_000000.jpg,0.27197265625
7,18,exp_a1/56_sq\fg_ff0000_bg_ffffff.jpg,0.269775390625
8,19,exp_a1/56_sq\fg_ffff00_bg_000000.jpg,0.26953125
9,13,exp_a1/56_sq\fg_921e3e_bg_000000.jpg,0.26953125
10,10,exp_a1/56_sq\fg_00ffff_bg_ffffff.jpg,0.269287109375
11,5,exp_a1/56_sq\fg_00ff00_bg_000000.jpg,0.269287109375
12,21,exp_a1/56_sq\fg_ffff00_bg_ffffff.jpg,0.268798828125
13,15,exp_a1/56_sq\fg_921e3e_bg_ffffff.jpg,0.267822265625
14,3,exp_a1/56_sq\fg_0000ff_bg_888888.jpg,0.267578125
15,4,exp_a1/56_sq\fg_0000ff_bg_ffffff.jpg,0.267333984375
16,17,exp_a1/56_sq\fg_ff0000_bg_888888.jpg,0.265380859375
17,7,exp_a1/56_sq\fg_00ff00_bg_ffffff.jpg,0.262939453125
18,0,exp_a1/56_sq\fg_000000_bg_888888.jpg,0.2607421875
19,14,exp_a1/56_sq\fg_921e3e_bg_888888.jpg,0.25927734375
20,12,exp_a1/56_sq\fg_888888_bg_ffffff.jpg,0.258544921875
21,23,exp_a1/56_sq\fg_ffffff_bg_888888.jpg,0.25830078125
22,6,exp_a1/56_sq\fg_00ff00_bg_888888.jpg,0.252197265625
23,9,exp_a1/56_sq\fg_00ffff_bg_888888.jpg,0.25146484375
0,8,exp_a1/colors\bg_ffffff.png,0.267578125
1,0,exp_a1/colors\bg_000000.jpg,0.26708984375
2,5,exp_a1/colors\bg_921e3e.jpg,0.26708984375
3,6,exp_a1/colors\bg_ff0000.jpg,0.2666015625
4,1,exp_a1/colors\bg_0000ff.jpg,0.26220703125
5,7,exp_a1/colors\bg_ffff00.jpg,0.253173828125
6,2,exp_a1/colors\bg_00ff00.jpg,0.25048828125
7,3,exp_a1/colors\bg_00ffff.jpg,0.24853515625
8,4,exp_a1/colors\bg_888888.jpg,0.2366943359375
