,Unnamed: 0,filepaths,similarity
0,6,exp_a1/112_sq\fg_00ff00_bg_888888.jpg,0.367431640625
1,14,exp_a1/112_sq\fg_921e3e_bg_888888.jpg,0.328125
2,9,exp_a1/112_sq\fg_00ffff_bg_888888.jpg,0.32763671875
3,10,exp_a1/112_sq\fg_00ffff_bg_ffffff.jpg,0.3017578125
4,12,exp_a1/112_sq\fg_888888_bg_ffffff.jpg,0.291748046875
5,21,exp_a1/112_sq\fg_ffff00_bg_ffffff.jpg,0.283935546875
6,3,exp_a1/112_sq\fg_0000ff_bg_888888.jpg,0.27490234375
7,1,exp_a1/112_sq\fg_000000_bg_ffffff.jpg,0.2744140625
8,7,exp_a1/112_sq\fg_00ff00_bg_ffffff.jpg,0.2685546875
9,4,exp_a1/112_sq\fg_0000ff_bg_ffffff.jpg,0.26611328125
10,18,exp_a1/112_sq\fg_ff0000_bg_ffffff.jpg,0.260009765625
11,11,exp_a1/112_sq\fg_888888_bg_000000.jpg,0.254638671875
12,15,exp_a1/112_sq\fg_921e3e_bg_ffffff.jpg,0.243408203125
13,13,exp_a1/112_sq\fg_921e3e_bg_000000.jpg,0.2423095703125
14,5,exp_a1/112_sq\fg_00ff00_bg_000000.jpg,0.230224609375
15,23,exp_a1/112_sq\fg_ffffff_bg_888888.jpg,0.22216796875
16,17,exp_a1/112_sq\fg_ff0000_bg_888888.jpg,0.216796875
17,16,exp_a1/112_sq\fg_ff0000_bg_000000.jpg,0.215087890625
18,22,exp_a1/112_sq\fg_ffffff_bg_000000.jpg,0.21337890625
19,8,exp_a1/112_sq\fg_00ffff_bg_000000.jpg,0.2132568359375
20,2,exp_a1/112_sq\fg_0000ff_bg_000000.jpg,0.1978759765625
21,19,exp_a1/112_sq\fg_ffff00_bg_000000.jpg,0.1939697265625
22,0,exp_a1/112_sq\fg_000000_bg_888888.jpg,0.183837890625
23,20,exp_a1/112_sq\fg_ffff00_bg_888888.jpg,0.17919921875
0,6,exp_a1/12_sq\fg_00ff00_bg_888888.jpg,0.453125
1,9,exp_a1/12_sq\fg_00ffff_bg_888888.jpg,0.4521484375
2,23,exp_a1/12_sq\fg_ffffff_bg_888888.jpg,0.449462890625
3,0,exp_a1/12_sq\fg_000000_bg_888888.jpg,0.446533203125
4,17,exp_a1/12_sq\fg_ff0000_bg_888888.jpg,0.446044921875
5,3,exp_a1/12_sq\fg_0000ff_bg_888888.jpg,0.446044921875
6,14,exp_a1/12_sq\fg_921e3e_bg_888888.jpg,0.441162109375
7,20,exp_a1/12_sq\fg_ffff00_bg_888888.jpg,0.437255859375
8,12,exp_a1/12_sq\fg_888888_bg_ffffff.jpg,0.27197265625
9,15,exp_a1/12_sq\fg_921e3e_bg_ffffff.jpg,0.27099609375
10,4,exp_a1/12_sq\fg_0000ff_bg_ffffff.jpg,0.26904296875
11,1,exp_a1/12_sq\fg_000000_bg_ffffff.jpg,0.267578125
12,18,exp_a1/12_sq\fg_ff0000_bg_ffffff.jpg,0.26708984375
13,7,exp_a1/12_sq\fg_00ff00_bg_ffffff.jpg,0.266845703125
14,10,exp_a1/12_sq\fg_00ffff_bg_ffffff.jpg,0.2666015625
15,21,exp_a1/12_sq\fg_ffff00_bg_ffffff.jpg,0.266357421875
16,11,exp_a1/12_sq\fg_888888_bg_000000.jpg,0.1644287109375
17,22,exp_a1/12_sq\fg_ffffff_bg_000000.jpg,0.164306640625
18,8,exp_a1/12_sq\fg_00ffff_bg_000000.jpg,0.1641845703125
19,16,exp_a1/12_sq\fg_ff0000_bg_000000.jpg,0.163818359375
20,19,exp_a1/12_sq\fg_ffff00_bg_000000.jpg,0.163818359375
21,5,exp_a1/12_sq\fg_00ff00_bg_000000.jpg,0.1636962890625
22,2,exp_a1/12_sq\fg_0000ff_bg_000000.jpg,0.1632080078125
23,13,exp_a1/12_sq\fg_921e3e_bg_000000.jpg,0.1632080078125
0,10,exp_a1/148_sq\fg_00ffff_bg_ffffff.jpg,0.3251953125
1,6,exp_a1/148_sq\fg_00ff00_bg_888888.jpg,0.31640625
2,21,exp_a1/148_sq\fg_ffff00_bg_ffffff.jpg,0.312255859375
3,1,exp_a1/148_sq\fg_000000_bg_ffffff.jpg,0.2998046875
4,7,exp_a1/148_sq\fg_00ff00_bg_ffffff.jpg,0.288818359375
5,4,exp_a1/148_sq\fg_0000ff_bg_ffffff.jpg,0.283447265625
6,12,exp_a1/148_sq\fg_888888_bg_ffffff.jpg,0.278564453125
7,5,exp_a1/148_sq\fg_00ff00_bg_000000.jpg,0.25634765625
8,18,exp_a1/148_sq\fg_ff0000_bg_ffffff.jpg,0.25439453125
9,13,exp_a1/148_sq\fg_921e3e_bg_000000.jpg,0.238037109375
10,11,exp_a1/148_sq\fg_888888_bg_000000.jpg,0.2354736328125
11,2,exp_a1/148_sq\fg_0000ff_bg_000000.jpg,0.2315673828125
12,8,exp_a1/148_sq\fg_00ffff_bg_000000.jpg,0.217529296875
13,17,exp_a1/148_sq\fg_ff0000_bg_888888.jpg,0.20068359375
14,15,exp_a1/148_sq\fg_921e3e_bg_ffffff.jpg,0.198486328125
15,19,exp_a1/148_sq\fg_ffff00_bg_000000.jpg,0.19580078125
16,9,exp_a1/148_sq\fg_00ffff_bg_888888.jpg,0.19140625
17,23,exp_a1/148_sq\fg_ffffff_bg_888888.jpg,0.188720703125
18,22,exp_a1/148_sq\fg_ffffff_bg_000000.jpg,0.1849365234375
19,16,exp_a1/148_sq\fg_ff0000_bg_000000.jpg,0.15771484375
20,20,exp_a1/148_sq\fg_ffff00_bg_888888.jpg,0.1531982421875
21,3,exp_a1/148_sq\fg_0000ff_bg_888888.jpg,0.1485595703125
22,14,exp_a1/148_sq\fg_921e3e_bg_888888.jpg,0.144775390625
23,0,exp_a1/148_sq\fg_000000_bg_888888.jpg,0.129638671875
0,19,exp_a1/200_sq\fg_ffff00_bg_000000.jpg,0.296142578125
1,5,exp_a1/200_sq\fg_00ff00_bg_000000.jpg,0.293212890625
2,8,exp_a1/200_sq\fg_00ffff_bg_000000.jpg,0.288818359375
3,11,exp_a1/200_sq\fg_888888_bg_000000.jpg,0.277587890625
4,22,exp_a1/200_sq\fg_ffffff_bg_000000.jpg,0.274658203125
5,16,exp_a1/200_sq\fg_ff0000_bg_000000.jpg,0.26708984375
6,18,exp_a1/200_sq\fg_ff0000_bg_ffffff.jpg,0.266357421875
7,10,exp_a1/200_sq\fg_00ffff_bg_ffffff.jpg,0.26123046875
8,21,exp_a1/200_sq\fg_ffff00_bg_ffffff.jpg,0.2587890625
9,13,exp_a1/200_sq\fg_921e3e_bg_000000.jpg,0.2264404296875
10,0,exp_a1/200_sq\fg_000000_bg_888888.jpg,0.214599609375
11,2,exp_a1/200_sq\fg_0000ff_bg_000000.jpg,0.210693359375
12,7,exp_a1/200_sq\fg_00ff00_bg_ffffff.jpg,0.201416015625
13,20,exp_a1/200_sq\fg_ffff00_bg_888888.jpg,0.2005615234375
14,23,exp_a1/200_sq\fg_ffffff_bg_888888.jpg,0.1988525390625
15,17,exp_a1/200_sq\fg_ff0000_bg_888888.jpg,0.197265625
16,6,exp_a1/200_sq\fg_00ff00_bg_888888.jpg,0.1832275390625
17,3,exp_a1/200_sq\fg_0000ff_bg_888888.jpg,0.1656494140625
18,1,exp_a1/200_sq\fg_000000_bg_ffffff.jpg,0.164306640625
19,14,exp_a1/200_sq\fg_921e3e_bg_888888.jpg,0.154052734375
20,4,exp_a1/200_sq\fg_0000ff_bg_ffffff.jpg,0.1510009765625
21,9,exp_a1/200_sq\fg_00ffff_bg_888888.jpg,0.134765625
22,15,exp_a1/200_sq\fg_921e3e_bg_ffffff.jpg,0.133544921875
23,12,exp_a1/200_sq\fg_888888_bg_ffffff.jpg,0.0467529296875
0,3,exp_a1/4_sq\fg_0000ff_bg_888888.jpg,0.432373046875
1,0,exp_a1/4_sq\fg_000000_bg_888888.jpg,0.431640625
2,23,exp_a1/4_sq\fg_ffffff_bg_888888.jpg,0.430908203125
3,14,exp_a1/4_sq\fg_921e3e_bg_888888.jpg,0.424072265625
4,9,exp_a1/4_sq\fg_00ffff_bg_888888.jpg,0.423095703125
5,20,exp_a1/4_sq\fg_ffff00_bg_888888.jpg,0.423095703125
6,6,exp_a1/4_sq\fg_00ff00_bg_888888.jpg,0.419189453125
7,17,exp_a1/4_sq\fg_ff0000_bg_888888.jpg,0.41650390625
8,10,exp_a1/4_sq\fg_00ffff_bg_ffffff.jpg,0.267578125
9,12,exp_a1/4_sq\fg_888888_bg_ffffff.jpg,0.26708984375
10,18,exp_a1/4_sq\fg_ff0000_bg_ffffff.jpg,0.26708984375
11,7,exp_a1/4_sq\fg_00ff00_bg_ffffff.jpg,0.26708984375
12,21,exp_a1/4_sq\fg_ffff00_bg_ffffff.jpg,0.26708984375
13,1,exp_a1/4_sq\fg_000000_bg_ffffff.jpg,0.26708984375
14,4,exp_a1/4_sq\fg_0000ff_bg_ffffff.jpg,0.26708984375
15,15,exp_a1/4_sq\fg_921e3e_bg_ffffff.jpg,0.26708984375
16,22,exp_a1/4_sq\fg_ffffff_bg_000000.jpg,0.16455078125
17,16,exp_a1/4_sq\fg_ff0000_bg_000000.jpg,0.164306640625
18,2,exp_a1/4_sq\fg_0000ff_bg_000000.jpg,0.1640625
19,5,exp_a1/4_sq\fg_00ff00_bg_000000.jpg,0.1640625
20,13,exp_a1/4_sq\fg_921e3e_bg_000000.jpg,0.1640625
21,19,exp_a1/4_sq\fg_ffff00_bg_000000.jpg,0.1639404296875
22,11,exp_a1/4_sq\fg_888888_bg_000000.jpg,0.163818359375
23,8,exp_a1/4_sq\fg_00ffff_bg_000000.jpg,0.163818359375
0,6,exp_a1/56_sq\fg_00ff00_bg_888888.jpg,0.43310546875
1,14,exp_a1/56_sq\fg_921e3e_bg_888888.jpg,0.421875
2,3,exp_a1/56_sq\fg_0000ff_bg_888888.jpg,0.4111328125
3,9,exp_a1/56_sq\fg_00ffff_bg_888888.jpg,0.39599609375
4,0,exp_a1/56_sq\fg_000000_bg_888888.jpg,0.3955078125
5,20,exp_a1/56_sq\fg_ffff00_bg_888888.jpg,0.35693359375
6,21,exp_a1/56_sq\fg_ffff00_bg_ffffff.jpg,0.29248046875
7,17,exp_a1/56_sq\fg_ff0000_bg_888888.jpg,0.29248046875
8,1,exp_a1/56_sq\fg_000000_bg_ffffff.jpg,0.28955078125
9,12,exp_a1/56_sq\fg_888888_bg_ffffff.jpg,0.287841796875
10,4,exp_a1/56_sq\fg_0000ff_bg_ffffff.jpg,0.285888671875
11,7,exp_a1/56_sq\fg_00ff00_bg_ffffff.jpg,0.282470703125
12,10,exp_a1/56_sq\fg_00ffff_bg_ffffff.jpg,0.279296875
13,15,exp_a1/56_sq\fg_921e3e_bg_ffffff.jpg,0.2724609375
14,18,exp_a1/56_sq\fg_ff0000_bg_ffffff.jpg,0.26123046875
15,23,exp_a1/56_sq\fg_ffffff_bg_888888.jpg,0.233642578125
16,13,exp_a1/56_sq\fg_921e3e_bg_000000.jpg,0.220947265625
17,11,exp_a1/56_sq\fg_888888_bg_000000.jpg,0.2098388671875
18,19,exp_a1/56_sq\fg_ffff00_bg_000000.jpg,0.183349609375
19,22,exp_a1/56_sq\fg_ffffff_bg_000000.jpg,0.18310546875
20,16,exp_a1/56_sq\fg_ff0000_bg_000000.jpg,0.1817626953125
21,8,exp_a1/56_sq\fg_00ffff_bg_000000.jpg,0.172119140625
22,2,exp_a1/56_sq\fg_0000ff_bg_000000.jpg,0.170166015625
23,5,exp_a1/56_sq\fg_00ff00_bg_000000.jpg,0.16650390625
0,4,exp_a1/colors\bg_888888.jpg,0.407470703125
1,8,exp_a1/colors\bg_ffffff.png,0.267333984375
2,7,exp_a1/colors\bg_ffff00.jpg,0.2607421875
3,5,exp_a1/colors\bg_921e3e.jpg,0.2469482421875
4,6,exp_a1/colors\bg_ff0000.jpg,0.2364501953125
5,3,exp_a1/colors\bg_00ffff.jpg,0.2237548828125
6,2,exp_a1/colors\bg_00ff00.jpg,0.2139892578125
7,1,exp_a1/colors\bg_0000ff.jpg,0.212890625
8,0,exp_a1/colors\bg_000000.jpg,0.1641845703125
