,Unnamed: 0,filepaths,similarity
0,14,exp_a1/112_sq\fg_921e3e_bg_888888.jpg,0.363037109375
1,6,exp_a1/112_sq\fg_00ff00_bg_888888.jpg,0.356201171875
2,9,exp_a1/112_sq\fg_00ffff_bg_888888.jpg,0.337158203125
3,3,exp_a1/112_sq\fg_0000ff_bg_888888.jpg,0.330078125
4,21,exp_a1/112_sq\fg_ffff00_bg_ffffff.jpg,0.2978515625
5,10,exp_a1/112_sq\fg_00ffff_bg_ffffff.jpg,0.29248046875
6,12,exp_a1/112_sq\fg_888888_bg_ffffff.jpg,0.28662109375
7,1,exp_a1/112_sq\fg_000000_bg_ffffff.jpg,0.285400390625
8,0,exp_a1/112_sq\fg_000000_bg_888888.jpg,0.28515625
9,20,exp_a1/112_sq\fg_ffff00_bg_888888.jpg,0.283447265625
10,7,exp_a1/112_sq\fg_00ff00_bg_ffffff.jpg,0.2724609375
11,4,exp_a1/112_sq\fg_0000ff_bg_ffffff.jpg,0.267822265625
12,18,exp_a1/112_sq\fg_ff0000_bg_ffffff.jpg,0.260498046875
13,15,exp_a1/112_sq\fg_921e3e_bg_ffffff.jpg,0.25927734375
14,13,exp_a1/112_sq\fg_921e3e_bg_000000.jpg,0.259033203125
15,5,exp_a1/112_sq\fg_00ff00_bg_000000.jpg,0.25830078125
16,11,exp_a1/112_sq\fg_888888_bg_000000.jpg,0.25537109375
17,8,exp_a1/112_sq\fg_00ffff_bg_000000.jpg,0.234130859375
18,23,exp_a1/112_sq\fg_ffffff_bg_888888.jpg,0.2225341796875
19,17,exp_a1/112_sq\fg_ff0000_bg_888888.jpg,0.220458984375
20,2,exp_a1/112_sq\fg_0000ff_bg_000000.jpg,0.217041015625
21,19,exp_a1/112_sq\fg_ffff00_bg_000000.jpg,0.2117919921875
22,22,exp_a1/112_sq\fg_ffffff_bg_000000.jpg,0.20361328125
23,16,exp_a1/112_sq\fg_ff0000_bg_000000.jpg,0.2030029296875
0,14,exp_a1/12_sq\fg_921e3e_bg_888888.jpg,0.377197265625
1,23,exp_a1/12_sq\fg_ffffff_bg_888888.jpg,0.375
2,3,exp_a1/12_sq\fg_0000ff_bg_888888.jpg,0.37451171875
3,0,exp_a1/12_sq\fg_000000_bg_888888.jpg,0.3701171875
4,20,exp_a1/12_sq\fg_ffff00_bg_888888.jpg,0.36328125
5,6,exp_a1/12_sq\fg_00ff00_bg_888888.jpg,0.353271484375
6,9,exp_a1/12_sq\fg_00ffff_bg_888888.jpg,0.351806640625
7,17,exp_a1/12_sq\fg_ff0000_bg_888888.jpg,0.344482421875
8,12,exp_a1/12_sq\fg_888888_bg_ffffff.jpg,0.270751953125
9,15,exp_a1/12_sq\fg_921e3e_bg_ffffff.jpg,0.26953125
10,4,exp_a1/12_sq\fg_0000ff_bg_ffffff.jpg,0.2685546875
11,1,exp_a1/12_sq\fg_000000_bg_ffffff.jpg,0.2666015625
12,18,exp_a1/12_sq\fg_ff0000_bg_ffffff.jpg,0.2666015625
13,10,exp_a1/12_sq\fg_00ffff_bg_ffffff.jpg,0.266357421875
14,7,exp_a1/12_sq\fg_00ff00_bg_ffffff.jpg,0.265869140625
15,21,exp_a1/12_sq\fg_ffff00_bg_ffffff.jpg,0.265869140625
16,11,exp_a1/12_sq\fg_888888_bg_000000.jpg,0.17333984375
17,22,exp_a1/12_sq\fg_ffffff_bg_000000.jpg,0.17333984375
18,16,exp_a1/12_sq\fg_ff0000_bg_000000.jpg,0.1727294921875
19,8,exp_a1/12_sq\fg_00ffff_bg_000000.jpg,0.1712646484375
20,19,exp_a1/12_sq\fg_ffff00_bg_000000.jpg,0.171142578125
21,5,exp_a1/12_sq\fg_00ff00_bg_000000.jpg,0.1707763671875
22,13,exp_a1/12_sq\fg_921e3e_bg_000000.jpg,0.1700439453125
23,2,exp_a1/12_sq\fg_0000ff_bg_000000.jpg,0.1693115234375
0,21,exp_a1/148_sq\fg_ffff00_bg_ffffff.jpg,0.310546875
1,6,exp_a1/148_sq\fg_00ff00_bg_888888.jpg,0.30908203125
2,10,exp_a1/148_sq\fg_00ffff_bg_ffffff.jpg,0.3046875
3,1,exp_a1/148_sq\fg_000000_bg_ffffff.jpg,0.2919921875
4,4,exp_a1/148_sq\fg_0000ff_bg_ffffff.jpg,0.286376953125
5,7,exp_a1/148_sq\fg_00ff00_bg_ffffff.jpg,0.273193359375
6,14,exp_a1/148_sq\fg_921e3e_bg_888888.jpg,0.27099609375
7,12,exp_a1/148_sq\fg_888888_bg_ffffff.jpg,0.267578125
8,5,exp_a1/148_sq\fg_00ff00_bg_000000.jpg,0.2666015625
9,3,exp_a1/148_sq\fg_0000ff_bg_888888.jpg,0.262451171875
10,18,exp_a1/148_sq\fg_ff0000_bg_ffffff.jpg,0.260009765625
11,20,exp_a1/148_sq\fg_ffff00_bg_888888.jpg,0.257568359375
12,13,exp_a1/148_sq\fg_921e3e_bg_000000.jpg,0.255615234375
13,9,exp_a1/148_sq\fg_00ffff_bg_888888.jpg,0.252197265625
14,11,exp_a1/148_sq\fg_888888_bg_000000.jpg,0.2449951171875
15,2,exp_a1/148_sq\fg_0000ff_bg_000000.jpg,0.24365234375
16,0,exp_a1/148_sq\fg_000000_bg_888888.jpg,0.240966796875
17,19,exp_a1/148_sq\fg_ffff00_bg_000000.jpg,0.21435546875
18,15,exp_a1/148_sq\fg_921e3e_bg_ffffff.jpg,0.20654296875
19,8,exp_a1/148_sq\fg_00ffff_bg_000000.jpg,0.2039794921875
20,23,exp_a1/148_sq\fg_ffffff_bg_888888.jpg,0.1700439453125
21,17,exp_a1/148_sq\fg_ff0000_bg_888888.jpg,0.165771484375
22,22,exp_a1/148_sq\fg_ffffff_bg_000000.jpg,0.1561279296875
23,16,exp_a1/148_sq\fg_ff0000_bg_000000.jpg,0.1307373046875
0,5,exp_a1/200_sq\fg_00ff00_bg_000000.jpg,0.300537109375
1,19,exp_a1/200_sq\fg_ffff00_bg_000000.jpg,0.294677734375
2,18,exp_a1/200_sq\fg_ff0000_bg_ffffff.jpg,0.267822265625
3,8,exp_a1/200_sq\fg_00ffff_bg_000000.jpg,0.267822265625
4,3,exp_a1/200_sq\fg_0000ff_bg_888888.jpg,0.26513671875
5,0,exp_a1/200_sq\fg_000000_bg_888888.jpg,0.263916015625
6,14,exp_a1/200_sq\fg_921e3e_bg_888888.jpg,0.261962890625
7,11,exp_a1/200_sq\fg_888888_bg_000000.jpg,0.2607421875
8,13,exp_a1/200_sq\fg_921e3e_bg_000000.jpg,0.2491455078125
9,10,exp_a1/200_sq\fg_00ffff_bg_ffffff.jpg,0.2362060546875
10,2,exp_a1/200_sq\fg_0000ff_bg_000000.jpg,0.2310791015625
11,6,exp_a1/200_sq\fg_00ff00_bg_888888.jpg,0.2218017578125
12,22,exp_a1/200_sq\fg_ffffff_bg_000000.jpg,0.2216796875
13,21,exp_a1/200_sq\fg_ffff00_bg_ffffff.jpg,0.2147216796875
14,7,exp_a1/200_sq\fg_00ff00_bg_ffffff.jpg,0.2091064453125
15,16,exp_a1/200_sq\fg_ff0000_bg_000000.jpg,0.20849609375
16,20,exp_a1/200_sq\fg_ffff00_bg_888888.jpg,0.2022705078125
17,9,exp_a1/200_sq\fg_00ffff_bg_888888.jpg,0.17822265625
18,17,exp_a1/200_sq\fg_ff0000_bg_888888.jpg,0.170654296875
19,23,exp_a1/200_sq\fg_ffffff_bg_888888.jpg,0.164794921875
20,1,exp_a1/200_sq\fg_000000_bg_ffffff.jpg,0.1612548828125
21,4,exp_a1/200_sq\fg_0000ff_bg_ffffff.jpg,0.1435546875
22,15,exp_a1/200_sq\fg_921e3e_bg_ffffff.jpg,0.1165771484375
23,12,exp_a1/200_sq\fg_888888_bg_ffffff.jpg,0.032318115234375
0,0,exp_a1/4_sq\fg_000000_bg_888888.jpg,0.390869140625
1,23,exp_a1/4_sq\fg_ffffff_bg_888888.jpg,0.390625
2,20,exp_a1/4_sq\fg_ffff00_bg_888888.jpg,0.389404296875
3,14,exp_a1/4_sq\fg_921e3e_bg_888888.jpg,0.38916015625
4,9,exp_a1/4_sq\fg_00ffff_bg_888888.jpg,0.387939453125
5,3,exp_a1/4_sq\fg_0000ff_bg_888888.jpg,0.3876953125
6,17,exp_a1/4_sq\fg_ff0000_bg_888888.jpg,0.38671875
7,6,exp_a1/4_sq\fg_00ff00_bg_888888.jpg,0.381591796875
8,10,exp_a1/4_sq\fg_00ffff_bg_ffffff.jpg,0.267333984375
9,12,exp_a1/4_sq\fg_888888_bg_ffffff.jpg,0.26708984375
10,7,exp_a1/4_sq\fg_00ff00_bg_ffffff.jpg,0.26708984375
11,18,exp_a1/4_sq\fg_ff0000_bg_ffffff.jpg,0.266845703125
12,4,exp_a1/4_sq\fg_0000ff_bg_ffffff.jpg,0.266845703125
13,1,exp_a1/4_sq\fg_000000_bg_ffffff.jpg,0.266845703125
14,15,exp_a1/4_sq\fg_921e3e_bg_ffffff.jpg,0.266845703125
15,21,exp_a1/4_sq\fg_ffff00_bg_ffffff.jpg,0.2666015625
16,22,exp_a1/4_sq\fg_ffffff_bg_000000.jpg,0.1697998046875
17,5,exp_a1/4_sq\fg_00ff00_bg_000000.jpg,0.1695556640625
18,13,exp_a1/4_sq\fg_921e3e_bg_000000.jpg,0.16943359375
19,19,exp_a1/4_sq\fg_ffff00_bg_000000.jpg,0.1693115234375
20,2,exp_a1/4_sq\fg_0000ff_bg_000000.jpg,0.1693115234375
21,16,exp_a1/4_sq\fg_ff0000_bg_000000.jpg,0.169189453125
22,11,exp_a1/4_sq\fg_888888_bg_000000.jpg,0.169189453125
23,8,exp_a1/4_sq\fg_00ffff_bg_000000.jpg,0.169189453125
0,9,exp_a1/56_sq\fg_00ffff_bg_888888.jpg,0.395751953125
1,14,exp_a1/56_sq\fg_921e3e_bg_888888.jpg,0.3955078125
2,6,exp_a1/56_sq\fg_00ff00_bg_888888.jpg,0.3876953125
3,0,exp_a1/56_sq\fg_000000_bg_888888.jpg,0.385498046875
4,20,exp_a1/56_sq\fg_ffff00_bg_888888.jpg,0.377685546875
5,3,exp_a1/56_sq\fg_0000ff_bg_888888.jpg,0.374755859375
6,17,exp_a1/56_sq\fg_ff0000_bg_888888.jpg,0.362060546875
7,23,exp_a1/56_sq\fg_ffffff_bg_888888.jpg,0.33251953125
8,21,exp_a1/56_sq\fg_ffff00_bg_ffffff.jpg,0.295654296875
9,1,exp_a1/56_sq\fg_000000_bg_ffffff.jpg,0.29541015625
10,4,exp_a1/56_sq\fg_0000ff_bg_ffffff.jpg,0.283935546875
11,10,exp_a1/56_sq\fg_00ffff_bg_ffffff.jpg,0.277099609375
12,12,exp_a1/56_sq\fg_888888_bg_ffffff.jpg,0.27490234375
13,7,exp_a1/56_sq\fg_00ff00_bg_ffffff.jpg,0.27099609375
14,15,exp_a1/56_sq\fg_921e3e_bg_ffffff.jpg,0.26513671875
15,18,exp_a1/56_sq\fg_ff0000_bg_ffffff.jpg,0.25732421875
16,11,exp_a1/56_sq\fg_888888_bg_000000.jpg,0.2435302734375
17,13,exp_a1/56_sq\fg_921e3e_bg_000000.jpg,0.2401123046875
18,22,exp_a1/56_sq\fg_ffffff_bg_000000.jpg,0.2049560546875
19,16,exp_a1/56_sq\fg_ff0000_bg_000000.jpg,0.2039794921875
20,19,exp_a1/56_sq\fg_ffff00_bg_000000.jpg,0.197265625
21,8,exp_a1/56_sq\fg_00ffff_bg_000000.jpg,0.193115234375
22,5,exp_a1/56_sq\fg_00ff00_bg_000000.jpg,0.18505859375
23,2,exp_a1/56_sq\fg_0000ff_bg_000000.jpg,0.183837890625
0,4,exp_a1/colors\bg_888888.jpg,0.398681640625
1,8,exp_a1/colors\bg_ffffff.png,0.266845703125
2,7,exp_a1/colors\bg_ffff00.jpg,0.262939453125
3,1,exp_a1/colors\bg_0000ff.jpg,0.21728515625
4,6,exp_a1/colors\bg_ff0000.jpg,0.2171630859375
5,5,exp_a1/colors\bg_921e3e.jpg,0.2158203125
6,2,exp_a1/colors\bg_00ff00.jpg,0.2044677734375
7,3,exp_a1/colors\bg_00ffff.jpg,0.1983642578125
8,0,exp_a1/colors\bg_000000.jpg,0.16943359375
