,Unnamed: 0,filepaths,similarity
0,21,exp_a1/112_sq\fg_ffff00_bg_ffffff.jpg,0.25341796875
1,20,exp_a1/112_sq\fg_ffff00_bg_888888.jpg,0.2529296875
2,19,exp_a1/112_sq\fg_ffff00_bg_000000.jpg,0.25048828125
3,1,exp_a1/112_sq\fg_000000_bg_ffffff.jpg,0.246337890625
4,13,exp_a1/112_sq\fg_921e3e_bg_000000.jpg,0.245849609375
5,18,exp_a1/112_sq\fg_ff0000_bg_ffffff.jpg,0.2457275390625
6,10,exp_a1/112_sq\fg_00ffff_bg_ffffff.jpg,0.2440185546875
7,22,exp_a1/112_sq\fg_ffffff_bg_000000.jpg,0.241943359375
8,15,exp_a1/112_sq\fg_921e3e_bg_ffffff.jpg,0.2415771484375
9,17,exp_a1/112_sq\fg_ff0000_bg_888888.jpg,0.2392578125
10,16,exp_a1/112_sq\fg_ff0000_bg_000000.jpg,0.23681640625
11,3,exp_a1/112_sq\fg_0000ff_bg_888888.jpg,0.236572265625
12,4,exp_a1/112_sq\fg_0000ff_bg_ffffff.jpg,0.236083984375
13,23,exp_a1/112_sq\fg_ffffff_bg_888888.jpg,0.234375
14,8,exp_a1/112_sq\fg_00ffff_bg_000000.jpg,0.2337646484375
15,11,exp_a1/112_sq\fg_888888_bg_000000.jpg,0.232666015625
16,2,exp_a1/112_sq\fg_0000ff_bg_000000.jpg,0.2320556640625
17,7,exp_a1/112_sq\fg_00ff00_bg_ffffff.jpg,0.230712890625
18,5,exp_a1/112_sq\fg_00ff00_bg_000000.jpg,0.2296142578125
19,14,exp_a1/112_sq\fg_921e3e_bg_888888.jpg,0.229248046875
20,0,exp_a1/112_sq\fg_000000_bg_888888.jpg,0.2286376953125
21,12,exp_a1/112_sq\fg_888888_bg_ffffff.jpg,0.2257080078125
22,9,exp_a1/112_sq\fg_00ffff_bg_888888.jpg,0.2203369140625
23,6,exp_a1/112_sq\fg_00ff00_bg_888888.jpg,0.2177734375
0,13,exp_a1/12_sq\fg_921e3e_bg_000000.jpg,0.251953125
1,19,exp_a1/12_sq\fg_ffff00_bg_000000.jpg,0.2486572265625
2,22,exp_a1/12_sq\fg_ffffff_bg_000000.jpg,0.24609375
3,11,exp_a1/12_sq\fg_888888_bg_000000.jpg,0.24560546875
4,8,exp_a1/12_sq\fg_00ffff_bg_000000.jpg,0.2401123046875
5,12,exp_a1/12_sq\fg_888888_bg_ffffff.jpg,0.239990234375
6,16,exp_a1/12_sq\fg_ff0000_bg_000000.jpg,0.23974609375
7,2,exp_a1/12_sq\fg_0000ff_bg_000000.jpg,0.236572265625
8,1,exp_a1/12_sq\fg_000000_bg_ffffff.jpg,0.2352294921875
9,18,exp_a1/12_sq\fg_ff0000_bg_ffffff.jpg,0.234375
10,15,exp_a1/12_sq\fg_921e3e_bg_ffffff.jpg,0.2335205078125
11,21,exp_a1/12_sq\fg_ffff00_bg_ffffff.jpg,0.2314453125
12,5,exp_a1/12_sq\fg_00ff00_bg_000000.jpg,0.2314453125
13,10,exp_a1/12_sq\fg_00ffff_bg_ffffff.jpg,0.2308349609375
14,17,exp_a1/12_sq\fg_ff0000_bg_888888.jpg,0.2235107421875
15,7,exp_a1/12_sq\fg_00ff00_bg_ffffff.jpg,0.2216796875
16,14,exp_a1/12_sq\fg_921e3e_bg_888888.jpg,0.2213134765625
17,20,exp_a1/12_sq\fg_ffff00_bg_888888.jpg,0.220703125
18,4,exp_a1/12_sq\fg_0000ff_bg_ffffff.jpg,0.2203369140625
19,9,exp_a1/12_sq\fg_00ffff_bg_888888.jpg,0.2171630859375
20,23,exp_a1/12_sq\fg_ffffff_bg_888888.jpg,0.216552734375
21,0,exp_a1/12_sq\fg_000000_bg_888888.jpg,0.21533203125
22,3,exp_a1/12_sq\fg_0000ff_bg_888888.jpg,0.2108154296875
23,6,exp_a1/12_sq\fg_00ff00_bg_888888.jpg,0.20361328125
0,19,exp_a1/148_sq\fg_ffff00_bg_000000.jpg,0.25
1,15,exp_a1/148_sq\fg_921e3e_bg_ffffff.jpg,0.24755859375
2,22,exp_a1/148_sq\fg_ffffff_bg_000000.jpg,0.2451171875
3,13,exp_a1/148_sq\fg_921e3e_bg_000000.jpg,0.2451171875
4,16,exp_a1/148_sq\fg_ff0000_bg_000000.jpg,0.2423095703125
5,21,exp_a1/148_sq\fg_ffff00_bg_ffffff.jpg,0.2421875
6,18,exp_a1/148_sq\fg_ff0000_bg_ffffff.jpg,0.2401123046875
7,1,exp_a1/148_sq\fg_000000_bg_ffffff.jpg,0.23974609375
8,11,exp_a1/148_sq\fg_888888_bg_000000.jpg,0.237060546875
9,10,exp_a1/148_sq\fg_00ffff_bg_ffffff.jpg,0.234375
10,8,exp_a1/148_sq\fg_00ffff_bg_000000.jpg,0.233154296875
11,0,exp_a1/148_sq\fg_000000_bg_888888.jpg,0.2327880859375
12,7,exp_a1/148_sq\fg_00ff00_bg_ffffff.jpg,0.22998046875
13,2,exp_a1/148_sq\fg_0000ff_bg_000000.jpg,0.22900390625
14,5,exp_a1/148_sq\fg_00ff00_bg_000000.jpg,0.2288818359375
15,12,exp_a1/148_sq\fg_888888_bg_ffffff.jpg,0.2281494140625
16,4,exp_a1/148_sq\fg_0000ff_bg_ffffff.jpg,0.22705078125
17,20,exp_a1/148_sq\fg_ffff00_bg_888888.jpg,0.2244873046875
18,17,exp_a1/148_sq\fg_ff0000_bg_888888.jpg,0.2237548828125
19,23,exp_a1/148_sq\fg_ffffff_bg_888888.jpg,0.2232666015625
20,3,exp_a1/148_sq\fg_0000ff_bg_888888.jpg,0.2137451171875
21,14,exp_a1/148_sq\fg_921e3e_bg_888888.jpg,0.208984375
22,9,exp_a1/148_sq\fg_00ffff_bg_888888.jpg,0.208984375
23,6,exp_a1/148_sq\fg_00ff00_bg_888888.jpg,0.19189453125
0,19,exp_a1/200_sq\fg_ffff00_bg_000000.jpg,0.25390625
1,21,exp_a1/200_sq\fg_ffff00_bg_ffffff.jpg,0.25244140625
2,15,exp_a1/200_sq\fg_921e3e_bg_ffffff.jpg,0.251220703125
3,10,exp_a1/200_sq\fg_00ffff_bg_ffffff.jpg,0.2484130859375
4,1,exp_a1/200_sq\fg_000000_bg_ffffff.jpg,0.2454833984375
5,0,exp_a1/200_sq\fg_000000_bg_888888.jpg,0.242919921875
6,18,exp_a1/200_sq\fg_ff0000_bg_ffffff.jpg,0.2423095703125
7,20,exp_a1/200_sq\fg_ffff00_bg_888888.jpg,0.240966796875
8,13,exp_a1/200_sq\fg_921e3e_bg_000000.jpg,0.2408447265625
9,8,exp_a1/200_sq\fg_00ffff_bg_000000.jpg,0.2353515625
10,17,exp_a1/200_sq\fg_ff0000_bg_888888.jpg,0.2349853515625
11,2,exp_a1/200_sq\fg_0000ff_bg_000000.jpg,0.2344970703125
12,16,exp_a1/200_sq\fg_ff0000_bg_000000.jpg,0.2344970703125
13,9,exp_a1/200_sq\fg_00ffff_bg_888888.jpg,0.2340087890625
14,7,exp_a1/200_sq\fg_00ff00_bg_ffffff.jpg,0.2327880859375
15,4,exp_a1/200_sq\fg_0000ff_bg_ffffff.jpg,0.2325439453125
16,5,exp_a1/200_sq\fg_00ff00_bg_000000.jpg,0.2298583984375
17,23,exp_a1/200_sq\fg_ffffff_bg_888888.jpg,0.2294921875
18,3,exp_a1/200_sq\fg_0000ff_bg_888888.jpg,0.22705078125
19,22,exp_a1/200_sq\fg_ffffff_bg_000000.jpg,0.22705078125
20,6,exp_a1/200_sq\fg_00ff00_bg_888888.jpg,0.225341796875
21,14,exp_a1/200_sq\fg_921e3e_bg_888888.jpg,0.224609375
22,12,exp_a1/200_sq\fg_888888_bg_ffffff.jpg,0.21630859375
23,11,exp_a1/200_sq\fg_888888_bg_000000.jpg,0.203125
0,19,exp_a1/4_sq\fg_ffff00_bg_000000.jpg,0.25
1,13,exp_a1/4_sq\fg_921e3e_bg_000000.jpg,0.249755859375
2,2,exp_a1/4_sq\fg_0000ff_bg_000000.jpg,0.249267578125
3,11,exp_a1/4_sq\fg_888888_bg_000000.jpg,0.2490234375
4,16,exp_a1/4_sq\fg_ff0000_bg_000000.jpg,0.2462158203125
5,22,exp_a1/4_sq\fg_ffffff_bg_000000.jpg,0.244140625
6,5,exp_a1/4_sq\fg_00ff00_bg_000000.jpg,0.2425537109375
7,8,exp_a1/4_sq\fg_00ffff_bg_000000.jpg,0.24169921875
8,12,exp_a1/4_sq\fg_888888_bg_ffffff.jpg,0.2376708984375
9,1,exp_a1/4_sq\fg_000000_bg_ffffff.jpg,0.237548828125
10,15,exp_a1/4_sq\fg_921e3e_bg_ffffff.jpg,0.235595703125
11,18,exp_a1/4_sq\fg_ff0000_bg_ffffff.jpg,0.23486328125
12,21,exp_a1/4_sq\fg_ffff00_bg_ffffff.jpg,0.2327880859375
13,0,exp_a1/4_sq\fg_000000_bg_888888.jpg,0.22900390625
14,10,exp_a1/4_sq\fg_00ffff_bg_ffffff.jpg,0.227294921875
15,7,exp_a1/4_sq\fg_00ff00_bg_ffffff.jpg,0.2247314453125
16,9,exp_a1/4_sq\fg_00ffff_bg_888888.jpg,0.2239990234375
17,3,exp_a1/4_sq\fg_0000ff_bg_888888.jpg,0.2232666015625
18,4,exp_a1/4_sq\fg_0000ff_bg_ffffff.jpg,0.222900390625
19,23,exp_a1/4_sq\fg_ffffff_bg_888888.jpg,0.219970703125
20,20,exp_a1/4_sq\fg_ffff00_bg_888888.jpg,0.2193603515625
21,14,exp_a1/4_sq\fg_921e3e_bg_888888.jpg,0.216552734375
22,6,exp_a1/4_sq\fg_00ff00_bg_888888.jpg,0.21044921875
23,17,exp_a1/4_sq\fg_ff0000_bg_888888.jpg,0.20556640625
0,13,exp_a1/56_sq\fg_921e3e_bg_000000.jpg,0.2568359375
1,22,exp_a1/56_sq\fg_ffffff_bg_000000.jpg,0.25048828125
2,20,exp_a1/56_sq\fg_ffff00_bg_888888.jpg,0.2491455078125
3,19,exp_a1/56_sq\fg_ffff00_bg_000000.jpg,0.248779296875
4,1,exp_a1/56_sq\fg_000000_bg_ffffff.jpg,0.2484130859375
5,11,exp_a1/56_sq\fg_888888_bg_000000.jpg,0.247314453125
6,21,exp_a1/56_sq\fg_ffff00_bg_ffffff.jpg,0.247314453125
7,4,exp_a1/56_sq\fg_0000ff_bg_ffffff.jpg,0.2442626953125
8,17,exp_a1/56_sq\fg_ff0000_bg_888888.jpg,0.243896484375
9,15,exp_a1/56_sq\fg_921e3e_bg_ffffff.jpg,0.24365234375
10,16,exp_a1/56_sq\fg_ff0000_bg_000000.jpg,0.242919921875
11,12,exp_a1/56_sq\fg_888888_bg_ffffff.jpg,0.2413330078125
12,8,exp_a1/56_sq\fg_00ffff_bg_000000.jpg,0.2408447265625
13,10,exp_a1/56_sq\fg_00ffff_bg_ffffff.jpg,0.2406005859375
14,2,exp_a1/56_sq\fg_0000ff_bg_000000.jpg,0.239990234375
15,18,exp_a1/56_sq\fg_ff0000_bg_ffffff.jpg,0.2398681640625
16,7,exp_a1/56_sq\fg_00ff00_bg_ffffff.jpg,0.23583984375
17,5,exp_a1/56_sq\fg_00ff00_bg_000000.jpg,0.235595703125
18,3,exp_a1/56_sq\fg_0000ff_bg_888888.jpg,0.2340087890625
19,14,exp_a1/56_sq\fg_921e3e_bg_888888.jpg,0.22998046875
20,0,exp_a1/56_sq\fg_000000_bg_888888.jpg,0.228271484375
21,23,exp_a1/56_sq\fg_ffffff_bg_888888.jpg,0.2265625
22,6,exp_a1/56_sq\fg_00ff00_bg_888888.jpg,0.216552734375
23,9,exp_a1/56_sq\fg_00ffff_bg_888888.jpg,0.211669921875
0,6,exp_a1/colors\bg_ff0000.jpg,0.257568359375
1,0,exp_a1/colors\bg_000000.jpg,0.251708984375
2,5,exp_a1/colors\bg_921e3e.jpg,0.25146484375
3,8,exp_a1/colors\bg_ffffff.png,0.2391357421875
4,3,exp_a1/colors\bg_00ffff.jpg,0.2357177734375
5,7,exp_a1/colors\bg_ffff00.jpg,0.2357177734375
6,1,exp_a1/colors\bg_0000ff.jpg,0.234375
7,2,exp_a1/colors\bg_00ff00.jpg,0.22607421875
8,4,exp_a1/colors\bg_888888.jpg,0.213134765625
