,Unnamed: 0,filepaths,similarity
0,19,exp_a1/112_sq\fg_ffff00_bg_000000.jpg,0.2724609375
1,13,exp_a1/112_sq\fg_921e3e_bg_000000.jpg,0.27001953125
2,20,exp_a1/112_sq\fg_ffff00_bg_888888.jpg,0.258056640625
3,2,exp_a1/112_sq\fg_0000ff_bg_000000.jpg,0.2493896484375
4,21,exp_a1/112_sq\fg_ffff00_bg_ffffff.jpg,0.2445068359375
5,22,exp_a1/112_sq\fg_ffffff_bg_000000.jpg,0.244140625
6,16,exp_a1/112_sq\fg_ff0000_bg_000000.jpg,0.242431640625
7,5,exp_a1/112_sq\fg_00ff00_bg_000000.jpg,0.2420654296875
8,14,exp_a1/112_sq\fg_921e3e_bg_888888.jpg,0.2412109375
9,15,exp_a1/112_sq\fg_921e3e_bg_ffffff.jpg,0.2393798828125
10,8,exp_a1/112_sq\fg_00ffff_bg_000000.jpg,0.2388916015625
11,1,exp_a1/112_sq\fg_000000_bg_ffffff.jpg,0.2327880859375
12,17,exp_a1/112_sq\fg_ff0000_bg_888888.jpg,0.232421875
13,11,exp_a1/112_sq\fg_888888_bg_000000.jpg,0.232421875
14,9,exp_a1/112_sq\fg_00ffff_bg_888888.jpg,0.2313232421875
15,3,exp_a1/112_sq\fg_0000ff_bg_888888.jpg,0.229736328125
16,23,exp_a1/112_sq\fg_ffffff_bg_888888.jpg,0.2274169921875
17,10,exp_a1/112_sq\fg_00ffff_bg_ffffff.jpg,0.226806640625
18,6,exp_a1/112_sq\fg_00ff00_bg_888888.jpg,0.2261962890625
19,0,exp_a1/112_sq\fg_000000_bg_888888.jpg,0.225341796875
20,18,exp_a1/112_sq\fg_ff0000_bg_ffffff.jpg,0.225341796875
21,7,exp_a1/112_sq\fg_00ff00_bg_ffffff.jpg,0.224365234375
22,4,exp_a1/112_sq\fg_0000ff_bg_ffffff.jpg,0.21630859375
23,12,exp_a1/112_sq\fg_888888_bg_ffffff.jpg,0.214599609375
0,19,exp_a1/12_sq\fg_ffff00_bg_000000.jpg,0.2568359375
1,13,exp_a1/12_sq\fg_921e3e_bg_000000.jpg,0.24951171875
2,21,exp_a1/12_sq\fg_ffff00_bg_ffffff.jpg,0.244140625
3,14,exp_a1/12_sq\fg_921e3e_bg_888888.jpg,0.243896484375
4,20,exp_a1/12_sq\fg_ffff00_bg_888888.jpg,0.2435302734375
5,22,exp_a1/12_sq\fg_ffffff_bg_000000.jpg,0.2396240234375
6,2,exp_a1/12_sq\fg_0000ff_bg_000000.jpg,0.239501953125
7,11,exp_a1/12_sq\fg_888888_bg_000000.jpg,0.2386474609375
8,15,exp_a1/12_sq\fg_921e3e_bg_ffffff.jpg,0.238037109375
9,16,exp_a1/12_sq\fg_ff0000_bg_000000.jpg,0.2374267578125
10,8,exp_a1/12_sq\fg_00ffff_bg_000000.jpg,0.2352294921875
11,5,exp_a1/12_sq\fg_00ff00_bg_000000.jpg,0.2337646484375
12,23,exp_a1/12_sq\fg_ffffff_bg_888888.jpg,0.2327880859375
13,10,exp_a1/12_sq\fg_00ffff_bg_ffffff.jpg,0.2315673828125
14,3,exp_a1/12_sq\fg_0000ff_bg_888888.jpg,0.230712890625
15,12,exp_a1/12_sq\fg_888888_bg_ffffff.jpg,0.2301025390625
16,18,exp_a1/12_sq\fg_ff0000_bg_ffffff.jpg,0.2298583984375
17,9,exp_a1/12_sq\fg_00ffff_bg_888888.jpg,0.2283935546875
18,1,exp_a1/12_sq\fg_000000_bg_ffffff.jpg,0.2252197265625
19,0,exp_a1/12_sq\fg_000000_bg_888888.jpg,0.2252197265625
20,17,exp_a1/12_sq\fg_ff0000_bg_888888.jpg,0.222900390625
21,7,exp_a1/12_sq\fg_00ff00_bg_ffffff.jpg,0.222412109375
22,4,exp_a1/12_sq\fg_0000ff_bg_ffffff.jpg,0.2216796875
23,6,exp_a1/12_sq\fg_00ff00_bg_888888.jpg,0.21923828125
0,19,exp_a1/148_sq\fg_ffff00_bg_000000.jpg,0.270751953125
1,13,exp_a1/148_sq\fg_921e3e_bg_000000.jpg,0.270263671875
2,20,exp_a1/148_sq\fg_ffff00_bg_888888.jpg,0.259765625
3,21,exp_a1/148_sq\fg_ffff00_bg_ffffff.jpg,0.255126953125
4,14,exp_a1/148_sq\fg_921e3e_bg_888888.jpg,0.248291015625
5,22,exp_a1/148_sq\fg_ffffff_bg_000000.jpg,0.247802734375
6,15,exp_a1/148_sq\fg_921e3e_bg_ffffff.jpg,0.2467041015625
7,2,exp_a1/148_sq\fg_0000ff_bg_000000.jpg,0.24560546875
8,5,exp_a1/148_sq\fg_00ff00_bg_000000.jpg,0.2454833984375
9,16,exp_a1/148_sq\fg_ff0000_bg_000000.jpg,0.2393798828125
10,8,exp_a1/148_sq\fg_00ffff_bg_000000.jpg,0.2373046875
11,11,exp_a1/148_sq\fg_888888_bg_000000.jpg,0.2364501953125
12,1,exp_a1/148_sq\fg_000000_bg_ffffff.jpg,0.2344970703125
13,0,exp_a1/148_sq\fg_000000_bg_888888.jpg,0.2298583984375
14,17,exp_a1/148_sq\fg_ff0000_bg_888888.jpg,0.2259521484375
15,23,exp_a1/148_sq\fg_ffffff_bg_888888.jpg,0.224609375
16,7,exp_a1/148_sq\fg_00ff00_bg_ffffff.jpg,0.224365234375
17,18,exp_a1/148_sq\fg_ff0000_bg_ffffff.jpg,0.22412109375
18,9,exp_a1/148_sq\fg_00ffff_bg_888888.jpg,0.223876953125
19,3,exp_a1/148_sq\fg_0000ff_bg_888888.jpg,0.2218017578125
20,10,exp_a1/148_sq\fg_00ffff_bg_ffffff.jpg,0.220947265625
21,4,exp_a1/148_sq\fg_0000ff_bg_ffffff.jpg,0.2188720703125
22,12,exp_a1/148_sq\fg_888888_bg_ffffff.jpg,0.21533203125
23,6,exp_a1/148_sq\fg_00ff00_bg_888888.jpg,0.197265625
0,19,exp_a1/200_sq\fg_ffff00_bg_000000.jpg,0.2646484375
1,21,exp_a1/200_sq\fg_ffff00_bg_ffffff.jpg,0.264404296875
2,20,exp_a1/200_sq\fg_ffff00_bg_888888.jpg,0.263427734375
3,15,exp_a1/200_sq\fg_921e3e_bg_ffffff.jpg,0.255615234375
4,13,exp_a1/200_sq\fg_921e3e_bg_000000.jpg,0.248779296875
5,14,exp_a1/200_sq\fg_921e3e_bg_888888.jpg,0.246826171875
6,1,exp_a1/200_sq\fg_000000_bg_ffffff.jpg,0.2421875
7,9,exp_a1/200_sq\fg_00ffff_bg_888888.jpg,0.2410888671875
8,17,exp_a1/200_sq\fg_ff0000_bg_888888.jpg,0.23779296875
9,2,exp_a1/200_sq\fg_0000ff_bg_000000.jpg,0.236328125
10,0,exp_a1/200_sq\fg_000000_bg_888888.jpg,0.2359619140625
11,6,exp_a1/200_sq\fg_00ff00_bg_888888.jpg,0.23388671875
12,4,exp_a1/200_sq\fg_0000ff_bg_ffffff.jpg,0.233642578125
13,7,exp_a1/200_sq\fg_00ff00_bg_ffffff.jpg,0.232666015625
14,3,exp_a1/200_sq\fg_0000ff_bg_888888.jpg,0.232177734375
15,5,exp_a1/200_sq\fg_00ff00_bg_000000.jpg,0.2320556640625
16,10,exp_a1/200_sq\fg_00ffff_bg_ffffff.jpg,0.23193359375
17,16,exp_a1/200_sq\fg_ff0000_bg_000000.jpg,0.2305908203125
18,23,exp_a1/200_sq\fg_ffffff_bg_888888.jpg,0.2255859375
19,18,exp_a1/200_sq\fg_ff0000_bg_ffffff.jpg,0.2247314453125
20,22,exp_a1/200_sq\fg_ffffff_bg_000000.jpg,0.2237548828125
21,8,exp_a1/200_sq\fg_00ffff_bg_000000.jpg,0.2171630859375
22,12,exp_a1/200_sq\fg_888888_bg_ffffff.jpg,0.2044677734375
23,11,exp_a1/200_sq\fg_888888_bg_000000.jpg,0.202880859375
0,19,exp_a1/4_sq\fg_ffff00_bg_000000.jpg,0.2451171875
1,15,exp_a1/4_sq\fg_921e3e_bg_ffffff.jpg,0.2445068359375
2,21,exp_a1/4_sq\fg_ffff00_bg_ffffff.jpg,0.24169921875
3,20,exp_a1/4_sq\fg_ffff00_bg_888888.jpg,0.241455078125
4,12,exp_a1/4_sq\fg_888888_bg_ffffff.jpg,0.2403564453125
5,13,exp_a1/4_sq\fg_921e3e_bg_000000.jpg,0.2393798828125
6,14,exp_a1/4_sq\fg_921e3e_bg_888888.jpg,0.23828125
7,1,exp_a1/4_sq\fg_000000_bg_ffffff.jpg,0.237548828125
8,11,exp_a1/4_sq\fg_888888_bg_000000.jpg,0.2374267578125
9,2,exp_a1/4_sq\fg_0000ff_bg_000000.jpg,0.23681640625
10,8,exp_a1/4_sq\fg_00ffff_bg_000000.jpg,0.2352294921875
11,5,exp_a1/4_sq\fg_00ff00_bg_000000.jpg,0.2349853515625
12,22,exp_a1/4_sq\fg_ffffff_bg_000000.jpg,0.23486328125
13,16,exp_a1/4_sq\fg_ff0000_bg_000000.jpg,0.2335205078125
14,3,exp_a1/4_sq\fg_0000ff_bg_888888.jpg,0.22900390625
15,0,exp_a1/4_sq\fg_000000_bg_888888.jpg,0.2264404296875
16,9,exp_a1/4_sq\fg_00ffff_bg_888888.jpg,0.223388671875
17,23,exp_a1/4_sq\fg_ffffff_bg_888888.jpg,0.2227783203125
18,7,exp_a1/4_sq\fg_00ff00_bg_ffffff.jpg,0.22119140625
19,4,exp_a1/4_sq\fg_0000ff_bg_ffffff.jpg,0.2210693359375
20,10,exp_a1/4_sq\fg_00ffff_bg_ffffff.jpg,0.220703125
21,18,exp_a1/4_sq\fg_ff0000_bg_ffffff.jpg,0.2196044921875
22,6,exp_a1/4_sq\fg_00ff00_bg_888888.jpg,0.21630859375
23,17,exp_a1/4_sq\fg_ff0000_bg_888888.jpg,0.2113037109375
0,13,exp_a1/56_sq\fg_921e3e_bg_000000.jpg,0.27685546875
1,19,exp_a1/56_sq\fg_ffff00_bg_000000.jpg,0.26904296875
2,2,exp_a1/56_sq\fg_0000ff_bg_000000.jpg,0.249755859375
3,11,exp_a1/56_sq\fg_888888_bg_000000.jpg,0.2474365234375
4,20,exp_a1/56_sq\fg_ffff00_bg_888888.jpg,0.2454833984375
5,8,exp_a1/56_sq\fg_00ffff_bg_000000.jpg,0.2440185546875
6,22,exp_a1/56_sq\fg_ffffff_bg_000000.jpg,0.24267578125
7,5,exp_a1/56_sq\fg_00ff00_bg_000000.jpg,0.2393798828125
8,16,exp_a1/56_sq\fg_ff0000_bg_000000.jpg,0.239013671875
9,15,exp_a1/56_sq\fg_921e3e_bg_ffffff.jpg,0.2384033203125
10,21,exp_a1/56_sq\fg_ffff00_bg_ffffff.jpg,0.2359619140625
11,14,exp_a1/56_sq\fg_921e3e_bg_888888.jpg,0.23291015625
12,10,exp_a1/56_sq\fg_00ffff_bg_ffffff.jpg,0.2264404296875
13,1,exp_a1/56_sq\fg_000000_bg_ffffff.jpg,0.225830078125
14,12,exp_a1/56_sq\fg_888888_bg_ffffff.jpg,0.224365234375
15,4,exp_a1/56_sq\fg_0000ff_bg_ffffff.jpg,0.2222900390625
16,0,exp_a1/56_sq\fg_000000_bg_888888.jpg,0.22216796875
17,18,exp_a1/56_sq\fg_ff0000_bg_ffffff.jpg,0.2208251953125
18,23,exp_a1/56_sq\fg_ffffff_bg_888888.jpg,0.2191162109375
19,17,exp_a1/56_sq\fg_ff0000_bg_888888.jpg,0.21875
20,3,exp_a1/56_sq\fg_0000ff_bg_888888.jpg,0.2181396484375
21,7,exp_a1/56_sq\fg_00ff00_bg_ffffff.jpg,0.2158203125
22,6,exp_a1/56_sq\fg_00ff00_bg_888888.jpg,0.214599609375
23,9,exp_a1/56_sq\fg_00ffff_bg_888888.jpg,0.2122802734375
0,6,exp_a1/colors\bg_ff0000.jpg,0.2724609375
1,5,exp_a1/colors\bg_921e3e.jpg,0.26025390625
2,1,exp_a1/colors\bg_0000ff.jpg,0.23876953125
3,0,exp_a1/colors\bg_000000.jpg,0.2369384765625
4,8,exp_a1/colors\bg_ffffff.png,0.2283935546875
5,2,exp_a1/colors\bg_00ff00.jpg,0.2271728515625
6,3,exp_a1/colors\bg_00ffff.jpg,0.22412109375
7,7,exp_a1/colors\bg_ffff00.jpg,0.2198486328125
8,4,exp_a1/colors\bg_888888.jpg,0.2098388671875
