,Unnamed: 0,filepaths,similarity
0,6,exp_a1/112_sq\fg_00ff00_bg_888888.jpg,0.35693359375
1,14,exp_a1/112_sq\fg_921e3e_bg_888888.jpg,0.33203125
2,9,exp_a1/112_sq\fg_00ffff_bg_888888.jpg,0.312744140625
3,10,exp_a1/112_sq\fg_00ffff_bg_ffffff.jpg,0.284423828125
4,1,exp_a1/112_sq\fg_000000_bg_ffffff.jpg,0.283935546875
5,3,exp_a1/112_sq\fg_0000ff_bg_888888.jpg,0.277099609375
6,21,exp_a1/112_sq\fg_ffff00_bg_ffffff.jpg,0.27587890625
7,12,exp_a1/112_sq\fg_888888_bg_ffffff.jpg,0.2744140625
8,7,exp_a1/112_sq\fg_00ff00_bg_ffffff.jpg,0.26611328125
9,4,exp_a1/112_sq\fg_0000ff_bg_ffffff.jpg,0.2587890625
10,15,exp_a1/112_sq\fg_921e3e_bg_ffffff.jpg,0.25
11,18,exp_a1/112_sq\fg_ff0000_bg_ffffff.jpg,0.2459716796875
12,11,exp_a1/112_sq\fg_888888_bg_000000.jpg,0.2354736328125
13,13,exp_a1/112_sq\fg_921e3e_bg_000000.jpg,0.2095947265625
14,5,exp_a1/112_sq\fg_00ff00_bg_000000.jpg,0.2060546875
15,19,exp_a1/112_sq\fg_ffff00_bg_000000.jpg,0.197998046875
16,8,exp_a1/112_sq\fg_00ffff_bg_000000.jpg,0.1949462890625
17,0,exp_a1/112_sq\fg_000000_bg_888888.jpg,0.1927490234375
18,23,exp_a1/112_sq\fg_ffffff_bg_888888.jpg,0.191650390625
19,16,exp_a1/112_sq\fg_ff0000_bg_000000.jpg,0.19140625
20,22,exp_a1/112_sq\fg_ffffff_bg_000000.jpg,0.189453125
21,20,exp_a1/112_sq\fg_ffff00_bg_888888.jpg,0.1868896484375
22,17,exp_a1/112_sq\fg_ff0000_bg_888888.jpg,0.185302734375
23,2,exp_a1/112_sq\fg_0000ff_bg_000000.jpg,0.1817626953125
0,14,exp_a1/12_sq\fg_921e3e_bg_888888.jpg,0.4658203125
1,23,exp_a1/12_sq\fg_ffffff_bg_888888.jpg,0.45947265625
2,3,exp_a1/12_sq\fg_0000ff_bg_888888.jpg,0.458251953125
3,0,exp_a1/12_sq\fg_000000_bg_888888.jpg,0.45458984375
4,6,exp_a1/12_sq\fg_00ff00_bg_888888.jpg,0.453857421875
5,9,exp_a1/12_sq\fg_00ffff_bg_888888.jpg,0.45263671875
6,17,exp_a1/12_sq\fg_ff0000_bg_888888.jpg,0.450927734375
7,20,exp_a1/12_sq\fg_ffff00_bg_888888.jpg,0.440185546875
8,12,exp_a1/12_sq\fg_888888_bg_ffffff.jpg,0.26123046875
9,15,exp_a1/12_sq\fg_921e3e_bg_ffffff.jpg,0.26025390625
10,4,exp_a1/12_sq\fg_0000ff_bg_ffffff.jpg,0.25830078125
11,1,exp_a1/12_sq\fg_000000_bg_ffffff.jpg,0.255859375
12,7,exp_a1/12_sq\fg_00ff00_bg_ffffff.jpg,0.254638671875
13,18,exp_a1/12_sq\fg_ff0000_bg_ffffff.jpg,0.25439453125
14,10,exp_a1/12_sq\fg_00ffff_bg_ffffff.jpg,0.25390625
15,21,exp_a1/12_sq\fg_ffff00_bg_ffffff.jpg,0.25390625
16,22,exp_a1/12_sq\fg_ffffff_bg_000000.jpg,0.15380859375
17,16,exp_a1/12_sq\fg_ff0000_bg_000000.jpg,0.153564453125
18,8,exp_a1/12_sq\fg_00ffff_bg_000000.jpg,0.152099609375
19,11,exp_a1/12_sq\fg_888888_bg_000000.jpg,0.1519775390625
20,19,exp_a1/12_sq\fg_ffff00_bg_000000.jpg,0.151611328125
21,5,exp_a1/12_sq\fg_00ff00_bg_000000.jpg,0.151123046875
22,13,exp_a1/12_sq\fg_921e3e_bg_000000.jpg,0.1505126953125
23,2,exp_a1/12_sq\fg_0000ff_bg_000000.jpg,0.14990234375
0,21,exp_a1/148_sq\fg_ffff00_bg_ffffff.jpg,0.298828125
1,1,exp_a1/148_sq\fg_000000_bg_ffffff.jpg,0.296630859375
2,10,exp_a1/148_sq\fg_00ffff_bg_ffffff.jpg,0.29345703125
3,6,exp_a1/148_sq\fg_00ff00_bg_888888.jpg,0.288330078125
4,4,exp_a1/148_sq\fg_0000ff_bg_ffffff.jpg,0.270263671875
5,7,exp_a1/148_sq\fg_00ff00_bg_ffffff.jpg,0.265625
6,12,exp_a1/148_sq\fg_888888_bg_ffffff.jpg,0.2568359375
7,18,exp_a1/148_sq\fg_ff0000_bg_ffffff.jpg,0.23974609375
8,11,exp_a1/148_sq\fg_888888_bg_000000.jpg,0.2281494140625
9,5,exp_a1/148_sq\fg_00ff00_bg_000000.jpg,0.2193603515625
10,13,exp_a1/148_sq\fg_921e3e_bg_000000.jpg,0.209716796875
11,2,exp_a1/148_sq\fg_0000ff_bg_000000.jpg,0.2060546875
12,19,exp_a1/148_sq\fg_ffff00_bg_000000.jpg,0.181396484375
13,15,exp_a1/148_sq\fg_921e3e_bg_ffffff.jpg,0.1790771484375
14,8,exp_a1/148_sq\fg_00ffff_bg_000000.jpg,0.178955078125
15,14,exp_a1/148_sq\fg_921e3e_bg_888888.jpg,0.16748046875
16,9,exp_a1/148_sq\fg_00ffff_bg_888888.jpg,0.15771484375
17,20,exp_a1/148_sq\fg_ffff00_bg_888888.jpg,0.1549072265625
18,3,exp_a1/148_sq\fg_0000ff_bg_888888.jpg,0.15283203125
19,17,exp_a1/148_sq\fg_ff0000_bg_888888.jpg,0.1318359375
20,0,exp_a1/148_sq\fg_000000_bg_888888.jpg,0.1312255859375
21,23,exp_a1/148_sq\fg_ffffff_bg_888888.jpg,0.12408447265625
22,22,exp_a1/148_sq\fg_ffffff_bg_000000.jpg,0.12347412109375
23,16,exp_a1/148_sq\fg_ff0000_bg_000000.jpg,0.10296630859375
0,11,exp_a1/200_sq\fg_888888_bg_000000.jpg,0.2998046875
1,10,exp_a1/200_sq\fg_00ffff_bg_ffffff.jpg,0.273681640625
2,5,exp_a1/200_sq\fg_00ff00_bg_000000.jpg,0.266357421875
3,19,exp_a1/200_sq\fg_ffff00_bg_000000.jpg,0.264404296875
4,21,exp_a1/200_sq\fg_ffff00_bg_ffffff.jpg,0.26416015625
5,18,exp_a1/200_sq\fg_ff0000_bg_ffffff.jpg,0.2484130859375
6,7,exp_a1/200_sq\fg_00ff00_bg_ffffff.jpg,0.2318115234375
7,8,exp_a1/200_sq\fg_00ffff_bg_000000.jpg,0.23046875
8,13,exp_a1/200_sq\fg_921e3e_bg_000000.jpg,0.219482421875
9,0,exp_a1/200_sq\fg_000000_bg_888888.jpg,0.2135009765625
10,22,exp_a1/200_sq\fg_ffffff_bg_000000.jpg,0.20703125
11,2,exp_a1/200_sq\fg_0000ff_bg_000000.jpg,0.19677734375
12,16,exp_a1/200_sq\fg_ff0000_bg_000000.jpg,0.19580078125
13,1,exp_a1/200_sq\fg_000000_bg_ffffff.jpg,0.1927490234375
14,17,exp_a1/200_sq\fg_ff0000_bg_888888.jpg,0.189208984375
15,20,exp_a1/200_sq\fg_ffff00_bg_888888.jpg,0.186279296875
16,23,exp_a1/200_sq\fg_ffffff_bg_888888.jpg,0.1832275390625
17,4,exp_a1/200_sq\fg_0000ff_bg_ffffff.jpg,0.17333984375
18,6,exp_a1/200_sq\fg_00ff00_bg_888888.jpg,0.173095703125
19,14,exp_a1/200_sq\fg_921e3e_bg_888888.jpg,0.16748046875
20,3,exp_a1/200_sq\fg_0000ff_bg_888888.jpg,0.162109375
21,15,exp_a1/200_sq\fg_921e3e_bg_ffffff.jpg,0.14111328125
22,9,exp_a1/200_sq\fg_00ffff_bg_888888.jpg,0.11273193359375
23,12,exp_a1/200_sq\fg_888888_bg_ffffff.jpg,0.051116943359375
0,3,exp_a1/4_sq\fg_0000ff_bg_888888.jpg,0.44775390625
1,0,exp_a1/4_sq\fg_000000_bg_888888.jpg,0.442138671875
2,9,exp_a1/4_sq\fg_00ffff_bg_888888.jpg,0.439697265625
3,20,exp_a1/4_sq\fg_ffff00_bg_888888.jpg,0.439697265625
4,6,exp_a1/4_sq\fg_00ff00_bg_888888.jpg,0.431640625
5,14,exp_a1/4_sq\fg_921e3e_bg_888888.jpg,0.4306640625
6,17,exp_a1/4_sq\fg_ff0000_bg_888888.jpg,0.426025390625
7,23,exp_a1/4_sq\fg_ffffff_bg_888888.jpg,0.42236328125
8,10,exp_a1/4_sq\fg_00ffff_bg_ffffff.jpg,0.25341796875
9,4,exp_a1/4_sq\fg_0000ff_bg_ffffff.jpg,0.25341796875
10,7,exp_a1/4_sq\fg_00ff00_bg_ffffff.jpg,0.253173828125
11,1,exp_a1/4_sq\fg_000000_bg_ffffff.jpg,0.253173828125
12,15,exp_a1/4_sq\fg_921e3e_bg_ffffff.jpg,0.253173828125
13,18,exp_a1/4_sq\fg_ff0000_bg_ffffff.jpg,0.253173828125
14,21,exp_a1/4_sq\fg_ffff00_bg_ffffff.jpg,0.253173828125
15,12,exp_a1/4_sq\fg_888888_bg_ffffff.jpg,0.2529296875
16,22,exp_a1/4_sq\fg_ffffff_bg_000000.jpg,0.150634765625
17,5,exp_a1/4_sq\fg_00ff00_bg_000000.jpg,0.150390625
18,13,exp_a1/4_sq\fg_921e3e_bg_000000.jpg,0.1502685546875
19,16,exp_a1/4_sq\fg_ff0000_bg_000000.jpg,0.150146484375
20,8,exp_a1/4_sq\fg_00ffff_bg_000000.jpg,0.1500244140625
21,11,exp_a1/4_sq\fg_888888_bg_000000.jpg,0.1500244140625
22,2,exp_a1/4_sq\fg_0000ff_bg_000000.jpg,0.1500244140625
23,19,exp_a1/4_sq\fg_ffff00_bg_000000.jpg,0.14990234375
0,6,exp_a1/56_sq\fg_00ff00_bg_888888.jpg,0.428466796875
1,14,exp_a1/56_sq\fg_921e3e_bg_888888.jpg,0.427978515625
2,3,exp_a1/56_sq\fg_0000ff_bg_888888.jpg,0.423583984375
3,0,exp_a1/56_sq\fg_000000_bg_888888.jpg,0.40869140625
4,9,exp_a1/56_sq\fg_00ffff_bg_888888.jpg,0.395751953125
5,20,exp_a1/56_sq\fg_ffff00_bg_888888.jpg,0.365478515625
6,1,exp_a1/56_sq\fg_000000_bg_ffffff.jpg,0.29541015625
7,17,exp_a1/56_sq\fg_ff0000_bg_888888.jpg,0.293701171875
8,21,exp_a1/56_sq\fg_ffff00_bg_ffffff.jpg,0.28955078125
9,4,exp_a1/56_sq\fg_0000ff_bg_ffffff.jpg,0.2861328125
10,12,exp_a1/56_sq\fg_888888_bg_ffffff.jpg,0.28515625
11,15,exp_a1/56_sq\fg_921e3e_bg_ffffff.jpg,0.274169921875
12,10,exp_a1/56_sq\fg_00ffff_bg_ffffff.jpg,0.268798828125
13,7,exp_a1/56_sq\fg_00ff00_bg_ffffff.jpg,0.265380859375
14,18,exp_a1/56_sq\fg_ff0000_bg_ffffff.jpg,0.247314453125
15,23,exp_a1/56_sq\fg_ffffff_bg_888888.jpg,0.240478515625
16,13,exp_a1/56_sq\fg_921e3e_bg_000000.jpg,0.20068359375
17,11,exp_a1/56_sq\fg_888888_bg_000000.jpg,0.198974609375
18,19,exp_a1/56_sq\fg_ffff00_bg_000000.jpg,0.17822265625
19,16,exp_a1/56_sq\fg_ff0000_bg_000000.jpg,0.168212890625
20,8,exp_a1/56_sq\fg_00ffff_bg_000000.jpg,0.166259765625
21,22,exp_a1/56_sq\fg_ffffff_bg_000000.jpg,0.1639404296875
22,5,exp_a1/56_sq\fg_00ff00_bg_000000.jpg,0.1612548828125
23,2,exp_a1/56_sq\fg_0000ff_bg_000000.jpg,0.1593017578125
0,4,exp_a1/colors\bg_888888.jpg,0.417236328125
1,8,exp_a1/colors\bg_ffffff.png,0.253173828125
2,7,exp_a1/colors\bg_ffff00.jpg,0.24755859375
3,6,exp_a1/colors\bg_ff0000.jpg,0.2305908203125
4,5,exp_a1/colors\bg_921e3e.jpg,0.230224609375
5,1,exp_a1/colors\bg_0000ff.jpg,0.20849609375
6,2,exp_a1/colors\bg_00ff00.jpg,0.1932373046875
7,3,exp_a1/colors\bg_00ffff.jpg,0.1898193359375
8,0,exp_a1/colors\bg_000000.jpg,0.150146484375
