,Unnamed: 0,filepaths,similarity
0,1,exp_a1/112_sq\fg_000000_bg_ffffff.jpg,0.264404296875
1,13,exp_a1/112_sq\fg_921e3e_bg_000000.jpg,0.263671875
2,22,exp_a1/112_sq\fg_ffffff_bg_000000.jpg,0.2626953125
3,16,exp_a1/112_sq\fg_ff0000_bg_000000.jpg,0.257568359375
4,2,exp_a1/112_sq\fg_0000ff_bg_000000.jpg,0.255126953125
5,19,exp_a1/112_sq\fg_ffff00_bg_000000.jpg,0.2548828125
6,8,exp_a1/112_sq\fg_00ffff_bg_000000.jpg,0.2548828125
7,4,exp_a1/112_sq\fg_0000ff_bg_ffffff.jpg,0.251953125
8,11,exp_a1/112_sq\fg_888888_bg_000000.jpg,0.251708984375
9,10,exp_a1/112_sq\fg_00ffff_bg_ffffff.jpg,0.25
10,0,exp_a1/112_sq\fg_000000_bg_888888.jpg,0.247802734375
11,18,exp_a1/112_sq\fg_ff0000_bg_ffffff.jpg,0.2474365234375
12,15,exp_a1/112_sq\fg_921e3e_bg_ffffff.jpg,0.2469482421875
13,5,exp_a1/112_sq\fg_00ff00_bg_000000.jpg,0.245849609375
14,17,exp_a1/112_sq\fg_ff0000_bg_888888.jpg,0.2452392578125
15,21,exp_a1/112_sq\fg_ffff00_bg_ffffff.jpg,0.244873046875
16,23,exp_a1/112_sq\fg_ffffff_bg_888888.jpg,0.242919921875
17,3,exp_a1/112_sq\fg_0000ff_bg_888888.jpg,0.24169921875
18,12,exp_a1/112_sq\fg_888888_bg_ffffff.jpg,0.241455078125
19,7,exp_a1/112_sq\fg_00ff00_bg_ffffff.jpg,0.240966796875
20,20,exp_a1/112_sq\fg_ffff00_bg_888888.jpg,0.2406005859375
21,14,exp_a1/112_sq\fg_921e3e_bg_888888.jpg,0.2364501953125
22,9,exp_a1/112_sq\fg_00ffff_bg_888888.jpg,0.2340087890625
23,6,exp_a1/112_sq\fg_00ff00_bg_888888.jpg,0.2135009765625
0,13,exp_a1/12_sq\fg_921e3e_bg_000000.jpg,0.267578125
1,11,exp_a1/12_sq\fg_888888_bg_000000.jpg,0.266845703125
2,22,exp_a1/12_sq\fg_ffffff_bg_000000.jpg,0.26416015625
3,2,exp_a1/12_sq\fg_0000ff_bg_000000.jpg,0.263427734375
4,16,exp_a1/12_sq\fg_ff0000_bg_000000.jpg,0.260986328125
5,19,exp_a1/12_sq\fg_ffff00_bg_000000.jpg,0.260986328125
6,8,exp_a1/12_sq\fg_00ffff_bg_000000.jpg,0.25927734375
7,1,exp_a1/12_sq\fg_000000_bg_ffffff.jpg,0.25927734375
8,5,exp_a1/12_sq\fg_00ff00_bg_000000.jpg,0.258544921875
9,12,exp_a1/12_sq\fg_888888_bg_ffffff.jpg,0.252197265625
10,18,exp_a1/12_sq\fg_ff0000_bg_ffffff.jpg,0.250244140625
11,4,exp_a1/12_sq\fg_0000ff_bg_ffffff.jpg,0.248779296875
12,7,exp_a1/12_sq\fg_00ff00_bg_ffffff.jpg,0.246826171875
13,10,exp_a1/12_sq\fg_00ffff_bg_ffffff.jpg,0.246826171875
14,21,exp_a1/12_sq\fg_ffff00_bg_ffffff.jpg,0.24658203125
15,15,exp_a1/12_sq\fg_921e3e_bg_ffffff.jpg,0.24560546875
16,17,exp_a1/12_sq\fg_ff0000_bg_888888.jpg,0.2252197265625
17,9,exp_a1/12_sq\fg_00ffff_bg_888888.jpg,0.2249755859375
18,0,exp_a1/12_sq\fg_000000_bg_888888.jpg,0.22265625
19,23,exp_a1/12_sq\fg_ffffff_bg_888888.jpg,0.2220458984375
20,3,exp_a1/12_sq\fg_0000ff_bg_888888.jpg,0.2215576171875
21,14,exp_a1/12_sq\fg_921e3e_bg_888888.jpg,0.2196044921875
22,20,exp_a1/12_sq\fg_ffff00_bg_888888.jpg,0.2193603515625
23,6,exp_a1/12_sq\fg_00ff00_bg_888888.jpg,0.2193603515625
0,22,exp_a1/148_sq\fg_ffffff_bg_000000.jpg,0.265380859375
1,1,exp_a1/148_sq\fg_000000_bg_ffffff.jpg,0.260498046875
2,13,exp_a1/148_sq\fg_921e3e_bg_000000.jpg,0.2587890625
3,16,exp_a1/148_sq\fg_ff0000_bg_000000.jpg,0.25830078125
4,19,exp_a1/148_sq\fg_ffff00_bg_000000.jpg,0.257568359375
5,8,exp_a1/148_sq\fg_00ffff_bg_000000.jpg,0.2568359375
6,15,exp_a1/148_sq\fg_921e3e_bg_ffffff.jpg,0.252685546875
7,11,exp_a1/148_sq\fg_888888_bg_000000.jpg,0.25244140625
8,2,exp_a1/148_sq\fg_0000ff_bg_000000.jpg,0.252197265625
9,10,exp_a1/148_sq\fg_00ffff_bg_ffffff.jpg,0.251220703125
10,18,exp_a1/148_sq\fg_ff0000_bg_ffffff.jpg,0.250732421875
11,5,exp_a1/148_sq\fg_00ff00_bg_000000.jpg,0.25
12,0,exp_a1/148_sq\fg_000000_bg_888888.jpg,0.2498779296875
13,4,exp_a1/148_sq\fg_0000ff_bg_ffffff.jpg,0.2490234375
14,21,exp_a1/148_sq\fg_ffff00_bg_ffffff.jpg,0.2490234375
15,7,exp_a1/148_sq\fg_00ff00_bg_ffffff.jpg,0.2459716796875
16,23,exp_a1/148_sq\fg_ffffff_bg_888888.jpg,0.2415771484375
17,12,exp_a1/148_sq\fg_888888_bg_ffffff.jpg,0.2379150390625
18,17,exp_a1/148_sq\fg_ff0000_bg_888888.jpg,0.234619140625
19,20,exp_a1/148_sq\fg_ffff00_bg_888888.jpg,0.2320556640625
20,3,exp_a1/148_sq\fg_0000ff_bg_888888.jpg,0.2305908203125
21,14,exp_a1/148_sq\fg_921e3e_bg_888888.jpg,0.2220458984375
22,9,exp_a1/148_sq\fg_00ffff_bg_888888.jpg,0.2196044921875
23,6,exp_a1/148_sq\fg_00ff00_bg_888888.jpg,0.1845703125
0,0,exp_a1/200_sq\fg_000000_bg_888888.jpg,0.267822265625
1,1,exp_a1/200_sq\fg_000000_bg_ffffff.jpg,0.265380859375
2,13,exp_a1/200_sq\fg_921e3e_bg_000000.jpg,0.2626953125
3,22,exp_a1/200_sq\fg_ffffff_bg_000000.jpg,0.26123046875
4,16,exp_a1/200_sq\fg_ff0000_bg_000000.jpg,0.2578125
5,2,exp_a1/200_sq\fg_0000ff_bg_000000.jpg,0.255126953125
6,19,exp_a1/200_sq\fg_ffff00_bg_000000.jpg,0.255126953125
7,21,exp_a1/200_sq\fg_ffff00_bg_ffffff.jpg,0.25341796875
8,8,exp_a1/200_sq\fg_00ffff_bg_000000.jpg,0.251708984375
9,15,exp_a1/200_sq\fg_921e3e_bg_ffffff.jpg,0.25
10,10,exp_a1/200_sq\fg_00ffff_bg_ffffff.jpg,0.248779296875
11,5,exp_a1/200_sq\fg_00ff00_bg_000000.jpg,0.246826171875
12,23,exp_a1/200_sq\fg_ffffff_bg_888888.jpg,0.2452392578125
13,3,exp_a1/200_sq\fg_0000ff_bg_888888.jpg,0.2452392578125
14,18,exp_a1/200_sq\fg_ff0000_bg_ffffff.jpg,0.2449951171875
15,20,exp_a1/200_sq\fg_ffff00_bg_888888.jpg,0.244873046875
16,4,exp_a1/200_sq\fg_0000ff_bg_ffffff.jpg,0.2432861328125
17,17,exp_a1/200_sq\fg_ff0000_bg_888888.jpg,0.240478515625
18,9,exp_a1/200_sq\fg_00ffff_bg_888888.jpg,0.236328125
19,7,exp_a1/200_sq\fg_00ff00_bg_ffffff.jpg,0.2357177734375
20,14,exp_a1/200_sq\fg_921e3e_bg_888888.jpg,0.234619140625
21,12,exp_a1/200_sq\fg_888888_bg_ffffff.jpg,0.233642578125
22,6,exp_a1/200_sq\fg_00ff00_bg_888888.jpg,0.2320556640625
23,11,exp_a1/200_sq\fg_888888_bg_000000.jpg,0.2220458984375
0,2,exp_a1/4_sq\fg_0000ff_bg_000000.jpg,0.26953125
1,13,exp_a1/4_sq\fg_921e3e_bg_000000.jpg,0.26953125
2,11,exp_a1/4_sq\fg_888888_bg_000000.jpg,0.269287109375
3,19,exp_a1/4_sq\fg_ffff00_bg_000000.jpg,0.268310546875
4,16,exp_a1/4_sq\fg_ff0000_bg_000000.jpg,0.26708984375
5,5,exp_a1/4_sq\fg_00ff00_bg_000000.jpg,0.266845703125
6,8,exp_a1/4_sq\fg_00ffff_bg_000000.jpg,0.266357421875
7,22,exp_a1/4_sq\fg_ffffff_bg_000000.jpg,0.26611328125
8,1,exp_a1/4_sq\fg_000000_bg_ffffff.jpg,0.255615234375
9,12,exp_a1/4_sq\fg_888888_bg_ffffff.jpg,0.255126953125
10,18,exp_a1/4_sq\fg_ff0000_bg_ffffff.jpg,0.254638671875
11,4,exp_a1/4_sq\fg_0000ff_bg_ffffff.jpg,0.251953125
12,7,exp_a1/4_sq\fg_00ff00_bg_ffffff.jpg,0.25146484375
13,15,exp_a1/4_sq\fg_921e3e_bg_ffffff.jpg,0.2509765625
14,10,exp_a1/4_sq\fg_00ffff_bg_ffffff.jpg,0.2484130859375
15,21,exp_a1/4_sq\fg_ffff00_bg_ffffff.jpg,0.2469482421875
16,0,exp_a1/4_sq\fg_000000_bg_888888.jpg,0.2391357421875
17,9,exp_a1/4_sq\fg_00ffff_bg_888888.jpg,0.2333984375
18,3,exp_a1/4_sq\fg_0000ff_bg_888888.jpg,0.2327880859375
19,6,exp_a1/4_sq\fg_00ff00_bg_888888.jpg,0.2315673828125
20,20,exp_a1/4_sq\fg_ffff00_bg_888888.jpg,0.2305908203125
21,23,exp_a1/4_sq\fg_ffffff_bg_888888.jpg,0.230224609375
22,14,exp_a1/4_sq\fg_921e3e_bg_888888.jpg,0.22705078125
23,17,exp_a1/4_sq\fg_ff0000_bg_888888.jpg,0.2257080078125
0,1,exp_a1/56_sq\fg_000000_bg_ffffff.jpg,0.2705078125
1,22,exp_a1/56_sq\fg_ffffff_bg_000000.jpg,0.26904296875
2,13,exp_a1/56_sq\fg_921e3e_bg_000000.jpg,0.266845703125
3,11,exp_a1/56_sq\fg_888888_bg_000000.jpg,0.265380859375
4,8,exp_a1/56_sq\fg_00ffff_bg_000000.jpg,0.2626953125
5,2,exp_a1/56_sq\fg_0000ff_bg_000000.jpg,0.262451171875
6,4,exp_a1/56_sq\fg_0000ff_bg_ffffff.jpg,0.261474609375
7,16,exp_a1/56_sq\fg_ff0000_bg_000000.jpg,0.2587890625
8,19,exp_a1/56_sq\fg_ffff00_bg_000000.jpg,0.2578125
9,5,exp_a1/56_sq\fg_00ff00_bg_000000.jpg,0.257080078125
10,12,exp_a1/56_sq\fg_888888_bg_ffffff.jpg,0.25244140625
11,21,exp_a1/56_sq\fg_ffff00_bg_ffffff.jpg,0.25244140625
12,15,exp_a1/56_sq\fg_921e3e_bg_ffffff.jpg,0.252197265625
13,10,exp_a1/56_sq\fg_00ffff_bg_ffffff.jpg,0.24951171875
14,7,exp_a1/56_sq\fg_00ff00_bg_ffffff.jpg,0.24853515625
15,18,exp_a1/56_sq\fg_ff0000_bg_ffffff.jpg,0.2459716796875
16,0,exp_a1/56_sq\fg_000000_bg_888888.jpg,0.2452392578125
17,20,exp_a1/56_sq\fg_ffff00_bg_888888.jpg,0.2384033203125
18,17,exp_a1/56_sq\fg_ff0000_bg_888888.jpg,0.236328125
19,3,exp_a1/56_sq\fg_0000ff_bg_888888.jpg,0.235595703125
20,23,exp_a1/56_sq\fg_ffffff_bg_888888.jpg,0.234619140625
21,14,exp_a1/56_sq\fg_921e3e_bg_888888.jpg,0.2333984375
22,9,exp_a1/56_sq\fg_00ffff_bg_888888.jpg,0.2191162109375
23,6,exp_a1/56_sq\fg_00ff00_bg_888888.jpg,0.2156982421875
0,0,exp_a1/colors\bg_000000.jpg,0.2724609375
1,5,exp_a1/colors\bg_921e3e.jpg,0.2607421875
2,8,exp_a1/colors\bg_ffffff.png,0.26025390625
3,6,exp_a1/colors\bg_ff0000.jpg,0.2587890625
4,1,exp_a1/colors\bg_0000ff.jpg,0.252685546875
5,3,exp_a1/colors\bg_00ffff.jpg,0.2430419921875
6,7,exp_a1/colors\bg_ffff00.jpg,0.2386474609375
7,2,exp_a1/colors\bg_00ff00.jpg,0.2381591796875
8,4,exp_a1/colors\bg_888888.jpg,0.22314453125
