,Unnamed: 0,filepaths,similarity
0,6,exp_a1/112_sq\fg_00ff00_bg_888888.jpg,0.34375
1,10,exp_a1/112_sq\fg_00ffff_bg_ffffff.jpg,0.33544921875
2,21,exp_a1/112_sq\fg_ffff00_bg_ffffff.jpg,0.327880859375
3,14,exp_a1/112_sq\fg_921e3e_bg_888888.jpg,0.31103515625
4,1,exp_a1/112_sq\fg_000000_bg_ffffff.jpg,0.3095703125
5,7,exp_a1/112_sq\fg_00ff00_bg_ffffff.jpg,0.304443359375
6,12,exp_a1/112_sq\fg_888888_bg_ffffff.jpg,0.304443359375
7,18,exp_a1/112_sq\fg_ff0000_bg_ffffff.jpg,0.297607421875
8,9,exp_a1/112_sq\fg_00ffff_bg_888888.jpg,0.294921875
9,4,exp_a1/112_sq\fg_0000ff_bg_ffffff.jpg,0.292724609375
10,15,exp_a1/112_sq\fg_921e3e_bg_ffffff.jpg,0.283447265625
11,5,exp_a1/112_sq\fg_00ff00_bg_000000.jpg,0.276123046875
12,11,exp_a1/112_sq\fg_888888_bg_000000.jpg,0.26953125
13,13,exp_a1/112_sq\fg_921e3e_bg_000000.jpg,0.26123046875
14,3,exp_a1/112_sq\fg_0000ff_bg_888888.jpg,0.2587890625
15,16,exp_a1/112_sq\fg_ff0000_bg_000000.jpg,0.2493896484375
16,22,exp_a1/112_sq\fg_ffffff_bg_000000.jpg,0.24853515625
17,8,exp_a1/112_sq\fg_00ffff_bg_000000.jpg,0.24658203125
18,2,exp_a1/112_sq\fg_0000ff_bg_000000.jpg,0.23046875
19,19,exp_a1/112_sq\fg_ffff00_bg_000000.jpg,0.2227783203125
20,0,exp_a1/112_sq\fg_000000_bg_888888.jpg,0.1834716796875
21,20,exp_a1/112_sq\fg_ffff00_bg_888888.jpg,0.179931640625
22,23,exp_a1/112_sq\fg_ffffff_bg_888888.jpg,0.1719970703125
23,17,exp_a1/112_sq\fg_ff0000_bg_888888.jpg,0.16845703125
0,23,exp_a1/12_sq\fg_ffffff_bg_888888.jpg,0.40283203125
1,17,exp_a1/12_sq\fg_ff0000_bg_888888.jpg,0.397705078125
2,14,exp_a1/12_sq\fg_921e3e_bg_888888.jpg,0.392822265625
3,3,exp_a1/12_sq\fg_0000ff_bg_888888.jpg,0.39208984375
4,9,exp_a1/12_sq\fg_00ffff_bg_888888.jpg,0.3916015625
5,20,exp_a1/12_sq\fg_ffff00_bg_888888.jpg,0.38916015625
6,0,exp_a1/12_sq\fg_000000_bg_888888.jpg,0.387939453125
7,6,exp_a1/12_sq\fg_00ff00_bg_888888.jpg,0.384521484375
8,12,exp_a1/12_sq\fg_888888_bg_ffffff.jpg,0.31494140625
9,15,exp_a1/12_sq\fg_921e3e_bg_ffffff.jpg,0.3134765625
10,4,exp_a1/12_sq\fg_0000ff_bg_ffffff.jpg,0.31103515625
11,1,exp_a1/12_sq\fg_000000_bg_ffffff.jpg,0.308837890625
12,21,exp_a1/12_sq\fg_ffff00_bg_ffffff.jpg,0.307373046875
13,7,exp_a1/12_sq\fg_00ff00_bg_ffffff.jpg,0.307373046875
14,10,exp_a1/12_sq\fg_00ffff_bg_ffffff.jpg,0.30712890625
15,18,exp_a1/12_sq\fg_ff0000_bg_ffffff.jpg,0.30712890625
16,22,exp_a1/12_sq\fg_ffffff_bg_000000.jpg,0.1885986328125
17,16,exp_a1/12_sq\fg_ff0000_bg_000000.jpg,0.1878662109375
18,11,exp_a1/12_sq\fg_888888_bg_000000.jpg,0.187744140625
19,8,exp_a1/12_sq\fg_00ffff_bg_000000.jpg,0.1861572265625
20,19,exp_a1/12_sq\fg_ffff00_bg_000000.jpg,0.185791015625
21,5,exp_a1/12_sq\fg_00ff00_bg_000000.jpg,0.185546875
22,13,exp_a1/12_sq\fg_921e3e_bg_000000.jpg,0.1849365234375
23,2,exp_a1/12_sq\fg_0000ff_bg_000000.jpg,0.1842041015625
0,21,exp_a1/148_sq\fg_ffff00_bg_ffffff.jpg,0.342529296875
1,10,exp_a1/148_sq\fg_00ffff_bg_ffffff.jpg,0.342041015625
2,7,exp_a1/148_sq\fg_00ff00_bg_ffffff.jpg,0.301513671875
3,1,exp_a1/148_sq\fg_000000_bg_ffffff.jpg,0.300537109375
4,18,exp_a1/148_sq\fg_ff0000_bg_ffffff.jpg,0.29541015625
5,6,exp_a1/148_sq\fg_00ff00_bg_888888.jpg,0.28759765625
6,5,exp_a1/148_sq\fg_00ff00_bg_000000.jpg,0.28369140625
7,4,exp_a1/148_sq\fg_0000ff_bg_ffffff.jpg,0.27783203125
8,12,exp_a1/148_sq\fg_888888_bg_ffffff.jpg,0.267822265625
9,2,exp_a1/148_sq\fg_0000ff_bg_000000.jpg,0.254150390625
10,13,exp_a1/148_sq\fg_921e3e_bg_000000.jpg,0.250244140625
11,11,exp_a1/148_sq\fg_888888_bg_000000.jpg,0.2313232421875
12,8,exp_a1/148_sq\fg_00ffff_bg_000000.jpg,0.230224609375
13,19,exp_a1/148_sq\fg_ffff00_bg_000000.jpg,0.229248046875
14,15,exp_a1/148_sq\fg_921e3e_bg_ffffff.jpg,0.1976318359375
15,22,exp_a1/148_sq\fg_ffffff_bg_000000.jpg,0.1905517578125
16,16,exp_a1/148_sq\fg_ff0000_bg_000000.jpg,0.172119140625
17,9,exp_a1/148_sq\fg_00ffff_bg_888888.jpg,0.1634521484375
18,17,exp_a1/148_sq\fg_ff0000_bg_888888.jpg,0.15625
19,14,exp_a1/148_sq\fg_921e3e_bg_888888.jpg,0.1546630859375
20,20,exp_a1/148_sq\fg_ffff00_bg_888888.jpg,0.15087890625
21,23,exp_a1/148_sq\fg_ffffff_bg_888888.jpg,0.14990234375
22,3,exp_a1/148_sq\fg_0000ff_bg_888888.jpg,0.1466064453125
23,0,exp_a1/148_sq\fg_000000_bg_888888.jpg,0.1260986328125
0,5,exp_a1/200_sq\fg_00ff00_bg_000000.jpg,0.32470703125
1,19,exp_a1/200_sq\fg_ffff00_bg_000000.jpg,0.306396484375
2,18,exp_a1/200_sq\fg_ff0000_bg_ffffff.jpg,0.3037109375
3,8,exp_a1/200_sq\fg_00ffff_bg_000000.jpg,0.288818359375
4,11,exp_a1/200_sq\fg_888888_bg_000000.jpg,0.281982421875
5,10,exp_a1/200_sq\fg_00ffff_bg_ffffff.jpg,0.28173828125
6,21,exp_a1/200_sq\fg_ffff00_bg_ffffff.jpg,0.25830078125
7,22,exp_a1/200_sq\fg_ffffff_bg_000000.jpg,0.2578125
8,16,exp_a1/200_sq\fg_ff0000_bg_000000.jpg,0.24951171875
9,2,exp_a1/200_sq\fg_0000ff_bg_000000.jpg,0.2431640625
10,13,exp_a1/200_sq\fg_921e3e_bg_000000.jpg,0.237060546875
11,7,exp_a1/200_sq\fg_00ff00_bg_ffffff.jpg,0.230712890625
12,0,exp_a1/200_sq\fg_000000_bg_888888.jpg,0.2119140625
13,6,exp_a1/200_sq\fg_00ff00_bg_888888.jpg,0.2109375
14,17,exp_a1/200_sq\fg_ff0000_bg_888888.jpg,0.1900634765625
15,20,exp_a1/200_sq\fg_ffff00_bg_888888.jpg,0.1875
16,23,exp_a1/200_sq\fg_ffffff_bg_888888.jpg,0.1875
17,1,exp_a1/200_sq\fg_000000_bg_ffffff.jpg,0.1781005859375
18,3,exp_a1/200_sq\fg_0000ff_bg_888888.jpg,0.1749267578125
19,4,exp_a1/200_sq\fg_0000ff_bg_ffffff.jpg,0.1591796875
20,14,exp_a1/200_sq\fg_921e3e_bg_888888.jpg,0.1568603515625
21,9,exp_a1/200_sq\fg_00ffff_bg_888888.jpg,0.1417236328125
22,15,exp_a1/200_sq\fg_921e3e_bg_ffffff.jpg,0.1295166015625
23,12,exp_a1/200_sq\fg_888888_bg_ffffff.jpg,0.03717041015625
0,0,exp_a1/4_sq\fg_000000_bg_888888.jpg,0.40771484375
1,3,exp_a1/4_sq\fg_0000ff_bg_888888.jpg,0.39990234375
2,14,exp_a1/4_sq\fg_921e3e_bg_888888.jpg,0.396728515625
3,20,exp_a1/4_sq\fg_ffff00_bg_888888.jpg,0.396728515625
4,23,exp_a1/4_sq\fg_ffffff_bg_888888.jpg,0.396484375
5,9,exp_a1/4_sq\fg_00ffff_bg_888888.jpg,0.3896484375
6,17,exp_a1/4_sq\fg_ff0000_bg_888888.jpg,0.38916015625
7,6,exp_a1/4_sq\fg_00ff00_bg_888888.jpg,0.385498046875
8,10,exp_a1/4_sq\fg_00ffff_bg_ffffff.jpg,0.307373046875
9,4,exp_a1/4_sq\fg_0000ff_bg_ffffff.jpg,0.306884765625
10,18,exp_a1/4_sq\fg_ff0000_bg_ffffff.jpg,0.306884765625
11,15,exp_a1/4_sq\fg_921e3e_bg_ffffff.jpg,0.306884765625
12,12,exp_a1/4_sq\fg_888888_bg_ffffff.jpg,0.306884765625
13,1,exp_a1/4_sq\fg_000000_bg_ffffff.jpg,0.306884765625
14,7,exp_a1/4_sq\fg_00ff00_bg_ffffff.jpg,0.306884765625
15,21,exp_a1/4_sq\fg_ffff00_bg_ffffff.jpg,0.306640625
16,22,exp_a1/4_sq\fg_ffffff_bg_000000.jpg,0.1845703125
17,5,exp_a1/4_sq\fg_00ff00_bg_000000.jpg,0.184326171875
18,2,exp_a1/4_sq\fg_0000ff_bg_000000.jpg,0.1842041015625
19,13,exp_a1/4_sq\fg_921e3e_bg_000000.jpg,0.18408203125
20,11,exp_a1/4_sq\fg_888888_bg_000000.jpg,0.18408203125
21,16,exp_a1/4_sq\fg_ff0000_bg_000000.jpg,0.18408203125
22,8,exp_a1/4_sq\fg_00ffff_bg_000000.jpg,0.18408203125
23,19,exp_a1/4_sq\fg_ffff00_bg_000000.jpg,0.18408203125
0,6,exp_a1/56_sq\fg_00ff00_bg_888888.jpg,0.3994140625
1,14,exp_a1/56_sq\fg_921e3e_bg_888888.jpg,0.390380859375
2,3,exp_a1/56_sq\fg_0000ff_bg_888888.jpg,0.38037109375
3,9,exp_a1/56_sq\fg_00ffff_bg_888888.jpg,0.37353515625
4,0,exp_a1/56_sq\fg_000000_bg_888888.jpg,0.369873046875
5,21,exp_a1/56_sq\fg_ffff00_bg_ffffff.jpg,0.346435546875
6,1,exp_a1/56_sq\fg_000000_bg_ffffff.jpg,0.3427734375
7,20,exp_a1/56_sq\fg_ffff00_bg_888888.jpg,0.342529296875
8,4,exp_a1/56_sq\fg_0000ff_bg_ffffff.jpg,0.333251953125
9,10,exp_a1/56_sq\fg_00ffff_bg_ffffff.jpg,0.32958984375
10,7,exp_a1/56_sq\fg_00ff00_bg_ffffff.jpg,0.32080078125
11,12,exp_a1/56_sq\fg_888888_bg_ffffff.jpg,0.318359375
12,15,exp_a1/56_sq\fg_921e3e_bg_ffffff.jpg,0.31201171875
13,18,exp_a1/56_sq\fg_ff0000_bg_ffffff.jpg,0.29931640625
14,17,exp_a1/56_sq\fg_ff0000_bg_888888.jpg,0.284423828125
15,13,exp_a1/56_sq\fg_921e3e_bg_000000.jpg,0.254150390625
16,11,exp_a1/56_sq\fg_888888_bg_000000.jpg,0.25341796875
17,23,exp_a1/56_sq\fg_ffffff_bg_888888.jpg,0.237548828125
18,22,exp_a1/56_sq\fg_ffffff_bg_000000.jpg,0.2138671875
19,16,exp_a1/56_sq\fg_ff0000_bg_000000.jpg,0.20947265625
20,19,exp_a1/56_sq\fg_ffff00_bg_000000.jpg,0.2093505859375
21,8,exp_a1/56_sq\fg_00ffff_bg_000000.jpg,0.2037353515625
22,5,exp_a1/56_sq\fg_00ff00_bg_000000.jpg,0.199462890625
23,2,exp_a1/56_sq\fg_0000ff_bg_000000.jpg,0.1982421875
0,4,exp_a1/colors\bg_888888.jpg,0.400390625
1,8,exp_a1/colors\bg_ffffff.png,0.30712890625
2,7,exp_a1/colors\bg_ffff00.jpg,0.301513671875
3,6,exp_a1/colors\bg_ff0000.jpg,0.260986328125
4,2,exp_a1/colors\bg_00ff00.jpg,0.246337890625
5,3,exp_a1/colors\bg_00ffff.jpg,0.241943359375
6,1,exp_a1/colors\bg_0000ff.jpg,0.2320556640625
7,5,exp_a1/colors\bg_921e3e.jpg,0.2230224609375
8,0,exp_a1/colors\bg_000000.jpg,0.184326171875
