,Unnamed: 0,filepaths,similarity
0,9,exp_a1/112_sq\fg_00ffff_bg_888888.jpg,0.31396484375
1,22,exp_a1/112_sq\fg_ffffff_bg_000000.jpg,0.308349609375
2,23,exp_a1/112_sq\fg_ffffff_bg_888888.jpg,0.307373046875
3,3,exp_a1/112_sq\fg_0000ff_bg_888888.jpg,0.307373046875
4,20,exp_a1/112_sq\fg_ffff00_bg_888888.jpg,0.3046875
5,7,exp_a1/112_sq\fg_00ff00_bg_ffffff.jpg,0.30419921875
6,17,exp_a1/112_sq\fg_ff0000_bg_888888.jpg,0.30419921875
7,8,exp_a1/112_sq\fg_00ffff_bg_000000.jpg,0.303955078125
8,10,exp_a1/112_sq\fg_00ffff_bg_ffffff.jpg,0.3037109375
9,13,exp_a1/112_sq\fg_921e3e_bg_000000.jpg,0.30322265625
10,18,exp_a1/112_sq\fg_ff0000_bg_ffffff.jpg,0.30322265625
11,6,exp_a1/112_sq\fg_00ff00_bg_888888.jpg,0.302978515625
12,14,exp_a1/112_sq\fg_921e3e_bg_888888.jpg,0.302490234375
13,2,exp_a1/112_sq\fg_0000ff_bg_000000.jpg,0.30126953125
14,16,exp_a1/112_sq\fg_ff0000_bg_000000.jpg,0.30078125
15,4,exp_a1/112_sq\fg_0000ff_bg_ffffff.jpg,0.298828125
16,1,exp_a1/112_sq\fg_000000_bg_ffffff.jpg,0.298583984375
17,21,exp_a1/112_sq\fg_ffff00_bg_ffffff.jpg,0.29736328125
18,19,exp_a1/112_sq\fg_ffff00_bg_000000.jpg,0.2958984375
19,5,exp_a1/112_sq\fg_00ff00_bg_000000.jpg,0.293701171875
20,15,exp_a1/112_sq\fg_921e3e_bg_ffffff.jpg,0.29345703125
21,11,exp_a1/112_sq\fg_888888_bg_000000.jpg,0.2841796875
22,0,exp_a1/112_sq\fg_000000_bg_888888.jpg,0.2822265625
23,12,exp_a1/112_sq\fg_888888_bg_ffffff.jpg,0.27392578125
0,22,exp_a1/12_sq\fg_ffffff_bg_000000.jpg,0.320556640625
1,23,exp_a1/12_sq\fg_ffffff_bg_888888.jpg,0.31982421875
2,18,exp_a1/12_sq\fg_ff0000_bg_ffffff.jpg,0.314697265625
3,8,exp_a1/12_sq\fg_00ffff_bg_000000.jpg,0.314208984375
4,10,exp_a1/12_sq\fg_00ffff_bg_ffffff.jpg,0.31298828125
5,4,exp_a1/12_sq\fg_0000ff_bg_ffffff.jpg,0.312744140625
6,11,exp_a1/12_sq\fg_888888_bg_000000.jpg,0.3125
7,21,exp_a1/12_sq\fg_ffff00_bg_ffffff.jpg,0.312255859375
8,5,exp_a1/12_sq\fg_00ff00_bg_000000.jpg,0.3115234375
9,16,exp_a1/12_sq\fg_ff0000_bg_000000.jpg,0.31103515625
10,1,exp_a1/12_sq\fg_000000_bg_ffffff.jpg,0.310546875
11,13,exp_a1/12_sq\fg_921e3e_bg_000000.jpg,0.309814453125
12,7,exp_a1/12_sq\fg_00ff00_bg_ffffff.jpg,0.3095703125
13,2,exp_a1/12_sq\fg_0000ff_bg_000000.jpg,0.30859375
14,19,exp_a1/12_sq\fg_ffff00_bg_000000.jpg,0.30810546875
15,15,exp_a1/12_sq\fg_921e3e_bg_ffffff.jpg,0.30712890625
16,3,exp_a1/12_sq\fg_0000ff_bg_888888.jpg,0.30322265625
17,17,exp_a1/12_sq\fg_ff0000_bg_888888.jpg,0.301025390625
18,12,exp_a1/12_sq\fg_888888_bg_ffffff.jpg,0.299072265625
19,9,exp_a1/12_sq\fg_00ffff_bg_888888.jpg,0.298583984375
20,0,exp_a1/12_sq\fg_000000_bg_888888.jpg,0.295166015625
21,14,exp_a1/12_sq\fg_921e3e_bg_888888.jpg,0.294677734375
22,20,exp_a1/12_sq\fg_ffff00_bg_888888.jpg,0.29443359375
23,6,exp_a1/12_sq\fg_00ff00_bg_888888.jpg,0.2802734375
0,22,exp_a1/148_sq\fg_ffffff_bg_000000.jpg,0.3115234375
1,23,exp_a1/148_sq\fg_ffffff_bg_888888.jpg,0.310302734375
2,9,exp_a1/148_sq\fg_00ffff_bg_888888.jpg,0.30908203125
3,8,exp_a1/148_sq\fg_00ffff_bg_000000.jpg,0.306884765625
4,2,exp_a1/148_sq\fg_0000ff_bg_000000.jpg,0.305908203125
5,13,exp_a1/148_sq\fg_921e3e_bg_000000.jpg,0.30419921875
6,16,exp_a1/148_sq\fg_ff0000_bg_000000.jpg,0.3037109375
7,20,exp_a1/148_sq\fg_ffff00_bg_888888.jpg,0.302490234375
8,10,exp_a1/148_sq\fg_00ffff_bg_ffffff.jpg,0.302001953125
9,18,exp_a1/148_sq\fg_ff0000_bg_ffffff.jpg,0.30126953125
10,4,exp_a1/148_sq\fg_0000ff_bg_ffffff.jpg,0.300048828125
11,3,exp_a1/148_sq\fg_0000ff_bg_888888.jpg,0.29931640625
12,1,exp_a1/148_sq\fg_000000_bg_ffffff.jpg,0.29833984375
13,19,exp_a1/148_sq\fg_ffff00_bg_000000.jpg,0.29833984375
14,7,exp_a1/148_sq\fg_00ff00_bg_ffffff.jpg,0.29736328125
15,5,exp_a1/148_sq\fg_00ff00_bg_000000.jpg,0.29736328125
16,14,exp_a1/148_sq\fg_921e3e_bg_888888.jpg,0.296630859375
17,21,exp_a1/148_sq\fg_ffff00_bg_ffffff.jpg,0.296142578125
18,17,exp_a1/148_sq\fg_ff0000_bg_888888.jpg,0.295166015625
19,15,exp_a1/148_sq\fg_921e3e_bg_ffffff.jpg,0.287353515625
20,0,exp_a1/148_sq\fg_000000_bg_888888.jpg,0.286865234375
21,11,exp_a1/148_sq\fg_888888_bg_000000.jpg,0.283203125
22,12,exp_a1/148_sq\fg_888888_bg_ffffff.jpg,0.271728515625
23,6,exp_a1/148_sq\fg_00ff00_bg_888888.jpg,0.264892578125
0,22,exp_a1/200_sq\fg_ffffff_bg_000000.jpg,0.312744140625
1,9,exp_a1/200_sq\fg_00ffff_bg_888888.jpg,0.30908203125
2,17,exp_a1/200_sq\fg_ff0000_bg_888888.jpg,0.306884765625
3,1,exp_a1/200_sq\fg_000000_bg_ffffff.jpg,0.306396484375
4,4,exp_a1/200_sq\fg_0000ff_bg_ffffff.jpg,0.30517578125
5,0,exp_a1/200_sq\fg_000000_bg_888888.jpg,0.304931640625
6,16,exp_a1/200_sq\fg_ff0000_bg_000000.jpg,0.3046875
7,7,exp_a1/200_sq\fg_00ff00_bg_ffffff.jpg,0.3037109375
8,10,exp_a1/200_sq\fg_00ffff_bg_ffffff.jpg,0.30322265625
9,5,exp_a1/200_sq\fg_00ff00_bg_000000.jpg,0.302001953125
10,3,exp_a1/200_sq\fg_0000ff_bg_888888.jpg,0.301025390625
11,21,exp_a1/200_sq\fg_ffff00_bg_ffffff.jpg,0.300048828125
12,8,exp_a1/200_sq\fg_00ffff_bg_000000.jpg,0.29931640625
13,6,exp_a1/200_sq\fg_00ff00_bg_888888.jpg,0.2958984375
14,2,exp_a1/200_sq\fg_0000ff_bg_000000.jpg,0.29541015625
15,18,exp_a1/200_sq\fg_ff0000_bg_ffffff.jpg,0.295166015625
16,20,exp_a1/200_sq\fg_ffff00_bg_888888.jpg,0.294677734375
17,13,exp_a1/200_sq\fg_921e3e_bg_000000.jpg,0.294189453125
18,14,exp_a1/200_sq\fg_921e3e_bg_888888.jpg,0.292724609375
19,23,exp_a1/200_sq\fg_ffffff_bg_888888.jpg,0.289794921875
20,19,exp_a1/200_sq\fg_ffff00_bg_000000.jpg,0.288818359375
21,15,exp_a1/200_sq\fg_921e3e_bg_ffffff.jpg,0.284912109375
22,12,exp_a1/200_sq\fg_888888_bg_ffffff.jpg,0.253662109375
23,11,exp_a1/200_sq\fg_888888_bg_000000.jpg,0.2412109375
0,4,exp_a1/4_sq\fg_0000ff_bg_ffffff.jpg,0.302978515625
1,22,exp_a1/4_sq\fg_ffffff_bg_000000.jpg,0.302734375
2,13,exp_a1/4_sq\fg_921e3e_bg_000000.jpg,0.302490234375
3,15,exp_a1/4_sq\fg_921e3e_bg_ffffff.jpg,0.302490234375
4,8,exp_a1/4_sq\fg_00ffff_bg_000000.jpg,0.302001953125
5,10,exp_a1/4_sq\fg_00ffff_bg_ffffff.jpg,0.302001953125
6,11,exp_a1/4_sq\fg_888888_bg_000000.jpg,0.302001953125
7,1,exp_a1/4_sq\fg_000000_bg_ffffff.jpg,0.302001953125
8,5,exp_a1/4_sq\fg_00ff00_bg_000000.jpg,0.301025390625
9,12,exp_a1/4_sq\fg_888888_bg_ffffff.jpg,0.30078125
10,19,exp_a1/4_sq\fg_ffff00_bg_000000.jpg,0.30078125
11,16,exp_a1/4_sq\fg_ff0000_bg_000000.jpg,0.300537109375
12,2,exp_a1/4_sq\fg_0000ff_bg_000000.jpg,0.30029296875
13,21,exp_a1/4_sq\fg_ffff00_bg_ffffff.jpg,0.299072265625
14,7,exp_a1/4_sq\fg_00ff00_bg_ffffff.jpg,0.298828125
15,18,exp_a1/4_sq\fg_ff0000_bg_ffffff.jpg,0.2978515625
16,23,exp_a1/4_sq\fg_ffffff_bg_888888.jpg,0.28173828125
17,0,exp_a1/4_sq\fg_000000_bg_888888.jpg,0.27587890625
18,3,exp_a1/4_sq\fg_0000ff_bg_888888.jpg,0.275634765625
19,14,exp_a1/4_sq\fg_921e3e_bg_888888.jpg,0.269287109375
20,9,exp_a1/4_sq\fg_00ffff_bg_888888.jpg,0.268310546875
21,20,exp_a1/4_sq\fg_ffff00_bg_888888.jpg,0.264404296875
22,6,exp_a1/4_sq\fg_00ff00_bg_888888.jpg,0.25146484375
23,17,exp_a1/4_sq\fg_ff0000_bg_888888.jpg,0.251220703125
0,22,exp_a1/56_sq\fg_ffffff_bg_000000.jpg,0.312744140625
1,10,exp_a1/56_sq\fg_00ffff_bg_ffffff.jpg,0.304443359375
2,8,exp_a1/56_sq\fg_00ffff_bg_000000.jpg,0.303955078125
3,13,exp_a1/56_sq\fg_921e3e_bg_000000.jpg,0.301513671875
4,16,exp_a1/56_sq\fg_ff0000_bg_000000.jpg,0.301513671875
5,23,exp_a1/56_sq\fg_ffffff_bg_888888.jpg,0.30126953125
6,19,exp_a1/56_sq\fg_ffff00_bg_000000.jpg,0.301025390625
7,5,exp_a1/56_sq\fg_00ff00_bg_000000.jpg,0.30078125
8,7,exp_a1/56_sq\fg_00ff00_bg_ffffff.jpg,0.30029296875
9,11,exp_a1/56_sq\fg_888888_bg_000000.jpg,0.2998046875
10,2,exp_a1/56_sq\fg_0000ff_bg_000000.jpg,0.295654296875
11,18,exp_a1/56_sq\fg_ff0000_bg_ffffff.jpg,0.294677734375
12,9,exp_a1/56_sq\fg_00ffff_bg_888888.jpg,0.294189453125
13,12,exp_a1/56_sq\fg_888888_bg_ffffff.jpg,0.2939453125
14,4,exp_a1/56_sq\fg_0000ff_bg_ffffff.jpg,0.2919921875
15,21,exp_a1/56_sq\fg_ffff00_bg_ffffff.jpg,0.2919921875
16,20,exp_a1/56_sq\fg_ffff00_bg_888888.jpg,0.291259765625
17,15,exp_a1/56_sq\fg_921e3e_bg_ffffff.jpg,0.290771484375
18,1,exp_a1/56_sq\fg_000000_bg_ffffff.jpg,0.29052734375
19,3,exp_a1/56_sq\fg_0000ff_bg_888888.jpg,0.28857421875
20,6,exp_a1/56_sq\fg_00ff00_bg_888888.jpg,0.28759765625
21,14,exp_a1/56_sq\fg_921e3e_bg_888888.jpg,0.28466796875
22,17,exp_a1/56_sq\fg_ff0000_bg_888888.jpg,0.279541015625
23,0,exp_a1/56_sq\fg_000000_bg_888888.jpg,0.2724609375
0,8,exp_a1/colors\bg_ffffff.png,0.30322265625
1,0,exp_a1/colors\bg_000000.jpg,0.302001953125
2,1,exp_a1/colors\bg_0000ff.jpg,0.2841796875
3,6,exp_a1/colors\bg_ff0000.jpg,0.279296875
4,5,exp_a1/colors\bg_921e3e.jpg,0.277587890625
5,3,exp_a1/colors\bg_00ffff.jpg,0.272705078125
6,7,exp_a1/colors\bg_ffff00.jpg,0.26953125
7,2,exp_a1/colors\bg_00ff00.jpg,0.262939453125
8,4,exp_a1/colors\bg_888888.jpg,0.2325439453125
