,Unnamed: 0,filepaths,similarity
0,9,exp_a1/112_sq\fg_00ffff_bg_888888.jpg,0.346923828125
1,3,exp_a1/112_sq\fg_0000ff_bg_888888.jpg,0.339599609375
2,23,exp_a1/112_sq\fg_ffffff_bg_888888.jpg,0.31884765625
3,4,exp_a1/112_sq\fg_0000ff_bg_ffffff.jpg,0.31787109375
4,2,exp_a1/112_sq\fg_0000ff_bg_000000.jpg,0.317626953125
5,10,exp_a1/112_sq\fg_00ffff_bg_ffffff.jpg,0.31640625
6,14,exp_a1/112_sq\fg_921e3e_bg_888888.jpg,0.31494140625
7,6,exp_a1/112_sq\fg_00ff00_bg_888888.jpg,0.31201171875
8,17,exp_a1/112_sq\fg_ff0000_bg_888888.jpg,0.308837890625
9,8,exp_a1/112_sq\fg_00ffff_bg_000000.jpg,0.3076171875
10,20,exp_a1/112_sq\fg_ffff00_bg_888888.jpg,0.306884765625
11,7,exp_a1/112_sq\fg_00ff00_bg_ffffff.jpg,0.30078125
12,11,exp_a1/112_sq\fg_888888_bg_000000.jpg,0.291015625
13,0,exp_a1/112_sq\fg_000000_bg_888888.jpg,0.287353515625
14,12,exp_a1/112_sq\fg_888888_bg_ffffff.jpg,0.284912109375
15,22,exp_a1/112_sq\fg_ffffff_bg_000000.jpg,0.282958984375
16,18,exp_a1/112_sq\fg_ff0000_bg_ffffff.jpg,0.280029296875
17,13,exp_a1/112_sq\fg_921e3e_bg_000000.jpg,0.27978515625
18,16,exp_a1/112_sq\fg_ff0000_bg_000000.jpg,0.277099609375
19,21,exp_a1/112_sq\fg_ffff00_bg_ffffff.jpg,0.27685546875
20,19,exp_a1/112_sq\fg_ffff00_bg_000000.jpg,0.275146484375
21,1,exp_a1/112_sq\fg_000000_bg_ffffff.jpg,0.2744140625
22,15,exp_a1/112_sq\fg_921e3e_bg_ffffff.jpg,0.27294921875
23,5,exp_a1/112_sq\fg_00ff00_bg_000000.jpg,0.268310546875
0,3,exp_a1/12_sq\fg_0000ff_bg_888888.jpg,0.334716796875
1,9,exp_a1/12_sq\fg_00ffff_bg_888888.jpg,0.329345703125
2,2,exp_a1/12_sq\fg_0000ff_bg_000000.jpg,0.3271484375
3,23,exp_a1/12_sq\fg_ffffff_bg_888888.jpg,0.326416015625
4,4,exp_a1/12_sq\fg_0000ff_bg_ffffff.jpg,0.3203125
5,8,exp_a1/12_sq\fg_00ffff_bg_000000.jpg,0.318359375
6,10,exp_a1/12_sq\fg_00ffff_bg_ffffff.jpg,0.31689453125
7,0,exp_a1/12_sq\fg_000000_bg_888888.jpg,0.314453125
8,17,exp_a1/12_sq\fg_ff0000_bg_888888.jpg,0.30615234375
9,14,exp_a1/12_sq\fg_921e3e_bg_888888.jpg,0.303466796875
10,20,exp_a1/12_sq\fg_ffff00_bg_888888.jpg,0.29248046875
11,18,exp_a1/12_sq\fg_ff0000_bg_ffffff.jpg,0.290771484375
12,6,exp_a1/12_sq\fg_00ff00_bg_888888.jpg,0.287353515625
13,1,exp_a1/12_sq\fg_000000_bg_ffffff.jpg,0.287353515625
14,7,exp_a1/12_sq\fg_00ff00_bg_ffffff.jpg,0.28662109375
15,15,exp_a1/12_sq\fg_921e3e_bg_ffffff.jpg,0.285888671875
16,22,exp_a1/12_sq\fg_ffffff_bg_000000.jpg,0.285400390625
17,21,exp_a1/12_sq\fg_ffff00_bg_ffffff.jpg,0.28271484375
18,12,exp_a1/12_sq\fg_888888_bg_ffffff.jpg,0.282470703125
19,11,exp_a1/12_sq\fg_888888_bg_000000.jpg,0.28173828125
20,5,exp_a1/12_sq\fg_00ff00_bg_000000.jpg,0.27685546875
21,13,exp_a1/12_sq\fg_921e3e_bg_000000.jpg,0.27587890625
22,16,exp_a1/12_sq\fg_ff0000_bg_000000.jpg,0.273681640625
23,19,exp_a1/12_sq\fg_ffff00_bg_000000.jpg,0.271240234375
0,9,exp_a1/148_sq\fg_00ffff_bg_888888.jpg,0.340576171875
1,3,exp_a1/148_sq\fg_0000ff_bg_888888.jpg,0.33740234375
2,2,exp_a1/148_sq\fg_0000ff_bg_000000.jpg,0.32177734375
3,4,exp_a1/148_sq\fg_0000ff_bg_ffffff.jpg,0.3193359375
4,10,exp_a1/148_sq\fg_00ffff_bg_ffffff.jpg,0.31884765625
5,14,exp_a1/148_sq\fg_921e3e_bg_888888.jpg,0.31005859375
6,8,exp_a1/148_sq\fg_00ffff_bg_000000.jpg,0.31005859375
7,20,exp_a1/148_sq\fg_ffff00_bg_888888.jpg,0.30810546875
8,17,exp_a1/148_sq\fg_ff0000_bg_888888.jpg,0.3017578125
9,23,exp_a1/148_sq\fg_ffffff_bg_888888.jpg,0.30029296875
10,7,exp_a1/148_sq\fg_00ff00_bg_ffffff.jpg,0.29296875
11,0,exp_a1/148_sq\fg_000000_bg_888888.jpg,0.292236328125
12,6,exp_a1/148_sq\fg_00ff00_bg_888888.jpg,0.290771484375
13,12,exp_a1/148_sq\fg_888888_bg_ffffff.jpg,0.28955078125
14,11,exp_a1/148_sq\fg_888888_bg_000000.jpg,0.28662109375
15,13,exp_a1/148_sq\fg_921e3e_bg_000000.jpg,0.28515625
16,18,exp_a1/148_sq\fg_ff0000_bg_ffffff.jpg,0.28466796875
17,19,exp_a1/148_sq\fg_ffff00_bg_000000.jpg,0.28125
18,22,exp_a1/148_sq\fg_ffffff_bg_000000.jpg,0.280029296875
19,1,exp_a1/148_sq\fg_000000_bg_ffffff.jpg,0.27880859375
20,21,exp_a1/148_sq\fg_ffff00_bg_ffffff.jpg,0.275634765625
21,16,exp_a1/148_sq\fg_ff0000_bg_000000.jpg,0.27392578125
22,5,exp_a1/148_sq\fg_00ff00_bg_000000.jpg,0.2734375
23,15,exp_a1/148_sq\fg_921e3e_bg_ffffff.jpg,0.269775390625
0,9,exp_a1/200_sq\fg_00ffff_bg_888888.jpg,0.333251953125
1,3,exp_a1/200_sq\fg_0000ff_bg_888888.jpg,0.326416015625
2,4,exp_a1/200_sq\fg_0000ff_bg_ffffff.jpg,0.326171875
3,2,exp_a1/200_sq\fg_0000ff_bg_000000.jpg,0.324462890625
4,8,exp_a1/200_sq\fg_00ffff_bg_000000.jpg,0.319580078125
5,10,exp_a1/200_sq\fg_00ffff_bg_ffffff.jpg,0.31787109375
6,5,exp_a1/200_sq\fg_00ff00_bg_000000.jpg,0.294921875
7,17,exp_a1/200_sq\fg_ff0000_bg_888888.jpg,0.292724609375
8,14,exp_a1/200_sq\fg_921e3e_bg_888888.jpg,0.290771484375
9,20,exp_a1/200_sq\fg_ffff00_bg_888888.jpg,0.28955078125
10,22,exp_a1/200_sq\fg_ffffff_bg_000000.jpg,0.2890625
11,7,exp_a1/200_sq\fg_00ff00_bg_ffffff.jpg,0.285400390625
12,6,exp_a1/200_sq\fg_00ff00_bg_888888.jpg,0.284423828125
13,16,exp_a1/200_sq\fg_ff0000_bg_000000.jpg,0.2841796875
14,1,exp_a1/200_sq\fg_000000_bg_ffffff.jpg,0.283203125
15,0,exp_a1/200_sq\fg_000000_bg_888888.jpg,0.27978515625
16,13,exp_a1/200_sq\fg_921e3e_bg_000000.jpg,0.279296875
17,21,exp_a1/200_sq\fg_ffff00_bg_ffffff.jpg,0.27880859375
18,19,exp_a1/200_sq\fg_ffff00_bg_000000.jpg,0.277587890625
19,12,exp_a1/200_sq\fg_888888_bg_ffffff.jpg,0.27685546875
20,23,exp_a1/200_sq\fg_ffffff_bg_888888.jpg,0.272705078125
21,18,exp_a1/200_sq\fg_ff0000_bg_ffffff.jpg,0.26611328125
22,15,exp_a1/200_sq\fg_921e3e_bg_ffffff.jpg,0.261474609375
23,11,exp_a1/200_sq\fg_888888_bg_000000.jpg,0.25927734375
0,4,exp_a1/4_sq\fg_0000ff_bg_ffffff.jpg,0.316650390625
1,10,exp_a1/4_sq\fg_00ffff_bg_ffffff.jpg,0.3046875
2,3,exp_a1/4_sq\fg_0000ff_bg_888888.jpg,0.302978515625
3,23,exp_a1/4_sq\fg_ffffff_bg_888888.jpg,0.29833984375
4,9,exp_a1/4_sq\fg_00ffff_bg_888888.jpg,0.2978515625
5,0,exp_a1/4_sq\fg_000000_bg_888888.jpg,0.291748046875
6,7,exp_a1/4_sq\fg_00ff00_bg_ffffff.jpg,0.28125
7,18,exp_a1/4_sq\fg_ff0000_bg_ffffff.jpg,0.27978515625
8,14,exp_a1/4_sq\fg_921e3e_bg_888888.jpg,0.279296875
9,1,exp_a1/4_sq\fg_000000_bg_ffffff.jpg,0.278564453125
10,8,exp_a1/4_sq\fg_00ffff_bg_000000.jpg,0.2783203125
11,12,exp_a1/4_sq\fg_888888_bg_ffffff.jpg,0.278076171875
12,15,exp_a1/4_sq\fg_921e3e_bg_ffffff.jpg,0.27587890625
13,13,exp_a1/4_sq\fg_921e3e_bg_000000.jpg,0.273681640625
14,2,exp_a1/4_sq\fg_0000ff_bg_000000.jpg,0.273681640625
15,20,exp_a1/4_sq\fg_ffff00_bg_888888.jpg,0.273681640625
16,11,exp_a1/4_sq\fg_888888_bg_000000.jpg,0.2734375
17,21,exp_a1/4_sq\fg_ffff00_bg_ffffff.jpg,0.27294921875
18,22,exp_a1/4_sq\fg_ffffff_bg_000000.jpg,0.27197265625
19,5,exp_a1/4_sq\fg_00ff00_bg_000000.jpg,0.26904296875
20,19,exp_a1/4_sq\fg_ffff00_bg_000000.jpg,0.26904296875
21,16,exp_a1/4_sq\fg_ff0000_bg_000000.jpg,0.26806640625
22,17,exp_a1/4_sq\fg_ff0000_bg_888888.jpg,0.267333984375
23,6,exp_a1/4_sq\fg_00ff00_bg_888888.jpg,0.2646484375
0,3,exp_a1/56_sq\fg_0000ff_bg_888888.jpg,0.321044921875
1,9,exp_a1/56_sq\fg_00ffff_bg_888888.jpg,0.315185546875
2,2,exp_a1/56_sq\fg_0000ff_bg_000000.jpg,0.311767578125
3,10,exp_a1/56_sq\fg_00ffff_bg_ffffff.jpg,0.31005859375
4,23,exp_a1/56_sq\fg_ffffff_bg_888888.jpg,0.3095703125
5,20,exp_a1/56_sq\fg_ffff00_bg_888888.jpg,0.302001953125
6,8,exp_a1/56_sq\fg_00ffff_bg_000000.jpg,0.30078125
7,14,exp_a1/56_sq\fg_921e3e_bg_888888.jpg,0.300537109375
8,4,exp_a1/56_sq\fg_0000ff_bg_ffffff.jpg,0.30029296875
9,6,exp_a1/56_sq\fg_00ff00_bg_888888.jpg,0.293701171875
10,12,exp_a1/56_sq\fg_888888_bg_ffffff.jpg,0.2919921875
11,17,exp_a1/56_sq\fg_ff0000_bg_888888.jpg,0.2900390625
12,0,exp_a1/56_sq\fg_000000_bg_888888.jpg,0.285400390625
13,11,exp_a1/56_sq\fg_888888_bg_000000.jpg,0.2841796875
14,7,exp_a1/56_sq\fg_00ff00_bg_ffffff.jpg,0.2822265625
15,22,exp_a1/56_sq\fg_ffffff_bg_000000.jpg,0.278076171875
16,19,exp_a1/56_sq\fg_ffff00_bg_000000.jpg,0.275634765625
17,1,exp_a1/56_sq\fg_000000_bg_ffffff.jpg,0.273681640625
18,21,exp_a1/56_sq\fg_ffff00_bg_ffffff.jpg,0.2724609375
19,18,exp_a1/56_sq\fg_ff0000_bg_ffffff.jpg,0.271728515625
20,13,exp_a1/56_sq\fg_921e3e_bg_000000.jpg,0.2705078125
21,15,exp_a1/56_sq\fg_921e3e_bg_ffffff.jpg,0.2685546875
22,16,exp_a1/56_sq\fg_ff0000_bg_000000.jpg,0.267822265625
23,5,exp_a1/56_sq\fg_00ff00_bg_000000.jpg,0.265625
0,1,exp_a1/colors\bg_0000ff.jpg,0.3154296875
1,3,exp_a1/colors\bg_00ffff.jpg,0.29150390625
2,8,exp_a1/colors\bg_ffffff.png,0.282958984375
3,0,exp_a1/colors\bg_000000.jpg,0.271728515625
4,6,exp_a1/colors\bg_ff0000.jpg,0.26513671875
5,5,exp_a1/colors\bg_921e3e.jpg,0.26025390625
6,4,exp_a1/colors\bg_888888.jpg,0.25537109375
7,2,exp_a1/colors\bg_00ff00.jpg,0.251953125
8,7,exp_a1/colors\bg_ffff00.jpg,0.2489013671875
