,Unnamed: 0,filepaths,similarity
0,1,exp_a1/112_sq\fg_000000_bg_ffffff.jpg,0.2578125
1,10,exp_a1/112_sq\fg_00ffff_bg_ffffff.jpg,0.2568359375
2,20,exp_a1/112_sq\fg_ffff00_bg_888888.jpg,0.255615234375
3,18,exp_a1/112_sq\fg_ff0000_bg_ffffff.jpg,0.254638671875
4,13,exp_a1/112_sq\fg_921e3e_bg_000000.jpg,0.254150390625
5,22,exp_a1/112_sq\fg_ffffff_bg_000000.jpg,0.2529296875
6,21,exp_a1/112_sq\fg_ffff00_bg_ffffff.jpg,0.250732421875
7,15,exp_a1/112_sq\fg_921e3e_bg_ffffff.jpg,0.2490234375
8,17,exp_a1/112_sq\fg_ff0000_bg_888888.jpg,0.2486572265625
9,3,exp_a1/112_sq\fg_0000ff_bg_888888.jpg,0.24755859375
10,4,exp_a1/112_sq\fg_0000ff_bg_ffffff.jpg,0.246826171875
11,23,exp_a1/112_sq\fg_ffffff_bg_888888.jpg,0.2454833984375
12,19,exp_a1/112_sq\fg_ffff00_bg_000000.jpg,0.243408203125
13,7,exp_a1/112_sq\fg_00ff00_bg_ffffff.jpg,0.2431640625
14,8,exp_a1/112_sq\fg_00ffff_bg_000000.jpg,0.2408447265625
15,16,exp_a1/112_sq\fg_ff0000_bg_000000.jpg,0.240478515625
16,0,exp_a1/112_sq\fg_000000_bg_888888.jpg,0.239990234375
17,9,exp_a1/112_sq\fg_00ffff_bg_888888.jpg,0.2392578125
18,14,exp_a1/112_sq\fg_921e3e_bg_888888.jpg,0.2391357421875
19,2,exp_a1/112_sq\fg_0000ff_bg_000000.jpg,0.2384033203125
20,11,exp_a1/112_sq\fg_888888_bg_000000.jpg,0.23828125
21,12,exp_a1/112_sq\fg_888888_bg_ffffff.jpg,0.2310791015625
22,5,exp_a1/112_sq\fg_00ff00_bg_000000.jpg,0.229736328125
23,6,exp_a1/112_sq\fg_00ff00_bg_888888.jpg,0.22802734375
0,22,exp_a1/12_sq\fg_ffffff_bg_000000.jpg,0.26025390625
1,11,exp_a1/12_sq\fg_888888_bg_000000.jpg,0.2587890625
2,13,exp_a1/12_sq\fg_921e3e_bg_000000.jpg,0.258056640625
3,8,exp_a1/12_sq\fg_00ffff_bg_000000.jpg,0.253173828125
4,19,exp_a1/12_sq\fg_ffff00_bg_000000.jpg,0.2496337890625
5,2,exp_a1/12_sq\fg_0000ff_bg_000000.jpg,0.2491455078125
6,1,exp_a1/12_sq\fg_000000_bg_ffffff.jpg,0.2491455078125
7,16,exp_a1/12_sq\fg_ff0000_bg_000000.jpg,0.24853515625
8,18,exp_a1/12_sq\fg_ff0000_bg_ffffff.jpg,0.2481689453125
9,10,exp_a1/12_sq\fg_00ffff_bg_ffffff.jpg,0.2471923828125
10,12,exp_a1/12_sq\fg_888888_bg_ffffff.jpg,0.24658203125
11,5,exp_a1/12_sq\fg_00ff00_bg_000000.jpg,0.2457275390625
12,15,exp_a1/12_sq\fg_921e3e_bg_ffffff.jpg,0.2403564453125
13,9,exp_a1/12_sq\fg_00ffff_bg_888888.jpg,0.2401123046875
14,21,exp_a1/12_sq\fg_ffff00_bg_ffffff.jpg,0.239013671875
15,17,exp_a1/12_sq\fg_ff0000_bg_888888.jpg,0.2384033203125
16,7,exp_a1/12_sq\fg_00ff00_bg_ffffff.jpg,0.23779296875
17,4,exp_a1/12_sq\fg_0000ff_bg_ffffff.jpg,0.235595703125
18,23,exp_a1/12_sq\fg_ffffff_bg_888888.jpg,0.2347412109375
19,0,exp_a1/12_sq\fg_000000_bg_888888.jpg,0.234619140625
20,14,exp_a1/12_sq\fg_921e3e_bg_888888.jpg,0.23388671875
21,3,exp_a1/12_sq\fg_0000ff_bg_888888.jpg,0.23193359375
22,20,exp_a1/12_sq\fg_ffff00_bg_888888.jpg,0.23046875
23,6,exp_a1/12_sq\fg_00ff00_bg_888888.jpg,0.2276611328125
0,18,exp_a1/148_sq\fg_ff0000_bg_ffffff.jpg,0.255859375
1,1,exp_a1/148_sq\fg_000000_bg_ffffff.jpg,0.25341796875
2,10,exp_a1/148_sq\fg_00ffff_bg_ffffff.jpg,0.2529296875
3,13,exp_a1/148_sq\fg_921e3e_bg_000000.jpg,0.25244140625
4,15,exp_a1/148_sq\fg_921e3e_bg_ffffff.jpg,0.251953125
5,22,exp_a1/148_sq\fg_ffffff_bg_000000.jpg,0.251708984375
6,21,exp_a1/148_sq\fg_ffff00_bg_ffffff.jpg,0.2493896484375
7,7,exp_a1/148_sq\fg_00ff00_bg_ffffff.jpg,0.2490234375
8,16,exp_a1/148_sq\fg_ff0000_bg_000000.jpg,0.2445068359375
9,19,exp_a1/148_sq\fg_ffff00_bg_000000.jpg,0.24267578125
10,4,exp_a1/148_sq\fg_0000ff_bg_ffffff.jpg,0.2415771484375
11,11,exp_a1/148_sq\fg_888888_bg_000000.jpg,0.2415771484375
12,0,exp_a1/148_sq\fg_000000_bg_888888.jpg,0.2408447265625
13,23,exp_a1/148_sq\fg_ffffff_bg_888888.jpg,0.2388916015625
14,8,exp_a1/148_sq\fg_00ffff_bg_000000.jpg,0.23876953125
15,17,exp_a1/148_sq\fg_ff0000_bg_888888.jpg,0.23681640625
16,20,exp_a1/148_sq\fg_ffff00_bg_888888.jpg,0.2353515625
17,2,exp_a1/148_sq\fg_0000ff_bg_000000.jpg,0.233154296875
18,5,exp_a1/148_sq\fg_00ff00_bg_000000.jpg,0.23193359375
19,12,exp_a1/148_sq\fg_888888_bg_ffffff.jpg,0.2303466796875
20,3,exp_a1/148_sq\fg_0000ff_bg_888888.jpg,0.2288818359375
21,9,exp_a1/148_sq\fg_00ffff_bg_888888.jpg,0.2283935546875
22,14,exp_a1/148_sq\fg_921e3e_bg_888888.jpg,0.22314453125
23,6,exp_a1/148_sq\fg_00ff00_bg_888888.jpg,0.197998046875
0,10,exp_a1/200_sq\fg_00ffff_bg_ffffff.jpg,0.263916015625
1,18,exp_a1/200_sq\fg_ff0000_bg_ffffff.jpg,0.2578125
2,1,exp_a1/200_sq\fg_000000_bg_ffffff.jpg,0.257568359375
3,21,exp_a1/200_sq\fg_ffff00_bg_ffffff.jpg,0.2568359375
4,0,exp_a1/200_sq\fg_000000_bg_888888.jpg,0.25634765625
5,15,exp_a1/200_sq\fg_921e3e_bg_ffffff.jpg,0.254150390625
6,9,exp_a1/200_sq\fg_00ffff_bg_888888.jpg,0.2486572265625
7,7,exp_a1/200_sq\fg_00ff00_bg_ffffff.jpg,0.248291015625
8,19,exp_a1/200_sq\fg_ffff00_bg_000000.jpg,0.246826171875
9,17,exp_a1/200_sq\fg_ff0000_bg_888888.jpg,0.246337890625
10,4,exp_a1/200_sq\fg_0000ff_bg_ffffff.jpg,0.245361328125
11,16,exp_a1/200_sq\fg_ff0000_bg_000000.jpg,0.2447509765625
12,13,exp_a1/200_sq\fg_921e3e_bg_000000.jpg,0.24365234375
13,8,exp_a1/200_sq\fg_00ffff_bg_000000.jpg,0.2435302734375
14,3,exp_a1/200_sq\fg_0000ff_bg_888888.jpg,0.241943359375
15,20,exp_a1/200_sq\fg_ffff00_bg_888888.jpg,0.2410888671875
16,6,exp_a1/200_sq\fg_00ff00_bg_888888.jpg,0.2408447265625
17,22,exp_a1/200_sq\fg_ffffff_bg_000000.jpg,0.239990234375
18,5,exp_a1/200_sq\fg_00ff00_bg_000000.jpg,0.2393798828125
19,2,exp_a1/200_sq\fg_0000ff_bg_000000.jpg,0.2384033203125
20,23,exp_a1/200_sq\fg_ffffff_bg_888888.jpg,0.2362060546875
21,14,exp_a1/200_sq\fg_921e3e_bg_888888.jpg,0.232421875
22,12,exp_a1/200_sq\fg_888888_bg_ffffff.jpg,0.2225341796875
23,11,exp_a1/200_sq\fg_888888_bg_000000.jpg,0.212158203125
0,11,exp_a1/4_sq\fg_888888_bg_000000.jpg,0.261474609375
1,13,exp_a1/4_sq\fg_921e3e_bg_000000.jpg,0.2607421875
2,2,exp_a1/4_sq\fg_0000ff_bg_000000.jpg,0.259765625
3,22,exp_a1/4_sq\fg_ffffff_bg_000000.jpg,0.259521484375
4,19,exp_a1/4_sq\fg_ffff00_bg_000000.jpg,0.259033203125
5,16,exp_a1/4_sq\fg_ff0000_bg_000000.jpg,0.25634765625
6,8,exp_a1/4_sq\fg_00ffff_bg_000000.jpg,0.255859375
7,5,exp_a1/4_sq\fg_00ff00_bg_000000.jpg,0.255615234375
8,1,exp_a1/4_sq\fg_000000_bg_ffffff.jpg,0.25341796875
9,12,exp_a1/4_sq\fg_888888_bg_ffffff.jpg,0.2529296875
10,18,exp_a1/4_sq\fg_ff0000_bg_ffffff.jpg,0.252685546875
11,15,exp_a1/4_sq\fg_921e3e_bg_ffffff.jpg,0.250732421875
12,10,exp_a1/4_sq\fg_00ffff_bg_ffffff.jpg,0.2493896484375
13,0,exp_a1/4_sq\fg_000000_bg_888888.jpg,0.24853515625
14,7,exp_a1/4_sq\fg_00ff00_bg_ffffff.jpg,0.2451171875
15,23,exp_a1/4_sq\fg_ffffff_bg_888888.jpg,0.2447509765625
16,21,exp_a1/4_sq\fg_ffff00_bg_ffffff.jpg,0.2445068359375
17,9,exp_a1/4_sq\fg_00ffff_bg_888888.jpg,0.2437744140625
18,4,exp_a1/4_sq\fg_0000ff_bg_ffffff.jpg,0.2420654296875
19,3,exp_a1/4_sq\fg_0000ff_bg_888888.jpg,0.240234375
20,14,exp_a1/4_sq\fg_921e3e_bg_888888.jpg,0.235107421875
21,6,exp_a1/4_sq\fg_00ff00_bg_888888.jpg,0.234619140625
22,20,exp_a1/4_sq\fg_ffff00_bg_888888.jpg,0.23193359375
23,17,exp_a1/4_sq\fg_ff0000_bg_888888.jpg,0.2281494140625
0,22,exp_a1/56_sq\fg_ffffff_bg_000000.jpg,0.25830078125
1,1,exp_a1/56_sq\fg_000000_bg_ffffff.jpg,0.25634765625
2,13,exp_a1/56_sq\fg_921e3e_bg_000000.jpg,0.25537109375
3,11,exp_a1/56_sq\fg_888888_bg_000000.jpg,0.25537109375
4,8,exp_a1/56_sq\fg_00ffff_bg_000000.jpg,0.2529296875
5,20,exp_a1/56_sq\fg_ffff00_bg_888888.jpg,0.251708984375
6,4,exp_a1/56_sq\fg_0000ff_bg_ffffff.jpg,0.25048828125
7,10,exp_a1/56_sq\fg_00ffff_bg_ffffff.jpg,0.25048828125
8,17,exp_a1/56_sq\fg_ff0000_bg_888888.jpg,0.2486572265625
9,16,exp_a1/56_sq\fg_ff0000_bg_000000.jpg,0.247802734375
10,18,exp_a1/56_sq\fg_ff0000_bg_ffffff.jpg,0.24755859375
11,2,exp_a1/56_sq\fg_0000ff_bg_000000.jpg,0.2471923828125
12,7,exp_a1/56_sq\fg_00ff00_bg_ffffff.jpg,0.246826171875
13,21,exp_a1/56_sq\fg_ffff00_bg_ffffff.jpg,0.2467041015625
14,15,exp_a1/56_sq\fg_921e3e_bg_ffffff.jpg,0.2457275390625
15,3,exp_a1/56_sq\fg_0000ff_bg_888888.jpg,0.2449951171875
16,12,exp_a1/56_sq\fg_888888_bg_ffffff.jpg,0.2449951171875
17,19,exp_a1/56_sq\fg_ffff00_bg_000000.jpg,0.2432861328125
18,5,exp_a1/56_sq\fg_00ff00_bg_000000.jpg,0.2430419921875
19,23,exp_a1/56_sq\fg_ffffff_bg_888888.jpg,0.2418212890625
20,0,exp_a1/56_sq\fg_000000_bg_888888.jpg,0.23974609375
21,14,exp_a1/56_sq\fg_921e3e_bg_888888.jpg,0.23828125
22,9,exp_a1/56_sq\fg_00ffff_bg_888888.jpg,0.229736328125
23,6,exp_a1/56_sq\fg_00ff00_bg_888888.jpg,0.22607421875
0,0,exp_a1/colors\bg_000000.jpg,0.265625
1,8,exp_a1/colors\bg_ffffff.png,0.2548828125
2,6,exp_a1/colors\bg_ff0000.jpg,0.25146484375
3,5,exp_a1/colors\bg_921e3e.jpg,0.250732421875
4,3,exp_a1/colors\bg_00ffff.jpg,0.2489013671875
5,1,exp_a1/colors\bg_0000ff.jpg,0.2474365234375
6,7,exp_a1/colors\bg_ffff00.jpg,0.2474365234375
7,2,exp_a1/colors\bg_00ff00.jpg,0.2413330078125
8,4,exp_a1/colors\bg_888888.jpg,0.2276611328125
