,Unnamed: 0,filepaths,similarity
0,14,exp_a1/112_sq\fg_921e3e_bg_888888.jpg,0.383056640625
1,6,exp_a1/112_sq\fg_00ff00_bg_888888.jpg,0.38134765625
2,1,exp_a1/112_sq\fg_000000_bg_ffffff.jpg,0.327880859375
3,9,exp_a1/112_sq\fg_00ffff_bg_888888.jpg,0.32470703125
4,21,exp_a1/112_sq\fg_ffff00_bg_ffffff.jpg,0.3154296875
5,10,exp_a1/112_sq\fg_00ffff_bg_ffffff.jpg,0.310791015625
6,4,exp_a1/112_sq\fg_0000ff_bg_ffffff.jpg,0.30615234375
7,3,exp_a1/112_sq\fg_0000ff_bg_888888.jpg,0.305419921875
8,7,exp_a1/112_sq\fg_00ff00_bg_ffffff.jpg,0.286865234375
9,15,exp_a1/112_sq\fg_921e3e_bg_ffffff.jpg,0.28564453125
10,18,exp_a1/112_sq\fg_ff0000_bg_ffffff.jpg,0.280517578125
11,12,exp_a1/112_sq\fg_888888_bg_ffffff.jpg,0.27685546875
12,11,exp_a1/112_sq\fg_888888_bg_000000.jpg,0.2763671875
13,13,exp_a1/112_sq\fg_921e3e_bg_000000.jpg,0.268310546875
14,5,exp_a1/112_sq\fg_00ff00_bg_000000.jpg,0.2462158203125
15,8,exp_a1/112_sq\fg_00ffff_bg_000000.jpg,0.2183837890625
16,2,exp_a1/112_sq\fg_0000ff_bg_000000.jpg,0.2178955078125
17,19,exp_a1/112_sq\fg_ffff00_bg_000000.jpg,0.2178955078125
18,16,exp_a1/112_sq\fg_ff0000_bg_000000.jpg,0.2166748046875
19,22,exp_a1/112_sq\fg_ffffff_bg_000000.jpg,0.213623046875
20,0,exp_a1/112_sq\fg_000000_bg_888888.jpg,0.2122802734375
21,20,exp_a1/112_sq\fg_ffff00_bg_888888.jpg,0.1961669921875
22,23,exp_a1/112_sq\fg_ffffff_bg_888888.jpg,0.1680908203125
23,17,exp_a1/112_sq\fg_ff0000_bg_888888.jpg,0.162353515625
0,14,exp_a1/12_sq\fg_921e3e_bg_888888.jpg,0.485107421875
1,23,exp_a1/12_sq\fg_ffffff_bg_888888.jpg,0.482666015625
2,9,exp_a1/12_sq\fg_00ffff_bg_888888.jpg,0.479248046875
3,3,exp_a1/12_sq\fg_0000ff_bg_888888.jpg,0.47802734375
4,17,exp_a1/12_sq\fg_ff0000_bg_888888.jpg,0.477783203125
5,0,exp_a1/12_sq\fg_000000_bg_888888.jpg,0.475830078125
6,20,exp_a1/12_sq\fg_ffff00_bg_888888.jpg,0.469482421875
7,6,exp_a1/12_sq\fg_00ff00_bg_888888.jpg,0.468994140625
8,18,exp_a1/12_sq\fg_ff0000_bg_ffffff.jpg,0.286376953125
9,12,exp_a1/12_sq\fg_888888_bg_ffffff.jpg,0.2861328125
10,21,exp_a1/12_sq\fg_ffff00_bg_ffffff.jpg,0.285888671875
11,15,exp_a1/12_sq\fg_921e3e_bg_ffffff.jpg,0.285888671875
12,1,exp_a1/12_sq\fg_000000_bg_ffffff.jpg,0.284912109375
13,10,exp_a1/12_sq\fg_00ffff_bg_ffffff.jpg,0.2841796875
14,4,exp_a1/12_sq\fg_0000ff_bg_ffffff.jpg,0.283935546875
15,7,exp_a1/12_sq\fg_00ff00_bg_ffffff.jpg,0.283203125
16,22,exp_a1/12_sq\fg_ffffff_bg_000000.jpg,0.18408203125
17,11,exp_a1/12_sq\fg_888888_bg_000000.jpg,0.18359375
18,16,exp_a1/12_sq\fg_ff0000_bg_000000.jpg,0.183349609375
19,8,exp_a1/12_sq\fg_00ffff_bg_000000.jpg,0.1822509765625
20,19,exp_a1/12_sq\fg_ffff00_bg_000000.jpg,0.181640625
21,5,exp_a1/12_sq\fg_00ff00_bg_000000.jpg,0.181396484375
22,13,exp_a1/12_sq\fg_921e3e_bg_000000.jpg,0.18115234375
23,2,exp_a1/12_sq\fg_0000ff_bg_000000.jpg,0.18017578125
0,21,exp_a1/148_sq\fg_ffff00_bg_ffffff.jpg,0.328857421875
1,10,exp_a1/148_sq\fg_00ffff_bg_ffffff.jpg,0.32666015625
2,1,exp_a1/148_sq\fg_000000_bg_ffffff.jpg,0.32373046875
3,7,exp_a1/148_sq\fg_00ff00_bg_ffffff.jpg,0.30126953125
4,6,exp_a1/148_sq\fg_00ff00_bg_888888.jpg,0.29736328125
5,4,exp_a1/148_sq\fg_0000ff_bg_ffffff.jpg,0.2919921875
6,18,exp_a1/148_sq\fg_ff0000_bg_ffffff.jpg,0.281494140625
7,11,exp_a1/148_sq\fg_888888_bg_000000.jpg,0.28076171875
8,5,exp_a1/148_sq\fg_00ff00_bg_000000.jpg,0.26904296875
9,13,exp_a1/148_sq\fg_921e3e_bg_000000.jpg,0.265869140625
10,12,exp_a1/148_sq\fg_888888_bg_ffffff.jpg,0.249755859375
11,2,exp_a1/148_sq\fg_0000ff_bg_000000.jpg,0.2490234375
12,19,exp_a1/148_sq\fg_ffff00_bg_000000.jpg,0.2161865234375
13,15,exp_a1/148_sq\fg_921e3e_bg_ffffff.jpg,0.208251953125
14,8,exp_a1/148_sq\fg_00ffff_bg_000000.jpg,0.205078125
15,14,exp_a1/148_sq\fg_921e3e_bg_888888.jpg,0.199951171875
16,3,exp_a1/148_sq\fg_0000ff_bg_888888.jpg,0.1690673828125
17,9,exp_a1/148_sq\fg_00ffff_bg_888888.jpg,0.163330078125
18,20,exp_a1/148_sq\fg_ffff00_bg_888888.jpg,0.1619873046875
19,17,exp_a1/148_sq\fg_ff0000_bg_888888.jpg,0.14599609375
20,22,exp_a1/148_sq\fg_ffffff_bg_000000.jpg,0.1448974609375
21,0,exp_a1/148_sq\fg_000000_bg_888888.jpg,0.14453125
22,23,exp_a1/148_sq\fg_ffffff_bg_888888.jpg,0.138427734375
23,16,exp_a1/148_sq\fg_ff0000_bg_000000.jpg,0.12109375
0,11,exp_a1/200_sq\fg_888888_bg_000000.jpg,0.348388671875
1,5,exp_a1/200_sq\fg_00ff00_bg_000000.jpg,0.3076171875
2,19,exp_a1/200_sq\fg_ffff00_bg_000000.jpg,0.302978515625
3,10,exp_a1/200_sq\fg_00ffff_bg_ffffff.jpg,0.29736328125
4,21,exp_a1/200_sq\fg_ffff00_bg_ffffff.jpg,0.292236328125
5,18,exp_a1/200_sq\fg_ff0000_bg_ffffff.jpg,0.2919921875
6,8,exp_a1/200_sq\fg_00ffff_bg_000000.jpg,0.2724609375
7,13,exp_a1/200_sq\fg_921e3e_bg_000000.jpg,0.25927734375
8,22,exp_a1/200_sq\fg_ffffff_bg_000000.jpg,0.256591796875
9,7,exp_a1/200_sq\fg_00ff00_bg_ffffff.jpg,0.25244140625
10,16,exp_a1/200_sq\fg_ff0000_bg_000000.jpg,0.2469482421875
11,0,exp_a1/200_sq\fg_000000_bg_888888.jpg,0.2440185546875
12,2,exp_a1/200_sq\fg_0000ff_bg_000000.jpg,0.233642578125
13,1,exp_a1/200_sq\fg_000000_bg_ffffff.jpg,0.214599609375
14,14,exp_a1/200_sq\fg_921e3e_bg_888888.jpg,0.2127685546875
15,17,exp_a1/200_sq\fg_ff0000_bg_888888.jpg,0.2056884765625
16,20,exp_a1/200_sq\fg_ffff00_bg_888888.jpg,0.205322265625
17,23,exp_a1/200_sq\fg_ffffff_bg_888888.jpg,0.2034912109375
18,6,exp_a1/200_sq\fg_00ff00_bg_888888.jpg,0.1964111328125
19,4,exp_a1/200_sq\fg_0000ff_bg_ffffff.jpg,0.1953125
20,3,exp_a1/200_sq\fg_0000ff_bg_888888.jpg,0.187255859375
21,15,exp_a1/200_sq\fg_921e3e_bg_ffffff.jpg,0.1627197265625
22,9,exp_a1/200_sq\fg_00ffff_bg_888888.jpg,0.131591796875
23,12,exp_a1/200_sq\fg_888888_bg_ffffff.jpg,0.0654296875
0,0,exp_a1/4_sq\fg_000000_bg_888888.jpg,0.465576171875
1,3,exp_a1/4_sq\fg_0000ff_bg_888888.jpg,0.461181640625
2,20,exp_a1/4_sq\fg_ffff00_bg_888888.jpg,0.455078125
3,14,exp_a1/4_sq\fg_921e3e_bg_888888.jpg,0.451171875
4,9,exp_a1/4_sq\fg_00ffff_bg_888888.jpg,0.4501953125
5,6,exp_a1/4_sq\fg_00ff00_bg_888888.jpg,0.449951171875
6,17,exp_a1/4_sq\fg_ff0000_bg_888888.jpg,0.443115234375
7,23,exp_a1/4_sq\fg_ffffff_bg_888888.jpg,0.43798828125
8,10,exp_a1/4_sq\fg_00ffff_bg_ffffff.jpg,0.290283203125
9,18,exp_a1/4_sq\fg_ff0000_bg_ffffff.jpg,0.289794921875
10,7,exp_a1/4_sq\fg_00ff00_bg_ffffff.jpg,0.28955078125
11,15,exp_a1/4_sq\fg_921e3e_bg_ffffff.jpg,0.28955078125
12,12,exp_a1/4_sq\fg_888888_bg_ffffff.jpg,0.28955078125
13,21,exp_a1/4_sq\fg_ffff00_bg_ffffff.jpg,0.289306640625
14,4,exp_a1/4_sq\fg_0000ff_bg_ffffff.jpg,0.2890625
15,1,exp_a1/4_sq\fg_000000_bg_ffffff.jpg,0.288818359375
16,22,exp_a1/4_sq\fg_ffffff_bg_000000.jpg,0.1810302734375
17,5,exp_a1/4_sq\fg_00ff00_bg_000000.jpg,0.1807861328125
18,13,exp_a1/4_sq\fg_921e3e_bg_000000.jpg,0.1806640625
19,11,exp_a1/4_sq\fg_888888_bg_000000.jpg,0.1805419921875
20,16,exp_a1/4_sq\fg_ff0000_bg_000000.jpg,0.1805419921875
21,8,exp_a1/4_sq\fg_00ffff_bg_000000.jpg,0.180419921875
22,19,exp_a1/4_sq\fg_ffff00_bg_000000.jpg,0.180419921875
23,2,exp_a1/4_sq\fg_0000ff_bg_000000.jpg,0.180419921875
0,6,exp_a1/56_sq\fg_00ff00_bg_888888.jpg,0.458984375
1,3,exp_a1/56_sq\fg_0000ff_bg_888888.jpg,0.4580078125
2,14,exp_a1/56_sq\fg_921e3e_bg_888888.jpg,0.454833984375
3,0,exp_a1/56_sq\fg_000000_bg_888888.jpg,0.446044921875
4,9,exp_a1/56_sq\fg_00ffff_bg_888888.jpg,0.42919921875
5,20,exp_a1/56_sq\fg_ffff00_bg_888888.jpg,0.4052734375
6,17,exp_a1/56_sq\fg_ff0000_bg_888888.jpg,0.3212890625
7,21,exp_a1/56_sq\fg_ffff00_bg_ffffff.jpg,0.3173828125
8,1,exp_a1/56_sq\fg_000000_bg_ffffff.jpg,0.315673828125
9,4,exp_a1/56_sq\fg_0000ff_bg_ffffff.jpg,0.30517578125
10,12,exp_a1/56_sq\fg_888888_bg_ffffff.jpg,0.303955078125
11,10,exp_a1/56_sq\fg_00ffff_bg_ffffff.jpg,0.300048828125
12,7,exp_a1/56_sq\fg_00ff00_bg_ffffff.jpg,0.296875
13,15,exp_a1/56_sq\fg_921e3e_bg_ffffff.jpg,0.2958984375
14,18,exp_a1/56_sq\fg_ff0000_bg_ffffff.jpg,0.28125
15,23,exp_a1/56_sq\fg_ffffff_bg_888888.jpg,0.265625
16,13,exp_a1/56_sq\fg_921e3e_bg_000000.jpg,0.25244140625
17,11,exp_a1/56_sq\fg_888888_bg_000000.jpg,0.2373046875
18,19,exp_a1/56_sq\fg_ffff00_bg_000000.jpg,0.20556640625
19,2,exp_a1/56_sq\fg_0000ff_bg_000000.jpg,0.1927490234375
20,8,exp_a1/56_sq\fg_00ffff_bg_000000.jpg,0.1884765625
21,5,exp_a1/56_sq\fg_00ff00_bg_000000.jpg,0.1883544921875
22,22,exp_a1/56_sq\fg_ffffff_bg_000000.jpg,0.1834716796875
23,16,exp_a1/56_sq\fg_ff0000_bg_000000.jpg,0.1807861328125
0,4,exp_a1/colors\bg_888888.jpg,0.42041015625
1,8,exp_a1/colors\bg_ffffff.png,0.291748046875
2,7,exp_a1/colors\bg_ffff00.jpg,0.28759765625
3,5,exp_a1/colors\bg_921e3e.jpg,0.28271484375
4,6,exp_a1/colors\bg_ff0000.jpg,0.260498046875
5,1,exp_a1/colors\bg_0000ff.jpg,0.2349853515625
6,3,exp_a1/colors\bg_00ffff.jpg,0.2349853515625
7,2,exp_a1/colors\bg_00ff00.jpg,0.23046875
8,0,exp_a1/colors\bg_000000.jpg,0.1806640625
