,Unnamed: 0,filepaths,similarity
0,3,exp_a1/112_sq\fg_0000ff_bg_888888.jpg,0.27294921875
1,21,exp_a1/112_sq\fg_ffff00_bg_ffffff.jpg,0.27294921875
2,20,exp_a1/112_sq\fg_ffff00_bg_888888.jpg,0.2724609375
3,4,exp_a1/112_sq\fg_0000ff_bg_ffffff.jpg,0.27197265625
4,1,exp_a1/112_sq\fg_000000_bg_ffffff.jpg,0.27197265625
5,10,exp_a1/112_sq\fg_00ffff_bg_ffffff.jpg,0.268310546875
6,18,exp_a1/112_sq\fg_ff0000_bg_ffffff.jpg,0.267822265625
7,15,exp_a1/112_sq\fg_921e3e_bg_ffffff.jpg,0.26416015625
8,7,exp_a1/112_sq\fg_00ff00_bg_ffffff.jpg,0.263671875
9,23,exp_a1/112_sq\fg_ffffff_bg_888888.jpg,0.258544921875
10,22,exp_a1/112_sq\fg_ffffff_bg_000000.jpg,0.25732421875
11,14,exp_a1/112_sq\fg_921e3e_bg_888888.jpg,0.256591796875
12,13,exp_a1/112_sq\fg_921e3e_bg_000000.jpg,0.25634765625
13,9,exp_a1/112_sq\fg_00ffff_bg_888888.jpg,0.255615234375
14,17,exp_a1/112_sq\fg_ff0000_bg_888888.jpg,0.253662109375
15,2,exp_a1/112_sq\fg_0000ff_bg_000000.jpg,0.25244140625
16,19,exp_a1/112_sq\fg_ffff00_bg_000000.jpg,0.250244140625
17,16,exp_a1/112_sq\fg_ff0000_bg_000000.jpg,0.247802734375
18,8,exp_a1/112_sq\fg_00ffff_bg_000000.jpg,0.24658203125
19,6,exp_a1/112_sq\fg_00ff00_bg_888888.jpg,0.243896484375
20,0,exp_a1/112_sq\fg_000000_bg_888888.jpg,0.240478515625
21,5,exp_a1/112_sq\fg_00ff00_bg_000000.jpg,0.240234375
22,11,exp_a1/112_sq\fg_888888_bg_000000.jpg,0.232177734375
23,12,exp_a1/112_sq\fg_888888_bg_ffffff.jpg,0.2294921875
0,10,exp_a1/12_sq\fg_00ffff_bg_ffffff.jpg,0.267822265625
1,22,exp_a1/12_sq\fg_ffffff_bg_000000.jpg,0.265380859375
2,8,exp_a1/12_sq\fg_00ffff_bg_000000.jpg,0.2646484375
3,18,exp_a1/12_sq\fg_ff0000_bg_ffffff.jpg,0.263671875
4,15,exp_a1/12_sq\fg_921e3e_bg_ffffff.jpg,0.262939453125
5,1,exp_a1/12_sq\fg_000000_bg_ffffff.jpg,0.2626953125
6,2,exp_a1/12_sq\fg_0000ff_bg_000000.jpg,0.261962890625
7,13,exp_a1/12_sq\fg_921e3e_bg_000000.jpg,0.26123046875
8,11,exp_a1/12_sq\fg_888888_bg_000000.jpg,0.2607421875
9,5,exp_a1/12_sq\fg_00ff00_bg_000000.jpg,0.260009765625
10,14,exp_a1/12_sq\fg_921e3e_bg_888888.jpg,0.260009765625
11,12,exp_a1/12_sq\fg_888888_bg_ffffff.jpg,0.259765625
12,9,exp_a1/12_sq\fg_00ffff_bg_888888.jpg,0.259033203125
13,4,exp_a1/12_sq\fg_0000ff_bg_ffffff.jpg,0.256591796875
14,16,exp_a1/12_sq\fg_ff0000_bg_000000.jpg,0.256591796875
15,19,exp_a1/12_sq\fg_ffff00_bg_000000.jpg,0.256103515625
16,21,exp_a1/12_sq\fg_ffff00_bg_ffffff.jpg,0.255859375
17,7,exp_a1/12_sq\fg_00ff00_bg_ffffff.jpg,0.25537109375
18,0,exp_a1/12_sq\fg_000000_bg_888888.jpg,0.254638671875
19,3,exp_a1/12_sq\fg_0000ff_bg_888888.jpg,0.254150390625
20,17,exp_a1/12_sq\fg_ff0000_bg_888888.jpg,0.25390625
21,23,exp_a1/12_sq\fg_ffffff_bg_888888.jpg,0.249755859375
22,20,exp_a1/12_sq\fg_ffff00_bg_888888.jpg,0.249267578125
23,6,exp_a1/12_sq\fg_00ff00_bg_888888.jpg,0.2408447265625
0,18,exp_a1/148_sq\fg_ff0000_bg_ffffff.jpg,0.2666015625
1,4,exp_a1/148_sq\fg_0000ff_bg_ffffff.jpg,0.26611328125
2,1,exp_a1/148_sq\fg_000000_bg_ffffff.jpg,0.264892578125
3,21,exp_a1/148_sq\fg_ffff00_bg_ffffff.jpg,0.26318359375
4,10,exp_a1/148_sq\fg_00ffff_bg_ffffff.jpg,0.262451171875
5,7,exp_a1/148_sq\fg_00ff00_bg_ffffff.jpg,0.260986328125
6,15,exp_a1/148_sq\fg_921e3e_bg_ffffff.jpg,0.26025390625
7,3,exp_a1/148_sq\fg_0000ff_bg_888888.jpg,0.259033203125
8,22,exp_a1/148_sq\fg_ffffff_bg_000000.jpg,0.2587890625
9,13,exp_a1/148_sq\fg_921e3e_bg_000000.jpg,0.257080078125
10,2,exp_a1/148_sq\fg_0000ff_bg_000000.jpg,0.25244140625
11,19,exp_a1/148_sq\fg_ffff00_bg_000000.jpg,0.251220703125
12,20,exp_a1/148_sq\fg_ffff00_bg_888888.jpg,0.25048828125
13,0,exp_a1/148_sq\fg_000000_bg_888888.jpg,0.250244140625
14,9,exp_a1/148_sq\fg_00ffff_bg_888888.jpg,0.247802734375
15,16,exp_a1/148_sq\fg_ff0000_bg_000000.jpg,0.24755859375
16,14,exp_a1/148_sq\fg_921e3e_bg_888888.jpg,0.246337890625
17,23,exp_a1/148_sq\fg_ffffff_bg_888888.jpg,0.24609375
18,8,exp_a1/148_sq\fg_00ffff_bg_000000.jpg,0.2415771484375
19,17,exp_a1/148_sq\fg_ff0000_bg_888888.jpg,0.239990234375
20,11,exp_a1/148_sq\fg_888888_bg_000000.jpg,0.23828125
21,5,exp_a1/148_sq\fg_00ff00_bg_000000.jpg,0.2335205078125
22,12,exp_a1/148_sq\fg_888888_bg_ffffff.jpg,0.2313232421875
23,6,exp_a1/148_sq\fg_00ff00_bg_888888.jpg,0.2078857421875
0,10,exp_a1/200_sq\fg_00ffff_bg_ffffff.jpg,0.268310546875
1,3,exp_a1/200_sq\fg_0000ff_bg_888888.jpg,0.267333984375
2,9,exp_a1/200_sq\fg_00ffff_bg_888888.jpg,0.263916015625
3,21,exp_a1/200_sq\fg_ffff00_bg_ffffff.jpg,0.263671875
4,8,exp_a1/200_sq\fg_00ffff_bg_000000.jpg,0.26025390625
5,4,exp_a1/200_sq\fg_0000ff_bg_ffffff.jpg,0.26025390625
6,0,exp_a1/200_sq\fg_000000_bg_888888.jpg,0.260009765625
7,1,exp_a1/200_sq\fg_000000_bg_ffffff.jpg,0.259765625
8,20,exp_a1/200_sq\fg_ffff00_bg_888888.jpg,0.259765625
9,22,exp_a1/200_sq\fg_ffffff_bg_000000.jpg,0.25830078125
10,15,exp_a1/200_sq\fg_921e3e_bg_ffffff.jpg,0.258056640625
11,18,exp_a1/200_sq\fg_ff0000_bg_ffffff.jpg,0.25732421875
12,19,exp_a1/200_sq\fg_ffff00_bg_000000.jpg,0.256103515625
13,7,exp_a1/200_sq\fg_00ff00_bg_ffffff.jpg,0.255126953125
14,13,exp_a1/200_sq\fg_921e3e_bg_000000.jpg,0.2548828125
15,6,exp_a1/200_sq\fg_00ff00_bg_888888.jpg,0.254638671875
16,14,exp_a1/200_sq\fg_921e3e_bg_888888.jpg,0.254150390625
17,5,exp_a1/200_sq\fg_00ff00_bg_000000.jpg,0.25390625
18,17,exp_a1/200_sq\fg_ff0000_bg_888888.jpg,0.2529296875
19,2,exp_a1/200_sq\fg_0000ff_bg_000000.jpg,0.251708984375
20,16,exp_a1/200_sq\fg_ff0000_bg_000000.jpg,0.25
21,23,exp_a1/200_sq\fg_ffffff_bg_888888.jpg,0.24951171875
22,12,exp_a1/200_sq\fg_888888_bg_ffffff.jpg,0.216552734375
23,11,exp_a1/200_sq\fg_888888_bg_000000.jpg,0.2015380859375
0,13,exp_a1/4_sq\fg_921e3e_bg_000000.jpg,0.260009765625
1,11,exp_a1/4_sq\fg_888888_bg_000000.jpg,0.25927734375
2,18,exp_a1/4_sq\fg_ff0000_bg_ffffff.jpg,0.258056640625
3,2,exp_a1/4_sq\fg_0000ff_bg_000000.jpg,0.2578125
4,19,exp_a1/4_sq\fg_ffff00_bg_000000.jpg,0.25732421875
5,16,exp_a1/4_sq\fg_ff0000_bg_000000.jpg,0.255615234375
6,8,exp_a1/4_sq\fg_00ffff_bg_000000.jpg,0.255615234375
7,1,exp_a1/4_sq\fg_000000_bg_ffffff.jpg,0.255615234375
8,12,exp_a1/4_sq\fg_888888_bg_ffffff.jpg,0.25537109375
9,22,exp_a1/4_sq\fg_ffffff_bg_000000.jpg,0.25537109375
10,10,exp_a1/4_sq\fg_00ffff_bg_ffffff.jpg,0.254638671875
11,0,exp_a1/4_sq\fg_000000_bg_888888.jpg,0.254150390625
12,15,exp_a1/4_sq\fg_921e3e_bg_ffffff.jpg,0.2529296875
13,5,exp_a1/4_sq\fg_00ff00_bg_000000.jpg,0.2529296875
14,9,exp_a1/4_sq\fg_00ffff_bg_888888.jpg,0.251953125
15,3,exp_a1/4_sq\fg_0000ff_bg_888888.jpg,0.250732421875
16,4,exp_a1/4_sq\fg_0000ff_bg_ffffff.jpg,0.2493896484375
17,7,exp_a1/4_sq\fg_00ff00_bg_ffffff.jpg,0.2490234375
18,23,exp_a1/4_sq\fg_ffffff_bg_888888.jpg,0.2476806640625
19,21,exp_a1/4_sq\fg_ffff00_bg_ffffff.jpg,0.246826171875
20,14,exp_a1/4_sq\fg_921e3e_bg_888888.jpg,0.24462890625
21,20,exp_a1/4_sq\fg_ffff00_bg_888888.jpg,0.2347412109375
22,6,exp_a1/4_sq\fg_00ff00_bg_888888.jpg,0.2344970703125
23,17,exp_a1/4_sq\fg_ff0000_bg_888888.jpg,0.223876953125
0,4,exp_a1/56_sq\fg_0000ff_bg_ffffff.jpg,0.27880859375
1,10,exp_a1/56_sq\fg_00ffff_bg_ffffff.jpg,0.27587890625
2,21,exp_a1/56_sq\fg_ffff00_bg_ffffff.jpg,0.27392578125
3,1,exp_a1/56_sq\fg_000000_bg_ffffff.jpg,0.272705078125
4,7,exp_a1/56_sq\fg_00ff00_bg_ffffff.jpg,0.271240234375
5,18,exp_a1/56_sq\fg_ff0000_bg_ffffff.jpg,0.269287109375
6,15,exp_a1/56_sq\fg_921e3e_bg_ffffff.jpg,0.26806640625
7,3,exp_a1/56_sq\fg_0000ff_bg_888888.jpg,0.2666015625
8,8,exp_a1/56_sq\fg_00ffff_bg_000000.jpg,0.26513671875
9,2,exp_a1/56_sq\fg_0000ff_bg_000000.jpg,0.2646484375
10,22,exp_a1/56_sq\fg_ffffff_bg_000000.jpg,0.26318359375
11,20,exp_a1/56_sq\fg_ffff00_bg_888888.jpg,0.2626953125
12,13,exp_a1/56_sq\fg_921e3e_bg_000000.jpg,0.2607421875
13,11,exp_a1/56_sq\fg_888888_bg_000000.jpg,0.257568359375
14,19,exp_a1/56_sq\fg_ffff00_bg_000000.jpg,0.25634765625
15,5,exp_a1/56_sq\fg_00ff00_bg_000000.jpg,0.255859375
16,16,exp_a1/56_sq\fg_ff0000_bg_000000.jpg,0.253173828125
17,12,exp_a1/56_sq\fg_888888_bg_ffffff.jpg,0.253173828125
18,17,exp_a1/56_sq\fg_ff0000_bg_888888.jpg,0.252197265625
19,9,exp_a1/56_sq\fg_00ffff_bg_888888.jpg,0.25146484375
20,14,exp_a1/56_sq\fg_921e3e_bg_888888.jpg,0.2509765625
21,23,exp_a1/56_sq\fg_ffffff_bg_888888.jpg,0.2498779296875
22,6,exp_a1/56_sq\fg_00ff00_bg_888888.jpg,0.246826171875
23,0,exp_a1/56_sq\fg_000000_bg_888888.jpg,0.2462158203125
0,0,exp_a1/colors\bg_000000.jpg,0.260498046875
1,5,exp_a1/colors\bg_921e3e.jpg,0.260498046875
2,6,exp_a1/colors\bg_ff0000.jpg,0.259033203125
3,1,exp_a1/colors\bg_0000ff.jpg,0.2578125
4,8,exp_a1/colors\bg_ffffff.png,0.252685546875
5,3,exp_a1/colors\bg_00ffff.jpg,0.25
6,2,exp_a1/colors\bg_00ff00.jpg,0.2462158203125
7,7,exp_a1/colors\bg_ffff00.jpg,0.24462890625
8,4,exp_a1/colors\bg_888888.jpg,0.221435546875
