,Unnamed: 0,filepaths,similarity
0,14,exp_a1/112_sq\fg_921e3e_bg_888888.jpg,0.33251953125
1,6,exp_a1/112_sq\fg_00ff00_bg_888888.jpg,0.31494140625
2,9,exp_a1/112_sq\fg_00ffff_bg_888888.jpg,0.300537109375
3,21,exp_a1/112_sq\fg_ffff00_bg_ffffff.jpg,0.29931640625
4,3,exp_a1/112_sq\fg_0000ff_bg_888888.jpg,0.2978515625
5,10,exp_a1/112_sq\fg_00ffff_bg_ffffff.jpg,0.29296875
6,12,exp_a1/112_sq\fg_888888_bg_ffffff.jpg,0.290771484375
7,1,exp_a1/112_sq\fg_000000_bg_ffffff.jpg,0.287353515625
8,7,exp_a1/112_sq\fg_00ff00_bg_ffffff.jpg,0.27490234375
9,4,exp_a1/112_sq\fg_0000ff_bg_ffffff.jpg,0.271484375
10,15,exp_a1/112_sq\fg_921e3e_bg_ffffff.jpg,0.25732421875
11,13,exp_a1/112_sq\fg_921e3e_bg_000000.jpg,0.25439453125
12,18,exp_a1/112_sq\fg_ff0000_bg_ffffff.jpg,0.25390625
13,11,exp_a1/112_sq\fg_888888_bg_000000.jpg,0.2529296875
14,0,exp_a1/112_sq\fg_000000_bg_888888.jpg,0.2476806640625
15,5,exp_a1/112_sq\fg_00ff00_bg_000000.jpg,0.2423095703125
16,20,exp_a1/112_sq\fg_ffff00_bg_888888.jpg,0.239990234375
17,8,exp_a1/112_sq\fg_00ffff_bg_000000.jpg,0.226806640625
18,2,exp_a1/112_sq\fg_0000ff_bg_000000.jpg,0.19970703125
19,19,exp_a1/112_sq\fg_ffff00_bg_000000.jpg,0.1925048828125
20,16,exp_a1/112_sq\fg_ff0000_bg_000000.jpg,0.1854248046875
21,22,exp_a1/112_sq\fg_ffffff_bg_000000.jpg,0.1834716796875
22,23,exp_a1/112_sq\fg_ffffff_bg_888888.jpg,0.1773681640625
23,17,exp_a1/112_sq\fg_ff0000_bg_888888.jpg,0.1766357421875
0,14,exp_a1/12_sq\fg_921e3e_bg_888888.jpg,0.350830078125
1,23,exp_a1/12_sq\fg_ffffff_bg_888888.jpg,0.35009765625
2,3,exp_a1/12_sq\fg_0000ff_bg_888888.jpg,0.3486328125
3,0,exp_a1/12_sq\fg_000000_bg_888888.jpg,0.3427734375
4,20,exp_a1/12_sq\fg_ffff00_bg_888888.jpg,0.32568359375
5,6,exp_a1/12_sq\fg_00ff00_bg_888888.jpg,0.321044921875
6,17,exp_a1/12_sq\fg_ff0000_bg_888888.jpg,0.3154296875
7,9,exp_a1/12_sq\fg_00ffff_bg_888888.jpg,0.314697265625
8,12,exp_a1/12_sq\fg_888888_bg_ffffff.jpg,0.26708984375
9,15,exp_a1/12_sq\fg_921e3e_bg_ffffff.jpg,0.265869140625
10,4,exp_a1/12_sq\fg_0000ff_bg_ffffff.jpg,0.263671875
11,1,exp_a1/12_sq\fg_000000_bg_ffffff.jpg,0.26171875
12,18,exp_a1/12_sq\fg_ff0000_bg_ffffff.jpg,0.260986328125
13,21,exp_a1/12_sq\fg_ffff00_bg_ffffff.jpg,0.2607421875
14,10,exp_a1/12_sq\fg_00ffff_bg_ffffff.jpg,0.260498046875
15,7,exp_a1/12_sq\fg_00ff00_bg_ffffff.jpg,0.260498046875
16,11,exp_a1/12_sq\fg_888888_bg_000000.jpg,0.156005859375
17,22,exp_a1/12_sq\fg_ffffff_bg_000000.jpg,0.1549072265625
18,16,exp_a1/12_sq\fg_ff0000_bg_000000.jpg,0.154296875
19,8,exp_a1/12_sq\fg_00ffff_bg_000000.jpg,0.1527099609375
20,5,exp_a1/12_sq\fg_00ff00_bg_000000.jpg,0.1524658203125
21,19,exp_a1/12_sq\fg_ffff00_bg_000000.jpg,0.1524658203125
22,13,exp_a1/12_sq\fg_921e3e_bg_000000.jpg,0.1522216796875
23,2,exp_a1/12_sq\fg_0000ff_bg_000000.jpg,0.1513671875
0,21,exp_a1/148_sq\fg_ffff00_bg_ffffff.jpg,0.32275390625
1,10,exp_a1/148_sq\fg_00ffff_bg_ffffff.jpg,0.31884765625
2,1,exp_a1/148_sq\fg_000000_bg_ffffff.jpg,0.295654296875
3,4,exp_a1/148_sq\fg_0000ff_bg_ffffff.jpg,0.283447265625
4,7,exp_a1/148_sq\fg_00ff00_bg_ffffff.jpg,0.272705078125
5,6,exp_a1/148_sq\fg_00ff00_bg_888888.jpg,0.2666015625
6,5,exp_a1/148_sq\fg_00ff00_bg_000000.jpg,0.25341796875
7,18,exp_a1/148_sq\fg_ff0000_bg_ffffff.jpg,0.25244140625
8,12,exp_a1/148_sq\fg_888888_bg_ffffff.jpg,0.2509765625
9,13,exp_a1/148_sq\fg_921e3e_bg_000000.jpg,0.245361328125
10,11,exp_a1/148_sq\fg_888888_bg_000000.jpg,0.2452392578125
11,14,exp_a1/148_sq\fg_921e3e_bg_888888.jpg,0.227294921875
12,2,exp_a1/148_sq\fg_0000ff_bg_000000.jpg,0.22705078125
13,3,exp_a1/148_sq\fg_0000ff_bg_888888.jpg,0.2215576171875
14,20,exp_a1/148_sq\fg_ffff00_bg_888888.jpg,0.215087890625
15,9,exp_a1/148_sq\fg_00ffff_bg_888888.jpg,0.210693359375
16,0,exp_a1/148_sq\fg_000000_bg_888888.jpg,0.199951171875
17,8,exp_a1/148_sq\fg_00ffff_bg_000000.jpg,0.199462890625
18,19,exp_a1/148_sq\fg_ffff00_bg_000000.jpg,0.190673828125
19,15,exp_a1/148_sq\fg_921e3e_bg_ffffff.jpg,0.1893310546875
20,23,exp_a1/148_sq\fg_ffffff_bg_888888.jpg,0.1295166015625
21,17,exp_a1/148_sq\fg_ff0000_bg_888888.jpg,0.128173828125
22,22,exp_a1/148_sq\fg_ffffff_bg_000000.jpg,0.1253662109375
23,16,exp_a1/148_sq\fg_ff0000_bg_000000.jpg,0.0936279296875
0,5,exp_a1/200_sq\fg_00ff00_bg_000000.jpg,0.28271484375
1,19,exp_a1/200_sq\fg_ffff00_bg_000000.jpg,0.2763671875
2,11,exp_a1/200_sq\fg_888888_bg_000000.jpg,0.260498046875
3,18,exp_a1/200_sq\fg_ff0000_bg_ffffff.jpg,0.252197265625
4,8,exp_a1/200_sq\fg_00ffff_bg_000000.jpg,0.2479248046875
5,10,exp_a1/200_sq\fg_00ffff_bg_ffffff.jpg,0.245361328125
6,13,exp_a1/200_sq\fg_921e3e_bg_000000.jpg,0.2427978515625
7,21,exp_a1/200_sq\fg_ffff00_bg_ffffff.jpg,0.234619140625
8,3,exp_a1/200_sq\fg_0000ff_bg_888888.jpg,0.23193359375
9,0,exp_a1/200_sq\fg_000000_bg_888888.jpg,0.2310791015625
10,14,exp_a1/200_sq\fg_921e3e_bg_888888.jpg,0.2208251953125
11,2,exp_a1/200_sq\fg_0000ff_bg_000000.jpg,0.2193603515625
12,7,exp_a1/200_sq\fg_00ff00_bg_ffffff.jpg,0.206298828125
13,22,exp_a1/200_sq\fg_ffffff_bg_000000.jpg,0.1900634765625
14,20,exp_a1/200_sq\fg_ffff00_bg_888888.jpg,0.18017578125
15,16,exp_a1/200_sq\fg_ff0000_bg_000000.jpg,0.1793212890625
16,6,exp_a1/200_sq\fg_00ff00_bg_888888.jpg,0.1588134765625
17,1,exp_a1/200_sq\fg_000000_bg_ffffff.jpg,0.1533203125
18,17,exp_a1/200_sq\fg_ff0000_bg_888888.jpg,0.140380859375
19,23,exp_a1/200_sq\fg_ffffff_bg_888888.jpg,0.137939453125
20,9,exp_a1/200_sq\fg_00ffff_bg_888888.jpg,0.1331787109375
21,4,exp_a1/200_sq\fg_0000ff_bg_ffffff.jpg,0.11859130859375
22,15,exp_a1/200_sq\fg_921e3e_bg_ffffff.jpg,0.0948486328125
23,12,exp_a1/200_sq\fg_888888_bg_ffffff.jpg,0.0135498046875
0,23,exp_a1/4_sq\fg_ffffff_bg_888888.jpg,0.39013671875
1,9,exp_a1/4_sq\fg_00ffff_bg_888888.jpg,0.387939453125
2,0,exp_a1/4_sq\fg_000000_bg_888888.jpg,0.386474609375
3,3,exp_a1/4_sq\fg_0000ff_bg_888888.jpg,0.38525390625
4,17,exp_a1/4_sq\fg_ff0000_bg_888888.jpg,0.3828125
5,14,exp_a1/4_sq\fg_921e3e_bg_888888.jpg,0.378173828125
6,6,exp_a1/4_sq\fg_00ff00_bg_888888.jpg,0.376220703125
7,20,exp_a1/4_sq\fg_ffff00_bg_888888.jpg,0.372314453125
8,10,exp_a1/4_sq\fg_00ffff_bg_ffffff.jpg,0.261474609375
9,4,exp_a1/4_sq\fg_0000ff_bg_ffffff.jpg,0.26123046875
10,21,exp_a1/4_sq\fg_ffff00_bg_ffffff.jpg,0.26123046875
11,18,exp_a1/4_sq\fg_ff0000_bg_ffffff.jpg,0.26123046875
12,15,exp_a1/4_sq\fg_921e3e_bg_ffffff.jpg,0.26123046875
13,12,exp_a1/4_sq\fg_888888_bg_ffffff.jpg,0.26123046875
14,1,exp_a1/4_sq\fg_000000_bg_ffffff.jpg,0.26123046875
15,7,exp_a1/4_sq\fg_00ff00_bg_ffffff.jpg,0.26123046875
16,22,exp_a1/4_sq\fg_ffffff_bg_000000.jpg,0.1513671875
17,5,exp_a1/4_sq\fg_00ff00_bg_000000.jpg,0.1512451171875
18,11,exp_a1/4_sq\fg_888888_bg_000000.jpg,0.151123046875
19,2,exp_a1/4_sq\fg_0000ff_bg_000000.jpg,0.151123046875
20,13,exp_a1/4_sq\fg_921e3e_bg_000000.jpg,0.151123046875
21,8,exp_a1/4_sq\fg_00ffff_bg_000000.jpg,0.1510009765625
22,19,exp_a1/4_sq\fg_ffff00_bg_000000.jpg,0.1510009765625
23,16,exp_a1/4_sq\fg_ff0000_bg_000000.jpg,0.15087890625
0,14,exp_a1/56_sq\fg_921e3e_bg_888888.jpg,0.38037109375
1,9,exp_a1/56_sq\fg_00ffff_bg_888888.jpg,0.367919921875
2,0,exp_a1/56_sq\fg_000000_bg_888888.jpg,0.365478515625
3,6,exp_a1/56_sq\fg_00ff00_bg_888888.jpg,0.3603515625
4,3,exp_a1/56_sq\fg_0000ff_bg_888888.jpg,0.356201171875
5,20,exp_a1/56_sq\fg_ffff00_bg_888888.jpg,0.350341796875
6,17,exp_a1/56_sq\fg_ff0000_bg_888888.jpg,0.3173828125
7,23,exp_a1/56_sq\fg_ffffff_bg_888888.jpg,0.289794921875
8,1,exp_a1/56_sq\fg_000000_bg_ffffff.jpg,0.28759765625
9,21,exp_a1/56_sq\fg_ffff00_bg_ffffff.jpg,0.286376953125
10,4,exp_a1/56_sq\fg_0000ff_bg_ffffff.jpg,0.2802734375
11,12,exp_a1/56_sq\fg_888888_bg_ffffff.jpg,0.2734375
12,10,exp_a1/56_sq\fg_00ffff_bg_ffffff.jpg,0.270751953125
13,7,exp_a1/56_sq\fg_00ff00_bg_ffffff.jpg,0.2666015625
14,15,exp_a1/56_sq\fg_921e3e_bg_ffffff.jpg,0.255615234375
15,18,exp_a1/56_sq\fg_ff0000_bg_ffffff.jpg,0.250244140625
16,11,exp_a1/56_sq\fg_888888_bg_000000.jpg,0.23828125
17,13,exp_a1/56_sq\fg_921e3e_bg_000000.jpg,0.227783203125
18,19,exp_a1/56_sq\fg_ffff00_bg_000000.jpg,0.1756591796875
19,8,exp_a1/56_sq\fg_00ffff_bg_000000.jpg,0.173828125
20,22,exp_a1/56_sq\fg_ffffff_bg_000000.jpg,0.17333984375
21,16,exp_a1/56_sq\fg_ff0000_bg_000000.jpg,0.1693115234375
22,5,exp_a1/56_sq\fg_00ff00_bg_000000.jpg,0.1666259765625
23,2,exp_a1/56_sq\fg_0000ff_bg_000000.jpg,0.1656494140625
0,4,exp_a1/colors\bg_888888.jpg,0.400634765625
1,8,exp_a1/colors\bg_ffffff.png,0.260986328125
2,7,exp_a1/colors\bg_ffff00.jpg,0.2548828125
3,6,exp_a1/colors\bg_ff0000.jpg,0.2177734375
4,1,exp_a1/colors\bg_0000ff.jpg,0.212890625
5,5,exp_a1/colors\bg_921e3e.jpg,0.2030029296875
6,3,exp_a1/colors\bg_00ffff.jpg,0.191650390625
7,2,exp_a1/colors\bg_00ff00.jpg,0.178955078125
8,0,exp_a1/colors\bg_000000.jpg,0.151123046875
