,Unnamed: 0,filepaths,similarity
0,6,exp_a1/112_sq\fg_00ff00_bg_888888.jpg,0.322998046875
1,9,exp_a1/112_sq\fg_00ffff_bg_888888.jpg,0.30029296875
2,14,exp_a1/112_sq\fg_921e3e_bg_888888.jpg,0.2998046875
3,10,exp_a1/112_sq\fg_00ffff_bg_ffffff.jpg,0.279296875
4,21,exp_a1/112_sq\fg_ffff00_bg_ffffff.jpg,0.279052734375
5,1,exp_a1/112_sq\fg_000000_bg_ffffff.jpg,0.271484375
6,3,exp_a1/112_sq\fg_0000ff_bg_888888.jpg,0.269287109375
7,5,exp_a1/112_sq\fg_00ff00_bg_000000.jpg,0.2457275390625
8,13,exp_a1/112_sq\fg_921e3e_bg_000000.jpg,0.243896484375
9,18,exp_a1/112_sq\fg_ff0000_bg_ffffff.jpg,0.24365234375
10,12,exp_a1/112_sq\fg_888888_bg_ffffff.jpg,0.242431640625
11,11,exp_a1/112_sq\fg_888888_bg_000000.jpg,0.2388916015625
12,4,exp_a1/112_sq\fg_0000ff_bg_ffffff.jpg,0.236083984375
13,15,exp_a1/112_sq\fg_921e3e_bg_ffffff.jpg,0.234619140625
14,7,exp_a1/112_sq\fg_00ff00_bg_ffffff.jpg,0.2315673828125
15,8,exp_a1/112_sq\fg_00ffff_bg_000000.jpg,0.2298583984375
16,0,exp_a1/112_sq\fg_000000_bg_888888.jpg,0.213623046875
17,20,exp_a1/112_sq\fg_ffff00_bg_888888.jpg,0.210693359375
18,2,exp_a1/112_sq\fg_0000ff_bg_000000.jpg,0.20166015625
19,19,exp_a1/112_sq\fg_ffff00_bg_000000.jpg,0.1995849609375
20,16,exp_a1/112_sq\fg_ff0000_bg_000000.jpg,0.182861328125
21,22,exp_a1/112_sq\fg_ffffff_bg_000000.jpg,0.180419921875
22,23,exp_a1/112_sq\fg_ffffff_bg_888888.jpg,0.173828125
23,17,exp_a1/112_sq\fg_ff0000_bg_888888.jpg,0.1727294921875
0,3,exp_a1/12_sq\fg_0000ff_bg_888888.jpg,0.340576171875
1,0,exp_a1/12_sq\fg_000000_bg_888888.jpg,0.3388671875
2,14,exp_a1/12_sq\fg_921e3e_bg_888888.jpg,0.33837890625
3,23,exp_a1/12_sq\fg_ffffff_bg_888888.jpg,0.334716796875
4,20,exp_a1/12_sq\fg_ffff00_bg_888888.jpg,0.31591796875
5,6,exp_a1/12_sq\fg_00ff00_bg_888888.jpg,0.306396484375
6,17,exp_a1/12_sq\fg_ff0000_bg_888888.jpg,0.304443359375
7,9,exp_a1/12_sq\fg_00ffff_bg_888888.jpg,0.3017578125
8,12,exp_a1/12_sq\fg_888888_bg_ffffff.jpg,0.254638671875
9,15,exp_a1/12_sq\fg_921e3e_bg_ffffff.jpg,0.254150390625
10,4,exp_a1/12_sq\fg_0000ff_bg_ffffff.jpg,0.251708984375
11,1,exp_a1/12_sq\fg_000000_bg_ffffff.jpg,0.251220703125
12,18,exp_a1/12_sq\fg_ff0000_bg_ffffff.jpg,0.2509765625
13,21,exp_a1/12_sq\fg_ffff00_bg_ffffff.jpg,0.250732421875
14,10,exp_a1/12_sq\fg_00ffff_bg_ffffff.jpg,0.25
15,7,exp_a1/12_sq\fg_00ff00_bg_ffffff.jpg,0.249755859375
16,22,exp_a1/12_sq\fg_ffffff_bg_000000.jpg,0.16455078125
17,16,exp_a1/12_sq\fg_ff0000_bg_000000.jpg,0.163818359375
18,11,exp_a1/12_sq\fg_888888_bg_000000.jpg,0.1632080078125
19,8,exp_a1/12_sq\fg_00ffff_bg_000000.jpg,0.162109375
20,19,exp_a1/12_sq\fg_ffff00_bg_000000.jpg,0.16162109375
21,5,exp_a1/12_sq\fg_00ff00_bg_000000.jpg,0.161376953125
22,13,exp_a1/12_sq\fg_921e3e_bg_000000.jpg,0.16064453125
23,2,exp_a1/12_sq\fg_0000ff_bg_000000.jpg,0.1597900390625
0,10,exp_a1/148_sq\fg_00ffff_bg_ffffff.jpg,0.292236328125
1,21,exp_a1/148_sq\fg_ffff00_bg_ffffff.jpg,0.28955078125
2,1,exp_a1/148_sq\fg_000000_bg_ffffff.jpg,0.283935546875
3,6,exp_a1/148_sq\fg_00ff00_bg_888888.jpg,0.274169921875
4,4,exp_a1/148_sq\fg_0000ff_bg_ffffff.jpg,0.2724609375
5,7,exp_a1/148_sq\fg_00ff00_bg_ffffff.jpg,0.26416015625
6,12,exp_a1/148_sq\fg_888888_bg_ffffff.jpg,0.25634765625
7,5,exp_a1/148_sq\fg_00ff00_bg_000000.jpg,0.25341796875
8,18,exp_a1/148_sq\fg_ff0000_bg_ffffff.jpg,0.244140625
9,13,exp_a1/148_sq\fg_921e3e_bg_000000.jpg,0.2349853515625
10,2,exp_a1/148_sq\fg_0000ff_bg_000000.jpg,0.2230224609375
11,11,exp_a1/148_sq\fg_888888_bg_000000.jpg,0.219482421875
12,8,exp_a1/148_sq\fg_00ffff_bg_000000.jpg,0.2130126953125
13,19,exp_a1/148_sq\fg_ffff00_bg_000000.jpg,0.2081298828125
14,9,exp_a1/148_sq\fg_00ffff_bg_888888.jpg,0.1993408203125
15,14,exp_a1/148_sq\fg_921e3e_bg_888888.jpg,0.1949462890625
16,15,exp_a1/148_sq\fg_921e3e_bg_ffffff.jpg,0.1888427734375
17,3,exp_a1/148_sq\fg_0000ff_bg_888888.jpg,0.1876220703125
18,20,exp_a1/148_sq\fg_ffff00_bg_888888.jpg,0.182373046875
19,0,exp_a1/148_sq\fg_000000_bg_888888.jpg,0.170166015625
20,17,exp_a1/148_sq\fg_ff0000_bg_888888.jpg,0.131591796875
21,23,exp_a1/148_sq\fg_ffffff_bg_888888.jpg,0.1275634765625
22,22,exp_a1/148_sq\fg_ffffff_bg_000000.jpg,0.12548828125
23,16,exp_a1/148_sq\fg_ff0000_bg_000000.jpg,0.0941162109375
0,5,exp_a1/200_sq\fg_00ff00_bg_000000.jpg,0.268310546875
1,19,exp_a1/200_sq\fg_ffff00_bg_000000.jpg,0.262939453125
2,11,exp_a1/200_sq\fg_888888_bg_000000.jpg,0.255126953125
3,18,exp_a1/200_sq\fg_ff0000_bg_ffffff.jpg,0.2498779296875
4,10,exp_a1/200_sq\fg_00ffff_bg_ffffff.jpg,0.234619140625
5,13,exp_a1/200_sq\fg_921e3e_bg_000000.jpg,0.234130859375
6,8,exp_a1/200_sq\fg_00ffff_bg_000000.jpg,0.2335205078125
7,0,exp_a1/200_sq\fg_000000_bg_888888.jpg,0.22998046875
8,2,exp_a1/200_sq\fg_0000ff_bg_000000.jpg,0.22705078125
9,21,exp_a1/200_sq\fg_ffff00_bg_ffffff.jpg,0.2220458984375
10,14,exp_a1/200_sq\fg_921e3e_bg_888888.jpg,0.208740234375
11,3,exp_a1/200_sq\fg_0000ff_bg_888888.jpg,0.2030029296875
12,7,exp_a1/200_sq\fg_00ff00_bg_ffffff.jpg,0.197998046875
13,20,exp_a1/200_sq\fg_ffff00_bg_888888.jpg,0.193115234375
14,22,exp_a1/200_sq\fg_ffffff_bg_000000.jpg,0.1768798828125
15,16,exp_a1/200_sq\fg_ff0000_bg_000000.jpg,0.1668701171875
16,6,exp_a1/200_sq\fg_00ff00_bg_888888.jpg,0.16650390625
17,1,exp_a1/200_sq\fg_000000_bg_ffffff.jpg,0.1466064453125
18,17,exp_a1/200_sq\fg_ff0000_bg_888888.jpg,0.1424560546875
19,23,exp_a1/200_sq\fg_ffffff_bg_888888.jpg,0.14111328125
20,9,exp_a1/200_sq\fg_00ffff_bg_888888.jpg,0.1292724609375
21,4,exp_a1/200_sq\fg_0000ff_bg_ffffff.jpg,0.10845947265625
22,15,exp_a1/200_sq\fg_921e3e_bg_ffffff.jpg,0.09564208984375
23,12,exp_a1/200_sq\fg_888888_bg_ffffff.jpg,0.015838623046875
0,0,exp_a1/4_sq\fg_000000_bg_888888.jpg,0.369140625
1,9,exp_a1/4_sq\fg_00ffff_bg_888888.jpg,0.36767578125
2,3,exp_a1/4_sq\fg_0000ff_bg_888888.jpg,0.366943359375
3,23,exp_a1/4_sq\fg_ffffff_bg_888888.jpg,0.36474609375
4,14,exp_a1/4_sq\fg_921e3e_bg_888888.jpg,0.3623046875
5,17,exp_a1/4_sq\fg_ff0000_bg_888888.jpg,0.360595703125
6,20,exp_a1/4_sq\fg_ffff00_bg_888888.jpg,0.359619140625
7,6,exp_a1/4_sq\fg_00ff00_bg_888888.jpg,0.356201171875
8,10,exp_a1/4_sq\fg_00ffff_bg_ffffff.jpg,0.251953125
9,15,exp_a1/4_sq\fg_921e3e_bg_ffffff.jpg,0.251708984375
10,4,exp_a1/4_sq\fg_0000ff_bg_ffffff.jpg,0.251708984375
11,7,exp_a1/4_sq\fg_00ff00_bg_ffffff.jpg,0.251708984375
12,1,exp_a1/4_sq\fg_000000_bg_ffffff.jpg,0.25146484375
13,18,exp_a1/4_sq\fg_ff0000_bg_ffffff.jpg,0.25146484375
14,12,exp_a1/4_sq\fg_888888_bg_ffffff.jpg,0.25146484375
15,21,exp_a1/4_sq\fg_ffff00_bg_ffffff.jpg,0.251220703125
16,5,exp_a1/4_sq\fg_00ff00_bg_000000.jpg,0.1597900390625
17,22,exp_a1/4_sq\fg_ffffff_bg_000000.jpg,0.1597900390625
18,13,exp_a1/4_sq\fg_921e3e_bg_000000.jpg,0.15966796875
19,11,exp_a1/4_sq\fg_888888_bg_000000.jpg,0.1595458984375
20,2,exp_a1/4_sq\fg_0000ff_bg_000000.jpg,0.1595458984375
21,8,exp_a1/4_sq\fg_00ffff_bg_000000.jpg,0.1595458984375
22,19,exp_a1/4_sq\fg_ffff00_bg_000000.jpg,0.1595458984375
23,16,exp_a1/4_sq\fg_ff0000_bg_000000.jpg,0.1593017578125
0,14,exp_a1/56_sq\fg_921e3e_bg_888888.jpg,0.35400390625
1,9,exp_a1/56_sq\fg_00ffff_bg_888888.jpg,0.353515625
2,6,exp_a1/56_sq\fg_00ff00_bg_888888.jpg,0.3525390625
3,3,exp_a1/56_sq\fg_0000ff_bg_888888.jpg,0.3359375
4,0,exp_a1/56_sq\fg_000000_bg_888888.jpg,0.33447265625
5,20,exp_a1/56_sq\fg_ffff00_bg_888888.jpg,0.327392578125
6,17,exp_a1/56_sq\fg_ff0000_bg_888888.jpg,0.2880859375
7,21,exp_a1/56_sq\fg_ffff00_bg_ffffff.jpg,0.28125
8,1,exp_a1/56_sq\fg_000000_bg_ffffff.jpg,0.279296875
9,10,exp_a1/56_sq\fg_00ffff_bg_ffffff.jpg,0.273193359375
10,4,exp_a1/56_sq\fg_0000ff_bg_ffffff.jpg,0.26708984375
11,7,exp_a1/56_sq\fg_00ff00_bg_ffffff.jpg,0.262939453125
12,12,exp_a1/56_sq\fg_888888_bg_ffffff.jpg,0.258056640625
13,23,exp_a1/56_sq\fg_ffffff_bg_888888.jpg,0.2548828125
14,15,exp_a1/56_sq\fg_921e3e_bg_ffffff.jpg,0.251220703125
15,18,exp_a1/56_sq\fg_ff0000_bg_ffffff.jpg,0.242431640625
16,13,exp_a1/56_sq\fg_921e3e_bg_000000.jpg,0.225830078125
17,11,exp_a1/56_sq\fg_888888_bg_000000.jpg,0.220703125
18,8,exp_a1/56_sq\fg_00ffff_bg_000000.jpg,0.1844482421875
19,19,exp_a1/56_sq\fg_ffff00_bg_000000.jpg,0.1826171875
20,22,exp_a1/56_sq\fg_ffffff_bg_000000.jpg,0.1807861328125
21,16,exp_a1/56_sq\fg_ff0000_bg_000000.jpg,0.1806640625
22,5,exp_a1/56_sq\fg_00ff00_bg_000000.jpg,0.17724609375
23,2,exp_a1/56_sq\fg_0000ff_bg_000000.jpg,0.17236328125
0,4,exp_a1/colors\bg_888888.jpg,0.385498046875
1,8,exp_a1/colors\bg_ffffff.png,0.251953125
2,7,exp_a1/colors\bg_ffff00.jpg,0.249755859375
3,5,exp_a1/colors\bg_921e3e.jpg,0.233642578125
4,1,exp_a1/colors\bg_0000ff.jpg,0.2213134765625
5,6,exp_a1/colors\bg_ff0000.jpg,0.2196044921875
6,2,exp_a1/colors\bg_00ff00.jpg,0.20166015625
7,3,exp_a1/colors\bg_00ffff.jpg,0.1845703125
8,0,exp_a1/colors\bg_000000.jpg,0.15966796875
