,Unnamed: 0,filepaths,similarity
0,14,exp_a1/112_sq\fg_921e3e_bg_888888.jpg,0.34375
1,6,exp_a1/112_sq\fg_00ff00_bg_888888.jpg,0.33349609375
2,9,exp_a1/112_sq\fg_00ffff_bg_888888.jpg,0.31298828125
3,3,exp_a1/112_sq\fg_0000ff_bg_888888.jpg,0.312255859375
4,0,exp_a1/112_sq\fg_000000_bg_888888.jpg,0.267822265625
5,20,exp_a1/112_sq\fg_ffff00_bg_888888.jpg,0.260498046875
6,11,exp_a1/112_sq\fg_888888_bg_000000.jpg,0.249267578125
7,12,exp_a1/112_sq\fg_888888_bg_ffffff.jpg,0.24853515625
8,5,exp_a1/112_sq\fg_00ff00_bg_000000.jpg,0.2479248046875
9,13,exp_a1/112_sq\fg_921e3e_bg_000000.jpg,0.244873046875
10,21,exp_a1/112_sq\fg_ffff00_bg_ffffff.jpg,0.2412109375
11,8,exp_a1/112_sq\fg_00ffff_bg_000000.jpg,0.2275390625
12,10,exp_a1/112_sq\fg_00ffff_bg_ffffff.jpg,0.2274169921875
13,18,exp_a1/112_sq\fg_ff0000_bg_ffffff.jpg,0.2269287109375
14,1,exp_a1/112_sq\fg_000000_bg_ffffff.jpg,0.2252197265625
15,15,exp_a1/112_sq\fg_921e3e_bg_ffffff.jpg,0.2161865234375
16,4,exp_a1/112_sq\fg_0000ff_bg_ffffff.jpg,0.209228515625
17,7,exp_a1/112_sq\fg_00ff00_bg_ffffff.jpg,0.20556640625
18,2,exp_a1/112_sq\fg_0000ff_bg_000000.jpg,0.198974609375
19,19,exp_a1/112_sq\fg_ffff00_bg_000000.jpg,0.1834716796875
20,23,exp_a1/112_sq\fg_ffffff_bg_888888.jpg,0.1805419921875
21,17,exp_a1/112_sq\fg_ff0000_bg_888888.jpg,0.1795654296875
22,16,exp_a1/112_sq\fg_ff0000_bg_000000.jpg,0.16552734375
23,22,exp_a1/112_sq\fg_ffffff_bg_000000.jpg,0.162353515625
0,3,exp_a1/12_sq\fg_0000ff_bg_888888.jpg,0.355224609375
1,14,exp_a1/12_sq\fg_921e3e_bg_888888.jpg,0.354248046875
2,0,exp_a1/12_sq\fg_000000_bg_888888.jpg,0.349609375
3,23,exp_a1/12_sq\fg_ffffff_bg_888888.jpg,0.349365234375
4,20,exp_a1/12_sq\fg_ffff00_bg_888888.jpg,0.331298828125
5,6,exp_a1/12_sq\fg_00ff00_bg_888888.jpg,0.32666015625
6,9,exp_a1/12_sq\fg_00ffff_bg_888888.jpg,0.322509765625
7,17,exp_a1/12_sq\fg_ff0000_bg_888888.jpg,0.315673828125
8,12,exp_a1/12_sq\fg_888888_bg_ffffff.jpg,0.23193359375
9,15,exp_a1/12_sq\fg_921e3e_bg_ffffff.jpg,0.2313232421875
10,4,exp_a1/12_sq\fg_0000ff_bg_ffffff.jpg,0.230712890625
11,10,exp_a1/12_sq\fg_00ffff_bg_ffffff.jpg,0.2296142578125
12,18,exp_a1/12_sq\fg_ff0000_bg_ffffff.jpg,0.2296142578125
13,1,exp_a1/12_sq\fg_000000_bg_ffffff.jpg,0.2293701171875
14,21,exp_a1/12_sq\fg_ffff00_bg_ffffff.jpg,0.229248046875
15,7,exp_a1/12_sq\fg_00ff00_bg_ffffff.jpg,0.22900390625
16,11,exp_a1/12_sq\fg_888888_bg_000000.jpg,0.1578369140625
17,22,exp_a1/12_sq\fg_ffffff_bg_000000.jpg,0.1578369140625
18,16,exp_a1/12_sq\fg_ff0000_bg_000000.jpg,0.1572265625
19,8,exp_a1/12_sq\fg_00ffff_bg_000000.jpg,0.155517578125
20,19,exp_a1/12_sq\fg_ffff00_bg_000000.jpg,0.1552734375
21,5,exp_a1/12_sq\fg_00ff00_bg_000000.jpg,0.1549072265625
22,13,exp_a1/12_sq\fg_921e3e_bg_000000.jpg,0.15380859375
23,2,exp_a1/12_sq\fg_0000ff_bg_000000.jpg,0.15283203125
0,6,exp_a1/148_sq\fg_00ff00_bg_888888.jpg,0.2841796875
1,5,exp_a1/148_sq\fg_00ff00_bg_000000.jpg,0.2587890625
2,10,exp_a1/148_sq\fg_00ffff_bg_ffffff.jpg,0.24755859375
3,4,exp_a1/148_sq\fg_0000ff_bg_ffffff.jpg,0.2471923828125
4,21,exp_a1/148_sq\fg_ffff00_bg_ffffff.jpg,0.2470703125
5,14,exp_a1/148_sq\fg_921e3e_bg_888888.jpg,0.2462158203125
6,11,exp_a1/148_sq\fg_888888_bg_000000.jpg,0.24609375
7,1,exp_a1/148_sq\fg_000000_bg_ffffff.jpg,0.24560546875
8,12,exp_a1/148_sq\fg_888888_bg_ffffff.jpg,0.24365234375
9,13,exp_a1/148_sq\fg_921e3e_bg_000000.jpg,0.2413330078125
10,3,exp_a1/148_sq\fg_0000ff_bg_888888.jpg,0.2412109375
11,18,exp_a1/148_sq\fg_ff0000_bg_ffffff.jpg,0.226318359375
12,0,exp_a1/148_sq\fg_000000_bg_888888.jpg,0.226318359375
13,2,exp_a1/148_sq\fg_0000ff_bg_000000.jpg,0.2239990234375
14,9,exp_a1/148_sq\fg_00ffff_bg_888888.jpg,0.2181396484375
15,20,exp_a1/148_sq\fg_ffff00_bg_888888.jpg,0.21630859375
16,7,exp_a1/148_sq\fg_00ff00_bg_ffffff.jpg,0.2032470703125
17,8,exp_a1/148_sq\fg_00ffff_bg_000000.jpg,0.199951171875
18,19,exp_a1/148_sq\fg_ffff00_bg_000000.jpg,0.193115234375
19,15,exp_a1/148_sq\fg_921e3e_bg_ffffff.jpg,0.171142578125
20,17,exp_a1/148_sq\fg_ff0000_bg_888888.jpg,0.1495361328125
21,23,exp_a1/148_sq\fg_ffffff_bg_888888.jpg,0.1483154296875
22,22,exp_a1/148_sq\fg_ffffff_bg_000000.jpg,0.1334228515625
23,16,exp_a1/148_sq\fg_ff0000_bg_000000.jpg,0.10498046875
0,5,exp_a1/200_sq\fg_00ff00_bg_000000.jpg,0.287109375
1,19,exp_a1/200_sq\fg_ffff00_bg_000000.jpg,0.26953125
2,8,exp_a1/200_sq\fg_00ffff_bg_000000.jpg,0.2529296875
3,3,exp_a1/200_sq\fg_0000ff_bg_888888.jpg,0.2481689453125
4,13,exp_a1/200_sq\fg_921e3e_bg_000000.jpg,0.2454833984375
5,14,exp_a1/200_sq\fg_921e3e_bg_888888.jpg,0.2447509765625
6,0,exp_a1/200_sq\fg_000000_bg_888888.jpg,0.2447509765625
7,11,exp_a1/200_sq\fg_888888_bg_000000.jpg,0.2379150390625
8,18,exp_a1/200_sq\fg_ff0000_bg_ffffff.jpg,0.2275390625
9,2,exp_a1/200_sq\fg_0000ff_bg_000000.jpg,0.21533203125
10,10,exp_a1/200_sq\fg_00ffff_bg_ffffff.jpg,0.2030029296875
11,20,exp_a1/200_sq\fg_ffff00_bg_888888.jpg,0.1956787109375
12,6,exp_a1/200_sq\fg_00ff00_bg_888888.jpg,0.185546875
13,22,exp_a1/200_sq\fg_ffffff_bg_000000.jpg,0.173828125
14,9,exp_a1/200_sq\fg_00ffff_bg_888888.jpg,0.170654296875
15,21,exp_a1/200_sq\fg_ffff00_bg_ffffff.jpg,0.166259765625
16,16,exp_a1/200_sq\fg_ff0000_bg_000000.jpg,0.16552734375
17,7,exp_a1/200_sq\fg_00ff00_bg_ffffff.jpg,0.16259765625
18,17,exp_a1/200_sq\fg_ff0000_bg_888888.jpg,0.121826171875
19,1,exp_a1/200_sq\fg_000000_bg_ffffff.jpg,0.12152099609375
20,23,exp_a1/200_sq\fg_ffffff_bg_888888.jpg,0.115966796875
21,4,exp_a1/200_sq\fg_0000ff_bg_ffffff.jpg,0.09393310546875
22,15,exp_a1/200_sq\fg_921e3e_bg_ffffff.jpg,0.0728759765625
23,12,exp_a1/200_sq\fg_888888_bg_ffffff.jpg,0.0006694793701171875
0,14,exp_a1/4_sq\fg_921e3e_bg_888888.jpg,0.384033203125
1,23,exp_a1/4_sq\fg_ffffff_bg_888888.jpg,0.381591796875
2,9,exp_a1/4_sq\fg_00ffff_bg_888888.jpg,0.381591796875
3,20,exp_a1/4_sq\fg_ffff00_bg_888888.jpg,0.380859375
4,6,exp_a1/4_sq\fg_00ff00_bg_888888.jpg,0.37451171875
5,3,exp_a1/4_sq\fg_0000ff_bg_888888.jpg,0.373779296875
6,0,exp_a1/4_sq\fg_000000_bg_888888.jpg,0.372314453125
7,17,exp_a1/4_sq\fg_ff0000_bg_888888.jpg,0.371826171875
8,7,exp_a1/4_sq\fg_00ff00_bg_ffffff.jpg,0.2303466796875
9,10,exp_a1/4_sq\fg_00ffff_bg_ffffff.jpg,0.2303466796875
10,12,exp_a1/4_sq\fg_888888_bg_ffffff.jpg,0.2303466796875
11,4,exp_a1/4_sq\fg_0000ff_bg_ffffff.jpg,0.22998046875
12,18,exp_a1/4_sq\fg_ff0000_bg_ffffff.jpg,0.22998046875
13,21,exp_a1/4_sq\fg_ffff00_bg_ffffff.jpg,0.22998046875
14,1,exp_a1/4_sq\fg_000000_bg_ffffff.jpg,0.2298583984375
15,15,exp_a1/4_sq\fg_921e3e_bg_ffffff.jpg,0.2298583984375
16,22,exp_a1/4_sq\fg_ffffff_bg_000000.jpg,0.153076171875
17,5,exp_a1/4_sq\fg_00ff00_bg_000000.jpg,0.15283203125
18,13,exp_a1/4_sq\fg_921e3e_bg_000000.jpg,0.1527099609375
19,11,exp_a1/4_sq\fg_888888_bg_000000.jpg,0.1524658203125
20,8,exp_a1/4_sq\fg_00ffff_bg_000000.jpg,0.15234375
21,19,exp_a1/4_sq\fg_ffff00_bg_000000.jpg,0.15234375
22,2,exp_a1/4_sq\fg_0000ff_bg_000000.jpg,0.15234375
23,16,exp_a1/4_sq\fg_ff0000_bg_000000.jpg,0.1522216796875
0,14,exp_a1/56_sq\fg_921e3e_bg_888888.jpg,0.376953125
1,0,exp_a1/56_sq\fg_000000_bg_888888.jpg,0.36962890625
2,9,exp_a1/56_sq\fg_00ffff_bg_888888.jpg,0.369140625
3,6,exp_a1/56_sq\fg_00ff00_bg_888888.jpg,0.365234375
4,3,exp_a1/56_sq\fg_0000ff_bg_888888.jpg,0.359375
5,20,exp_a1/56_sq\fg_ffff00_bg_888888.jpg,0.357421875
6,17,exp_a1/56_sq\fg_ff0000_bg_888888.jpg,0.32568359375
7,23,exp_a1/56_sq\fg_ffffff_bg_888888.jpg,0.297607421875
8,21,exp_a1/56_sq\fg_ffff00_bg_ffffff.jpg,0.23974609375
9,1,exp_a1/56_sq\fg_000000_bg_ffffff.jpg,0.2386474609375
10,11,exp_a1/56_sq\fg_888888_bg_000000.jpg,0.23828125
11,4,exp_a1/56_sq\fg_0000ff_bg_ffffff.jpg,0.2298583984375
12,10,exp_a1/56_sq\fg_00ffff_bg_ffffff.jpg,0.2230224609375
13,18,exp_a1/56_sq\fg_ff0000_bg_ffffff.jpg,0.219970703125
14,13,exp_a1/56_sq\fg_921e3e_bg_000000.jpg,0.2198486328125
15,7,exp_a1/56_sq\fg_00ff00_bg_ffffff.jpg,0.213134765625
16,15,exp_a1/56_sq\fg_921e3e_bg_ffffff.jpg,0.2113037109375
17,12,exp_a1/56_sq\fg_888888_bg_ffffff.jpg,0.2109375
18,19,exp_a1/56_sq\fg_ffff00_bg_000000.jpg,0.176513671875
19,22,exp_a1/56_sq\fg_ffffff_bg_000000.jpg,0.176513671875
20,8,exp_a1/56_sq\fg_00ffff_bg_000000.jpg,0.1751708984375
21,16,exp_a1/56_sq\fg_ff0000_bg_000000.jpg,0.17236328125
22,5,exp_a1/56_sq\fg_00ff00_bg_000000.jpg,0.1708984375
23,2,exp_a1/56_sq\fg_0000ff_bg_000000.jpg,0.1693115234375
0,4,exp_a1/colors\bg_888888.jpg,0.386962890625
1,8,exp_a1/colors\bg_ffffff.png,0.2298583984375
2,7,exp_a1/colors\bg_ffff00.jpg,0.2276611328125
3,5,exp_a1/colors\bg_921e3e.jpg,0.2144775390625
4,1,exp_a1/colors\bg_0000ff.jpg,0.2039794921875
5,2,exp_a1/colors\bg_00ff00.jpg,0.193359375
6,6,exp_a1/colors\bg_ff0000.jpg,0.1903076171875
7,3,exp_a1/colors\bg_00ffff.jpg,0.1806640625
8,0,exp_a1/colors\bg_000000.jpg,0.1524658203125
