,Unnamed: 0,filepaths,similarity
0,6,exp_a1/112_sq\fg_00ff00_bg_888888.jpg,0.3447265625
1,10,exp_a1/112_sq\fg_00ffff_bg_ffffff.jpg,0.33154296875
2,14,exp_a1/112_sq\fg_921e3e_bg_888888.jpg,0.321044921875
3,21,exp_a1/112_sq\fg_ffff00_bg_ffffff.jpg,0.320068359375
4,1,exp_a1/112_sq\fg_000000_bg_ffffff.jpg,0.307861328125
5,9,exp_a1/112_sq\fg_00ffff_bg_888888.jpg,0.302734375
6,7,exp_a1/112_sq\fg_00ff00_bg_ffffff.jpg,0.295166015625
7,18,exp_a1/112_sq\fg_ff0000_bg_ffffff.jpg,0.287353515625
8,4,exp_a1/112_sq\fg_0000ff_bg_ffffff.jpg,0.287353515625
9,12,exp_a1/112_sq\fg_888888_bg_ffffff.jpg,0.28564453125
10,5,exp_a1/112_sq\fg_00ff00_bg_000000.jpg,0.274169921875
11,3,exp_a1/112_sq\fg_0000ff_bg_888888.jpg,0.2666015625
12,15,exp_a1/112_sq\fg_921e3e_bg_ffffff.jpg,0.265380859375
13,13,exp_a1/112_sq\fg_921e3e_bg_000000.jpg,0.264892578125
14,11,exp_a1/112_sq\fg_888888_bg_000000.jpg,0.26171875
15,8,exp_a1/112_sq\fg_00ffff_bg_000000.jpg,0.2470703125
16,2,exp_a1/112_sq\fg_0000ff_bg_000000.jpg,0.2279052734375
17,16,exp_a1/112_sq\fg_ff0000_bg_000000.jpg,0.22412109375
18,22,exp_a1/112_sq\fg_ffffff_bg_000000.jpg,0.222900390625
19,19,exp_a1/112_sq\fg_ffff00_bg_000000.jpg,0.2196044921875
20,23,exp_a1/112_sq\fg_ffffff_bg_888888.jpg,0.2003173828125
21,17,exp_a1/112_sq\fg_ff0000_bg_888888.jpg,0.19677734375
22,0,exp_a1/112_sq\fg_000000_bg_888888.jpg,0.1964111328125
23,20,exp_a1/112_sq\fg_ffff00_bg_888888.jpg,0.19189453125
0,23,exp_a1/12_sq\fg_ffffff_bg_888888.jpg,0.388427734375
1,14,exp_a1/12_sq\fg_921e3e_bg_888888.jpg,0.386474609375
2,3,exp_a1/12_sq\fg_0000ff_bg_888888.jpg,0.383544921875
3,0,exp_a1/12_sq\fg_000000_bg_888888.jpg,0.38134765625
4,6,exp_a1/12_sq\fg_00ff00_bg_888888.jpg,0.373046875
5,20,exp_a1/12_sq\fg_ffff00_bg_888888.jpg,0.370849609375
6,17,exp_a1/12_sq\fg_ff0000_bg_888888.jpg,0.3701171875
7,9,exp_a1/12_sq\fg_00ffff_bg_888888.jpg,0.3701171875
8,12,exp_a1/12_sq\fg_888888_bg_ffffff.jpg,0.30126953125
9,15,exp_a1/12_sq\fg_921e3e_bg_ffffff.jpg,0.300048828125
10,4,exp_a1/12_sq\fg_0000ff_bg_ffffff.jpg,0.2978515625
11,1,exp_a1/12_sq\fg_000000_bg_ffffff.jpg,0.296142578125
12,18,exp_a1/12_sq\fg_ff0000_bg_ffffff.jpg,0.29541015625
13,10,exp_a1/12_sq\fg_00ffff_bg_ffffff.jpg,0.295166015625
14,7,exp_a1/12_sq\fg_00ff00_bg_ffffff.jpg,0.295166015625
15,21,exp_a1/12_sq\fg_ffff00_bg_ffffff.jpg,0.294921875
16,22,exp_a1/12_sq\fg_ffffff_bg_000000.jpg,0.1905517578125
17,16,exp_a1/12_sq\fg_ff0000_bg_000000.jpg,0.1900634765625
18,11,exp_a1/12_sq\fg_888888_bg_000000.jpg,0.1893310546875
19,8,exp_a1/12_sq\fg_00ffff_bg_000000.jpg,0.1888427734375
20,19,exp_a1/12_sq\fg_ffff00_bg_000000.jpg,0.1884765625
21,5,exp_a1/12_sq\fg_00ff00_bg_000000.jpg,0.1883544921875
22,13,exp_a1/12_sq\fg_921e3e_bg_000000.jpg,0.1875
23,2,exp_a1/12_sq\fg_0000ff_bg_000000.jpg,0.1871337890625
0,21,exp_a1/148_sq\fg_ffff00_bg_ffffff.jpg,0.3349609375
1,10,exp_a1/148_sq\fg_00ffff_bg_ffffff.jpg,0.333740234375
2,1,exp_a1/148_sq\fg_000000_bg_ffffff.jpg,0.3046875
3,7,exp_a1/148_sq\fg_00ff00_bg_ffffff.jpg,0.2958984375
4,5,exp_a1/148_sq\fg_00ff00_bg_000000.jpg,0.2861328125
5,4,exp_a1/148_sq\fg_0000ff_bg_ffffff.jpg,0.28515625
6,18,exp_a1/148_sq\fg_ff0000_bg_ffffff.jpg,0.284912109375
7,6,exp_a1/148_sq\fg_00ff00_bg_888888.jpg,0.282470703125
8,12,exp_a1/148_sq\fg_888888_bg_ffffff.jpg,0.261962890625
9,13,exp_a1/148_sq\fg_921e3e_bg_000000.jpg,0.2607421875
10,2,exp_a1/148_sq\fg_0000ff_bg_000000.jpg,0.252685546875
11,8,exp_a1/148_sq\fg_00ffff_bg_000000.jpg,0.231201171875
12,11,exp_a1/148_sq\fg_888888_bg_000000.jpg,0.2301025390625
13,19,exp_a1/148_sq\fg_ffff00_bg_000000.jpg,0.2220458984375
14,15,exp_a1/148_sq\fg_921e3e_bg_ffffff.jpg,0.21728515625
15,14,exp_a1/148_sq\fg_921e3e_bg_888888.jpg,0.177734375
16,9,exp_a1/148_sq\fg_00ffff_bg_888888.jpg,0.17724609375
17,20,exp_a1/148_sq\fg_ffff00_bg_888888.jpg,0.169921875
18,3,exp_a1/148_sq\fg_0000ff_bg_888888.jpg,0.1656494140625
19,22,exp_a1/148_sq\fg_ffffff_bg_000000.jpg,0.164306640625
20,17,exp_a1/148_sq\fg_ff0000_bg_888888.jpg,0.1595458984375
21,23,exp_a1/148_sq\fg_ffffff_bg_888888.jpg,0.1546630859375
22,16,exp_a1/148_sq\fg_ff0000_bg_000000.jpg,0.14404296875
23,0,exp_a1/148_sq\fg_000000_bg_888888.jpg,0.1416015625
0,5,exp_a1/200_sq\fg_00ff00_bg_000000.jpg,0.315185546875
1,19,exp_a1/200_sq\fg_ffff00_bg_000000.jpg,0.3115234375
2,18,exp_a1/200_sq\fg_ff0000_bg_ffffff.jpg,0.29248046875
3,8,exp_a1/200_sq\fg_00ffff_bg_000000.jpg,0.286376953125
4,11,exp_a1/200_sq\fg_888888_bg_000000.jpg,0.2822265625
5,10,exp_a1/200_sq\fg_00ffff_bg_ffffff.jpg,0.279296875
6,21,exp_a1/200_sq\fg_ffff00_bg_ffffff.jpg,0.263671875
7,13,exp_a1/200_sq\fg_921e3e_bg_000000.jpg,0.256591796875
8,2,exp_a1/200_sq\fg_0000ff_bg_000000.jpg,0.2430419921875
9,22,exp_a1/200_sq\fg_ffffff_bg_000000.jpg,0.238525390625
10,7,exp_a1/200_sq\fg_00ff00_bg_ffffff.jpg,0.2330322265625
11,16,exp_a1/200_sq\fg_ff0000_bg_000000.jpg,0.2286376953125
12,0,exp_a1/200_sq\fg_000000_bg_888888.jpg,0.2158203125
13,20,exp_a1/200_sq\fg_ffff00_bg_888888.jpg,0.201171875
14,6,exp_a1/200_sq\fg_00ff00_bg_888888.jpg,0.195556640625
15,3,exp_a1/200_sq\fg_0000ff_bg_888888.jpg,0.18212890625
16,14,exp_a1/200_sq\fg_921e3e_bg_888888.jpg,0.181396484375
17,1,exp_a1/200_sq\fg_000000_bg_ffffff.jpg,0.1793212890625
18,17,exp_a1/200_sq\fg_ff0000_bg_888888.jpg,0.17626953125
19,23,exp_a1/200_sq\fg_ffffff_bg_888888.jpg,0.172119140625
20,4,exp_a1/200_sq\fg_0000ff_bg_ffffff.jpg,0.159912109375
21,9,exp_a1/200_sq\fg_00ffff_bg_888888.jpg,0.1402587890625
22,15,exp_a1/200_sq\fg_921e3e_bg_ffffff.jpg,0.129638671875
23,12,exp_a1/200_sq\fg_888888_bg_ffffff.jpg,0.04461669921875
0,0,exp_a1/4_sq\fg_000000_bg_888888.jpg,0.404541015625
1,9,exp_a1/4_sq\fg_00ffff_bg_888888.jpg,0.404052734375
2,3,exp_a1/4_sq\fg_0000ff_bg_888888.jpg,0.40234375
3,14,exp_a1/4_sq\fg_921e3e_bg_888888.jpg,0.40185546875
4,17,exp_a1/4_sq\fg_ff0000_bg_888888.jpg,0.39892578125
5,6,exp_a1/4_sq\fg_00ff00_bg_888888.jpg,0.398193359375
6,20,exp_a1/4_sq\fg_ffff00_bg_888888.jpg,0.397705078125
7,23,exp_a1/4_sq\fg_ffffff_bg_888888.jpg,0.39453125
8,10,exp_a1/4_sq\fg_00ffff_bg_ffffff.jpg,0.295166015625
9,7,exp_a1/4_sq\fg_00ff00_bg_ffffff.jpg,0.294921875
10,1,exp_a1/4_sq\fg_000000_bg_ffffff.jpg,0.294921875
11,15,exp_a1/4_sq\fg_921e3e_bg_ffffff.jpg,0.294921875
12,4,exp_a1/4_sq\fg_0000ff_bg_ffffff.jpg,0.294921875
13,18,exp_a1/4_sq\fg_ff0000_bg_ffffff.jpg,0.294921875
14,21,exp_a1/4_sq\fg_ffff00_bg_ffffff.jpg,0.294677734375
15,12,exp_a1/4_sq\fg_888888_bg_ffffff.jpg,0.294677734375
16,22,exp_a1/4_sq\fg_ffffff_bg_000000.jpg,0.1876220703125
17,5,exp_a1/4_sq\fg_00ff00_bg_000000.jpg,0.1875
18,13,exp_a1/4_sq\fg_921e3e_bg_000000.jpg,0.1873779296875
19,2,exp_a1/4_sq\fg_0000ff_bg_000000.jpg,0.1873779296875
20,8,exp_a1/4_sq\fg_00ffff_bg_000000.jpg,0.187255859375
21,11,exp_a1/4_sq\fg_888888_bg_000000.jpg,0.187255859375
22,16,exp_a1/4_sq\fg_ff0000_bg_000000.jpg,0.187255859375
23,19,exp_a1/4_sq\fg_ffff00_bg_000000.jpg,0.187255859375
0,6,exp_a1/56_sq\fg_00ff00_bg_888888.jpg,0.395263671875
1,14,exp_a1/56_sq\fg_921e3e_bg_888888.jpg,0.388671875
2,9,exp_a1/56_sq\fg_00ffff_bg_888888.jpg,0.375732421875
3,3,exp_a1/56_sq\fg_0000ff_bg_888888.jpg,0.37255859375
4,0,exp_a1/56_sq\fg_000000_bg_888888.jpg,0.36962890625
5,20,exp_a1/56_sq\fg_ffff00_bg_888888.jpg,0.348388671875
6,21,exp_a1/56_sq\fg_ffff00_bg_ffffff.jpg,0.330322265625
7,1,exp_a1/56_sq\fg_000000_bg_ffffff.jpg,0.328369140625
8,10,exp_a1/56_sq\fg_00ffff_bg_ffffff.jpg,0.318359375
9,4,exp_a1/56_sq\fg_0000ff_bg_ffffff.jpg,0.3173828125
10,7,exp_a1/56_sq\fg_00ff00_bg_ffffff.jpg,0.31103515625
11,12,exp_a1/56_sq\fg_888888_bg_ffffff.jpg,0.307373046875
12,15,exp_a1/56_sq\fg_921e3e_bg_ffffff.jpg,0.2958984375
13,17,exp_a1/56_sq\fg_ff0000_bg_888888.jpg,0.29248046875
14,18,exp_a1/56_sq\fg_ff0000_bg_ffffff.jpg,0.287353515625
15,13,exp_a1/56_sq\fg_921e3e_bg_000000.jpg,0.25341796875
16,23,exp_a1/56_sq\fg_ffffff_bg_888888.jpg,0.25
17,11,exp_a1/56_sq\fg_888888_bg_000000.jpg,0.24853515625
18,22,exp_a1/56_sq\fg_ffffff_bg_000000.jpg,0.212646484375
19,16,exp_a1/56_sq\fg_ff0000_bg_000000.jpg,0.210693359375
20,19,exp_a1/56_sq\fg_ffff00_bg_000000.jpg,0.2098388671875
21,8,exp_a1/56_sq\fg_00ffff_bg_000000.jpg,0.203125
22,5,exp_a1/56_sq\fg_00ff00_bg_000000.jpg,0.198486328125
23,2,exp_a1/56_sq\fg_0000ff_bg_000000.jpg,0.1982421875
0,4,exp_a1/colors\bg_888888.jpg,0.404296875
1,8,exp_a1/colors\bg_ffffff.png,0.294921875
2,7,exp_a1/colors\bg_ffff00.jpg,0.29052734375
3,6,exp_a1/colors\bg_ff0000.jpg,0.261962890625
4,2,exp_a1/colors\bg_00ff00.jpg,0.243408203125
5,5,exp_a1/colors\bg_921e3e.jpg,0.2431640625
6,3,exp_a1/colors\bg_00ffff.jpg,0.235107421875
7,1,exp_a1/colors\bg_0000ff.jpg,0.230712890625
8,0,exp_a1/colors\bg_000000.jpg,0.1873779296875
