,Unnamed: 0,filepaths,similarity
0,14,exp_a1/112_sq\fg_921e3e_bg_888888.jpg,0.332763671875
1,6,exp_a1/112_sq\fg_00ff00_bg_888888.jpg,0.328369140625
2,9,exp_a1/112_sq\fg_00ffff_bg_888888.jpg,0.30078125
3,21,exp_a1/112_sq\fg_ffff00_bg_ffffff.jpg,0.297119140625
4,3,exp_a1/112_sq\fg_0000ff_bg_888888.jpg,0.294677734375
5,10,exp_a1/112_sq\fg_00ffff_bg_ffffff.jpg,0.291259765625
6,12,exp_a1/112_sq\fg_888888_bg_ffffff.jpg,0.291015625
7,1,exp_a1/112_sq\fg_000000_bg_ffffff.jpg,0.2890625
8,7,exp_a1/112_sq\fg_00ff00_bg_ffffff.jpg,0.2861328125
9,4,exp_a1/112_sq\fg_0000ff_bg_ffffff.jpg,0.283447265625
10,15,exp_a1/112_sq\fg_921e3e_bg_ffffff.jpg,0.26806640625
11,18,exp_a1/112_sq\fg_ff0000_bg_ffffff.jpg,0.254638671875
12,0,exp_a1/112_sq\fg_000000_bg_888888.jpg,0.2421875
13,5,exp_a1/112_sq\fg_00ff00_bg_000000.jpg,0.2369384765625
14,11,exp_a1/112_sq\fg_888888_bg_000000.jpg,0.235107421875
15,20,exp_a1/112_sq\fg_ffff00_bg_888888.jpg,0.23095703125
16,13,exp_a1/112_sq\fg_921e3e_bg_000000.jpg,0.2261962890625
17,8,exp_a1/112_sq\fg_00ffff_bg_000000.jpg,0.2127685546875
18,17,exp_a1/112_sq\fg_ff0000_bg_888888.jpg,0.1796875
19,23,exp_a1/112_sq\fg_ffffff_bg_888888.jpg,0.1795654296875
20,2,exp_a1/112_sq\fg_0000ff_bg_000000.jpg,0.1766357421875
21,22,exp_a1/112_sq\fg_ffffff_bg_000000.jpg,0.16943359375
22,16,exp_a1/112_sq\fg_ff0000_bg_000000.jpg,0.1671142578125
23,19,exp_a1/112_sq\fg_ffff00_bg_000000.jpg,0.1619873046875
0,23,exp_a1/12_sq\fg_ffffff_bg_888888.jpg,0.335693359375
1,14,exp_a1/12_sq\fg_921e3e_bg_888888.jpg,0.335205078125
2,3,exp_a1/12_sq\fg_0000ff_bg_888888.jpg,0.333984375
3,0,exp_a1/12_sq\fg_000000_bg_888888.jpg,0.33154296875
4,20,exp_a1/12_sq\fg_ffff00_bg_888888.jpg,0.319580078125
5,6,exp_a1/12_sq\fg_00ff00_bg_888888.jpg,0.31005859375
6,9,exp_a1/12_sq\fg_00ffff_bg_888888.jpg,0.302490234375
7,17,exp_a1/12_sq\fg_ff0000_bg_888888.jpg,0.30224609375
8,12,exp_a1/12_sq\fg_888888_bg_ffffff.jpg,0.267578125
9,15,exp_a1/12_sq\fg_921e3e_bg_ffffff.jpg,0.2666015625
10,4,exp_a1/12_sq\fg_0000ff_bg_ffffff.jpg,0.265625
11,1,exp_a1/12_sq\fg_000000_bg_ffffff.jpg,0.263671875
12,7,exp_a1/12_sq\fg_00ff00_bg_ffffff.jpg,0.263427734375
13,10,exp_a1/12_sq\fg_00ffff_bg_ffffff.jpg,0.26318359375
14,18,exp_a1/12_sq\fg_ff0000_bg_ffffff.jpg,0.26318359375
15,21,exp_a1/12_sq\fg_ffff00_bg_ffffff.jpg,0.2626953125
16,22,exp_a1/12_sq\fg_ffffff_bg_000000.jpg,0.14111328125
17,16,exp_a1/12_sq\fg_ff0000_bg_000000.jpg,0.140869140625
18,11,exp_a1/12_sq\fg_888888_bg_000000.jpg,0.140625
19,8,exp_a1/12_sq\fg_00ffff_bg_000000.jpg,0.140380859375
20,19,exp_a1/12_sq\fg_ffff00_bg_000000.jpg,0.1400146484375
21,5,exp_a1/12_sq\fg_00ff00_bg_000000.jpg,0.1397705078125
22,13,exp_a1/12_sq\fg_921e3e_bg_000000.jpg,0.13916015625
23,2,exp_a1/12_sq\fg_0000ff_bg_000000.jpg,0.1390380859375
0,10,exp_a1/148_sq\fg_00ffff_bg_ffffff.jpg,0.3154296875
1,21,exp_a1/148_sq\fg_ffff00_bg_ffffff.jpg,0.30908203125
2,7,exp_a1/148_sq\fg_00ff00_bg_ffffff.jpg,0.2978515625
3,1,exp_a1/148_sq\fg_000000_bg_ffffff.jpg,0.296875
4,4,exp_a1/148_sq\fg_0000ff_bg_ffffff.jpg,0.28125
5,6,exp_a1/148_sq\fg_00ff00_bg_888888.jpg,0.26123046875
6,18,exp_a1/148_sq\fg_ff0000_bg_ffffff.jpg,0.257080078125
7,5,exp_a1/148_sq\fg_00ff00_bg_000000.jpg,0.25634765625
8,12,exp_a1/148_sq\fg_888888_bg_ffffff.jpg,0.243408203125
9,13,exp_a1/148_sq\fg_921e3e_bg_000000.jpg,0.23193359375
10,14,exp_a1/148_sq\fg_921e3e_bg_888888.jpg,0.2196044921875
11,11,exp_a1/148_sq\fg_888888_bg_000000.jpg,0.21484375
12,3,exp_a1/148_sq\fg_0000ff_bg_888888.jpg,0.205810546875
13,2,exp_a1/148_sq\fg_0000ff_bg_000000.jpg,0.2000732421875
14,15,exp_a1/148_sq\fg_921e3e_bg_ffffff.jpg,0.1962890625
15,8,exp_a1/148_sq\fg_00ffff_bg_000000.jpg,0.192138671875
16,20,exp_a1/148_sq\fg_ffff00_bg_888888.jpg,0.188232421875
17,9,exp_a1/148_sq\fg_00ffff_bg_888888.jpg,0.1875
18,0,exp_a1/148_sq\fg_000000_bg_888888.jpg,0.1849365234375
19,19,exp_a1/148_sq\fg_ffff00_bg_000000.jpg,0.1689453125
20,23,exp_a1/148_sq\fg_ffffff_bg_888888.jpg,0.1260986328125
21,17,exp_a1/148_sq\fg_ff0000_bg_888888.jpg,0.12432861328125
22,22,exp_a1/148_sq\fg_ffffff_bg_000000.jpg,0.0909423828125
23,16,exp_a1/148_sq\fg_ff0000_bg_000000.jpg,0.0731201171875
0,11,exp_a1/200_sq\fg_888888_bg_000000.jpg,0.2744140625
1,5,exp_a1/200_sq\fg_00ff00_bg_000000.jpg,0.271484375
2,19,exp_a1/200_sq\fg_ffff00_bg_000000.jpg,0.269775390625
3,10,exp_a1/200_sq\fg_00ffff_bg_ffffff.jpg,0.26025390625
4,18,exp_a1/200_sq\fg_ff0000_bg_ffffff.jpg,0.2587890625
5,8,exp_a1/200_sq\fg_00ffff_bg_000000.jpg,0.2447509765625
6,13,exp_a1/200_sq\fg_921e3e_bg_000000.jpg,0.2403564453125
7,21,exp_a1/200_sq\fg_ffff00_bg_ffffff.jpg,0.2357177734375
8,7,exp_a1/200_sq\fg_00ff00_bg_ffffff.jpg,0.234619140625
9,14,exp_a1/200_sq\fg_921e3e_bg_888888.jpg,0.21484375
10,3,exp_a1/200_sq\fg_0000ff_bg_888888.jpg,0.2119140625
11,0,exp_a1/200_sq\fg_000000_bg_888888.jpg,0.209228515625
12,2,exp_a1/200_sq\fg_0000ff_bg_000000.jpg,0.197021484375
13,20,exp_a1/200_sq\fg_ffff00_bg_888888.jpg,0.196533203125
14,22,exp_a1/200_sq\fg_ffffff_bg_000000.jpg,0.1798095703125
15,1,exp_a1/200_sq\fg_000000_bg_ffffff.jpg,0.1767578125
16,6,exp_a1/200_sq\fg_00ff00_bg_888888.jpg,0.171142578125
17,16,exp_a1/200_sq\fg_ff0000_bg_000000.jpg,0.1678466796875
18,17,exp_a1/200_sq\fg_ff0000_bg_888888.jpg,0.1585693359375
19,23,exp_a1/200_sq\fg_ffffff_bg_888888.jpg,0.150146484375
20,4,exp_a1/200_sq\fg_0000ff_bg_ffffff.jpg,0.1474609375
21,9,exp_a1/200_sq\fg_00ffff_bg_888888.jpg,0.1285400390625
22,15,exp_a1/200_sq\fg_921e3e_bg_ffffff.jpg,0.10980224609375
23,12,exp_a1/200_sq\fg_888888_bg_ffffff.jpg,0.03192138671875
0,9,exp_a1/4_sq\fg_00ffff_bg_888888.jpg,0.390625
1,17,exp_a1/4_sq\fg_ff0000_bg_888888.jpg,0.379638671875
2,14,exp_a1/4_sq\fg_921e3e_bg_888888.jpg,0.373291015625
3,6,exp_a1/4_sq\fg_00ff00_bg_888888.jpg,0.372802734375
4,20,exp_a1/4_sq\fg_ffff00_bg_888888.jpg,0.372314453125
5,0,exp_a1/4_sq\fg_000000_bg_888888.jpg,0.371826171875
6,3,exp_a1/4_sq\fg_0000ff_bg_888888.jpg,0.369873046875
7,23,exp_a1/4_sq\fg_ffffff_bg_888888.jpg,0.3603515625
8,10,exp_a1/4_sq\fg_00ffff_bg_ffffff.jpg,0.262451171875
9,15,exp_a1/4_sq\fg_921e3e_bg_ffffff.jpg,0.262451171875
10,4,exp_a1/4_sq\fg_0000ff_bg_ffffff.jpg,0.262451171875
11,7,exp_a1/4_sq\fg_00ff00_bg_ffffff.jpg,0.26220703125
12,1,exp_a1/4_sq\fg_000000_bg_ffffff.jpg,0.26220703125
13,18,exp_a1/4_sq\fg_ff0000_bg_ffffff.jpg,0.26220703125
14,12,exp_a1/4_sq\fg_888888_bg_ffffff.jpg,0.26220703125
15,21,exp_a1/4_sq\fg_ffff00_bg_ffffff.jpg,0.261962890625
16,22,exp_a1/4_sq\fg_ffffff_bg_000000.jpg,0.1395263671875
17,5,exp_a1/4_sq\fg_00ff00_bg_000000.jpg,0.1392822265625
18,16,exp_a1/4_sq\fg_ff0000_bg_000000.jpg,0.1392822265625
19,2,exp_a1/4_sq\fg_0000ff_bg_000000.jpg,0.1392822265625
20,13,exp_a1/4_sq\fg_921e3e_bg_000000.jpg,0.13916015625
21,19,exp_a1/4_sq\fg_ffff00_bg_000000.jpg,0.13916015625
22,8,exp_a1/4_sq\fg_00ffff_bg_000000.jpg,0.1390380859375
23,11,exp_a1/4_sq\fg_888888_bg_000000.jpg,0.1390380859375
0,14,exp_a1/56_sq\fg_921e3e_bg_888888.jpg,0.365478515625
1,9,exp_a1/56_sq\fg_00ffff_bg_888888.jpg,0.361328125
2,0,exp_a1/56_sq\fg_000000_bg_888888.jpg,0.361083984375
3,6,exp_a1/56_sq\fg_00ff00_bg_888888.jpg,0.359375
4,3,exp_a1/56_sq\fg_0000ff_bg_888888.jpg,0.35205078125
5,20,exp_a1/56_sq\fg_ffff00_bg_888888.jpg,0.34912109375
6,1,exp_a1/56_sq\fg_000000_bg_ffffff.jpg,0.306884765625
7,17,exp_a1/56_sq\fg_ff0000_bg_888888.jpg,0.30517578125
8,21,exp_a1/56_sq\fg_ffff00_bg_ffffff.jpg,0.298828125
9,4,exp_a1/56_sq\fg_0000ff_bg_ffffff.jpg,0.296142578125
10,10,exp_a1/56_sq\fg_00ffff_bg_ffffff.jpg,0.280029296875
11,12,exp_a1/56_sq\fg_888888_bg_ffffff.jpg,0.279296875
12,23,exp_a1/56_sq\fg_ffffff_bg_888888.jpg,0.27734375
13,7,exp_a1/56_sq\fg_00ff00_bg_ffffff.jpg,0.27685546875
14,15,exp_a1/56_sq\fg_921e3e_bg_ffffff.jpg,0.270263671875
15,18,exp_a1/56_sq\fg_ff0000_bg_ffffff.jpg,0.25439453125
16,11,exp_a1/56_sq\fg_888888_bg_000000.jpg,0.2052001953125
17,13,exp_a1/56_sq\fg_921e3e_bg_000000.jpg,0.1961669921875
18,22,exp_a1/56_sq\fg_ffffff_bg_000000.jpg,0.1658935546875
19,16,exp_a1/56_sq\fg_ff0000_bg_000000.jpg,0.16552734375
20,8,exp_a1/56_sq\fg_00ffff_bg_000000.jpg,0.1556396484375
21,19,exp_a1/56_sq\fg_ffff00_bg_000000.jpg,0.1484375
22,5,exp_a1/56_sq\fg_00ff00_bg_000000.jpg,0.146484375
23,2,exp_a1/56_sq\fg_0000ff_bg_000000.jpg,0.146240234375
0,4,exp_a1/colors\bg_888888.jpg,0.37353515625
1,8,exp_a1/colors\bg_ffffff.png,0.26220703125
2,7,exp_a1/colors\bg_ffff00.jpg,0.25830078125
3,6,exp_a1/colors\bg_ff0000.jpg,0.219970703125
4,5,exp_a1/colors\bg_921e3e.jpg,0.21435546875
5,2,exp_a1/colors\bg_00ff00.jpg,0.2073974609375
6,1,exp_a1/colors\bg_0000ff.jpg,0.207275390625
7,3,exp_a1/colors\bg_00ffff.jpg,0.206787109375
8,0,exp_a1/colors\bg_000000.jpg,0.1390380859375
