,Unnamed: 0,filepaths,similarity
0,6,exp_a1/112_sq\fg_00ff00_bg_888888.jpg,0.35107421875
1,10,exp_a1/112_sq\fg_00ffff_bg_ffffff.jpg,0.334716796875
2,14,exp_a1/112_sq\fg_921e3e_bg_888888.jpg,0.330810546875
3,21,exp_a1/112_sq\fg_ffff00_bg_ffffff.jpg,0.319580078125
4,9,exp_a1/112_sq\fg_00ffff_bg_888888.jpg,0.31005859375
5,1,exp_a1/112_sq\fg_000000_bg_ffffff.jpg,0.30615234375
6,7,exp_a1/112_sq\fg_00ff00_bg_ffffff.jpg,0.302490234375
7,12,exp_a1/112_sq\fg_888888_bg_ffffff.jpg,0.293701171875
8,4,exp_a1/112_sq\fg_0000ff_bg_ffffff.jpg,0.29296875
9,3,exp_a1/112_sq\fg_0000ff_bg_888888.jpg,0.280517578125
10,18,exp_a1/112_sq\fg_ff0000_bg_ffffff.jpg,0.279541015625
11,5,exp_a1/112_sq\fg_00ff00_bg_000000.jpg,0.27392578125
12,15,exp_a1/112_sq\fg_921e3e_bg_ffffff.jpg,0.272216796875
13,13,exp_a1/112_sq\fg_921e3e_bg_000000.jpg,0.264892578125
14,11,exp_a1/112_sq\fg_888888_bg_000000.jpg,0.2646484375
15,8,exp_a1/112_sq\fg_00ffff_bg_000000.jpg,0.2464599609375
16,2,exp_a1/112_sq\fg_0000ff_bg_000000.jpg,0.2255859375
17,16,exp_a1/112_sq\fg_ff0000_bg_000000.jpg,0.220458984375
18,22,exp_a1/112_sq\fg_ffffff_bg_000000.jpg,0.218994140625
19,19,exp_a1/112_sq\fg_ffff00_bg_000000.jpg,0.2181396484375
20,0,exp_a1/112_sq\fg_000000_bg_888888.jpg,0.212890625
21,20,exp_a1/112_sq\fg_ffff00_bg_888888.jpg,0.2080078125
22,23,exp_a1/112_sq\fg_ffffff_bg_888888.jpg,0.2022705078125
23,17,exp_a1/112_sq\fg_ff0000_bg_888888.jpg,0.1988525390625
0,14,exp_a1/12_sq\fg_921e3e_bg_888888.jpg,0.391357421875
1,3,exp_a1/12_sq\fg_0000ff_bg_888888.jpg,0.387939453125
2,0,exp_a1/12_sq\fg_000000_bg_888888.jpg,0.38623046875
3,23,exp_a1/12_sq\fg_ffffff_bg_888888.jpg,0.385009765625
4,6,exp_a1/12_sq\fg_00ff00_bg_888888.jpg,0.37060546875
5,20,exp_a1/12_sq\fg_ffff00_bg_888888.jpg,0.370361328125
6,9,exp_a1/12_sq\fg_00ffff_bg_888888.jpg,0.363037109375
7,17,exp_a1/12_sq\fg_ff0000_bg_888888.jpg,0.359130859375
8,12,exp_a1/12_sq\fg_888888_bg_ffffff.jpg,0.29443359375
9,15,exp_a1/12_sq\fg_921e3e_bg_ffffff.jpg,0.293212890625
10,4,exp_a1/12_sq\fg_0000ff_bg_ffffff.jpg,0.290771484375
11,1,exp_a1/12_sq\fg_000000_bg_ffffff.jpg,0.288818359375
12,18,exp_a1/12_sq\fg_ff0000_bg_ffffff.jpg,0.287841796875
13,7,exp_a1/12_sq\fg_00ff00_bg_ffffff.jpg,0.287841796875
14,10,exp_a1/12_sq\fg_00ffff_bg_ffffff.jpg,0.28759765625
15,21,exp_a1/12_sq\fg_ffff00_bg_ffffff.jpg,0.28759765625
16,22,exp_a1/12_sq\fg_ffffff_bg_000000.jpg,0.1868896484375
17,16,exp_a1/12_sq\fg_ff0000_bg_000000.jpg,0.1864013671875
18,11,exp_a1/12_sq\fg_888888_bg_000000.jpg,0.1859130859375
19,8,exp_a1/12_sq\fg_00ffff_bg_000000.jpg,0.18505859375
20,19,exp_a1/12_sq\fg_ffff00_bg_000000.jpg,0.1846923828125
21,5,exp_a1/12_sq\fg_00ff00_bg_000000.jpg,0.1845703125
22,13,exp_a1/12_sq\fg_921e3e_bg_000000.jpg,0.183837890625
23,2,exp_a1/12_sq\fg_0000ff_bg_000000.jpg,0.1832275390625
0,10,exp_a1/148_sq\fg_00ffff_bg_ffffff.jpg,0.34228515625
1,21,exp_a1/148_sq\fg_ffff00_bg_ffffff.jpg,0.3369140625
2,1,exp_a1/148_sq\fg_000000_bg_ffffff.jpg,0.308837890625
3,7,exp_a1/148_sq\fg_00ff00_bg_ffffff.jpg,0.3076171875
4,6,exp_a1/148_sq\fg_00ff00_bg_888888.jpg,0.292236328125
5,4,exp_a1/148_sq\fg_0000ff_bg_ffffff.jpg,0.290771484375
6,5,exp_a1/148_sq\fg_00ff00_bg_000000.jpg,0.285888671875
7,18,exp_a1/148_sq\fg_ff0000_bg_ffffff.jpg,0.27783203125
8,12,exp_a1/148_sq\fg_888888_bg_ffffff.jpg,0.262451171875
9,13,exp_a1/148_sq\fg_921e3e_bg_000000.jpg,0.260986328125
10,2,exp_a1/148_sq\fg_0000ff_bg_000000.jpg,0.25
11,11,exp_a1/148_sq\fg_888888_bg_000000.jpg,0.2318115234375
12,8,exp_a1/148_sq\fg_00ffff_bg_000000.jpg,0.2266845703125
13,15,exp_a1/148_sq\fg_921e3e_bg_ffffff.jpg,0.2220458984375
14,19,exp_a1/148_sq\fg_ffff00_bg_000000.jpg,0.221923828125
15,14,exp_a1/148_sq\fg_921e3e_bg_888888.jpg,0.19287109375
16,9,exp_a1/148_sq\fg_00ffff_bg_888888.jpg,0.1920166015625
17,20,exp_a1/148_sq\fg_ffff00_bg_888888.jpg,0.1851806640625
18,3,exp_a1/148_sq\fg_0000ff_bg_888888.jpg,0.18310546875
19,17,exp_a1/148_sq\fg_ff0000_bg_888888.jpg,0.1658935546875
20,23,exp_a1/148_sq\fg_ffffff_bg_888888.jpg,0.162353515625
21,0,exp_a1/148_sq\fg_000000_bg_888888.jpg,0.1578369140625
22,22,exp_a1/148_sq\fg_ffffff_bg_000000.jpg,0.156494140625
23,16,exp_a1/148_sq\fg_ff0000_bg_000000.jpg,0.1358642578125
0,5,exp_a1/200_sq\fg_00ff00_bg_000000.jpg,0.311279296875
1,19,exp_a1/200_sq\fg_ffff00_bg_000000.jpg,0.3056640625
2,18,exp_a1/200_sq\fg_ff0000_bg_ffffff.jpg,0.284912109375
3,11,exp_a1/200_sq\fg_888888_bg_000000.jpg,0.28125
4,8,exp_a1/200_sq\fg_00ffff_bg_000000.jpg,0.275634765625
5,10,exp_a1/200_sq\fg_00ffff_bg_ffffff.jpg,0.274169921875
6,21,exp_a1/200_sq\fg_ffff00_bg_ffffff.jpg,0.25634765625
7,13,exp_a1/200_sq\fg_921e3e_bg_000000.jpg,0.253173828125
8,2,exp_a1/200_sq\fg_0000ff_bg_000000.jpg,0.241943359375
9,7,exp_a1/200_sq\fg_00ff00_bg_ffffff.jpg,0.2335205078125
10,22,exp_a1/200_sq\fg_ffffff_bg_000000.jpg,0.2186279296875
11,0,exp_a1/200_sq\fg_000000_bg_888888.jpg,0.21826171875
12,16,exp_a1/200_sq\fg_ff0000_bg_000000.jpg,0.2073974609375
13,20,exp_a1/200_sq\fg_ffff00_bg_888888.jpg,0.1983642578125
14,14,exp_a1/200_sq\fg_921e3e_bg_888888.jpg,0.194580078125
15,3,exp_a1/200_sq\fg_0000ff_bg_888888.jpg,0.1939697265625
16,6,exp_a1/200_sq\fg_00ff00_bg_888888.jpg,0.188232421875
17,1,exp_a1/200_sq\fg_000000_bg_ffffff.jpg,0.17578125
18,17,exp_a1/200_sq\fg_ff0000_bg_888888.jpg,0.16162109375
19,23,exp_a1/200_sq\fg_ffffff_bg_888888.jpg,0.156982421875
20,4,exp_a1/200_sq\fg_0000ff_bg_ffffff.jpg,0.1561279296875
21,9,exp_a1/200_sq\fg_00ffff_bg_888888.jpg,0.134765625
22,15,exp_a1/200_sq\fg_921e3e_bg_ffffff.jpg,0.1273193359375
23,12,exp_a1/200_sq\fg_888888_bg_ffffff.jpg,0.04119873046875
0,9,exp_a1/4_sq\fg_00ffff_bg_888888.jpg,0.41064453125
1,0,exp_a1/4_sq\fg_000000_bg_888888.jpg,0.410400390625
2,3,exp_a1/4_sq\fg_0000ff_bg_888888.jpg,0.407958984375
3,14,exp_a1/4_sq\fg_921e3e_bg_888888.jpg,0.40625
4,17,exp_a1/4_sq\fg_ff0000_bg_888888.jpg,0.40576171875
5,6,exp_a1/4_sq\fg_00ff00_bg_888888.jpg,0.403076171875
6,20,exp_a1/4_sq\fg_ffff00_bg_888888.jpg,0.402587890625
7,23,exp_a1/4_sq\fg_ffffff_bg_888888.jpg,0.4013671875
8,10,exp_a1/4_sq\fg_00ffff_bg_ffffff.jpg,0.2880859375
9,7,exp_a1/4_sq\fg_00ff00_bg_ffffff.jpg,0.28759765625
10,1,exp_a1/4_sq\fg_000000_bg_ffffff.jpg,0.28759765625
11,15,exp_a1/4_sq\fg_921e3e_bg_ffffff.jpg,0.28759765625
12,4,exp_a1/4_sq\fg_0000ff_bg_ffffff.jpg,0.28759765625
13,18,exp_a1/4_sq\fg_ff0000_bg_ffffff.jpg,0.28759765625
14,12,exp_a1/4_sq\fg_888888_bg_ffffff.jpg,0.28759765625
15,21,exp_a1/4_sq\fg_ffff00_bg_ffffff.jpg,0.287353515625
16,22,exp_a1/4_sq\fg_ffffff_bg_000000.jpg,0.183837890625
17,5,exp_a1/4_sq\fg_00ff00_bg_000000.jpg,0.18359375
18,8,exp_a1/4_sq\fg_00ffff_bg_000000.jpg,0.183349609375
19,13,exp_a1/4_sq\fg_921e3e_bg_000000.jpg,0.183349609375
20,16,exp_a1/4_sq\fg_ff0000_bg_000000.jpg,0.183349609375
21,2,exp_a1/4_sq\fg_0000ff_bg_000000.jpg,0.183349609375
22,11,exp_a1/4_sq\fg_888888_bg_000000.jpg,0.1832275390625
23,19,exp_a1/4_sq\fg_ffff00_bg_000000.jpg,0.1832275390625
0,14,exp_a1/56_sq\fg_921e3e_bg_888888.jpg,0.3955078125
1,6,exp_a1/56_sq\fg_00ff00_bg_888888.jpg,0.39501953125
2,9,exp_a1/56_sq\fg_00ffff_bg_888888.jpg,0.382568359375
3,0,exp_a1/56_sq\fg_000000_bg_888888.jpg,0.375244140625
4,3,exp_a1/56_sq\fg_0000ff_bg_888888.jpg,0.369873046875
5,20,exp_a1/56_sq\fg_ffff00_bg_888888.jpg,0.355224609375
6,21,exp_a1/56_sq\fg_ffff00_bg_ffffff.jpg,0.327880859375
7,1,exp_a1/56_sq\fg_000000_bg_ffffff.jpg,0.324951171875
8,10,exp_a1/56_sq\fg_00ffff_bg_ffffff.jpg,0.31396484375
9,4,exp_a1/56_sq\fg_0000ff_bg_ffffff.jpg,0.3134765625
10,7,exp_a1/56_sq\fg_00ff00_bg_ffffff.jpg,0.308837890625
11,17,exp_a1/56_sq\fg_ff0000_bg_888888.jpg,0.304443359375
12,12,exp_a1/56_sq\fg_888888_bg_ffffff.jpg,0.300537109375
13,15,exp_a1/56_sq\fg_921e3e_bg_ffffff.jpg,0.29052734375
14,18,exp_a1/56_sq\fg_ff0000_bg_ffffff.jpg,0.27978515625
15,23,exp_a1/56_sq\fg_ffffff_bg_888888.jpg,0.263671875
16,13,exp_a1/56_sq\fg_921e3e_bg_000000.jpg,0.2529296875
17,11,exp_a1/56_sq\fg_888888_bg_000000.jpg,0.2490234375
18,22,exp_a1/56_sq\fg_ffffff_bg_000000.jpg,0.21435546875
19,16,exp_a1/56_sq\fg_ff0000_bg_000000.jpg,0.21337890625
20,19,exp_a1/56_sq\fg_ffff00_bg_000000.jpg,0.2071533203125
21,8,exp_a1/56_sq\fg_00ffff_bg_000000.jpg,0.203369140625
22,5,exp_a1/56_sq\fg_00ff00_bg_000000.jpg,0.1971435546875
23,2,exp_a1/56_sq\fg_0000ff_bg_000000.jpg,0.1953125
0,4,exp_a1/colors\bg_888888.jpg,0.410888671875
1,8,exp_a1/colors\bg_ffffff.png,0.287841796875
2,7,exp_a1/colors\bg_ffff00.jpg,0.28271484375
3,6,exp_a1/colors\bg_ff0000.jpg,0.25341796875
4,2,exp_a1/colors\bg_00ff00.jpg,0.2337646484375
5,5,exp_a1/colors\bg_921e3e.jpg,0.2330322265625
6,1,exp_a1/colors\bg_0000ff.jpg,0.22900390625
7,3,exp_a1/colors\bg_00ffff.jpg,0.22265625
8,0,exp_a1/colors\bg_000000.jpg,0.18359375
