,Unnamed: 0,filepaths,similarity
0,21,exp_a1/112_sq\fg_ffff00_bg_ffffff.jpg,0.280517578125
1,3,exp_a1/112_sq\fg_0000ff_bg_888888.jpg,0.280029296875
2,20,exp_a1/112_sq\fg_ffff00_bg_888888.jpg,0.279052734375
3,4,exp_a1/112_sq\fg_0000ff_bg_ffffff.jpg,0.279052734375
4,1,exp_a1/112_sq\fg_000000_bg_ffffff.jpg,0.2763671875
5,18,exp_a1/112_sq\fg_ff0000_bg_ffffff.jpg,0.275146484375
6,10,exp_a1/112_sq\fg_00ffff_bg_ffffff.jpg,0.273193359375
7,7,exp_a1/112_sq\fg_00ff00_bg_ffffff.jpg,0.272705078125
8,15,exp_a1/112_sq\fg_921e3e_bg_ffffff.jpg,0.272216796875
9,23,exp_a1/112_sq\fg_ffffff_bg_888888.jpg,0.26416015625
10,9,exp_a1/112_sq\fg_00ffff_bg_888888.jpg,0.2626953125
11,14,exp_a1/112_sq\fg_921e3e_bg_888888.jpg,0.2626953125
12,22,exp_a1/112_sq\fg_ffffff_bg_000000.jpg,0.262451171875
13,13,exp_a1/112_sq\fg_921e3e_bg_000000.jpg,0.261962890625
14,17,exp_a1/112_sq\fg_ff0000_bg_888888.jpg,0.260986328125
15,2,exp_a1/112_sq\fg_0000ff_bg_000000.jpg,0.258056640625
16,19,exp_a1/112_sq\fg_ffff00_bg_000000.jpg,0.25634765625
17,16,exp_a1/112_sq\fg_ff0000_bg_000000.jpg,0.25341796875
18,8,exp_a1/112_sq\fg_00ffff_bg_000000.jpg,0.251953125
19,6,exp_a1/112_sq\fg_00ff00_bg_888888.jpg,0.25048828125
20,5,exp_a1/112_sq\fg_00ff00_bg_000000.jpg,0.245361328125
21,0,exp_a1/112_sq\fg_000000_bg_888888.jpg,0.243896484375
22,11,exp_a1/112_sq\fg_888888_bg_000000.jpg,0.23388671875
23,12,exp_a1/112_sq\fg_888888_bg_ffffff.jpg,0.23095703125
0,10,exp_a1/12_sq\fg_00ffff_bg_ffffff.jpg,0.273193359375
1,18,exp_a1/12_sq\fg_ff0000_bg_ffffff.jpg,0.27001953125
2,22,exp_a1/12_sq\fg_ffffff_bg_000000.jpg,0.269287109375
3,8,exp_a1/12_sq\fg_00ffff_bg_000000.jpg,0.269287109375
4,15,exp_a1/12_sq\fg_921e3e_bg_ffffff.jpg,0.26806640625
5,2,exp_a1/12_sq\fg_0000ff_bg_000000.jpg,0.26708984375
6,1,exp_a1/12_sq\fg_000000_bg_ffffff.jpg,0.266845703125
7,14,exp_a1/12_sq\fg_921e3e_bg_888888.jpg,0.266845703125
8,9,exp_a1/12_sq\fg_00ffff_bg_888888.jpg,0.265869140625
9,13,exp_a1/12_sq\fg_921e3e_bg_000000.jpg,0.2646484375
10,11,exp_a1/12_sq\fg_888888_bg_000000.jpg,0.264404296875
11,12,exp_a1/12_sq\fg_888888_bg_ffffff.jpg,0.263427734375
12,5,exp_a1/12_sq\fg_00ff00_bg_000000.jpg,0.263427734375
13,17,exp_a1/12_sq\fg_ff0000_bg_888888.jpg,0.261962890625
14,4,exp_a1/12_sq\fg_0000ff_bg_ffffff.jpg,0.261962890625
15,21,exp_a1/12_sq\fg_ffff00_bg_ffffff.jpg,0.261962890625
16,0,exp_a1/12_sq\fg_000000_bg_888888.jpg,0.26171875
17,3,exp_a1/12_sq\fg_0000ff_bg_888888.jpg,0.261474609375
18,7,exp_a1/12_sq\fg_00ff00_bg_ffffff.jpg,0.260498046875
19,16,exp_a1/12_sq\fg_ff0000_bg_000000.jpg,0.26025390625
20,19,exp_a1/12_sq\fg_ffff00_bg_000000.jpg,0.259765625
21,20,exp_a1/12_sq\fg_ffff00_bg_888888.jpg,0.25732421875
22,23,exp_a1/12_sq\fg_ffffff_bg_888888.jpg,0.255859375
23,6,exp_a1/12_sq\fg_00ff00_bg_888888.jpg,0.2479248046875
0,4,exp_a1/148_sq\fg_0000ff_bg_ffffff.jpg,0.27490234375
1,18,exp_a1/148_sq\fg_ff0000_bg_ffffff.jpg,0.27490234375
2,21,exp_a1/148_sq\fg_ffff00_bg_ffffff.jpg,0.27197265625
3,1,exp_a1/148_sq\fg_000000_bg_ffffff.jpg,0.270263671875
4,10,exp_a1/148_sq\fg_00ffff_bg_ffffff.jpg,0.27001953125
5,3,exp_a1/148_sq\fg_0000ff_bg_888888.jpg,0.268310546875
6,7,exp_a1/148_sq\fg_00ff00_bg_ffffff.jpg,0.267822265625
7,15,exp_a1/148_sq\fg_921e3e_bg_ffffff.jpg,0.266845703125
8,22,exp_a1/148_sq\fg_ffffff_bg_000000.jpg,0.263427734375
9,13,exp_a1/148_sq\fg_921e3e_bg_000000.jpg,0.26318359375
10,20,exp_a1/148_sq\fg_ffff00_bg_888888.jpg,0.259765625
11,2,exp_a1/148_sq\fg_0000ff_bg_000000.jpg,0.259765625
12,19,exp_a1/148_sq\fg_ffff00_bg_000000.jpg,0.258056640625
13,9,exp_a1/148_sq\fg_00ffff_bg_888888.jpg,0.255859375
14,14,exp_a1/148_sq\fg_921e3e_bg_888888.jpg,0.254638671875
15,0,exp_a1/148_sq\fg_000000_bg_888888.jpg,0.25390625
16,16,exp_a1/148_sq\fg_ff0000_bg_000000.jpg,0.253173828125
17,23,exp_a1/148_sq\fg_ffffff_bg_888888.jpg,0.2509765625
18,8,exp_a1/148_sq\fg_00ffff_bg_000000.jpg,0.2474365234375
19,17,exp_a1/148_sq\fg_ff0000_bg_888888.jpg,0.2469482421875
20,11,exp_a1/148_sq\fg_888888_bg_000000.jpg,0.239990234375
21,5,exp_a1/148_sq\fg_00ff00_bg_000000.jpg,0.23876953125
22,12,exp_a1/148_sq\fg_888888_bg_ffffff.jpg,0.2322998046875
23,6,exp_a1/148_sq\fg_00ff00_bg_888888.jpg,0.214111328125
0,3,exp_a1/200_sq\fg_0000ff_bg_888888.jpg,0.273681640625
1,10,exp_a1/200_sq\fg_00ffff_bg_ffffff.jpg,0.2724609375
2,9,exp_a1/200_sq\fg_00ffff_bg_888888.jpg,0.268310546875
3,21,exp_a1/200_sq\fg_ffff00_bg_ffffff.jpg,0.26708984375
4,8,exp_a1/200_sq\fg_00ffff_bg_000000.jpg,0.2666015625
5,22,exp_a1/200_sq\fg_ffffff_bg_000000.jpg,0.265625
6,4,exp_a1/200_sq\fg_0000ff_bg_ffffff.jpg,0.265380859375
7,20,exp_a1/200_sq\fg_ffff00_bg_888888.jpg,0.263916015625
8,1,exp_a1/200_sq\fg_000000_bg_ffffff.jpg,0.263671875
9,0,exp_a1/200_sq\fg_000000_bg_888888.jpg,0.26318359375
10,18,exp_a1/200_sq\fg_ff0000_bg_ffffff.jpg,0.26123046875
11,15,exp_a1/200_sq\fg_921e3e_bg_ffffff.jpg,0.260498046875
12,7,exp_a1/200_sq\fg_00ff00_bg_ffffff.jpg,0.260009765625
13,5,exp_a1/200_sq\fg_00ff00_bg_000000.jpg,0.260009765625
14,19,exp_a1/200_sq\fg_ffff00_bg_000000.jpg,0.260009765625
15,13,exp_a1/200_sq\fg_921e3e_bg_000000.jpg,0.259033203125
16,6,exp_a1/200_sq\fg_00ff00_bg_888888.jpg,0.2587890625
17,14,exp_a1/200_sq\fg_921e3e_bg_888888.jpg,0.2587890625
18,17,exp_a1/200_sq\fg_ff0000_bg_888888.jpg,0.258056640625
19,2,exp_a1/200_sq\fg_0000ff_bg_000000.jpg,0.25634765625
20,16,exp_a1/200_sq\fg_ff0000_bg_000000.jpg,0.255615234375
21,23,exp_a1/200_sq\fg_ffffff_bg_888888.jpg,0.25048828125
22,12,exp_a1/200_sq\fg_888888_bg_ffffff.jpg,0.2169189453125
23,11,exp_a1/200_sq\fg_888888_bg_000000.jpg,0.203369140625
0,18,exp_a1/4_sq\fg_ff0000_bg_ffffff.jpg,0.262939453125
1,13,exp_a1/4_sq\fg_921e3e_bg_000000.jpg,0.262939453125
2,11,exp_a1/4_sq\fg_888888_bg_000000.jpg,0.262451171875
3,12,exp_a1/4_sq\fg_888888_bg_ffffff.jpg,0.26123046875
4,2,exp_a1/4_sq\fg_0000ff_bg_000000.jpg,0.26025390625
5,19,exp_a1/4_sq\fg_ffff00_bg_000000.jpg,0.26025390625
6,1,exp_a1/4_sq\fg_000000_bg_ffffff.jpg,0.260009765625
7,10,exp_a1/4_sq\fg_00ffff_bg_ffffff.jpg,0.260009765625
8,22,exp_a1/4_sq\fg_ffffff_bg_000000.jpg,0.259521484375
9,8,exp_a1/4_sq\fg_00ffff_bg_000000.jpg,0.2587890625
10,16,exp_a1/4_sq\fg_ff0000_bg_000000.jpg,0.258056640625
11,15,exp_a1/4_sq\fg_921e3e_bg_ffffff.jpg,0.257568359375
12,0,exp_a1/4_sq\fg_000000_bg_888888.jpg,0.257080078125
13,9,exp_a1/4_sq\fg_00ffff_bg_888888.jpg,0.255859375
14,5,exp_a1/4_sq\fg_00ff00_bg_000000.jpg,0.255859375
15,4,exp_a1/4_sq\fg_0000ff_bg_ffffff.jpg,0.25439453125
16,7,exp_a1/4_sq\fg_00ff00_bg_ffffff.jpg,0.253662109375
17,3,exp_a1/4_sq\fg_0000ff_bg_888888.jpg,0.25341796875
18,21,exp_a1/4_sq\fg_ffff00_bg_ffffff.jpg,0.251708984375
19,23,exp_a1/4_sq\fg_ffffff_bg_888888.jpg,0.25048828125
20,14,exp_a1/4_sq\fg_921e3e_bg_888888.jpg,0.2490234375
21,20,exp_a1/4_sq\fg_ffff00_bg_888888.jpg,0.2373046875
22,6,exp_a1/4_sq\fg_00ff00_bg_888888.jpg,0.236083984375
23,17,exp_a1/4_sq\fg_ff0000_bg_888888.jpg,0.2281494140625
0,4,exp_a1/56_sq\fg_0000ff_bg_ffffff.jpg,0.28271484375
1,10,exp_a1/56_sq\fg_00ffff_bg_ffffff.jpg,0.28173828125
2,21,exp_a1/56_sq\fg_ffff00_bg_ffffff.jpg,0.28076171875
3,7,exp_a1/56_sq\fg_00ff00_bg_ffffff.jpg,0.278564453125
4,18,exp_a1/56_sq\fg_ff0000_bg_ffffff.jpg,0.276611328125
5,1,exp_a1/56_sq\fg_000000_bg_ffffff.jpg,0.2763671875
6,15,exp_a1/56_sq\fg_921e3e_bg_ffffff.jpg,0.275146484375
7,3,exp_a1/56_sq\fg_0000ff_bg_888888.jpg,0.272705078125
8,8,exp_a1/56_sq\fg_00ffff_bg_000000.jpg,0.270263671875
9,2,exp_a1/56_sq\fg_0000ff_bg_000000.jpg,0.26953125
10,20,exp_a1/56_sq\fg_ffff00_bg_888888.jpg,0.26904296875
11,22,exp_a1/56_sq\fg_ffffff_bg_000000.jpg,0.26708984375
12,13,exp_a1/56_sq\fg_921e3e_bg_000000.jpg,0.265869140625
13,19,exp_a1/56_sq\fg_ffff00_bg_000000.jpg,0.261962890625
14,5,exp_a1/56_sq\fg_00ff00_bg_000000.jpg,0.260986328125
15,11,exp_a1/56_sq\fg_888888_bg_000000.jpg,0.2607421875
16,9,exp_a1/56_sq\fg_00ffff_bg_888888.jpg,0.25830078125
17,16,exp_a1/56_sq\fg_ff0000_bg_000000.jpg,0.258056640625
18,17,exp_a1/56_sq\fg_ff0000_bg_888888.jpg,0.258056640625
19,14,exp_a1/56_sq\fg_921e3e_bg_888888.jpg,0.255615234375
20,12,exp_a1/56_sq\fg_888888_bg_ffffff.jpg,0.255126953125
21,23,exp_a1/56_sq\fg_ffffff_bg_888888.jpg,0.25390625
22,6,exp_a1/56_sq\fg_00ff00_bg_888888.jpg,0.25341796875
23,0,exp_a1/56_sq\fg_000000_bg_888888.jpg,0.249755859375
0,0,exp_a1/colors\bg_000000.jpg,0.26318359375
1,6,exp_a1/colors\bg_ff0000.jpg,0.2626953125
2,5,exp_a1/colors\bg_921e3e.jpg,0.261962890625
3,1,exp_a1/colors\bg_0000ff.jpg,0.260498046875
4,8,exp_a1/colors\bg_ffffff.png,0.25634765625
5,3,exp_a1/colors\bg_00ffff.jpg,0.252197265625
6,2,exp_a1/colors\bg_00ff00.jpg,0.2490234375
7,7,exp_a1/colors\bg_ffff00.jpg,0.248291015625
8,4,exp_a1/colors\bg_888888.jpg,0.2215576171875
