,Unnamed: 0,filepaths,similarity
0,14,exp_a1/112_sq\fg_921e3e_bg_888888.jpg,0.347412109375
1,3,exp_a1/112_sq\fg_0000ff_bg_888888.jpg,0.316650390625
2,6,exp_a1/112_sq\fg_00ff00_bg_888888.jpg,0.302001953125
3,9,exp_a1/112_sq\fg_00ffff_bg_888888.jpg,0.295654296875
4,0,exp_a1/112_sq\fg_000000_bg_888888.jpg,0.284912109375
5,20,exp_a1/112_sq\fg_ffff00_bg_888888.jpg,0.276611328125
6,21,exp_a1/112_sq\fg_ffff00_bg_ffffff.jpg,0.273681640625
7,10,exp_a1/112_sq\fg_00ffff_bg_ffffff.jpg,0.2734375
8,12,exp_a1/112_sq\fg_888888_bg_ffffff.jpg,0.268310546875
9,1,exp_a1/112_sq\fg_000000_bg_ffffff.jpg,0.257568359375
10,7,exp_a1/112_sq\fg_00ff00_bg_ffffff.jpg,0.252197265625
11,11,exp_a1/112_sq\fg_888888_bg_000000.jpg,0.2379150390625
12,4,exp_a1/112_sq\fg_0000ff_bg_ffffff.jpg,0.23583984375
13,18,exp_a1/112_sq\fg_ff0000_bg_ffffff.jpg,0.231689453125
14,5,exp_a1/112_sq\fg_00ff00_bg_000000.jpg,0.2283935546875
15,15,exp_a1/112_sq\fg_921e3e_bg_ffffff.jpg,0.227294921875
16,13,exp_a1/112_sq\fg_921e3e_bg_000000.jpg,0.2230224609375
17,8,exp_a1/112_sq\fg_00ffff_bg_000000.jpg,0.2066650390625
18,23,exp_a1/112_sq\fg_ffffff_bg_888888.jpg,0.18359375
19,17,exp_a1/112_sq\fg_ff0000_bg_888888.jpg,0.1826171875
20,2,exp_a1/112_sq\fg_0000ff_bg_000000.jpg,0.177978515625
21,16,exp_a1/112_sq\fg_ff0000_bg_000000.jpg,0.1749267578125
22,22,exp_a1/112_sq\fg_ffffff_bg_000000.jpg,0.1741943359375
23,19,exp_a1/112_sq\fg_ffff00_bg_000000.jpg,0.1614990234375
0,23,exp_a1/12_sq\fg_ffffff_bg_888888.jpg,0.34375
1,3,exp_a1/12_sq\fg_0000ff_bg_888888.jpg,0.332275390625
2,14,exp_a1/12_sq\fg_921e3e_bg_888888.jpg,0.330078125
3,0,exp_a1/12_sq\fg_000000_bg_888888.jpg,0.325927734375
4,20,exp_a1/12_sq\fg_ffff00_bg_888888.jpg,0.322998046875
5,6,exp_a1/12_sq\fg_00ff00_bg_888888.jpg,0.311767578125
6,17,exp_a1/12_sq\fg_ff0000_bg_888888.jpg,0.306396484375
7,9,exp_a1/12_sq\fg_00ffff_bg_888888.jpg,0.30615234375
8,12,exp_a1/12_sq\fg_888888_bg_ffffff.jpg,0.2427978515625
9,15,exp_a1/12_sq\fg_921e3e_bg_ffffff.jpg,0.241943359375
10,4,exp_a1/12_sq\fg_0000ff_bg_ffffff.jpg,0.240478515625
11,1,exp_a1/12_sq\fg_000000_bg_ffffff.jpg,0.2391357421875
12,18,exp_a1/12_sq\fg_ff0000_bg_ffffff.jpg,0.23876953125
13,7,exp_a1/12_sq\fg_00ff00_bg_ffffff.jpg,0.2384033203125
14,10,exp_a1/12_sq\fg_00ffff_bg_ffffff.jpg,0.23828125
15,21,exp_a1/12_sq\fg_ffff00_bg_ffffff.jpg,0.23828125
16,11,exp_a1/12_sq\fg_888888_bg_000000.jpg,0.142333984375
17,22,exp_a1/12_sq\fg_ffffff_bg_000000.jpg,0.1422119140625
18,16,exp_a1/12_sq\fg_ff0000_bg_000000.jpg,0.141845703125
19,8,exp_a1/12_sq\fg_00ffff_bg_000000.jpg,0.141845703125
20,5,exp_a1/12_sq\fg_00ff00_bg_000000.jpg,0.1416015625
21,19,exp_a1/12_sq\fg_ffff00_bg_000000.jpg,0.1416015625
22,13,exp_a1/12_sq\fg_921e3e_bg_000000.jpg,0.140869140625
23,2,exp_a1/12_sq\fg_0000ff_bg_000000.jpg,0.1402587890625
0,10,exp_a1/148_sq\fg_00ffff_bg_ffffff.jpg,0.300048828125
1,21,exp_a1/148_sq\fg_ffff00_bg_ffffff.jpg,0.284912109375
2,14,exp_a1/148_sq\fg_921e3e_bg_888888.jpg,0.269775390625
3,1,exp_a1/148_sq\fg_000000_bg_ffffff.jpg,0.267822265625
4,7,exp_a1/148_sq\fg_00ff00_bg_ffffff.jpg,0.258056640625
5,3,exp_a1/148_sq\fg_0000ff_bg_888888.jpg,0.255859375
6,6,exp_a1/148_sq\fg_00ff00_bg_888888.jpg,0.254638671875
7,4,exp_a1/148_sq\fg_0000ff_bg_ffffff.jpg,0.25341796875
8,12,exp_a1/148_sq\fg_888888_bg_ffffff.jpg,0.2509765625
9,0,exp_a1/148_sq\fg_000000_bg_888888.jpg,0.2447509765625
10,5,exp_a1/148_sq\fg_00ff00_bg_000000.jpg,0.2435302734375
11,9,exp_a1/148_sq\fg_00ffff_bg_888888.jpg,0.232666015625
12,11,exp_a1/148_sq\fg_888888_bg_000000.jpg,0.232666015625
13,18,exp_a1/148_sq\fg_ff0000_bg_ffffff.jpg,0.2301025390625
14,20,exp_a1/148_sq\fg_ffff00_bg_888888.jpg,0.2293701171875
15,13,exp_a1/148_sq\fg_921e3e_bg_000000.jpg,0.2244873046875
16,2,exp_a1/148_sq\fg_0000ff_bg_000000.jpg,0.197998046875
17,8,exp_a1/148_sq\fg_00ffff_bg_000000.jpg,0.18505859375
18,15,exp_a1/148_sq\fg_921e3e_bg_ffffff.jpg,0.1685791015625
19,19,exp_a1/148_sq\fg_ffff00_bg_000000.jpg,0.1658935546875
20,23,exp_a1/148_sq\fg_ffffff_bg_888888.jpg,0.1634521484375
21,17,exp_a1/148_sq\fg_ff0000_bg_888888.jpg,0.158203125
22,22,exp_a1/148_sq\fg_ffffff_bg_000000.jpg,0.132568359375
23,16,exp_a1/148_sq\fg_ff0000_bg_000000.jpg,0.10931396484375
0,5,exp_a1/200_sq\fg_00ff00_bg_000000.jpg,0.2744140625
1,19,exp_a1/200_sq\fg_ffff00_bg_000000.jpg,0.2626953125
2,3,exp_a1/200_sq\fg_0000ff_bg_888888.jpg,0.257080078125
3,0,exp_a1/200_sq\fg_000000_bg_888888.jpg,0.2568359375
4,14,exp_a1/200_sq\fg_921e3e_bg_888888.jpg,0.256103515625
5,11,exp_a1/200_sq\fg_888888_bg_000000.jpg,0.24853515625
6,8,exp_a1/200_sq\fg_00ffff_bg_000000.jpg,0.240234375
7,18,exp_a1/200_sq\fg_ff0000_bg_ffffff.jpg,0.234375
8,13,exp_a1/200_sq\fg_921e3e_bg_000000.jpg,0.2227783203125
9,10,exp_a1/200_sq\fg_00ffff_bg_ffffff.jpg,0.2176513671875
10,7,exp_a1/200_sq\fg_00ff00_bg_ffffff.jpg,0.193603515625
11,2,exp_a1/200_sq\fg_0000ff_bg_000000.jpg,0.1885986328125
12,21,exp_a1/200_sq\fg_ffff00_bg_ffffff.jpg,0.183837890625
13,22,exp_a1/200_sq\fg_ffffff_bg_000000.jpg,0.1748046875
14,16,exp_a1/200_sq\fg_ff0000_bg_000000.jpg,0.1663818359375
15,20,exp_a1/200_sq\fg_ffff00_bg_888888.jpg,0.1578369140625
16,17,exp_a1/200_sq\fg_ff0000_bg_888888.jpg,0.15673828125
17,6,exp_a1/200_sq\fg_00ff00_bg_888888.jpg,0.155517578125
18,23,exp_a1/200_sq\fg_ffffff_bg_888888.jpg,0.1478271484375
19,9,exp_a1/200_sq\fg_00ffff_bg_888888.jpg,0.142822265625
20,1,exp_a1/200_sq\fg_000000_bg_ffffff.jpg,0.1392822265625
21,4,exp_a1/200_sq\fg_0000ff_bg_ffffff.jpg,0.1077880859375
22,15,exp_a1/200_sq\fg_921e3e_bg_ffffff.jpg,0.08233642578125
23,12,exp_a1/200_sq\fg_888888_bg_ffffff.jpg,0.006626129150390625
0,3,exp_a1/4_sq\fg_0000ff_bg_888888.jpg,0.369873046875
1,0,exp_a1/4_sq\fg_000000_bg_888888.jpg,0.367919921875
2,14,exp_a1/4_sq\fg_921e3e_bg_888888.jpg,0.36669921875
3,9,exp_a1/4_sq\fg_00ffff_bg_888888.jpg,0.36572265625
4,17,exp_a1/4_sq\fg_ff0000_bg_888888.jpg,0.364990234375
5,23,exp_a1/4_sq\fg_ffffff_bg_888888.jpg,0.364990234375
6,20,exp_a1/4_sq\fg_ffff00_bg_888888.jpg,0.363037109375
7,6,exp_a1/4_sq\fg_00ff00_bg_888888.jpg,0.3603515625
8,10,exp_a1/4_sq\fg_00ffff_bg_ffffff.jpg,0.2391357421875
9,15,exp_a1/4_sq\fg_921e3e_bg_ffffff.jpg,0.239013671875
10,1,exp_a1/4_sq\fg_000000_bg_ffffff.jpg,0.2388916015625
11,4,exp_a1/4_sq\fg_0000ff_bg_ffffff.jpg,0.2388916015625
12,7,exp_a1/4_sq\fg_00ff00_bg_ffffff.jpg,0.2388916015625
13,18,exp_a1/4_sq\fg_ff0000_bg_ffffff.jpg,0.2388916015625
14,21,exp_a1/4_sq\fg_ffff00_bg_ffffff.jpg,0.23876953125
15,12,exp_a1/4_sq\fg_888888_bg_ffffff.jpg,0.23876953125
16,22,exp_a1/4_sq\fg_ffffff_bg_000000.jpg,0.1409912109375
17,5,exp_a1/4_sq\fg_00ff00_bg_000000.jpg,0.1407470703125
18,13,exp_a1/4_sq\fg_921e3e_bg_000000.jpg,0.140625
19,16,exp_a1/4_sq\fg_ff0000_bg_000000.jpg,0.1405029296875
20,2,exp_a1/4_sq\fg_0000ff_bg_000000.jpg,0.1405029296875
21,11,exp_a1/4_sq\fg_888888_bg_000000.jpg,0.140380859375
22,19,exp_a1/4_sq\fg_ffff00_bg_000000.jpg,0.140380859375
23,8,exp_a1/4_sq\fg_00ffff_bg_000000.jpg,0.140380859375
0,14,exp_a1/56_sq\fg_921e3e_bg_888888.jpg,0.373291015625
1,20,exp_a1/56_sq\fg_ffff00_bg_888888.jpg,0.3623046875
2,9,exp_a1/56_sq\fg_00ffff_bg_888888.jpg,0.36181640625
3,0,exp_a1/56_sq\fg_000000_bg_888888.jpg,0.3603515625
4,3,exp_a1/56_sq\fg_0000ff_bg_888888.jpg,0.344970703125
5,6,exp_a1/56_sq\fg_00ff00_bg_888888.jpg,0.338623046875
6,17,exp_a1/56_sq\fg_ff0000_bg_888888.jpg,0.332275390625
7,23,exp_a1/56_sq\fg_ffffff_bg_888888.jpg,0.31494140625
8,1,exp_a1/56_sq\fg_000000_bg_ffffff.jpg,0.27783203125
9,21,exp_a1/56_sq\fg_ffff00_bg_ffffff.jpg,0.27490234375
10,4,exp_a1/56_sq\fg_0000ff_bg_ffffff.jpg,0.2685546875
11,12,exp_a1/56_sq\fg_888888_bg_ffffff.jpg,0.260498046875
12,7,exp_a1/56_sq\fg_00ff00_bg_ffffff.jpg,0.254638671875
13,10,exp_a1/56_sq\fg_00ffff_bg_ffffff.jpg,0.25439453125
14,15,exp_a1/56_sq\fg_921e3e_bg_ffffff.jpg,0.2413330078125
15,18,exp_a1/56_sq\fg_ff0000_bg_ffffff.jpg,0.2286376953125
16,11,exp_a1/56_sq\fg_888888_bg_000000.jpg,0.2015380859375
17,13,exp_a1/56_sq\fg_921e3e_bg_000000.jpg,0.1976318359375
18,22,exp_a1/56_sq\fg_ffffff_bg_000000.jpg,0.1651611328125
19,16,exp_a1/56_sq\fg_ff0000_bg_000000.jpg,0.16357421875
20,8,exp_a1/56_sq\fg_00ffff_bg_000000.jpg,0.1573486328125
21,19,exp_a1/56_sq\fg_ffff00_bg_000000.jpg,0.150390625
22,2,exp_a1/56_sq\fg_0000ff_bg_000000.jpg,0.148681640625
23,5,exp_a1/56_sq\fg_00ff00_bg_000000.jpg,0.1485595703125
0,4,exp_a1/colors\bg_888888.jpg,0.377685546875
1,8,exp_a1/colors\bg_ffffff.png,0.23876953125
2,7,exp_a1/colors\bg_ffff00.jpg,0.2347412109375
3,3,exp_a1/colors\bg_00ffff.jpg,0.1925048828125
4,6,exp_a1/colors\bg_ff0000.jpg,0.1873779296875
5,2,exp_a1/colors\bg_00ff00.jpg,0.1832275390625
6,1,exp_a1/colors\bg_0000ff.jpg,0.17724609375
7,5,exp_a1/colors\bg_921e3e.jpg,0.1685791015625
8,0,exp_a1/colors\bg_000000.jpg,0.1405029296875
