,Unnamed: 0,filepaths,similarity
0,20,exp_a1/112_sq\fg_ffff00_bg_888888.jpg,0.269775390625
1,19,exp_a1/112_sq\fg_ffff00_bg_000000.jpg,0.2685546875
2,13,exp_a1/112_sq\fg_921e3e_bg_000000.jpg,0.2578125
3,17,exp_a1/112_sq\fg_ff0000_bg_888888.jpg,0.25390625
4,22,exp_a1/112_sq\fg_ffffff_bg_000000.jpg,0.2486572265625
5,3,exp_a1/112_sq\fg_0000ff_bg_888888.jpg,0.246826171875
6,21,exp_a1/112_sq\fg_ffff00_bg_ffffff.jpg,0.2459716796875
7,23,exp_a1/112_sq\fg_ffffff_bg_888888.jpg,0.243896484375
8,14,exp_a1/112_sq\fg_921e3e_bg_888888.jpg,0.2412109375
9,1,exp_a1/112_sq\fg_000000_bg_ffffff.jpg,0.2403564453125
10,11,exp_a1/112_sq\fg_888888_bg_000000.jpg,0.239501953125
11,18,exp_a1/112_sq\fg_ff0000_bg_ffffff.jpg,0.2393798828125
12,0,exp_a1/112_sq\fg_000000_bg_888888.jpg,0.2376708984375
13,16,exp_a1/112_sq\fg_ff0000_bg_000000.jpg,0.2369384765625
14,15,exp_a1/112_sq\fg_921e3e_bg_ffffff.jpg,0.2366943359375
15,2,exp_a1/112_sq\fg_0000ff_bg_000000.jpg,0.23486328125
16,9,exp_a1/112_sq\fg_00ffff_bg_888888.jpg,0.234130859375
17,8,exp_a1/112_sq\fg_00ffff_bg_000000.jpg,0.231689453125
18,10,exp_a1/112_sq\fg_00ffff_bg_ffffff.jpg,0.2303466796875
19,4,exp_a1/112_sq\fg_0000ff_bg_ffffff.jpg,0.229248046875
20,12,exp_a1/112_sq\fg_888888_bg_ffffff.jpg,0.226318359375
21,5,exp_a1/112_sq\fg_00ff00_bg_000000.jpg,0.225341796875
22,6,exp_a1/112_sq\fg_00ff00_bg_888888.jpg,0.222900390625
23,7,exp_a1/112_sq\fg_00ff00_bg_ffffff.jpg,0.2120361328125
0,13,exp_a1/12_sq\fg_921e3e_bg_000000.jpg,0.251953125
1,22,exp_a1/12_sq\fg_ffffff_bg_000000.jpg,0.25
2,19,exp_a1/12_sq\fg_ffff00_bg_000000.jpg,0.2491455078125
3,11,exp_a1/12_sq\fg_888888_bg_000000.jpg,0.2484130859375
4,16,exp_a1/12_sq\fg_ff0000_bg_000000.jpg,0.2423095703125
5,8,exp_a1/12_sq\fg_00ffff_bg_000000.jpg,0.238037109375
6,2,exp_a1/12_sq\fg_0000ff_bg_000000.jpg,0.236328125
7,12,exp_a1/12_sq\fg_888888_bg_ffffff.jpg,0.2359619140625
8,5,exp_a1/12_sq\fg_00ff00_bg_000000.jpg,0.2335205078125
9,1,exp_a1/12_sq\fg_000000_bg_ffffff.jpg,0.23095703125
10,15,exp_a1/12_sq\fg_921e3e_bg_ffffff.jpg,0.22705078125
11,10,exp_a1/12_sq\fg_00ffff_bg_ffffff.jpg,0.22705078125
12,21,exp_a1/12_sq\fg_ffff00_bg_ffffff.jpg,0.221435546875
13,18,exp_a1/12_sq\fg_ff0000_bg_ffffff.jpg,0.22119140625
14,23,exp_a1/12_sq\fg_ffffff_bg_888888.jpg,0.218505859375
15,9,exp_a1/12_sq\fg_00ffff_bg_888888.jpg,0.21630859375
16,17,exp_a1/12_sq\fg_ff0000_bg_888888.jpg,0.214599609375
17,4,exp_a1/12_sq\fg_0000ff_bg_ffffff.jpg,0.214599609375
18,20,exp_a1/12_sq\fg_ffff00_bg_888888.jpg,0.2137451171875
19,7,exp_a1/12_sq\fg_00ff00_bg_ffffff.jpg,0.213134765625
20,14,exp_a1/12_sq\fg_921e3e_bg_888888.jpg,0.212646484375
21,3,exp_a1/12_sq\fg_0000ff_bg_888888.jpg,0.2080078125
22,0,exp_a1/12_sq\fg_000000_bg_888888.jpg,0.207763671875
23,6,exp_a1/12_sq\fg_00ff00_bg_888888.jpg,0.19677734375
0,19,exp_a1/148_sq\fg_ffff00_bg_000000.jpg,0.258544921875
1,13,exp_a1/148_sq\fg_921e3e_bg_000000.jpg,0.257080078125
2,15,exp_a1/148_sq\fg_921e3e_bg_ffffff.jpg,0.255126953125
3,22,exp_a1/148_sq\fg_ffffff_bg_000000.jpg,0.251220703125
4,16,exp_a1/148_sq\fg_ff0000_bg_000000.jpg,0.24658203125
5,11,exp_a1/148_sq\fg_888888_bg_000000.jpg,0.243896484375
6,21,exp_a1/148_sq\fg_ffff00_bg_ffffff.jpg,0.2425537109375
7,0,exp_a1/148_sq\fg_000000_bg_888888.jpg,0.241455078125
8,1,exp_a1/148_sq\fg_000000_bg_ffffff.jpg,0.23974609375
9,23,exp_a1/148_sq\fg_ffffff_bg_888888.jpg,0.2384033203125
10,17,exp_a1/148_sq\fg_ff0000_bg_888888.jpg,0.2369384765625
11,8,exp_a1/148_sq\fg_00ffff_bg_000000.jpg,0.2322998046875
12,20,exp_a1/148_sq\fg_ffff00_bg_888888.jpg,0.2301025390625
13,2,exp_a1/148_sq\fg_0000ff_bg_000000.jpg,0.2301025390625
14,5,exp_a1/148_sq\fg_00ff00_bg_000000.jpg,0.22900390625
15,18,exp_a1/148_sq\fg_ff0000_bg_ffffff.jpg,0.227783203125
16,12,exp_a1/148_sq\fg_888888_bg_ffffff.jpg,0.2276611328125
17,4,exp_a1/148_sq\fg_0000ff_bg_ffffff.jpg,0.2235107421875
18,9,exp_a1/148_sq\fg_00ffff_bg_888888.jpg,0.21728515625
19,10,exp_a1/148_sq\fg_00ffff_bg_ffffff.jpg,0.216796875
20,7,exp_a1/148_sq\fg_00ff00_bg_ffffff.jpg,0.2159423828125
21,3,exp_a1/148_sq\fg_0000ff_bg_888888.jpg,0.20947265625
22,14,exp_a1/148_sq\fg_921e3e_bg_888888.jpg,0.2071533203125
23,6,exp_a1/148_sq\fg_00ff00_bg_888888.jpg,0.18603515625
0,21,exp_a1/200_sq\fg_ffff00_bg_ffffff.jpg,0.2587890625
1,19,exp_a1/200_sq\fg_ffff00_bg_000000.jpg,0.257080078125
2,15,exp_a1/200_sq\fg_921e3e_bg_ffffff.jpg,0.25390625
3,1,exp_a1/200_sq\fg_000000_bg_ffffff.jpg,0.252685546875
4,0,exp_a1/200_sq\fg_000000_bg_888888.jpg,0.246826171875
5,10,exp_a1/200_sq\fg_00ffff_bg_ffffff.jpg,0.24169921875
6,18,exp_a1/200_sq\fg_ff0000_bg_ffffff.jpg,0.2406005859375
7,13,exp_a1/200_sq\fg_921e3e_bg_000000.jpg,0.239990234375
8,20,exp_a1/200_sq\fg_ffff00_bg_888888.jpg,0.237060546875
9,16,exp_a1/200_sq\fg_ff0000_bg_000000.jpg,0.2359619140625
10,22,exp_a1/200_sq\fg_ffffff_bg_000000.jpg,0.23095703125
11,4,exp_a1/200_sq\fg_0000ff_bg_ffffff.jpg,0.2308349609375
12,17,exp_a1/200_sq\fg_ff0000_bg_888888.jpg,0.2305908203125
13,7,exp_a1/200_sq\fg_00ff00_bg_ffffff.jpg,0.2305908203125
14,2,exp_a1/200_sq\fg_0000ff_bg_000000.jpg,0.2296142578125
15,8,exp_a1/200_sq\fg_00ffff_bg_000000.jpg,0.2274169921875
16,5,exp_a1/200_sq\fg_00ff00_bg_000000.jpg,0.2259521484375
17,9,exp_a1/200_sq\fg_00ffff_bg_888888.jpg,0.2255859375
18,12,exp_a1/200_sq\fg_888888_bg_ffffff.jpg,0.22119140625
19,23,exp_a1/200_sq\fg_ffffff_bg_888888.jpg,0.2203369140625
20,14,exp_a1/200_sq\fg_921e3e_bg_888888.jpg,0.2196044921875
21,6,exp_a1/200_sq\fg_00ff00_bg_888888.jpg,0.21728515625
22,11,exp_a1/200_sq\fg_888888_bg_000000.jpg,0.2169189453125
23,3,exp_a1/200_sq\fg_0000ff_bg_888888.jpg,0.2169189453125
0,13,exp_a1/4_sq\fg_921e3e_bg_000000.jpg,0.251953125
1,19,exp_a1/4_sq\fg_ffff00_bg_000000.jpg,0.251708984375
2,16,exp_a1/4_sq\fg_ff0000_bg_000000.jpg,0.251220703125
3,11,exp_a1/4_sq\fg_888888_bg_000000.jpg,0.250732421875
4,2,exp_a1/4_sq\fg_0000ff_bg_000000.jpg,0.250732421875
5,22,exp_a1/4_sq\fg_ffffff_bg_000000.jpg,0.2462158203125
6,5,exp_a1/4_sq\fg_00ff00_bg_000000.jpg,0.245361328125
7,8,exp_a1/4_sq\fg_00ffff_bg_000000.jpg,0.2403564453125
8,0,exp_a1/4_sq\fg_000000_bg_888888.jpg,0.2357177734375
9,9,exp_a1/4_sq\fg_00ffff_bg_888888.jpg,0.233154296875
10,20,exp_a1/4_sq\fg_ffff00_bg_888888.jpg,0.232177734375
11,12,exp_a1/4_sq\fg_888888_bg_ffffff.jpg,0.232177734375
12,18,exp_a1/4_sq\fg_ff0000_bg_ffffff.jpg,0.2274169921875
13,23,exp_a1/4_sq\fg_ffffff_bg_888888.jpg,0.2266845703125
14,6,exp_a1/4_sq\fg_00ff00_bg_888888.jpg,0.2261962890625
15,3,exp_a1/4_sq\fg_0000ff_bg_888888.jpg,0.2259521484375
16,1,exp_a1/4_sq\fg_000000_bg_ffffff.jpg,0.2237548828125
17,15,exp_a1/4_sq\fg_921e3e_bg_ffffff.jpg,0.2230224609375
18,14,exp_a1/4_sq\fg_921e3e_bg_888888.jpg,0.222412109375
19,21,exp_a1/4_sq\fg_ffff00_bg_ffffff.jpg,0.2196044921875
20,17,exp_a1/4_sq\fg_ff0000_bg_888888.jpg,0.218017578125
21,10,exp_a1/4_sq\fg_00ffff_bg_ffffff.jpg,0.2159423828125
22,7,exp_a1/4_sq\fg_00ff00_bg_ffffff.jpg,0.2119140625
23,4,exp_a1/4_sq\fg_0000ff_bg_ffffff.jpg,0.2098388671875
0,13,exp_a1/56_sq\fg_921e3e_bg_000000.jpg,0.267333984375
1,20,exp_a1/56_sq\fg_ffff00_bg_888888.jpg,0.26611328125
2,22,exp_a1/56_sq\fg_ffffff_bg_000000.jpg,0.257080078125
3,19,exp_a1/56_sq\fg_ffff00_bg_000000.jpg,0.25634765625
4,17,exp_a1/56_sq\fg_ff0000_bg_888888.jpg,0.2548828125
5,11,exp_a1/56_sq\fg_888888_bg_000000.jpg,0.253662109375
6,1,exp_a1/56_sq\fg_000000_bg_ffffff.jpg,0.25244140625
7,14,exp_a1/56_sq\fg_921e3e_bg_888888.jpg,0.249267578125
8,16,exp_a1/56_sq\fg_ff0000_bg_000000.jpg,0.2471923828125
9,15,exp_a1/56_sq\fg_921e3e_bg_ffffff.jpg,0.2469482421875
10,8,exp_a1/56_sq\fg_00ffff_bg_000000.jpg,0.2464599609375
11,2,exp_a1/56_sq\fg_0000ff_bg_000000.jpg,0.24560546875
12,3,exp_a1/56_sq\fg_0000ff_bg_888888.jpg,0.2435302734375
13,4,exp_a1/56_sq\fg_0000ff_bg_ffffff.jpg,0.2413330078125
14,21,exp_a1/56_sq\fg_ffff00_bg_ffffff.jpg,0.24072265625
15,23,exp_a1/56_sq\fg_ffffff_bg_888888.jpg,0.2403564453125
16,18,exp_a1/56_sq\fg_ff0000_bg_ffffff.jpg,0.2388916015625
17,0,exp_a1/56_sq\fg_000000_bg_888888.jpg,0.2384033203125
18,5,exp_a1/56_sq\fg_00ff00_bg_000000.jpg,0.2366943359375
19,12,exp_a1/56_sq\fg_888888_bg_ffffff.jpg,0.234619140625
20,10,exp_a1/56_sq\fg_00ffff_bg_ffffff.jpg,0.2314453125
21,7,exp_a1/56_sq\fg_00ff00_bg_ffffff.jpg,0.228759765625
22,9,exp_a1/56_sq\fg_00ffff_bg_888888.jpg,0.2249755859375
23,6,exp_a1/56_sq\fg_00ff00_bg_888888.jpg,0.2205810546875
0,0,exp_a1/colors\bg_000000.jpg,0.253662109375
1,6,exp_a1/colors\bg_ff0000.jpg,0.253173828125
2,5,exp_a1/colors\bg_921e3e.jpg,0.2474365234375
3,8,exp_a1/colors\bg_ffffff.png,0.2369384765625
4,4,exp_a1/colors\bg_888888.jpg,0.230224609375
5,3,exp_a1/colors\bg_00ffff.jpg,0.226318359375
6,7,exp_a1/colors\bg_ffff00.jpg,0.2259521484375
7,1,exp_a1/colors\bg_0000ff.jpg,0.2232666015625
8,2,exp_a1/colors\bg_00ff00.jpg,0.21533203125
