,Unnamed: 0,filepaths,similarity
0,20,exp_a1/112_sq\fg_ffff00_bg_888888.jpg,0.273681640625
1,19,exp_a1/112_sq\fg_ffff00_bg_000000.jpg,0.271240234375
2,13,exp_a1/112_sq\fg_921e3e_bg_000000.jpg,0.27099609375
3,17,exp_a1/112_sq\fg_ff0000_bg_888888.jpg,0.267578125
4,21,exp_a1/112_sq\fg_ffff00_bg_ffffff.jpg,0.267333984375
5,16,exp_a1/112_sq\fg_ff0000_bg_000000.jpg,0.265625
6,3,exp_a1/112_sq\fg_0000ff_bg_888888.jpg,0.264892578125
7,1,exp_a1/112_sq\fg_000000_bg_ffffff.jpg,0.264892578125
8,2,exp_a1/112_sq\fg_0000ff_bg_000000.jpg,0.264404296875
9,22,exp_a1/112_sq\fg_ffffff_bg_000000.jpg,0.264404296875
10,4,exp_a1/112_sq\fg_0000ff_bg_ffffff.jpg,0.263427734375
11,8,exp_a1/112_sq\fg_00ffff_bg_000000.jpg,0.263427734375
12,18,exp_a1/112_sq\fg_ff0000_bg_ffffff.jpg,0.26171875
13,10,exp_a1/112_sq\fg_00ffff_bg_ffffff.jpg,0.26171875
14,15,exp_a1/112_sq\fg_921e3e_bg_ffffff.jpg,0.2607421875
15,5,exp_a1/112_sq\fg_00ff00_bg_000000.jpg,0.260009765625
16,14,exp_a1/112_sq\fg_921e3e_bg_888888.jpg,0.25830078125
17,23,exp_a1/112_sq\fg_ffffff_bg_888888.jpg,0.2578125
18,9,exp_a1/112_sq\fg_00ffff_bg_888888.jpg,0.255859375
19,7,exp_a1/112_sq\fg_00ff00_bg_ffffff.jpg,0.255126953125
20,0,exp_a1/112_sq\fg_000000_bg_888888.jpg,0.254638671875
21,11,exp_a1/112_sq\fg_888888_bg_000000.jpg,0.251220703125
22,6,exp_a1/112_sq\fg_00ff00_bg_888888.jpg,0.2470703125
23,12,exp_a1/112_sq\fg_888888_bg_ffffff.jpg,0.2432861328125
0,19,exp_a1/12_sq\fg_ffff00_bg_000000.jpg,0.270263671875
1,22,exp_a1/12_sq\fg_ffffff_bg_000000.jpg,0.267578125
2,16,exp_a1/12_sq\fg_ff0000_bg_000000.jpg,0.266357421875
3,8,exp_a1/12_sq\fg_00ffff_bg_000000.jpg,0.265625
4,18,exp_a1/12_sq\fg_ff0000_bg_ffffff.jpg,0.264892578125
5,13,exp_a1/12_sq\fg_921e3e_bg_000000.jpg,0.264892578125
6,2,exp_a1/12_sq\fg_0000ff_bg_000000.jpg,0.263916015625
7,5,exp_a1/12_sq\fg_00ff00_bg_000000.jpg,0.263671875
8,11,exp_a1/12_sq\fg_888888_bg_000000.jpg,0.2626953125
9,10,exp_a1/12_sq\fg_00ffff_bg_ffffff.jpg,0.26123046875
10,21,exp_a1/12_sq\fg_ffff00_bg_ffffff.jpg,0.260986328125
11,7,exp_a1/12_sq\fg_00ff00_bg_ffffff.jpg,0.260009765625
12,1,exp_a1/12_sq\fg_000000_bg_ffffff.jpg,0.259765625
13,4,exp_a1/12_sq\fg_0000ff_bg_ffffff.jpg,0.2568359375
14,12,exp_a1/12_sq\fg_888888_bg_ffffff.jpg,0.25634765625
15,15,exp_a1/12_sq\fg_921e3e_bg_ffffff.jpg,0.255615234375
16,20,exp_a1/12_sq\fg_ffff00_bg_888888.jpg,0.254150390625
17,17,exp_a1/12_sq\fg_ff0000_bg_888888.jpg,0.25390625
18,9,exp_a1/12_sq\fg_00ffff_bg_888888.jpg,0.247802734375
19,23,exp_a1/12_sq\fg_ffffff_bg_888888.jpg,0.2470703125
20,6,exp_a1/12_sq\fg_00ff00_bg_888888.jpg,0.2462158203125
21,3,exp_a1/12_sq\fg_0000ff_bg_888888.jpg,0.24560546875
22,14,exp_a1/12_sq\fg_921e3e_bg_888888.jpg,0.2445068359375
23,0,exp_a1/12_sq\fg_000000_bg_888888.jpg,0.241943359375
0,19,exp_a1/148_sq\fg_ffff00_bg_000000.jpg,0.271728515625
1,13,exp_a1/148_sq\fg_921e3e_bg_000000.jpg,0.2705078125
2,22,exp_a1/148_sq\fg_ffffff_bg_000000.jpg,0.265625
3,2,exp_a1/148_sq\fg_0000ff_bg_000000.jpg,0.264892578125
4,16,exp_a1/148_sq\fg_ff0000_bg_000000.jpg,0.26416015625
5,8,exp_a1/148_sq\fg_00ffff_bg_000000.jpg,0.263671875
6,15,exp_a1/148_sq\fg_921e3e_bg_ffffff.jpg,0.262939453125
7,1,exp_a1/148_sq\fg_000000_bg_ffffff.jpg,0.2607421875
8,21,exp_a1/148_sq\fg_ffff00_bg_ffffff.jpg,0.26025390625
9,5,exp_a1/148_sq\fg_00ff00_bg_000000.jpg,0.26025390625
10,20,exp_a1/148_sq\fg_ffff00_bg_888888.jpg,0.258544921875
11,18,exp_a1/148_sq\fg_ff0000_bg_ffffff.jpg,0.258056640625
12,0,exp_a1/148_sq\fg_000000_bg_888888.jpg,0.257568359375
13,10,exp_a1/148_sq\fg_00ffff_bg_ffffff.jpg,0.25634765625
14,17,exp_a1/148_sq\fg_ff0000_bg_888888.jpg,0.25537109375
15,4,exp_a1/148_sq\fg_0000ff_bg_ffffff.jpg,0.2548828125
16,7,exp_a1/148_sq\fg_00ff00_bg_ffffff.jpg,0.25439453125
17,11,exp_a1/148_sq\fg_888888_bg_000000.jpg,0.253173828125
18,3,exp_a1/148_sq\fg_0000ff_bg_888888.jpg,0.2509765625
19,23,exp_a1/148_sq\fg_ffffff_bg_888888.jpg,0.24951171875
20,14,exp_a1/148_sq\fg_921e3e_bg_888888.jpg,0.2489013671875
21,9,exp_a1/148_sq\fg_00ffff_bg_888888.jpg,0.244384765625
22,12,exp_a1/148_sq\fg_888888_bg_ffffff.jpg,0.240478515625
23,6,exp_a1/148_sq\fg_00ff00_bg_888888.jpg,0.2236328125
0,21,exp_a1/200_sq\fg_ffff00_bg_ffffff.jpg,0.26904296875
1,19,exp_a1/200_sq\fg_ffff00_bg_000000.jpg,0.266357421875
2,1,exp_a1/200_sq\fg_000000_bg_ffffff.jpg,0.266357421875
3,0,exp_a1/200_sq\fg_000000_bg_888888.jpg,0.2646484375
4,13,exp_a1/200_sq\fg_921e3e_bg_000000.jpg,0.263916015625
5,16,exp_a1/200_sq\fg_ff0000_bg_000000.jpg,0.263427734375
6,10,exp_a1/200_sq\fg_00ffff_bg_ffffff.jpg,0.262939453125
7,20,exp_a1/200_sq\fg_ffff00_bg_888888.jpg,0.262451171875
8,17,exp_a1/200_sq\fg_ff0000_bg_888888.jpg,0.262451171875
9,7,exp_a1/200_sq\fg_00ff00_bg_ffffff.jpg,0.261962890625
10,22,exp_a1/200_sq\fg_ffffff_bg_000000.jpg,0.26171875
11,18,exp_a1/200_sq\fg_ff0000_bg_ffffff.jpg,0.261474609375
12,5,exp_a1/200_sq\fg_00ff00_bg_000000.jpg,0.260498046875
13,15,exp_a1/200_sq\fg_921e3e_bg_ffffff.jpg,0.259765625
14,6,exp_a1/200_sq\fg_00ff00_bg_888888.jpg,0.259033203125
15,8,exp_a1/200_sq\fg_00ffff_bg_000000.jpg,0.25830078125
16,9,exp_a1/200_sq\fg_00ffff_bg_888888.jpg,0.25830078125
17,2,exp_a1/200_sq\fg_0000ff_bg_000000.jpg,0.257080078125
18,4,exp_a1/200_sq\fg_0000ff_bg_ffffff.jpg,0.255615234375
19,3,exp_a1/200_sq\fg_0000ff_bg_888888.jpg,0.25439453125
20,23,exp_a1/200_sq\fg_ffffff_bg_888888.jpg,0.249267578125
21,14,exp_a1/200_sq\fg_921e3e_bg_888888.jpg,0.248291015625
22,12,exp_a1/200_sq\fg_888888_bg_ffffff.jpg,0.23486328125
23,11,exp_a1/200_sq\fg_888888_bg_000000.jpg,0.229736328125
0,13,exp_a1/4_sq\fg_921e3e_bg_000000.jpg,0.264892578125
1,11,exp_a1/4_sq\fg_888888_bg_000000.jpg,0.2646484375
2,19,exp_a1/4_sq\fg_ffff00_bg_000000.jpg,0.26416015625
3,2,exp_a1/4_sq\fg_0000ff_bg_000000.jpg,0.26416015625
4,5,exp_a1/4_sq\fg_00ff00_bg_000000.jpg,0.262451171875
5,16,exp_a1/4_sq\fg_ff0000_bg_000000.jpg,0.26220703125
6,22,exp_a1/4_sq\fg_ffffff_bg_000000.jpg,0.261962890625
7,18,exp_a1/4_sq\fg_ff0000_bg_ffffff.jpg,0.261474609375
8,8,exp_a1/4_sq\fg_00ffff_bg_000000.jpg,0.26025390625
9,12,exp_a1/4_sq\fg_888888_bg_ffffff.jpg,0.260009765625
10,1,exp_a1/4_sq\fg_000000_bg_ffffff.jpg,0.259521484375
11,15,exp_a1/4_sq\fg_921e3e_bg_ffffff.jpg,0.259033203125
12,21,exp_a1/4_sq\fg_ffff00_bg_ffffff.jpg,0.25830078125
13,7,exp_a1/4_sq\fg_00ff00_bg_ffffff.jpg,0.258056640625
14,4,exp_a1/4_sq\fg_0000ff_bg_ffffff.jpg,0.256591796875
15,10,exp_a1/4_sq\fg_00ffff_bg_ffffff.jpg,0.254638671875
16,20,exp_a1/4_sq\fg_ffff00_bg_888888.jpg,0.25146484375
17,3,exp_a1/4_sq\fg_0000ff_bg_888888.jpg,0.2509765625
18,0,exp_a1/4_sq\fg_000000_bg_888888.jpg,0.25048828125
19,9,exp_a1/4_sq\fg_00ffff_bg_888888.jpg,0.2476806640625
20,14,exp_a1/4_sq\fg_921e3e_bg_888888.jpg,0.24755859375
21,23,exp_a1/4_sq\fg_ffffff_bg_888888.jpg,0.2474365234375
22,17,exp_a1/4_sq\fg_ff0000_bg_888888.jpg,0.242431640625
23,6,exp_a1/4_sq\fg_00ff00_bg_888888.jpg,0.2398681640625
0,19,exp_a1/56_sq\fg_ffff00_bg_000000.jpg,0.271728515625
1,13,exp_a1/56_sq\fg_921e3e_bg_000000.jpg,0.2705078125
2,1,exp_a1/56_sq\fg_000000_bg_ffffff.jpg,0.27001953125
3,17,exp_a1/56_sq\fg_ff0000_bg_888888.jpg,0.26904296875
4,20,exp_a1/56_sq\fg_ffff00_bg_888888.jpg,0.268798828125
5,8,exp_a1/56_sq\fg_00ffff_bg_000000.jpg,0.26806640625
6,18,exp_a1/56_sq\fg_ff0000_bg_ffffff.jpg,0.267578125
7,16,exp_a1/56_sq\fg_ff0000_bg_000000.jpg,0.2666015625
8,22,exp_a1/56_sq\fg_ffffff_bg_000000.jpg,0.2666015625
9,7,exp_a1/56_sq\fg_00ff00_bg_ffffff.jpg,0.2666015625
10,21,exp_a1/56_sq\fg_ffff00_bg_ffffff.jpg,0.2666015625
11,2,exp_a1/56_sq\fg_0000ff_bg_000000.jpg,0.265625
12,10,exp_a1/56_sq\fg_00ffff_bg_ffffff.jpg,0.26513671875
13,5,exp_a1/56_sq\fg_00ff00_bg_000000.jpg,0.26513671875
14,4,exp_a1/56_sq\fg_0000ff_bg_ffffff.jpg,0.26513671875
15,15,exp_a1/56_sq\fg_921e3e_bg_ffffff.jpg,0.262939453125
16,11,exp_a1/56_sq\fg_888888_bg_000000.jpg,0.2626953125
17,3,exp_a1/56_sq\fg_0000ff_bg_888888.jpg,0.26171875
18,14,exp_a1/56_sq\fg_921e3e_bg_888888.jpg,0.25439453125
19,0,exp_a1/56_sq\fg_000000_bg_888888.jpg,0.254150390625
20,12,exp_a1/56_sq\fg_888888_bg_ffffff.jpg,0.254150390625
21,23,exp_a1/56_sq\fg_ffffff_bg_888888.jpg,0.253662109375
22,6,exp_a1/56_sq\fg_00ff00_bg_888888.jpg,0.2464599609375
23,9,exp_a1/56_sq\fg_00ffff_bg_888888.jpg,0.24560546875
0,6,exp_a1/colors\bg_ff0000.jpg,0.26806640625
1,0,exp_a1/colors\bg_000000.jpg,0.26611328125
2,5,exp_a1/colors\bg_921e3e.jpg,0.263427734375
3,2,exp_a1/colors\bg_00ff00.jpg,0.2568359375
4,1,exp_a1/colors\bg_0000ff.jpg,0.255615234375
5,8,exp_a1/colors\bg_ffffff.png,0.25537109375
6,7,exp_a1/colors\bg_ffff00.jpg,0.255126953125
7,3,exp_a1/colors\bg_00ffff.jpg,0.25048828125
8,4,exp_a1/colors\bg_888888.jpg,0.2337646484375
