,Unnamed: 0,filepaths,similarity
0,6,exp_a1/112_sq\fg_00ff00_bg_888888.jpg,0.357177734375
1,14,exp_a1/112_sq\fg_921e3e_bg_888888.jpg,0.316650390625
2,9,exp_a1/112_sq\fg_00ffff_bg_888888.jpg,0.297607421875
3,1,exp_a1/112_sq\fg_000000_bg_ffffff.jpg,0.29248046875
4,10,exp_a1/112_sq\fg_00ffff_bg_ffffff.jpg,0.291748046875
5,21,exp_a1/112_sq\fg_ffff00_bg_ffffff.jpg,0.28857421875
6,12,exp_a1/112_sq\fg_888888_bg_ffffff.jpg,0.282470703125
7,7,exp_a1/112_sq\fg_00ff00_bg_ffffff.jpg,0.267822265625
8,3,exp_a1/112_sq\fg_0000ff_bg_888888.jpg,0.2646484375
9,18,exp_a1/112_sq\fg_ff0000_bg_ffffff.jpg,0.260009765625
10,4,exp_a1/112_sq\fg_0000ff_bg_ffffff.jpg,0.24755859375
11,15,exp_a1/112_sq\fg_921e3e_bg_ffffff.jpg,0.2474365234375
12,11,exp_a1/112_sq\fg_888888_bg_000000.jpg,0.24169921875
13,13,exp_a1/112_sq\fg_921e3e_bg_000000.jpg,0.2347412109375
14,5,exp_a1/112_sq\fg_00ff00_bg_000000.jpg,0.228515625
15,8,exp_a1/112_sq\fg_00ffff_bg_000000.jpg,0.2060546875
16,2,exp_a1/112_sq\fg_0000ff_bg_000000.jpg,0.2003173828125
17,19,exp_a1/112_sq\fg_ffff00_bg_000000.jpg,0.1968994140625
18,16,exp_a1/112_sq\fg_ff0000_bg_000000.jpg,0.19189453125
19,23,exp_a1/112_sq\fg_ffffff_bg_888888.jpg,0.191162109375
20,22,exp_a1/112_sq\fg_ffffff_bg_000000.jpg,0.1881103515625
21,0,exp_a1/112_sq\fg_000000_bg_888888.jpg,0.185546875
22,17,exp_a1/112_sq\fg_ff0000_bg_888888.jpg,0.1845703125
23,20,exp_a1/112_sq\fg_ffff00_bg_888888.jpg,0.1824951171875
0,6,exp_a1/12_sq\fg_00ff00_bg_888888.jpg,0.453125
1,23,exp_a1/12_sq\fg_ffffff_bg_888888.jpg,0.430419921875
2,14,exp_a1/12_sq\fg_921e3e_bg_888888.jpg,0.429931640625
3,9,exp_a1/12_sq\fg_00ffff_bg_888888.jpg,0.427490234375
4,17,exp_a1/12_sq\fg_ff0000_bg_888888.jpg,0.42578125
5,3,exp_a1/12_sq\fg_0000ff_bg_888888.jpg,0.42138671875
6,0,exp_a1/12_sq\fg_000000_bg_888888.jpg,0.415771484375
7,20,exp_a1/12_sq\fg_ffff00_bg_888888.jpg,0.412841796875
8,12,exp_a1/12_sq\fg_888888_bg_ffffff.jpg,0.27099609375
9,15,exp_a1/12_sq\fg_921e3e_bg_ffffff.jpg,0.2705078125
10,4,exp_a1/12_sq\fg_0000ff_bg_ffffff.jpg,0.2685546875
11,1,exp_a1/12_sq\fg_000000_bg_ffffff.jpg,0.26708984375
12,18,exp_a1/12_sq\fg_ff0000_bg_ffffff.jpg,0.2666015625
13,7,exp_a1/12_sq\fg_00ff00_bg_ffffff.jpg,0.266357421875
14,10,exp_a1/12_sq\fg_00ffff_bg_ffffff.jpg,0.265869140625
15,21,exp_a1/12_sq\fg_ffff00_bg_ffffff.jpg,0.265869140625
16,22,exp_a1/12_sq\fg_ffffff_bg_000000.jpg,0.1673583984375
17,16,exp_a1/12_sq\fg_ff0000_bg_000000.jpg,0.1669921875
18,11,exp_a1/12_sq\fg_888888_bg_000000.jpg,0.1651611328125
19,8,exp_a1/12_sq\fg_00ffff_bg_000000.jpg,0.1650390625
20,19,exp_a1/12_sq\fg_ffff00_bg_000000.jpg,0.1649169921875
21,5,exp_a1/12_sq\fg_00ff00_bg_000000.jpg,0.163818359375
22,13,exp_a1/12_sq\fg_921e3e_bg_000000.jpg,0.1632080078125
23,2,exp_a1/12_sq\fg_0000ff_bg_000000.jpg,0.1627197265625
0,21,exp_a1/148_sq\fg_ffff00_bg_ffffff.jpg,0.312255859375
1,1,exp_a1/148_sq\fg_000000_bg_ffffff.jpg,0.310302734375
2,10,exp_a1/148_sq\fg_00ffff_bg_ffffff.jpg,0.306884765625
3,6,exp_a1/148_sq\fg_00ff00_bg_888888.jpg,0.299560546875
4,4,exp_a1/148_sq\fg_0000ff_bg_ffffff.jpg,0.286865234375
5,7,exp_a1/148_sq\fg_00ff00_bg_ffffff.jpg,0.277587890625
6,12,exp_a1/148_sq\fg_888888_bg_ffffff.jpg,0.258544921875
7,18,exp_a1/148_sq\fg_ff0000_bg_ffffff.jpg,0.25390625
8,5,exp_a1/148_sq\fg_00ff00_bg_000000.jpg,0.2457275390625
9,11,exp_a1/148_sq\fg_888888_bg_000000.jpg,0.2408447265625
10,13,exp_a1/148_sq\fg_921e3e_bg_000000.jpg,0.2371826171875
11,2,exp_a1/148_sq\fg_0000ff_bg_000000.jpg,0.2252197265625
12,15,exp_a1/148_sq\fg_921e3e_bg_ffffff.jpg,0.1881103515625
13,19,exp_a1/148_sq\fg_ffff00_bg_000000.jpg,0.182373046875
14,8,exp_a1/148_sq\fg_00ffff_bg_000000.jpg,0.1773681640625
15,9,exp_a1/148_sq\fg_00ffff_bg_888888.jpg,0.1705322265625
16,14,exp_a1/148_sq\fg_921e3e_bg_888888.jpg,0.1614990234375
17,20,exp_a1/148_sq\fg_ffff00_bg_888888.jpg,0.157470703125
18,3,exp_a1/148_sq\fg_0000ff_bg_888888.jpg,0.1510009765625
19,0,exp_a1/148_sq\fg_000000_bg_888888.jpg,0.14208984375
20,22,exp_a1/148_sq\fg_ffffff_bg_000000.jpg,0.1275634765625
21,17,exp_a1/148_sq\fg_ff0000_bg_888888.jpg,0.11865234375
22,16,exp_a1/148_sq\fg_ff0000_bg_000000.jpg,0.10986328125
23,23,exp_a1/148_sq\fg_ffffff_bg_888888.jpg,0.109375
0,5,exp_a1/200_sq\fg_00ff00_bg_000000.jpg,0.2890625
1,11,exp_a1/200_sq\fg_888888_bg_000000.jpg,0.283203125
2,19,exp_a1/200_sq\fg_ffff00_bg_000000.jpg,0.272216796875
3,10,exp_a1/200_sq\fg_00ffff_bg_ffffff.jpg,0.272216796875
4,18,exp_a1/200_sq\fg_ff0000_bg_ffffff.jpg,0.263427734375
5,21,exp_a1/200_sq\fg_ffff00_bg_ffffff.jpg,0.258056640625
6,8,exp_a1/200_sq\fg_00ffff_bg_000000.jpg,0.2379150390625
7,13,exp_a1/200_sq\fg_921e3e_bg_000000.jpg,0.2373046875
8,7,exp_a1/200_sq\fg_00ff00_bg_ffffff.jpg,0.229736328125
9,22,exp_a1/200_sq\fg_ffffff_bg_000000.jpg,0.2137451171875
10,0,exp_a1/200_sq\fg_000000_bg_888888.jpg,0.206787109375
11,16,exp_a1/200_sq\fg_ff0000_bg_000000.jpg,0.204833984375
12,2,exp_a1/200_sq\fg_0000ff_bg_000000.jpg,0.204345703125
13,1,exp_a1/200_sq\fg_000000_bg_ffffff.jpg,0.1800537109375
14,14,exp_a1/200_sq\fg_921e3e_bg_888888.jpg,0.171875
15,4,exp_a1/200_sq\fg_0000ff_bg_ffffff.jpg,0.16796875
16,3,exp_a1/200_sq\fg_0000ff_bg_888888.jpg,0.162353515625
17,6,exp_a1/200_sq\fg_00ff00_bg_888888.jpg,0.1611328125
18,17,exp_a1/200_sq\fg_ff0000_bg_888888.jpg,0.1522216796875
19,23,exp_a1/200_sq\fg_ffffff_bg_888888.jpg,0.147705078125
20,20,exp_a1/200_sq\fg_ffff00_bg_888888.jpg,0.1463623046875
21,15,exp_a1/200_sq\fg_921e3e_bg_ffffff.jpg,0.1419677734375
22,9,exp_a1/200_sq\fg_00ffff_bg_888888.jpg,0.0887451171875
23,12,exp_a1/200_sq\fg_888888_bg_ffffff.jpg,0.052459716796875
0,6,exp_a1/4_sq\fg_00ff00_bg_888888.jpg,0.460205078125
1,17,exp_a1/4_sq\fg_ff0000_bg_888888.jpg,0.431884765625
2,9,exp_a1/4_sq\fg_00ffff_bg_888888.jpg,0.427490234375
3,3,exp_a1/4_sq\fg_0000ff_bg_888888.jpg,0.416259765625
4,20,exp_a1/4_sq\fg_ffff00_bg_888888.jpg,0.41259765625
5,14,exp_a1/4_sq\fg_921e3e_bg_888888.jpg,0.407470703125
6,0,exp_a1/4_sq\fg_000000_bg_888888.jpg,0.40673828125
7,23,exp_a1/4_sq\fg_ffffff_bg_888888.jpg,0.400146484375
8,10,exp_a1/4_sq\fg_00ffff_bg_ffffff.jpg,0.2666015625
9,7,exp_a1/4_sq\fg_00ff00_bg_ffffff.jpg,0.26611328125
10,1,exp_a1/4_sq\fg_000000_bg_ffffff.jpg,0.26611328125
11,15,exp_a1/4_sq\fg_921e3e_bg_ffffff.jpg,0.26611328125
12,4,exp_a1/4_sq\fg_0000ff_bg_ffffff.jpg,0.26611328125
13,18,exp_a1/4_sq\fg_ff0000_bg_ffffff.jpg,0.26611328125
14,21,exp_a1/4_sq\fg_ffff00_bg_ffffff.jpg,0.265869140625
15,12,exp_a1/4_sq\fg_888888_bg_ffffff.jpg,0.265869140625
16,22,exp_a1/4_sq\fg_ffffff_bg_000000.jpg,0.163330078125
17,5,exp_a1/4_sq\fg_00ff00_bg_000000.jpg,0.1630859375
18,13,exp_a1/4_sq\fg_921e3e_bg_000000.jpg,0.162841796875
19,16,exp_a1/4_sq\fg_ff0000_bg_000000.jpg,0.162841796875
20,19,exp_a1/4_sq\fg_ffff00_bg_000000.jpg,0.162841796875
21,11,exp_a1/4_sq\fg_888888_bg_000000.jpg,0.1627197265625
22,2,exp_a1/4_sq\fg_0000ff_bg_000000.jpg,0.1627197265625
23,8,exp_a1/4_sq\fg_00ffff_bg_000000.jpg,0.16259765625
0,6,exp_a1/56_sq\fg_00ff00_bg_888888.jpg,0.41650390625
1,3,exp_a1/56_sq\fg_0000ff_bg_888888.jpg,0.400634765625
2,14,exp_a1/56_sq\fg_921e3e_bg_888888.jpg,0.397216796875
3,0,exp_a1/56_sq\fg_000000_bg_888888.jpg,0.38037109375
4,9,exp_a1/56_sq\fg_00ffff_bg_888888.jpg,0.378662109375
5,20,exp_a1/56_sq\fg_ffff00_bg_888888.jpg,0.350830078125
6,21,exp_a1/56_sq\fg_ffff00_bg_ffffff.jpg,0.296630859375
7,1,exp_a1/56_sq\fg_000000_bg_ffffff.jpg,0.29638671875
8,4,exp_a1/56_sq\fg_0000ff_bg_ffffff.jpg,0.28125
9,17,exp_a1/56_sq\fg_ff0000_bg_888888.jpg,0.278076171875
10,10,exp_a1/56_sq\fg_00ffff_bg_ffffff.jpg,0.275146484375
11,7,exp_a1/56_sq\fg_00ff00_bg_ffffff.jpg,0.271240234375
12,12,exp_a1/56_sq\fg_888888_bg_ffffff.jpg,0.27099609375
13,15,exp_a1/56_sq\fg_921e3e_bg_ffffff.jpg,0.2666015625
14,18,exp_a1/56_sq\fg_ff0000_bg_ffffff.jpg,0.259521484375
15,23,exp_a1/56_sq\fg_ffffff_bg_888888.jpg,0.224609375
16,11,exp_a1/56_sq\fg_888888_bg_000000.jpg,0.223388671875
17,13,exp_a1/56_sq\fg_921e3e_bg_000000.jpg,0.220947265625
18,19,exp_a1/56_sq\fg_ffff00_bg_000000.jpg,0.1881103515625
19,16,exp_a1/56_sq\fg_ff0000_bg_000000.jpg,0.1776123046875
20,8,exp_a1/56_sq\fg_00ffff_bg_000000.jpg,0.1768798828125
21,22,exp_a1/56_sq\fg_ffffff_bg_000000.jpg,0.174560546875
22,5,exp_a1/56_sq\fg_00ff00_bg_000000.jpg,0.174072265625
23,2,exp_a1/56_sq\fg_0000ff_bg_000000.jpg,0.1739501953125
0,4,exp_a1/colors\bg_888888.jpg,0.39306640625
1,8,exp_a1/colors\bg_ffffff.png,0.266357421875
2,7,exp_a1/colors\bg_ffff00.jpg,0.2607421875
3,5,exp_a1/colors\bg_921e3e.jpg,0.246337890625
4,6,exp_a1/colors\bg_ff0000.jpg,0.2257080078125
5,1,exp_a1/colors\bg_0000ff.jpg,0.2108154296875
6,3,exp_a1/colors\bg_00ffff.jpg,0.203369140625
7,2,exp_a1/colors\bg_00ff00.jpg,0.202392578125
8,0,exp_a1/colors\bg_000000.jpg,0.1630859375
