,Unnamed: 0,filepaths,similarity
0,9,exp_a1/112_sq\fg_00ffff_bg_888888.jpg,0.324951171875
1,6,exp_a1/112_sq\fg_00ff00_bg_888888.jpg,0.322998046875
2,17,exp_a1/112_sq\fg_ff0000_bg_888888.jpg,0.322509765625
3,20,exp_a1/112_sq\fg_ffff00_bg_888888.jpg,0.322021484375
4,7,exp_a1/112_sq\fg_00ff00_bg_ffffff.jpg,0.321044921875
5,3,exp_a1/112_sq\fg_0000ff_bg_888888.jpg,0.319580078125
6,14,exp_a1/112_sq\fg_921e3e_bg_888888.jpg,0.3173828125
7,18,exp_a1/112_sq\fg_ff0000_bg_ffffff.jpg,0.313720703125
8,23,exp_a1/112_sq\fg_ffffff_bg_888888.jpg,0.31201171875
9,10,exp_a1/112_sq\fg_00ffff_bg_ffffff.jpg,0.309814453125
10,21,exp_a1/112_sq\fg_ffff00_bg_ffffff.jpg,0.30810546875
11,16,exp_a1/112_sq\fg_ff0000_bg_000000.jpg,0.307373046875
12,4,exp_a1/112_sq\fg_0000ff_bg_ffffff.jpg,0.306884765625
13,15,exp_a1/112_sq\fg_921e3e_bg_ffffff.jpg,0.30615234375
14,8,exp_a1/112_sq\fg_00ffff_bg_000000.jpg,0.305908203125
15,13,exp_a1/112_sq\fg_921e3e_bg_000000.jpg,0.30419921875
16,5,exp_a1/112_sq\fg_00ff00_bg_000000.jpg,0.30322265625
17,2,exp_a1/112_sq\fg_0000ff_bg_000000.jpg,0.302490234375
18,22,exp_a1/112_sq\fg_ffffff_bg_000000.jpg,0.3017578125
19,19,exp_a1/112_sq\fg_ffff00_bg_000000.jpg,0.301513671875
20,1,exp_a1/112_sq\fg_000000_bg_ffffff.jpg,0.29052734375
21,11,exp_a1/112_sq\fg_888888_bg_000000.jpg,0.2802734375
22,0,exp_a1/112_sq\fg_000000_bg_888888.jpg,0.278076171875
23,12,exp_a1/112_sq\fg_888888_bg_ffffff.jpg,0.274658203125
0,17,exp_a1/12_sq\fg_ff0000_bg_888888.jpg,0.31689453125
1,23,exp_a1/12_sq\fg_ffffff_bg_888888.jpg,0.31640625
2,18,exp_a1/12_sq\fg_ff0000_bg_ffffff.jpg,0.31640625
3,21,exp_a1/12_sq\fg_ffff00_bg_ffffff.jpg,0.314208984375
4,22,exp_a1/12_sq\fg_ffffff_bg_000000.jpg,0.313720703125
5,8,exp_a1/12_sq\fg_00ffff_bg_000000.jpg,0.31298828125
6,10,exp_a1/12_sq\fg_00ffff_bg_ffffff.jpg,0.311767578125
7,3,exp_a1/12_sq\fg_0000ff_bg_888888.jpg,0.3115234375
8,16,exp_a1/12_sq\fg_ff0000_bg_000000.jpg,0.310791015625
9,5,exp_a1/12_sq\fg_00ff00_bg_000000.jpg,0.310546875
10,19,exp_a1/12_sq\fg_ffff00_bg_000000.jpg,0.309814453125
11,4,exp_a1/12_sq\fg_0000ff_bg_ffffff.jpg,0.309326171875
12,7,exp_a1/12_sq\fg_00ff00_bg_ffffff.jpg,0.308349609375
13,2,exp_a1/12_sq\fg_0000ff_bg_000000.jpg,0.308349609375
14,11,exp_a1/12_sq\fg_888888_bg_000000.jpg,0.30810546875
15,20,exp_a1/12_sq\fg_ffff00_bg_888888.jpg,0.30810546875
16,14,exp_a1/12_sq\fg_921e3e_bg_888888.jpg,0.307373046875
17,13,exp_a1/12_sq\fg_921e3e_bg_000000.jpg,0.30712890625
18,1,exp_a1/12_sq\fg_000000_bg_ffffff.jpg,0.306396484375
19,15,exp_a1/12_sq\fg_921e3e_bg_ffffff.jpg,0.3056640625
20,9,exp_a1/12_sq\fg_00ffff_bg_888888.jpg,0.30517578125
21,0,exp_a1/12_sq\fg_000000_bg_888888.jpg,0.303955078125
22,12,exp_a1/12_sq\fg_888888_bg_ffffff.jpg,0.297119140625
23,6,exp_a1/12_sq\fg_00ff00_bg_888888.jpg,0.29443359375
0,20,exp_a1/148_sq\fg_ffff00_bg_888888.jpg,0.3291015625
1,9,exp_a1/148_sq\fg_00ffff_bg_888888.jpg,0.324951171875
2,14,exp_a1/148_sq\fg_921e3e_bg_888888.jpg,0.321044921875
3,3,exp_a1/148_sq\fg_0000ff_bg_888888.jpg,0.3193359375
4,18,exp_a1/148_sq\fg_ff0000_bg_ffffff.jpg,0.31884765625
5,17,exp_a1/148_sq\fg_ff0000_bg_888888.jpg,0.31640625
6,21,exp_a1/148_sq\fg_ffff00_bg_ffffff.jpg,0.315185546875
7,7,exp_a1/148_sq\fg_00ff00_bg_ffffff.jpg,0.315185546875
8,10,exp_a1/148_sq\fg_00ffff_bg_ffffff.jpg,0.313232421875
9,8,exp_a1/148_sq\fg_00ffff_bg_000000.jpg,0.3095703125
10,2,exp_a1/148_sq\fg_0000ff_bg_000000.jpg,0.30908203125
11,4,exp_a1/148_sq\fg_0000ff_bg_ffffff.jpg,0.308837890625
12,16,exp_a1/148_sq\fg_ff0000_bg_000000.jpg,0.307861328125
13,19,exp_a1/148_sq\fg_ffff00_bg_000000.jpg,0.3056640625
14,13,exp_a1/148_sq\fg_921e3e_bg_000000.jpg,0.304931640625
15,5,exp_a1/148_sq\fg_00ff00_bg_000000.jpg,0.3046875
16,23,exp_a1/148_sq\fg_ffffff_bg_888888.jpg,0.303955078125
17,22,exp_a1/148_sq\fg_ffffff_bg_000000.jpg,0.301513671875
18,15,exp_a1/148_sq\fg_921e3e_bg_ffffff.jpg,0.301025390625
19,6,exp_a1/148_sq\fg_00ff00_bg_888888.jpg,0.297607421875
20,1,exp_a1/148_sq\fg_000000_bg_ffffff.jpg,0.29345703125
21,0,exp_a1/148_sq\fg_000000_bg_888888.jpg,0.28515625
22,11,exp_a1/148_sq\fg_888888_bg_000000.jpg,0.279541015625
23,12,exp_a1/148_sq\fg_888888_bg_ffffff.jpg,0.276123046875
0,17,exp_a1/200_sq\fg_ff0000_bg_888888.jpg,0.326416015625
1,5,exp_a1/200_sq\fg_00ff00_bg_000000.jpg,0.324462890625
2,16,exp_a1/200_sq\fg_ff0000_bg_000000.jpg,0.322998046875
3,20,exp_a1/200_sq\fg_ffff00_bg_888888.jpg,0.321533203125
4,9,exp_a1/200_sq\fg_00ffff_bg_888888.jpg,0.3212890625
5,3,exp_a1/200_sq\fg_0000ff_bg_888888.jpg,0.32080078125
6,14,exp_a1/200_sq\fg_921e3e_bg_888888.jpg,0.317626953125
7,19,exp_a1/200_sq\fg_ffff00_bg_000000.jpg,0.316650390625
8,13,exp_a1/200_sq\fg_921e3e_bg_000000.jpg,0.316162109375
9,7,exp_a1/200_sq\fg_00ff00_bg_ffffff.jpg,0.314208984375
10,4,exp_a1/200_sq\fg_0000ff_bg_ffffff.jpg,0.313720703125
11,2,exp_a1/200_sq\fg_0000ff_bg_000000.jpg,0.312744140625
12,21,exp_a1/200_sq\fg_ffff00_bg_ffffff.jpg,0.312255859375
13,6,exp_a1/200_sq\fg_00ff00_bg_888888.jpg,0.311767578125
14,8,exp_a1/200_sq\fg_00ffff_bg_000000.jpg,0.31103515625
15,10,exp_a1/200_sq\fg_00ffff_bg_ffffff.jpg,0.308837890625
16,22,exp_a1/200_sq\fg_ffffff_bg_000000.jpg,0.306884765625
17,18,exp_a1/200_sq\fg_ff0000_bg_ffffff.jpg,0.30322265625
18,0,exp_a1/200_sq\fg_000000_bg_888888.jpg,0.302001953125
19,1,exp_a1/200_sq\fg_000000_bg_ffffff.jpg,0.30029296875
20,15,exp_a1/200_sq\fg_921e3e_bg_ffffff.jpg,0.294921875
21,23,exp_a1/200_sq\fg_ffffff_bg_888888.jpg,0.28857421875
22,12,exp_a1/200_sq\fg_888888_bg_ffffff.jpg,0.256591796875
23,11,exp_a1/200_sq\fg_888888_bg_000000.jpg,0.2437744140625
0,8,exp_a1/4_sq\fg_00ffff_bg_000000.jpg,0.30126953125
1,13,exp_a1/4_sq\fg_921e3e_bg_000000.jpg,0.2998046875
2,2,exp_a1/4_sq\fg_0000ff_bg_000000.jpg,0.299560546875
3,19,exp_a1/4_sq\fg_ffff00_bg_000000.jpg,0.299560546875
4,4,exp_a1/4_sq\fg_0000ff_bg_ffffff.jpg,0.299072265625
5,5,exp_a1/4_sq\fg_00ff00_bg_000000.jpg,0.299072265625
6,11,exp_a1/4_sq\fg_888888_bg_000000.jpg,0.299072265625
7,21,exp_a1/4_sq\fg_ffff00_bg_ffffff.jpg,0.29833984375
8,1,exp_a1/4_sq\fg_000000_bg_ffffff.jpg,0.29833984375
9,22,exp_a1/4_sq\fg_ffffff_bg_000000.jpg,0.2978515625
10,10,exp_a1/4_sq\fg_00ffff_bg_ffffff.jpg,0.297607421875
11,7,exp_a1/4_sq\fg_00ff00_bg_ffffff.jpg,0.29736328125
12,15,exp_a1/4_sq\fg_921e3e_bg_ffffff.jpg,0.297119140625
13,12,exp_a1/4_sq\fg_888888_bg_ffffff.jpg,0.296630859375
14,16,exp_a1/4_sq\fg_ff0000_bg_000000.jpg,0.296630859375
15,18,exp_a1/4_sq\fg_ff0000_bg_ffffff.jpg,0.2939453125
16,23,exp_a1/4_sq\fg_ffffff_bg_888888.jpg,0.2734375
17,3,exp_a1/4_sq\fg_0000ff_bg_888888.jpg,0.2734375
18,14,exp_a1/4_sq\fg_921e3e_bg_888888.jpg,0.2705078125
19,0,exp_a1/4_sq\fg_000000_bg_888888.jpg,0.2705078125
20,9,exp_a1/4_sq\fg_00ffff_bg_888888.jpg,0.27001953125
21,20,exp_a1/4_sq\fg_ffff00_bg_888888.jpg,0.264892578125
22,17,exp_a1/4_sq\fg_ff0000_bg_888888.jpg,0.252685546875
23,6,exp_a1/4_sq\fg_00ff00_bg_888888.jpg,0.25
0,10,exp_a1/56_sq\fg_00ffff_bg_ffffff.jpg,0.307861328125
1,19,exp_a1/56_sq\fg_ffff00_bg_000000.jpg,0.30517578125
2,16,exp_a1/56_sq\fg_ff0000_bg_000000.jpg,0.304931640625
3,6,exp_a1/56_sq\fg_00ff00_bg_888888.jpg,0.304931640625
4,8,exp_a1/56_sq\fg_00ffff_bg_000000.jpg,0.303955078125
5,7,exp_a1/56_sq\fg_00ff00_bg_ffffff.jpg,0.3037109375
6,5,exp_a1/56_sq\fg_00ff00_bg_000000.jpg,0.302490234375
7,20,exp_a1/56_sq\fg_ffff00_bg_888888.jpg,0.302001953125
8,9,exp_a1/56_sq\fg_00ffff_bg_888888.jpg,0.301513671875
9,13,exp_a1/56_sq\fg_921e3e_bg_000000.jpg,0.30078125
10,22,exp_a1/56_sq\fg_ffffff_bg_000000.jpg,0.300048828125
11,23,exp_a1/56_sq\fg_ffffff_bg_888888.jpg,0.2978515625
12,18,exp_a1/56_sq\fg_ff0000_bg_ffffff.jpg,0.297119140625
13,21,exp_a1/56_sq\fg_ffff00_bg_ffffff.jpg,0.296875
14,3,exp_a1/56_sq\fg_0000ff_bg_888888.jpg,0.296142578125
15,15,exp_a1/56_sq\fg_921e3e_bg_ffffff.jpg,0.294921875
16,2,exp_a1/56_sq\fg_0000ff_bg_000000.jpg,0.294921875
17,17,exp_a1/56_sq\fg_ff0000_bg_888888.jpg,0.294921875
18,4,exp_a1/56_sq\fg_0000ff_bg_ffffff.jpg,0.29345703125
19,12,exp_a1/56_sq\fg_888888_bg_ffffff.jpg,0.29150390625
20,11,exp_a1/56_sq\fg_888888_bg_000000.jpg,0.29150390625
21,14,exp_a1/56_sq\fg_921e3e_bg_888888.jpg,0.2880859375
22,1,exp_a1/56_sq\fg_000000_bg_ffffff.jpg,0.28515625
23,0,exp_a1/56_sq\fg_000000_bg_888888.jpg,0.27099609375
0,0,exp_a1/colors\bg_000000.jpg,0.302978515625
1,6,exp_a1/colors\bg_ff0000.jpg,0.298828125
2,8,exp_a1/colors\bg_ffffff.png,0.29541015625
3,1,exp_a1/colors\bg_0000ff.jpg,0.291259765625
4,5,exp_a1/colors\bg_921e3e.jpg,0.288330078125
5,7,exp_a1/colors\bg_ffff00.jpg,0.28076171875
6,2,exp_a1/colors\bg_00ff00.jpg,0.27783203125
7,3,exp_a1/colors\bg_00ffff.jpg,0.271240234375
8,4,exp_a1/colors\bg_888888.jpg,0.232177734375
