,Unnamed: 0,filepaths,similarity
0,6,exp_a1/112_sq\fg_00ff00_bg_888888.jpg,0.39208984375
1,14,exp_a1/112_sq\fg_921e3e_bg_888888.jpg,0.37158203125
2,9,exp_a1/112_sq\fg_00ffff_bg_888888.jpg,0.344482421875
3,10,exp_a1/112_sq\fg_00ffff_bg_ffffff.jpg,0.322998046875
4,1,exp_a1/112_sq\fg_000000_bg_ffffff.jpg,0.321533203125
5,11,exp_a1/112_sq\fg_888888_bg_000000.jpg,0.314208984375
6,3,exp_a1/112_sq\fg_0000ff_bg_888888.jpg,0.312744140625
7,21,exp_a1/112_sq\fg_ffff00_bg_ffffff.jpg,0.305908203125
8,13,exp_a1/112_sq\fg_921e3e_bg_000000.jpg,0.304931640625
9,7,exp_a1/112_sq\fg_00ff00_bg_ffffff.jpg,0.29833984375
10,4,exp_a1/112_sq\fg_0000ff_bg_ffffff.jpg,0.2958984375
11,18,exp_a1/112_sq\fg_ff0000_bg_ffffff.jpg,0.29052734375
12,5,exp_a1/112_sq\fg_00ff00_bg_000000.jpg,0.289306640625
13,15,exp_a1/112_sq\fg_921e3e_bg_ffffff.jpg,0.280029296875
14,12,exp_a1/112_sq\fg_888888_bg_ffffff.jpg,0.275634765625
15,2,exp_a1/112_sq\fg_0000ff_bg_000000.jpg,0.270263671875
16,8,exp_a1/112_sq\fg_00ffff_bg_000000.jpg,0.263916015625
17,19,exp_a1/112_sq\fg_ffff00_bg_000000.jpg,0.257568359375
18,20,exp_a1/112_sq\fg_ffff00_bg_888888.jpg,0.2232666015625
19,0,exp_a1/112_sq\fg_000000_bg_888888.jpg,0.2127685546875
20,16,exp_a1/112_sq\fg_ff0000_bg_000000.jpg,0.2113037109375
21,22,exp_a1/112_sq\fg_ffffff_bg_000000.jpg,0.2064208984375
22,17,exp_a1/112_sq\fg_ff0000_bg_888888.jpg,0.2022705078125
23,23,exp_a1/112_sq\fg_ffffff_bg_888888.jpg,0.2015380859375
0,14,exp_a1/12_sq\fg_921e3e_bg_888888.jpg,0.462890625
1,0,exp_a1/12_sq\fg_000000_bg_888888.jpg,0.459716796875
2,23,exp_a1/12_sq\fg_ffffff_bg_888888.jpg,0.458984375
3,3,exp_a1/12_sq\fg_0000ff_bg_888888.jpg,0.45849609375
4,9,exp_a1/12_sq\fg_00ffff_bg_888888.jpg,0.456298828125
5,6,exp_a1/12_sq\fg_00ff00_bg_888888.jpg,0.454833984375
6,17,exp_a1/12_sq\fg_ff0000_bg_888888.jpg,0.451904296875
7,20,exp_a1/12_sq\fg_ffff00_bg_888888.jpg,0.44970703125
8,12,exp_a1/12_sq\fg_888888_bg_ffffff.jpg,0.3076171875
9,15,exp_a1/12_sq\fg_921e3e_bg_ffffff.jpg,0.3056640625
10,4,exp_a1/12_sq\fg_0000ff_bg_ffffff.jpg,0.304443359375
11,7,exp_a1/12_sq\fg_00ff00_bg_ffffff.jpg,0.300048828125
12,1,exp_a1/12_sq\fg_000000_bg_ffffff.jpg,0.2998046875
13,10,exp_a1/12_sq\fg_00ffff_bg_ffffff.jpg,0.29833984375
14,21,exp_a1/12_sq\fg_ffff00_bg_ffffff.jpg,0.296630859375
15,18,exp_a1/12_sq\fg_ff0000_bg_ffffff.jpg,0.296142578125
16,22,exp_a1/12_sq\fg_ffffff_bg_000000.jpg,0.2330322265625
17,16,exp_a1/12_sq\fg_ff0000_bg_000000.jpg,0.2325439453125
18,11,exp_a1/12_sq\fg_888888_bg_000000.jpg,0.232177734375
19,8,exp_a1/12_sq\fg_00ffff_bg_000000.jpg,0.23095703125
20,19,exp_a1/12_sq\fg_ffff00_bg_000000.jpg,0.23046875
21,5,exp_a1/12_sq\fg_00ff00_bg_000000.jpg,0.229736328125
22,13,exp_a1/12_sq\fg_921e3e_bg_000000.jpg,0.2296142578125
23,2,exp_a1/12_sq\fg_0000ff_bg_000000.jpg,0.2283935546875
0,10,exp_a1/148_sq\fg_00ffff_bg_ffffff.jpg,0.336181640625
1,1,exp_a1/148_sq\fg_000000_bg_ffffff.jpg,0.329833984375
2,21,exp_a1/148_sq\fg_ffff00_bg_ffffff.jpg,0.32177734375
3,6,exp_a1/148_sq\fg_00ff00_bg_888888.jpg,0.313720703125
4,4,exp_a1/148_sq\fg_0000ff_bg_ffffff.jpg,0.3125
5,7,exp_a1/148_sq\fg_00ff00_bg_ffffff.jpg,0.31201171875
6,5,exp_a1/148_sq\fg_00ff00_bg_000000.jpg,0.303955078125
7,2,exp_a1/148_sq\fg_0000ff_bg_000000.jpg,0.302001953125
8,11,exp_a1/148_sq\fg_888888_bg_000000.jpg,0.296142578125
9,13,exp_a1/148_sq\fg_921e3e_bg_000000.jpg,0.2939453125
10,18,exp_a1/148_sq\fg_ff0000_bg_ffffff.jpg,0.2900390625
11,12,exp_a1/148_sq\fg_888888_bg_ffffff.jpg,0.2744140625
12,8,exp_a1/148_sq\fg_00ffff_bg_000000.jpg,0.23779296875
13,19,exp_a1/148_sq\fg_ffff00_bg_000000.jpg,0.2335205078125
14,15,exp_a1/148_sq\fg_921e3e_bg_ffffff.jpg,0.220458984375
15,14,exp_a1/148_sq\fg_921e3e_bg_888888.jpg,0.18798828125
16,20,exp_a1/148_sq\fg_ffff00_bg_888888.jpg,0.17822265625
17,3,exp_a1/148_sq\fg_0000ff_bg_888888.jpg,0.177734375
18,22,exp_a1/148_sq\fg_ffffff_bg_000000.jpg,0.1680908203125
19,9,exp_a1/148_sq\fg_00ffff_bg_888888.jpg,0.1658935546875
20,0,exp_a1/148_sq\fg_000000_bg_888888.jpg,0.1456298828125
21,16,exp_a1/148_sq\fg_ff0000_bg_000000.jpg,0.1343994140625
22,17,exp_a1/148_sq\fg_ff0000_bg_888888.jpg,0.1263427734375
23,23,exp_a1/148_sq\fg_ffffff_bg_888888.jpg,0.11932373046875
0,11,exp_a1/200_sq\fg_888888_bg_000000.jpg,0.347412109375
1,5,exp_a1/200_sq\fg_00ff00_bg_000000.jpg,0.342041015625
2,19,exp_a1/200_sq\fg_ffff00_bg_000000.jpg,0.32177734375
3,8,exp_a1/200_sq\fg_00ffff_bg_000000.jpg,0.296630859375
4,18,exp_a1/200_sq\fg_ff0000_bg_ffffff.jpg,0.29248046875
5,13,exp_a1/200_sq\fg_921e3e_bg_000000.jpg,0.29248046875
6,21,exp_a1/200_sq\fg_ffff00_bg_ffffff.jpg,0.289794921875
7,10,exp_a1/200_sq\fg_00ffff_bg_ffffff.jpg,0.288818359375
8,2,exp_a1/200_sq\fg_0000ff_bg_000000.jpg,0.2880859375
9,7,exp_a1/200_sq\fg_00ff00_bg_ffffff.jpg,0.260498046875
10,0,exp_a1/200_sq\fg_000000_bg_888888.jpg,0.25732421875
11,22,exp_a1/200_sq\fg_ffffff_bg_000000.jpg,0.25439453125
12,20,exp_a1/200_sq\fg_ffff00_bg_888888.jpg,0.253662109375
13,16,exp_a1/200_sq\fg_ff0000_bg_000000.jpg,0.24560546875
14,1,exp_a1/200_sq\fg_000000_bg_ffffff.jpg,0.2353515625
15,3,exp_a1/200_sq\fg_0000ff_bg_888888.jpg,0.21533203125
16,14,exp_a1/200_sq\fg_921e3e_bg_888888.jpg,0.2117919921875
17,6,exp_a1/200_sq\fg_00ff00_bg_888888.jpg,0.2105712890625
18,4,exp_a1/200_sq\fg_0000ff_bg_ffffff.jpg,0.203857421875
19,17,exp_a1/200_sq\fg_ff0000_bg_888888.jpg,0.18017578125
20,23,exp_a1/200_sq\fg_ffffff_bg_888888.jpg,0.1796875
21,15,exp_a1/200_sq\fg_921e3e_bg_ffffff.jpg,0.1705322265625
22,9,exp_a1/200_sq\fg_00ffff_bg_888888.jpg,0.1510009765625
23,12,exp_a1/200_sq\fg_888888_bg_ffffff.jpg,0.07232666015625
0,0,exp_a1/4_sq\fg_000000_bg_888888.jpg,0.44921875
1,3,exp_a1/4_sq\fg_0000ff_bg_888888.jpg,0.44677734375
2,9,exp_a1/4_sq\fg_00ffff_bg_888888.jpg,0.442138671875
3,6,exp_a1/4_sq\fg_00ff00_bg_888888.jpg,0.437744140625
4,20,exp_a1/4_sq\fg_ffff00_bg_888888.jpg,0.4375
5,17,exp_a1/4_sq\fg_ff0000_bg_888888.jpg,0.432373046875
6,14,exp_a1/4_sq\fg_921e3e_bg_888888.jpg,0.43212890625
7,23,exp_a1/4_sq\fg_ffffff_bg_888888.jpg,0.424072265625
8,4,exp_a1/4_sq\fg_0000ff_bg_ffffff.jpg,0.293701171875
9,10,exp_a1/4_sq\fg_00ffff_bg_ffffff.jpg,0.29345703125
10,1,exp_a1/4_sq\fg_000000_bg_ffffff.jpg,0.29345703125
11,18,exp_a1/4_sq\fg_ff0000_bg_ffffff.jpg,0.29345703125
12,7,exp_a1/4_sq\fg_00ff00_bg_ffffff.jpg,0.293212890625
13,15,exp_a1/4_sq\fg_921e3e_bg_ffffff.jpg,0.293212890625
14,21,exp_a1/4_sq\fg_ffff00_bg_ffffff.jpg,0.293212890625
15,12,exp_a1/4_sq\fg_888888_bg_ffffff.jpg,0.29296875
16,22,exp_a1/4_sq\fg_ffffff_bg_000000.jpg,0.22900390625
17,5,exp_a1/4_sq\fg_00ff00_bg_000000.jpg,0.2286376953125
18,11,exp_a1/4_sq\fg_888888_bg_000000.jpg,0.228515625
19,13,exp_a1/4_sq\fg_921e3e_bg_000000.jpg,0.228515625
20,16,exp_a1/4_sq\fg_ff0000_bg_000000.jpg,0.228515625
21,19,exp_a1/4_sq\fg_ffff00_bg_000000.jpg,0.2283935546875
22,2,exp_a1/4_sq\fg_0000ff_bg_000000.jpg,0.2283935546875
23,8,exp_a1/4_sq\fg_00ffff_bg_000000.jpg,0.2281494140625
0,3,exp_a1/56_sq\fg_0000ff_bg_888888.jpg,0.456787109375
1,6,exp_a1/56_sq\fg_00ff00_bg_888888.jpg,0.447265625
2,14,exp_a1/56_sq\fg_921e3e_bg_888888.jpg,0.44580078125
3,0,exp_a1/56_sq\fg_000000_bg_888888.jpg,0.439208984375
4,9,exp_a1/56_sq\fg_00ffff_bg_888888.jpg,0.415771484375
5,20,exp_a1/56_sq\fg_ffff00_bg_888888.jpg,0.38916015625
6,21,exp_a1/56_sq\fg_ffff00_bg_ffffff.jpg,0.326416015625
7,1,exp_a1/56_sq\fg_000000_bg_ffffff.jpg,0.32275390625
8,4,exp_a1/56_sq\fg_0000ff_bg_ffffff.jpg,0.3095703125
9,17,exp_a1/56_sq\fg_ff0000_bg_888888.jpg,0.306640625
10,10,exp_a1/56_sq\fg_00ffff_bg_ffffff.jpg,0.306396484375
11,7,exp_a1/56_sq\fg_00ff00_bg_ffffff.jpg,0.3037109375
12,15,exp_a1/56_sq\fg_921e3e_bg_ffffff.jpg,0.301025390625
13,12,exp_a1/56_sq\fg_888888_bg_ffffff.jpg,0.298095703125
14,13,exp_a1/56_sq\fg_921e3e_bg_000000.jpg,0.293212890625
15,18,exp_a1/56_sq\fg_ff0000_bg_ffffff.jpg,0.289794921875
16,11,exp_a1/56_sq\fg_888888_bg_000000.jpg,0.28857421875
17,23,exp_a1/56_sq\fg_ffffff_bg_888888.jpg,0.2509765625
18,19,exp_a1/56_sq\fg_ffff00_bg_000000.jpg,0.2490234375
19,2,exp_a1/56_sq\fg_0000ff_bg_000000.jpg,0.2427978515625
20,5,exp_a1/56_sq\fg_00ff00_bg_000000.jpg,0.2406005859375
21,8,exp_a1/56_sq\fg_00ffff_bg_000000.jpg,0.238037109375
22,22,exp_a1/56_sq\fg_ffffff_bg_000000.jpg,0.230224609375
23,16,exp_a1/56_sq\fg_ff0000_bg_000000.jpg,0.22802734375
0,4,exp_a1/colors\bg_888888.jpg,0.403564453125
1,5,exp_a1/colors\bg_921e3e.jpg,0.30322265625
2,8,exp_a1/colors\bg_ffffff.png,0.29248046875
3,7,exp_a1/colors\bg_ffff00.jpg,0.289794921875
4,1,exp_a1/colors\bg_0000ff.jpg,0.28515625
5,6,exp_a1/colors\bg_ff0000.jpg,0.277587890625
6,2,exp_a1/colors\bg_00ff00.jpg,0.237060546875
7,3,exp_a1/colors\bg_00ffff.jpg,0.235595703125
8,0,exp_a1/colors\bg_000000.jpg,0.2286376953125
