,Unnamed: 0,filepaths,similarity
0,6,exp_a1/112_sq\fg_00ff00_bg_888888.jpg,0.3720703125
1,14,exp_a1/112_sq\fg_921e3e_bg_888888.jpg,0.33154296875
2,9,exp_a1/112_sq\fg_00ffff_bg_888888.jpg,0.326171875
3,10,exp_a1/112_sq\fg_00ffff_bg_ffffff.jpg,0.28076171875
4,3,exp_a1/112_sq\fg_0000ff_bg_888888.jpg,0.280517578125
5,21,exp_a1/112_sq\fg_ffff00_bg_ffffff.jpg,0.2705078125
6,4,exp_a1/112_sq\fg_0000ff_bg_ffffff.jpg,0.266845703125
7,11,exp_a1/112_sq\fg_888888_bg_000000.jpg,0.265869140625
8,5,exp_a1/112_sq\fg_00ff00_bg_000000.jpg,0.2646484375
9,7,exp_a1/112_sq\fg_00ff00_bg_ffffff.jpg,0.261474609375
10,1,exp_a1/112_sq\fg_000000_bg_ffffff.jpg,0.257568359375
11,13,exp_a1/112_sq\fg_921e3e_bg_000000.jpg,0.257568359375
12,18,exp_a1/112_sq\fg_ff0000_bg_ffffff.jpg,0.2459716796875
13,8,exp_a1/112_sq\fg_00ffff_bg_000000.jpg,0.2349853515625
14,12,exp_a1/112_sq\fg_888888_bg_ffffff.jpg,0.2347412109375
15,16,exp_a1/112_sq\fg_ff0000_bg_000000.jpg,0.22802734375
16,22,exp_a1/112_sq\fg_ffffff_bg_000000.jpg,0.2247314453125
17,15,exp_a1/112_sq\fg_921e3e_bg_ffffff.jpg,0.2227783203125
18,2,exp_a1/112_sq\fg_0000ff_bg_000000.jpg,0.220458984375
19,19,exp_a1/112_sq\fg_ffff00_bg_000000.jpg,0.2169189453125
20,20,exp_a1/112_sq\fg_ffff00_bg_888888.jpg,0.2042236328125
21,0,exp_a1/112_sq\fg_000000_bg_888888.jpg,0.199462890625
22,23,exp_a1/112_sq\fg_ffffff_bg_888888.jpg,0.1923828125
23,17,exp_a1/112_sq\fg_ff0000_bg_888888.jpg,0.188720703125
0,23,exp_a1/12_sq\fg_ffffff_bg_888888.jpg,0.419189453125
1,6,exp_a1/12_sq\fg_00ff00_bg_888888.jpg,0.414306640625
2,17,exp_a1/12_sq\fg_ff0000_bg_888888.jpg,0.41357421875
3,9,exp_a1/12_sq\fg_00ffff_bg_888888.jpg,0.4130859375
4,14,exp_a1/12_sq\fg_921e3e_bg_888888.jpg,0.408447265625
5,3,exp_a1/12_sq\fg_0000ff_bg_888888.jpg,0.406005859375
6,0,exp_a1/12_sq\fg_000000_bg_888888.jpg,0.40478515625
7,20,exp_a1/12_sq\fg_ffff00_bg_888888.jpg,0.396728515625
8,12,exp_a1/12_sq\fg_888888_bg_ffffff.jpg,0.260009765625
9,15,exp_a1/12_sq\fg_921e3e_bg_ffffff.jpg,0.2587890625
10,4,exp_a1/12_sq\fg_0000ff_bg_ffffff.jpg,0.256591796875
11,1,exp_a1/12_sq\fg_000000_bg_ffffff.jpg,0.25439453125
12,7,exp_a1/12_sq\fg_00ff00_bg_ffffff.jpg,0.253173828125
13,10,exp_a1/12_sq\fg_00ffff_bg_ffffff.jpg,0.252685546875
14,18,exp_a1/12_sq\fg_ff0000_bg_ffffff.jpg,0.252685546875
15,21,exp_a1/12_sq\fg_ffff00_bg_ffffff.jpg,0.252685546875
16,11,exp_a1/12_sq\fg_888888_bg_000000.jpg,0.1832275390625
17,22,exp_a1/12_sq\fg_ffffff_bg_000000.jpg,0.18212890625
18,16,exp_a1/12_sq\fg_ff0000_bg_000000.jpg,0.181396484375
19,5,exp_a1/12_sq\fg_00ff00_bg_000000.jpg,0.1806640625
20,8,exp_a1/12_sq\fg_00ffff_bg_000000.jpg,0.1805419921875
21,19,exp_a1/12_sq\fg_ffff00_bg_000000.jpg,0.180419921875
22,13,exp_a1/12_sq\fg_921e3e_bg_000000.jpg,0.179931640625
23,2,exp_a1/12_sq\fg_0000ff_bg_000000.jpg,0.178955078125
0,6,exp_a1/148_sq\fg_00ff00_bg_888888.jpg,0.333251953125
1,10,exp_a1/148_sq\fg_00ffff_bg_ffffff.jpg,0.305908203125
2,21,exp_a1/148_sq\fg_ffff00_bg_ffffff.jpg,0.27734375
3,5,exp_a1/148_sq\fg_00ff00_bg_000000.jpg,0.260009765625
4,11,exp_a1/148_sq\fg_888888_bg_000000.jpg,0.254150390625
5,1,exp_a1/148_sq\fg_000000_bg_ffffff.jpg,0.254150390625
6,13,exp_a1/148_sq\fg_921e3e_bg_000000.jpg,0.25146484375
7,7,exp_a1/148_sq\fg_00ff00_bg_ffffff.jpg,0.2493896484375
8,18,exp_a1/148_sq\fg_ff0000_bg_ffffff.jpg,0.2451171875
9,2,exp_a1/148_sq\fg_0000ff_bg_000000.jpg,0.24267578125
10,8,exp_a1/148_sq\fg_00ffff_bg_000000.jpg,0.2352294921875
11,19,exp_a1/148_sq\fg_ffff00_bg_000000.jpg,0.2301025390625
12,4,exp_a1/148_sq\fg_0000ff_bg_ffffff.jpg,0.22119140625
13,12,exp_a1/148_sq\fg_888888_bg_ffffff.jpg,0.21484375
14,9,exp_a1/148_sq\fg_00ffff_bg_888888.jpg,0.20361328125
15,22,exp_a1/148_sq\fg_ffffff_bg_000000.jpg,0.1873779296875
16,17,exp_a1/148_sq\fg_ff0000_bg_888888.jpg,0.1766357421875
17,14,exp_a1/148_sq\fg_921e3e_bg_888888.jpg,0.1744384765625
18,15,exp_a1/148_sq\fg_921e3e_bg_ffffff.jpg,0.17138671875
19,23,exp_a1/148_sq\fg_ffffff_bg_888888.jpg,0.1707763671875
20,16,exp_a1/148_sq\fg_ff0000_bg_000000.jpg,0.1705322265625
21,20,exp_a1/148_sq\fg_ffff00_bg_888888.jpg,0.169677734375
22,3,exp_a1/148_sq\fg_0000ff_bg_888888.jpg,0.169677734375
23,0,exp_a1/148_sq\fg_000000_bg_888888.jpg,0.14453125
0,5,exp_a1/200_sq\fg_00ff00_bg_000000.jpg,0.32666015625
1,19,exp_a1/200_sq\fg_ffff00_bg_000000.jpg,0.29345703125
2,11,exp_a1/200_sq\fg_888888_bg_000000.jpg,0.28564453125
3,8,exp_a1/200_sq\fg_00ffff_bg_000000.jpg,0.27294921875
4,10,exp_a1/200_sq\fg_00ffff_bg_ffffff.jpg,0.26318359375
5,21,exp_a1/200_sq\fg_ffff00_bg_ffffff.jpg,0.261474609375
6,18,exp_a1/200_sq\fg_ff0000_bg_ffffff.jpg,0.2496337890625
7,6,exp_a1/200_sq\fg_00ff00_bg_888888.jpg,0.2459716796875
8,13,exp_a1/200_sq\fg_921e3e_bg_000000.jpg,0.241943359375
9,2,exp_a1/200_sq\fg_0000ff_bg_000000.jpg,0.2413330078125
10,20,exp_a1/200_sq\fg_ffff00_bg_888888.jpg,0.2412109375
11,0,exp_a1/200_sq\fg_000000_bg_888888.jpg,0.239990234375
12,22,exp_a1/200_sq\fg_ffffff_bg_000000.jpg,0.2218017578125
13,16,exp_a1/200_sq\fg_ff0000_bg_000000.jpg,0.215087890625
14,7,exp_a1/200_sq\fg_00ff00_bg_ffffff.jpg,0.20947265625
15,3,exp_a1/200_sq\fg_0000ff_bg_888888.jpg,0.201416015625
16,1,exp_a1/200_sq\fg_000000_bg_ffffff.jpg,0.17919921875
17,9,exp_a1/200_sq\fg_00ffff_bg_888888.jpg,0.178955078125
18,17,exp_a1/200_sq\fg_ff0000_bg_888888.jpg,0.178466796875
19,14,exp_a1/200_sq\fg_921e3e_bg_888888.jpg,0.1767578125
20,23,exp_a1/200_sq\fg_ffffff_bg_888888.jpg,0.1734619140625
21,4,exp_a1/200_sq\fg_0000ff_bg_ffffff.jpg,0.15576171875
22,15,exp_a1/200_sq\fg_921e3e_bg_ffffff.jpg,0.12469482421875
23,12,exp_a1/200_sq\fg_888888_bg_ffffff.jpg,0.03912353515625
0,6,exp_a1/4_sq\fg_00ff00_bg_888888.jpg,0.434814453125
1,17,exp_a1/4_sq\fg_ff0000_bg_888888.jpg,0.427734375
2,3,exp_a1/4_sq\fg_0000ff_bg_888888.jpg,0.42333984375
3,23,exp_a1/4_sq\fg_ffffff_bg_888888.jpg,0.421875
4,14,exp_a1/4_sq\fg_921e3e_bg_888888.jpg,0.421142578125
5,0,exp_a1/4_sq\fg_000000_bg_888888.jpg,0.420654296875
6,9,exp_a1/4_sq\fg_00ffff_bg_888888.jpg,0.41943359375
7,20,exp_a1/4_sq\fg_ffff00_bg_888888.jpg,0.4150390625
8,10,exp_a1/4_sq\fg_00ffff_bg_ffffff.jpg,0.252685546875
9,15,exp_a1/4_sq\fg_921e3e_bg_ffffff.jpg,0.25244140625
10,4,exp_a1/4_sq\fg_0000ff_bg_ffffff.jpg,0.25244140625
11,21,exp_a1/4_sq\fg_ffff00_bg_ffffff.jpg,0.25244140625
12,18,exp_a1/4_sq\fg_ff0000_bg_ffffff.jpg,0.25244140625
13,7,exp_a1/4_sq\fg_00ff00_bg_ffffff.jpg,0.25244140625
14,12,exp_a1/4_sq\fg_888888_bg_ffffff.jpg,0.25244140625
15,1,exp_a1/4_sq\fg_000000_bg_ffffff.jpg,0.25244140625
16,22,exp_a1/4_sq\fg_ffffff_bg_000000.jpg,0.1796875
17,5,exp_a1/4_sq\fg_00ff00_bg_000000.jpg,0.179443359375
18,13,exp_a1/4_sq\fg_921e3e_bg_000000.jpg,0.1793212890625
19,11,exp_a1/4_sq\fg_888888_bg_000000.jpg,0.1790771484375
20,8,exp_a1/4_sq\fg_00ffff_bg_000000.jpg,0.1790771484375
21,16,exp_a1/4_sq\fg_ff0000_bg_000000.jpg,0.178955078125
22,2,exp_a1/4_sq\fg_0000ff_bg_000000.jpg,0.178955078125
23,19,exp_a1/4_sq\fg_ffff00_bg_000000.jpg,0.1787109375
0,6,exp_a1/56_sq\fg_00ff00_bg_888888.jpg,0.424072265625
1,14,exp_a1/56_sq\fg_921e3e_bg_888888.jpg,0.40869140625
2,3,exp_a1/56_sq\fg_0000ff_bg_888888.jpg,0.400390625
3,0,exp_a1/56_sq\fg_000000_bg_888888.jpg,0.387939453125
4,9,exp_a1/56_sq\fg_00ffff_bg_888888.jpg,0.3876953125
5,20,exp_a1/56_sq\fg_ffff00_bg_888888.jpg,0.363037109375
6,17,exp_a1/56_sq\fg_ff0000_bg_888888.jpg,0.302734375
7,21,exp_a1/56_sq\fg_ffff00_bg_ffffff.jpg,0.287353515625
8,1,exp_a1/56_sq\fg_000000_bg_ffffff.jpg,0.274658203125
9,10,exp_a1/56_sq\fg_00ffff_bg_ffffff.jpg,0.266357421875
10,4,exp_a1/56_sq\fg_0000ff_bg_ffffff.jpg,0.261962890625
11,12,exp_a1/56_sq\fg_888888_bg_ffffff.jpg,0.26123046875
12,13,exp_a1/56_sq\fg_921e3e_bg_000000.jpg,0.254638671875
13,23,exp_a1/56_sq\fg_ffffff_bg_888888.jpg,0.253173828125
14,7,exp_a1/56_sq\fg_00ff00_bg_ffffff.jpg,0.24609375
15,15,exp_a1/56_sq\fg_921e3e_bg_ffffff.jpg,0.2445068359375
16,18,exp_a1/56_sq\fg_ff0000_bg_ffffff.jpg,0.2442626953125
17,11,exp_a1/56_sq\fg_888888_bg_000000.jpg,0.2354736328125
18,22,exp_a1/56_sq\fg_ffffff_bg_000000.jpg,0.2086181640625
19,19,exp_a1/56_sq\fg_ffff00_bg_000000.jpg,0.2066650390625
20,16,exp_a1/56_sq\fg_ff0000_bg_000000.jpg,0.2034912109375
21,8,exp_a1/56_sq\fg_00ffff_bg_000000.jpg,0.1988525390625
22,2,exp_a1/56_sq\fg_0000ff_bg_000000.jpg,0.1934814453125
23,5,exp_a1/56_sq\fg_00ff00_bg_000000.jpg,0.1932373046875
0,4,exp_a1/colors\bg_888888.jpg,0.40625
1,8,exp_a1/colors\bg_ffffff.png,0.252197265625
2,7,exp_a1/colors\bg_ffff00.jpg,0.2469482421875
3,2,exp_a1/colors\bg_00ff00.jpg,0.2384033203125
4,5,exp_a1/colors\bg_921e3e.jpg,0.2364501953125
5,6,exp_a1/colors\bg_ff0000.jpg,0.2293701171875
6,1,exp_a1/colors\bg_0000ff.jpg,0.2183837890625
7,3,exp_a1/colors\bg_00ffff.jpg,0.2178955078125
8,0,exp_a1/colors\bg_000000.jpg,0.1790771484375
