,Unnamed: 0,filepaths,similarity
0,3,exp_a1/112_sq\fg_0000ff_bg_888888.jpg,0.260498046875
1,9,exp_a1/112_sq\fg_00ffff_bg_888888.jpg,0.2548828125
2,10,exp_a1/112_sq\fg_00ffff_bg_ffffff.jpg,0.2548828125
3,4,exp_a1/112_sq\fg_0000ff_bg_ffffff.jpg,0.252685546875
4,23,exp_a1/112_sq\fg_ffffff_bg_888888.jpg,0.2493896484375
5,2,exp_a1/112_sq\fg_0000ff_bg_000000.jpg,0.24658203125
6,17,exp_a1/112_sq\fg_ff0000_bg_888888.jpg,0.245849609375
7,20,exp_a1/112_sq\fg_ffff00_bg_888888.jpg,0.2421875
8,0,exp_a1/112_sq\fg_000000_bg_888888.jpg,0.241943359375
9,11,exp_a1/112_sq\fg_888888_bg_000000.jpg,0.2401123046875
10,12,exp_a1/112_sq\fg_888888_bg_ffffff.jpg,0.2384033203125
11,1,exp_a1/112_sq\fg_000000_bg_ffffff.jpg,0.23779296875
12,8,exp_a1/112_sq\fg_00ffff_bg_000000.jpg,0.23681640625
13,14,exp_a1/112_sq\fg_921e3e_bg_888888.jpg,0.2353515625
14,22,exp_a1/112_sq\fg_ffffff_bg_000000.jpg,0.2347412109375
15,18,exp_a1/112_sq\fg_ff0000_bg_ffffff.jpg,0.2322998046875
16,7,exp_a1/112_sq\fg_00ff00_bg_ffffff.jpg,0.22900390625
17,13,exp_a1/112_sq\fg_921e3e_bg_000000.jpg,0.2269287109375
18,21,exp_a1/112_sq\fg_ffff00_bg_ffffff.jpg,0.225341796875
19,6,exp_a1/112_sq\fg_00ff00_bg_888888.jpg,0.222900390625
20,16,exp_a1/112_sq\fg_ff0000_bg_000000.jpg,0.221435546875
21,19,exp_a1/112_sq\fg_ffff00_bg_000000.jpg,0.221435546875
22,15,exp_a1/112_sq\fg_921e3e_bg_ffffff.jpg,0.217529296875
23,5,exp_a1/112_sq\fg_00ff00_bg_000000.jpg,0.2071533203125
0,2,exp_a1/12_sq\fg_0000ff_bg_000000.jpg,0.257568359375
1,9,exp_a1/12_sq\fg_00ffff_bg_888888.jpg,0.246826171875
2,8,exp_a1/12_sq\fg_00ffff_bg_000000.jpg,0.24658203125
3,10,exp_a1/12_sq\fg_00ffff_bg_ffffff.jpg,0.2459716796875
4,3,exp_a1/12_sq\fg_0000ff_bg_888888.jpg,0.24267578125
5,4,exp_a1/12_sq\fg_0000ff_bg_ffffff.jpg,0.240478515625
6,23,exp_a1/12_sq\fg_ffffff_bg_888888.jpg,0.2362060546875
7,0,exp_a1/12_sq\fg_000000_bg_888888.jpg,0.234375
8,12,exp_a1/12_sq\fg_888888_bg_ffffff.jpg,0.2335205078125
9,11,exp_a1/12_sq\fg_888888_bg_000000.jpg,0.2313232421875
10,1,exp_a1/12_sq\fg_000000_bg_ffffff.jpg,0.2310791015625
11,22,exp_a1/12_sq\fg_ffffff_bg_000000.jpg,0.2293701171875
12,13,exp_a1/12_sq\fg_921e3e_bg_000000.jpg,0.22607421875
13,18,exp_a1/12_sq\fg_ff0000_bg_ffffff.jpg,0.2254638671875
14,15,exp_a1/12_sq\fg_921e3e_bg_ffffff.jpg,0.2239990234375
15,17,exp_a1/12_sq\fg_ff0000_bg_888888.jpg,0.2239990234375
16,14,exp_a1/12_sq\fg_921e3e_bg_888888.jpg,0.222412109375
17,7,exp_a1/12_sq\fg_00ff00_bg_ffffff.jpg,0.2181396484375
18,5,exp_a1/12_sq\fg_00ff00_bg_000000.jpg,0.2159423828125
19,16,exp_a1/12_sq\fg_ff0000_bg_000000.jpg,0.2156982421875
20,21,exp_a1/12_sq\fg_ffff00_bg_ffffff.jpg,0.2125244140625
21,19,exp_a1/12_sq\fg_ffff00_bg_000000.jpg,0.21142578125
22,20,exp_a1/12_sq\fg_ffff00_bg_888888.jpg,0.2103271484375
23,6,exp_a1/12_sq\fg_00ff00_bg_888888.jpg,0.2093505859375
0,10,exp_a1/148_sq\fg_00ffff_bg_ffffff.jpg,0.249267578125
1,4,exp_a1/148_sq\fg_0000ff_bg_ffffff.jpg,0.2489013671875
2,12,exp_a1/148_sq\fg_888888_bg_ffffff.jpg,0.245361328125
3,0,exp_a1/148_sq\fg_000000_bg_888888.jpg,0.2437744140625
4,2,exp_a1/148_sq\fg_0000ff_bg_000000.jpg,0.243408203125
5,11,exp_a1/148_sq\fg_888888_bg_000000.jpg,0.2408447265625
6,9,exp_a1/148_sq\fg_00ffff_bg_888888.jpg,0.238525390625
7,3,exp_a1/148_sq\fg_0000ff_bg_888888.jpg,0.2384033203125
8,23,exp_a1/148_sq\fg_ffffff_bg_888888.jpg,0.2371826171875
9,8,exp_a1/148_sq\fg_00ffff_bg_000000.jpg,0.23681640625
10,1,exp_a1/148_sq\fg_000000_bg_ffffff.jpg,0.236083984375
11,22,exp_a1/148_sq\fg_ffffff_bg_000000.jpg,0.23486328125
12,17,exp_a1/148_sq\fg_ff0000_bg_888888.jpg,0.2333984375
13,18,exp_a1/148_sq\fg_ff0000_bg_ffffff.jpg,0.2315673828125
14,15,exp_a1/148_sq\fg_921e3e_bg_ffffff.jpg,0.2293701171875
15,7,exp_a1/148_sq\fg_00ff00_bg_ffffff.jpg,0.229248046875
16,13,exp_a1/148_sq\fg_921e3e_bg_000000.jpg,0.2259521484375
17,16,exp_a1/148_sq\fg_ff0000_bg_000000.jpg,0.224609375
18,19,exp_a1/148_sq\fg_ffff00_bg_000000.jpg,0.223388671875
19,21,exp_a1/148_sq\fg_ffff00_bg_ffffff.jpg,0.219482421875
20,20,exp_a1/148_sq\fg_ffff00_bg_888888.jpg,0.218017578125
21,14,exp_a1/148_sq\fg_921e3e_bg_888888.jpg,0.2105712890625
22,5,exp_a1/148_sq\fg_00ff00_bg_000000.jpg,0.21044921875
23,6,exp_a1/148_sq\fg_00ff00_bg_888888.jpg,0.197265625
0,10,exp_a1/200_sq\fg_00ffff_bg_ffffff.jpg,0.267333984375
1,9,exp_a1/200_sq\fg_00ffff_bg_888888.jpg,0.259765625
2,2,exp_a1/200_sq\fg_0000ff_bg_000000.jpg,0.256103515625
3,4,exp_a1/200_sq\fg_0000ff_bg_ffffff.jpg,0.25439453125
4,8,exp_a1/200_sq\fg_00ffff_bg_000000.jpg,0.251708984375
5,3,exp_a1/200_sq\fg_0000ff_bg_888888.jpg,0.2470703125
6,1,exp_a1/200_sq\fg_000000_bg_ffffff.jpg,0.2381591796875
7,12,exp_a1/200_sq\fg_888888_bg_ffffff.jpg,0.237548828125
8,0,exp_a1/200_sq\fg_000000_bg_888888.jpg,0.2325439453125
9,21,exp_a1/200_sq\fg_ffff00_bg_ffffff.jpg,0.2314453125
10,18,exp_a1/200_sq\fg_ff0000_bg_ffffff.jpg,0.2305908203125
11,15,exp_a1/200_sq\fg_921e3e_bg_ffffff.jpg,0.2301025390625
12,7,exp_a1/200_sq\fg_00ff00_bg_ffffff.jpg,0.2293701171875
13,22,exp_a1/200_sq\fg_ffffff_bg_000000.jpg,0.2291259765625
14,5,exp_a1/200_sq\fg_00ff00_bg_000000.jpg,0.2279052734375
15,17,exp_a1/200_sq\fg_ff0000_bg_888888.jpg,0.2274169921875
16,16,exp_a1/200_sq\fg_ff0000_bg_000000.jpg,0.2266845703125
17,19,exp_a1/200_sq\fg_ffff00_bg_000000.jpg,0.2255859375
18,23,exp_a1/200_sq\fg_ffffff_bg_888888.jpg,0.22509765625
19,13,exp_a1/200_sq\fg_921e3e_bg_000000.jpg,0.2230224609375
20,6,exp_a1/200_sq\fg_00ff00_bg_888888.jpg,0.2227783203125
21,11,exp_a1/200_sq\fg_888888_bg_000000.jpg,0.2216796875
22,20,exp_a1/200_sq\fg_ffff00_bg_888888.jpg,0.221435546875
23,14,exp_a1/200_sq\fg_921e3e_bg_888888.jpg,0.2149658203125
0,9,exp_a1/4_sq\fg_00ffff_bg_888888.jpg,0.254150390625
1,0,exp_a1/4_sq\fg_000000_bg_888888.jpg,0.251220703125
2,3,exp_a1/4_sq\fg_0000ff_bg_888888.jpg,0.251220703125
3,4,exp_a1/4_sq\fg_0000ff_bg_ffffff.jpg,0.246826171875
4,23,exp_a1/4_sq\fg_ffffff_bg_888888.jpg,0.244873046875
5,10,exp_a1/4_sq\fg_00ffff_bg_ffffff.jpg,0.2432861328125
6,6,exp_a1/4_sq\fg_00ff00_bg_888888.jpg,0.23486328125
7,18,exp_a1/4_sq\fg_ff0000_bg_ffffff.jpg,0.2327880859375
8,2,exp_a1/4_sq\fg_0000ff_bg_000000.jpg,0.2327880859375
9,11,exp_a1/4_sq\fg_888888_bg_000000.jpg,0.2327880859375
10,13,exp_a1/4_sq\fg_921e3e_bg_000000.jpg,0.2325439453125
11,12,exp_a1/4_sq\fg_888888_bg_ffffff.jpg,0.22998046875
12,22,exp_a1/4_sq\fg_ffffff_bg_000000.jpg,0.2294921875
13,8,exp_a1/4_sq\fg_00ffff_bg_000000.jpg,0.22900390625
14,16,exp_a1/4_sq\fg_ff0000_bg_000000.jpg,0.2276611328125
15,19,exp_a1/4_sq\fg_ffff00_bg_000000.jpg,0.226806640625
16,1,exp_a1/4_sq\fg_000000_bg_ffffff.jpg,0.2266845703125
17,7,exp_a1/4_sq\fg_00ff00_bg_ffffff.jpg,0.225830078125
18,5,exp_a1/4_sq\fg_00ff00_bg_000000.jpg,0.225341796875
19,20,exp_a1/4_sq\fg_ffff00_bg_888888.jpg,0.224853515625
20,15,exp_a1/4_sq\fg_921e3e_bg_ffffff.jpg,0.2247314453125
21,14,exp_a1/4_sq\fg_921e3e_bg_888888.jpg,0.224365234375
22,17,exp_a1/4_sq\fg_ff0000_bg_888888.jpg,0.219970703125
23,21,exp_a1/4_sq\fg_ffff00_bg_ffffff.jpg,0.2152099609375
0,3,exp_a1/56_sq\fg_0000ff_bg_888888.jpg,0.260498046875
1,2,exp_a1/56_sq\fg_0000ff_bg_000000.jpg,0.25439453125
2,4,exp_a1/56_sq\fg_0000ff_bg_ffffff.jpg,0.25146484375
3,20,exp_a1/56_sq\fg_ffff00_bg_888888.jpg,0.248779296875
4,17,exp_a1/56_sq\fg_ff0000_bg_888888.jpg,0.2486572265625
5,23,exp_a1/56_sq\fg_ffffff_bg_888888.jpg,0.246826171875
6,10,exp_a1/56_sq\fg_00ffff_bg_ffffff.jpg,0.24658203125
7,0,exp_a1/56_sq\fg_000000_bg_888888.jpg,0.245361328125
8,1,exp_a1/56_sq\fg_000000_bg_ffffff.jpg,0.2452392578125
9,12,exp_a1/56_sq\fg_888888_bg_ffffff.jpg,0.2445068359375
10,8,exp_a1/56_sq\fg_00ffff_bg_000000.jpg,0.244140625
11,14,exp_a1/56_sq\fg_921e3e_bg_888888.jpg,0.2431640625
12,11,exp_a1/56_sq\fg_888888_bg_000000.jpg,0.2406005859375
13,22,exp_a1/56_sq\fg_ffffff_bg_000000.jpg,0.2359619140625
14,9,exp_a1/56_sq\fg_00ffff_bg_888888.jpg,0.2349853515625
15,7,exp_a1/56_sq\fg_00ff00_bg_ffffff.jpg,0.22998046875
16,18,exp_a1/56_sq\fg_ff0000_bg_ffffff.jpg,0.2266845703125
17,21,exp_a1/56_sq\fg_ffff00_bg_ffffff.jpg,0.2247314453125
18,13,exp_a1/56_sq\fg_921e3e_bg_000000.jpg,0.2244873046875
19,15,exp_a1/56_sq\fg_921e3e_bg_ffffff.jpg,0.223388671875
20,16,exp_a1/56_sq\fg_ff0000_bg_000000.jpg,0.219970703125
21,6,exp_a1/56_sq\fg_00ff00_bg_888888.jpg,0.219970703125
22,19,exp_a1/56_sq\fg_ffff00_bg_000000.jpg,0.2178955078125
23,5,exp_a1/56_sq\fg_00ff00_bg_000000.jpg,0.2154541015625
0,1,exp_a1/colors\bg_0000ff.jpg,0.26171875
1,3,exp_a1/colors\bg_00ffff.jpg,0.256103515625
2,8,exp_a1/colors\bg_ffffff.png,0.2431640625
3,4,exp_a1/colors\bg_888888.jpg,0.2412109375
4,0,exp_a1/colors\bg_000000.jpg,0.2322998046875
5,5,exp_a1/colors\bg_921e3e.jpg,0.22998046875
6,6,exp_a1/colors\bg_ff0000.jpg,0.2288818359375
7,7,exp_a1/colors\bg_ffff00.jpg,0.222412109375
8,2,exp_a1/colors\bg_00ff00.jpg,0.2181396484375
