,Unnamed: 0,filepaths,similarity
0,9,exp_a1/112_sq\fg_00ffff_bg_888888.jpg,0.307373046875
1,20,exp_a1/112_sq\fg_ffff00_bg_888888.jpg,0.30712890625
2,17,exp_a1/112_sq\fg_ff0000_bg_888888.jpg,0.305419921875
3,3,exp_a1/112_sq\fg_0000ff_bg_888888.jpg,0.3046875
4,6,exp_a1/112_sq\fg_00ff00_bg_888888.jpg,0.302001953125
5,7,exp_a1/112_sq\fg_00ff00_bg_ffffff.jpg,0.301513671875
6,18,exp_a1/112_sq\fg_ff0000_bg_ffffff.jpg,0.301025390625
7,14,exp_a1/112_sq\fg_921e3e_bg_888888.jpg,0.29931640625
8,23,exp_a1/112_sq\fg_ffffff_bg_888888.jpg,0.29833984375
9,21,exp_a1/112_sq\fg_ffff00_bg_ffffff.jpg,0.297607421875
10,4,exp_a1/112_sq\fg_0000ff_bg_ffffff.jpg,0.2958984375
11,10,exp_a1/112_sq\fg_00ffff_bg_ffffff.jpg,0.2939453125
12,15,exp_a1/112_sq\fg_921e3e_bg_ffffff.jpg,0.290771484375
13,13,exp_a1/112_sq\fg_921e3e_bg_000000.jpg,0.289794921875
14,2,exp_a1/112_sq\fg_0000ff_bg_000000.jpg,0.288330078125
15,16,exp_a1/112_sq\fg_ff0000_bg_000000.jpg,0.287841796875
16,19,exp_a1/112_sq\fg_ffff00_bg_000000.jpg,0.2861328125
17,8,exp_a1/112_sq\fg_00ffff_bg_000000.jpg,0.285888671875
18,22,exp_a1/112_sq\fg_ffffff_bg_000000.jpg,0.285888671875
19,5,exp_a1/112_sq\fg_00ff00_bg_000000.jpg,0.283203125
20,1,exp_a1/112_sq\fg_000000_bg_ffffff.jpg,0.2802734375
21,0,exp_a1/112_sq\fg_000000_bg_888888.jpg,0.266357421875
22,11,exp_a1/112_sq\fg_888888_bg_000000.jpg,0.266357421875
23,12,exp_a1/112_sq\fg_888888_bg_ffffff.jpg,0.2607421875
0,18,exp_a1/12_sq\fg_ff0000_bg_ffffff.jpg,0.2978515625
1,23,exp_a1/12_sq\fg_ffffff_bg_888888.jpg,0.296875
2,22,exp_a1/12_sq\fg_ffffff_bg_000000.jpg,0.29638671875
3,10,exp_a1/12_sq\fg_00ffff_bg_ffffff.jpg,0.29541015625
4,17,exp_a1/12_sq\fg_ff0000_bg_888888.jpg,0.29443359375
5,3,exp_a1/12_sq\fg_0000ff_bg_888888.jpg,0.293701171875
6,8,exp_a1/12_sq\fg_00ffff_bg_000000.jpg,0.29248046875
7,21,exp_a1/12_sq\fg_ffff00_bg_ffffff.jpg,0.29150390625
8,4,exp_a1/12_sq\fg_0000ff_bg_ffffff.jpg,0.290771484375
9,9,exp_a1/12_sq\fg_00ffff_bg_888888.jpg,0.290771484375
10,1,exp_a1/12_sq\fg_000000_bg_ffffff.jpg,0.290283203125
11,7,exp_a1/12_sq\fg_00ff00_bg_ffffff.jpg,0.289794921875
12,11,exp_a1/12_sq\fg_888888_bg_000000.jpg,0.28955078125
13,13,exp_a1/12_sq\fg_921e3e_bg_000000.jpg,0.28955078125
14,16,exp_a1/12_sq\fg_ff0000_bg_000000.jpg,0.289306640625
15,2,exp_a1/12_sq\fg_0000ff_bg_000000.jpg,0.2890625
16,14,exp_a1/12_sq\fg_921e3e_bg_888888.jpg,0.28857421875
17,19,exp_a1/12_sq\fg_ffff00_bg_000000.jpg,0.287841796875
18,20,exp_a1/12_sq\fg_ffff00_bg_888888.jpg,0.28759765625
19,15,exp_a1/12_sq\fg_921e3e_bg_ffffff.jpg,0.286865234375
20,0,exp_a1/12_sq\fg_000000_bg_888888.jpg,0.286376953125
21,5,exp_a1/12_sq\fg_00ff00_bg_000000.jpg,0.285888671875
22,12,exp_a1/12_sq\fg_888888_bg_ffffff.jpg,0.283447265625
23,6,exp_a1/12_sq\fg_00ff00_bg_888888.jpg,0.277099609375
0,20,exp_a1/148_sq\fg_ffff00_bg_888888.jpg,0.305419921875
1,9,exp_a1/148_sq\fg_00ffff_bg_888888.jpg,0.302001953125
2,21,exp_a1/148_sq\fg_ffff00_bg_ffffff.jpg,0.30078125
3,18,exp_a1/148_sq\fg_ff0000_bg_ffffff.jpg,0.300048828125
4,14,exp_a1/148_sq\fg_921e3e_bg_888888.jpg,0.29931640625
5,3,exp_a1/148_sq\fg_0000ff_bg_888888.jpg,0.298828125
6,7,exp_a1/148_sq\fg_00ff00_bg_ffffff.jpg,0.295166015625
7,10,exp_a1/148_sq\fg_00ffff_bg_ffffff.jpg,0.29443359375
8,4,exp_a1/148_sq\fg_0000ff_bg_ffffff.jpg,0.29345703125
9,17,exp_a1/148_sq\fg_ff0000_bg_888888.jpg,0.29345703125
10,2,exp_a1/148_sq\fg_0000ff_bg_000000.jpg,0.292724609375
11,13,exp_a1/148_sq\fg_921e3e_bg_000000.jpg,0.290771484375
12,19,exp_a1/148_sq\fg_ffff00_bg_000000.jpg,0.2890625
13,23,exp_a1/148_sq\fg_ffffff_bg_888888.jpg,0.28857421875
14,8,exp_a1/148_sq\fg_00ffff_bg_000000.jpg,0.2880859375
15,15,exp_a1/148_sq\fg_921e3e_bg_ffffff.jpg,0.28759765625
16,16,exp_a1/148_sq\fg_ff0000_bg_000000.jpg,0.287109375
17,22,exp_a1/148_sq\fg_ffffff_bg_000000.jpg,0.285400390625
18,5,exp_a1/148_sq\fg_00ff00_bg_000000.jpg,0.283447265625
19,1,exp_a1/148_sq\fg_000000_bg_ffffff.jpg,0.281494140625
20,0,exp_a1/148_sq\fg_000000_bg_888888.jpg,0.27392578125
21,6,exp_a1/148_sq\fg_00ff00_bg_888888.jpg,0.271728515625
22,11,exp_a1/148_sq\fg_888888_bg_000000.jpg,0.26611328125
23,12,exp_a1/148_sq\fg_888888_bg_ffffff.jpg,0.26123046875
0,17,exp_a1/200_sq\fg_ff0000_bg_888888.jpg,0.30029296875
1,5,exp_a1/200_sq\fg_00ff00_bg_000000.jpg,0.300048828125
2,16,exp_a1/200_sq\fg_ff0000_bg_000000.jpg,0.300048828125
3,9,exp_a1/200_sq\fg_00ffff_bg_888888.jpg,0.29931640625
4,3,exp_a1/200_sq\fg_0000ff_bg_888888.jpg,0.2978515625
5,4,exp_a1/200_sq\fg_0000ff_bg_ffffff.jpg,0.296630859375
6,21,exp_a1/200_sq\fg_ffff00_bg_ffffff.jpg,0.296630859375
7,20,exp_a1/200_sq\fg_ffff00_bg_888888.jpg,0.29638671875
8,19,exp_a1/200_sq\fg_ffff00_bg_000000.jpg,0.295166015625
9,10,exp_a1/200_sq\fg_00ffff_bg_ffffff.jpg,0.295166015625
10,13,exp_a1/200_sq\fg_921e3e_bg_000000.jpg,0.29345703125
11,8,exp_a1/200_sq\fg_00ffff_bg_000000.jpg,0.292236328125
12,22,exp_a1/200_sq\fg_ffffff_bg_000000.jpg,0.29150390625
13,7,exp_a1/200_sq\fg_00ff00_bg_ffffff.jpg,0.291259765625
14,14,exp_a1/200_sq\fg_921e3e_bg_888888.jpg,0.29052734375
15,2,exp_a1/200_sq\fg_0000ff_bg_000000.jpg,0.2900390625
16,18,exp_a1/200_sq\fg_ff0000_bg_ffffff.jpg,0.2861328125
17,1,exp_a1/200_sq\fg_000000_bg_ffffff.jpg,0.28515625
18,6,exp_a1/200_sq\fg_00ff00_bg_888888.jpg,0.284423828125
19,0,exp_a1/200_sq\fg_000000_bg_888888.jpg,0.2841796875
20,15,exp_a1/200_sq\fg_921e3e_bg_ffffff.jpg,0.279296875
21,23,exp_a1/200_sq\fg_ffffff_bg_888888.jpg,0.274169921875
22,12,exp_a1/200_sq\fg_888888_bg_ffffff.jpg,0.2420654296875
23,11,exp_a1/200_sq\fg_888888_bg_000000.jpg,0.23095703125
0,13,exp_a1/4_sq\fg_921e3e_bg_000000.jpg,0.285400390625
1,11,exp_a1/4_sq\fg_888888_bg_000000.jpg,0.284423828125
2,2,exp_a1/4_sq\fg_0000ff_bg_000000.jpg,0.283935546875
3,8,exp_a1/4_sq\fg_00ffff_bg_000000.jpg,0.283447265625
4,1,exp_a1/4_sq\fg_000000_bg_ffffff.jpg,0.283203125
5,19,exp_a1/4_sq\fg_ffff00_bg_000000.jpg,0.28271484375
6,15,exp_a1/4_sq\fg_921e3e_bg_ffffff.jpg,0.281494140625
7,12,exp_a1/4_sq\fg_888888_bg_ffffff.jpg,0.281494140625
8,5,exp_a1/4_sq\fg_00ff00_bg_000000.jpg,0.281494140625
9,18,exp_a1/4_sq\fg_ff0000_bg_ffffff.jpg,0.28125
10,22,exp_a1/4_sq\fg_ffffff_bg_000000.jpg,0.28125
11,4,exp_a1/4_sq\fg_0000ff_bg_ffffff.jpg,0.28125
12,21,exp_a1/4_sq\fg_ffff00_bg_ffffff.jpg,0.28076171875
13,10,exp_a1/4_sq\fg_00ffff_bg_ffffff.jpg,0.280517578125
14,16,exp_a1/4_sq\fg_ff0000_bg_000000.jpg,0.280517578125
15,7,exp_a1/4_sq\fg_00ff00_bg_ffffff.jpg,0.279296875
16,3,exp_a1/4_sq\fg_0000ff_bg_888888.jpg,0.26318359375
17,23,exp_a1/4_sq\fg_ffffff_bg_888888.jpg,0.26220703125
18,0,exp_a1/4_sq\fg_000000_bg_888888.jpg,0.261474609375
19,14,exp_a1/4_sq\fg_921e3e_bg_888888.jpg,0.2587890625
20,9,exp_a1/4_sq\fg_00ffff_bg_888888.jpg,0.2587890625
21,20,exp_a1/4_sq\fg_ffff00_bg_888888.jpg,0.25048828125
22,17,exp_a1/4_sq\fg_ff0000_bg_888888.jpg,0.242919921875
23,6,exp_a1/4_sq\fg_00ff00_bg_888888.jpg,0.2420654296875
0,10,exp_a1/56_sq\fg_00ffff_bg_ffffff.jpg,0.296630859375
1,7,exp_a1/56_sq\fg_00ff00_bg_ffffff.jpg,0.290771484375
2,8,exp_a1/56_sq\fg_00ffff_bg_000000.jpg,0.2890625
3,18,exp_a1/56_sq\fg_ff0000_bg_ffffff.jpg,0.28857421875
4,19,exp_a1/56_sq\fg_ffff00_bg_000000.jpg,0.288330078125
5,21,exp_a1/56_sq\fg_ffff00_bg_ffffff.jpg,0.28759765625
6,13,exp_a1/56_sq\fg_921e3e_bg_000000.jpg,0.286865234375
7,22,exp_a1/56_sq\fg_ffffff_bg_000000.jpg,0.28662109375
8,16,exp_a1/56_sq\fg_ff0000_bg_000000.jpg,0.286376953125
9,6,exp_a1/56_sq\fg_00ff00_bg_888888.jpg,0.286376953125
10,20,exp_a1/56_sq\fg_ffff00_bg_888888.jpg,0.2861328125
11,9,exp_a1/56_sq\fg_00ffff_bg_888888.jpg,0.2861328125
12,3,exp_a1/56_sq\fg_0000ff_bg_888888.jpg,0.284912109375
13,4,exp_a1/56_sq\fg_0000ff_bg_ffffff.jpg,0.284423828125
14,2,exp_a1/56_sq\fg_0000ff_bg_000000.jpg,0.2841796875
15,5,exp_a1/56_sq\fg_00ff00_bg_000000.jpg,0.283935546875
16,15,exp_a1/56_sq\fg_921e3e_bg_ffffff.jpg,0.28369140625
17,23,exp_a1/56_sq\fg_ffffff_bg_888888.jpg,0.28369140625
18,17,exp_a1/56_sq\fg_ff0000_bg_888888.jpg,0.283203125
19,11,exp_a1/56_sq\fg_888888_bg_000000.jpg,0.281494140625
20,1,exp_a1/56_sq\fg_000000_bg_ffffff.jpg,0.28076171875
21,12,exp_a1/56_sq\fg_888888_bg_ffffff.jpg,0.278076171875
22,14,exp_a1/56_sq\fg_921e3e_bg_888888.jpg,0.27294921875
23,0,exp_a1/56_sq\fg_000000_bg_888888.jpg,0.262939453125
0,0,exp_a1/colors\bg_000000.jpg,0.28857421875
1,6,exp_a1/colors\bg_ff0000.jpg,0.279296875
2,8,exp_a1/colors\bg_ffffff.png,0.2763671875
3,1,exp_a1/colors\bg_0000ff.jpg,0.27490234375
4,5,exp_a1/colors\bg_921e3e.jpg,0.2705078125
5,7,exp_a1/colors\bg_ffff00.jpg,0.26416015625
6,2,exp_a1/colors\bg_00ff00.jpg,0.26123046875
7,3,exp_a1/colors\bg_00ffff.jpg,0.25927734375
8,4,exp_a1/colors\bg_888888.jpg,0.2288818359375
