,Unnamed: 0,filepaths,similarity
0,18,exp_a1/112_sq\fg_ff0000_bg_ffffff.jpg,0.285888671875
1,1,exp_a1/112_sq\fg_000000_bg_ffffff.jpg,0.284423828125
2,15,exp_a1/112_sq\fg_921e3e_bg_ffffff.jpg,0.283935546875
3,21,exp_a1/112_sq\fg_ffff00_bg_ffffff.jpg,0.28369140625
4,10,exp_a1/112_sq\fg_00ffff_bg_ffffff.jpg,0.283203125
5,20,exp_a1/112_sq\fg_ffff00_bg_888888.jpg,0.282958984375
6,7,exp_a1/112_sq\fg_00ff00_bg_ffffff.jpg,0.2822265625
7,17,exp_a1/112_sq\fg_ff0000_bg_888888.jpg,0.28076171875
8,23,exp_a1/112_sq\fg_ffffff_bg_888888.jpg,0.280517578125
9,13,exp_a1/112_sq\fg_921e3e_bg_000000.jpg,0.27734375
10,4,exp_a1/112_sq\fg_0000ff_bg_ffffff.jpg,0.27685546875
11,22,exp_a1/112_sq\fg_ffffff_bg_000000.jpg,0.27587890625
12,3,exp_a1/112_sq\fg_0000ff_bg_888888.jpg,0.2744140625
13,9,exp_a1/112_sq\fg_00ffff_bg_888888.jpg,0.2734375
14,14,exp_a1/112_sq\fg_921e3e_bg_888888.jpg,0.2685546875
15,8,exp_a1/112_sq\fg_00ffff_bg_000000.jpg,0.268310546875
16,2,exp_a1/112_sq\fg_0000ff_bg_000000.jpg,0.268310546875
17,19,exp_a1/112_sq\fg_ffff00_bg_000000.jpg,0.265380859375
18,0,exp_a1/112_sq\fg_000000_bg_888888.jpg,0.26171875
19,16,exp_a1/112_sq\fg_ff0000_bg_000000.jpg,0.261474609375
20,6,exp_a1/112_sq\fg_00ff00_bg_888888.jpg,0.260986328125
21,11,exp_a1/112_sq\fg_888888_bg_000000.jpg,0.2548828125
22,5,exp_a1/112_sq\fg_00ff00_bg_000000.jpg,0.253173828125
23,12,exp_a1/112_sq\fg_888888_bg_ffffff.jpg,0.251220703125
0,18,exp_a1/12_sq\fg_ff0000_bg_ffffff.jpg,0.28466796875
1,1,exp_a1/12_sq\fg_000000_bg_ffffff.jpg,0.281005859375
2,12,exp_a1/12_sq\fg_888888_bg_ffffff.jpg,0.28076171875
3,10,exp_a1/12_sq\fg_00ffff_bg_ffffff.jpg,0.27978515625
4,22,exp_a1/12_sq\fg_ffffff_bg_000000.jpg,0.279296875
5,15,exp_a1/12_sq\fg_921e3e_bg_ffffff.jpg,0.278564453125
6,13,exp_a1/12_sq\fg_921e3e_bg_000000.jpg,0.278564453125
7,21,exp_a1/12_sq\fg_ffff00_bg_ffffff.jpg,0.277587890625
8,11,exp_a1/12_sq\fg_888888_bg_000000.jpg,0.27734375
9,8,exp_a1/12_sq\fg_00ffff_bg_000000.jpg,0.276123046875
10,17,exp_a1/12_sq\fg_ff0000_bg_888888.jpg,0.275390625
11,4,exp_a1/12_sq\fg_0000ff_bg_ffffff.jpg,0.274169921875
12,7,exp_a1/12_sq\fg_00ff00_bg_ffffff.jpg,0.274169921875
13,2,exp_a1/12_sq\fg_0000ff_bg_000000.jpg,0.2734375
14,16,exp_a1/12_sq\fg_ff0000_bg_000000.jpg,0.2734375
15,23,exp_a1/12_sq\fg_ffffff_bg_888888.jpg,0.273193359375
16,0,exp_a1/12_sq\fg_000000_bg_888888.jpg,0.27294921875
17,20,exp_a1/12_sq\fg_ffff00_bg_888888.jpg,0.272705078125
18,14,exp_a1/12_sq\fg_921e3e_bg_888888.jpg,0.270263671875
19,9,exp_a1/12_sq\fg_00ffff_bg_888888.jpg,0.26953125
20,3,exp_a1/12_sq\fg_0000ff_bg_888888.jpg,0.26904296875
21,19,exp_a1/12_sq\fg_ffff00_bg_000000.jpg,0.26806640625
22,6,exp_a1/12_sq\fg_00ff00_bg_888888.jpg,0.263427734375
23,5,exp_a1/12_sq\fg_00ff00_bg_000000.jpg,0.26220703125
0,18,exp_a1/148_sq\fg_ff0000_bg_ffffff.jpg,0.287109375
1,10,exp_a1/148_sq\fg_00ffff_bg_ffffff.jpg,0.284912109375
2,15,exp_a1/148_sq\fg_921e3e_bg_ffffff.jpg,0.282958984375
3,21,exp_a1/148_sq\fg_ffff00_bg_ffffff.jpg,0.28076171875
4,7,exp_a1/148_sq\fg_00ff00_bg_ffffff.jpg,0.280517578125
5,22,exp_a1/148_sq\fg_ffffff_bg_000000.jpg,0.279296875
6,1,exp_a1/148_sq\fg_000000_bg_ffffff.jpg,0.279052734375
7,13,exp_a1/148_sq\fg_921e3e_bg_000000.jpg,0.2763671875
8,4,exp_a1/148_sq\fg_0000ff_bg_ffffff.jpg,0.275634765625
9,19,exp_a1/148_sq\fg_ffff00_bg_000000.jpg,0.27099609375
10,23,exp_a1/148_sq\fg_ffffff_bg_888888.jpg,0.269775390625
11,20,exp_a1/148_sq\fg_ffff00_bg_888888.jpg,0.269287109375
12,8,exp_a1/148_sq\fg_00ffff_bg_000000.jpg,0.26904296875
13,2,exp_a1/148_sq\fg_0000ff_bg_000000.jpg,0.2685546875
14,9,exp_a1/148_sq\fg_00ffff_bg_888888.jpg,0.26708984375
15,16,exp_a1/148_sq\fg_ff0000_bg_000000.jpg,0.265869140625
16,0,exp_a1/148_sq\fg_000000_bg_888888.jpg,0.265625
17,17,exp_a1/148_sq\fg_ff0000_bg_888888.jpg,0.264404296875
18,3,exp_a1/148_sq\fg_0000ff_bg_888888.jpg,0.263916015625
19,5,exp_a1/148_sq\fg_00ff00_bg_000000.jpg,0.259033203125
20,14,exp_a1/148_sq\fg_921e3e_bg_888888.jpg,0.2587890625
21,11,exp_a1/148_sq\fg_888888_bg_000000.jpg,0.25830078125
22,12,exp_a1/148_sq\fg_888888_bg_ffffff.jpg,0.255126953125
23,6,exp_a1/148_sq\fg_00ff00_bg_888888.jpg,0.2354736328125
0,10,exp_a1/200_sq\fg_00ffff_bg_ffffff.jpg,0.285888671875
1,13,exp_a1/200_sq\fg_921e3e_bg_000000.jpg,0.27783203125
2,18,exp_a1/200_sq\fg_ff0000_bg_ffffff.jpg,0.277099609375
3,22,exp_a1/200_sq\fg_ffffff_bg_000000.jpg,0.277099609375
4,9,exp_a1/200_sq\fg_00ffff_bg_888888.jpg,0.2763671875
5,21,exp_a1/200_sq\fg_ffff00_bg_ffffff.jpg,0.2763671875
6,1,exp_a1/200_sq\fg_000000_bg_ffffff.jpg,0.27587890625
7,0,exp_a1/200_sq\fg_000000_bg_888888.jpg,0.275146484375
8,17,exp_a1/200_sq\fg_ff0000_bg_888888.jpg,0.274658203125
9,15,exp_a1/200_sq\fg_921e3e_bg_ffffff.jpg,0.273681640625
10,16,exp_a1/200_sq\fg_ff0000_bg_000000.jpg,0.2724609375
11,4,exp_a1/200_sq\fg_0000ff_bg_ffffff.jpg,0.271728515625
12,7,exp_a1/200_sq\fg_00ff00_bg_ffffff.jpg,0.271484375
13,8,exp_a1/200_sq\fg_00ffff_bg_000000.jpg,0.271240234375
14,3,exp_a1/200_sq\fg_0000ff_bg_888888.jpg,0.26904296875
15,20,exp_a1/200_sq\fg_ffff00_bg_888888.jpg,0.267578125
16,5,exp_a1/200_sq\fg_00ff00_bg_000000.jpg,0.267333984375
17,6,exp_a1/200_sq\fg_00ff00_bg_888888.jpg,0.266845703125
18,2,exp_a1/200_sq\fg_0000ff_bg_000000.jpg,0.266845703125
19,14,exp_a1/200_sq\fg_921e3e_bg_888888.jpg,0.26611328125
20,19,exp_a1/200_sq\fg_ffff00_bg_000000.jpg,0.26611328125
21,23,exp_a1/200_sq\fg_ffffff_bg_888888.jpg,0.265869140625
22,12,exp_a1/200_sq\fg_888888_bg_ffffff.jpg,0.2408447265625
23,11,exp_a1/200_sq\fg_888888_bg_000000.jpg,0.2315673828125
0,12,exp_a1/4_sq\fg_888888_bg_ffffff.jpg,0.283935546875
1,1,exp_a1/4_sq\fg_000000_bg_ffffff.jpg,0.2822265625
2,15,exp_a1/4_sq\fg_921e3e_bg_ffffff.jpg,0.28173828125
3,4,exp_a1/4_sq\fg_0000ff_bg_ffffff.jpg,0.279541015625
4,18,exp_a1/4_sq\fg_ff0000_bg_ffffff.jpg,0.279541015625
5,10,exp_a1/4_sq\fg_00ffff_bg_ffffff.jpg,0.279541015625
6,7,exp_a1/4_sq\fg_00ff00_bg_ffffff.jpg,0.279296875
7,13,exp_a1/4_sq\fg_921e3e_bg_000000.jpg,0.27587890625
8,11,exp_a1/4_sq\fg_888888_bg_000000.jpg,0.275390625
9,2,exp_a1/4_sq\fg_0000ff_bg_000000.jpg,0.275146484375
10,21,exp_a1/4_sq\fg_ffff00_bg_ffffff.jpg,0.2734375
11,14,exp_a1/4_sq\fg_921e3e_bg_888888.jpg,0.2734375
12,22,exp_a1/4_sq\fg_ffffff_bg_000000.jpg,0.27294921875
13,19,exp_a1/4_sq\fg_ffff00_bg_000000.jpg,0.272705078125
14,8,exp_a1/4_sq\fg_00ffff_bg_000000.jpg,0.27099609375
15,5,exp_a1/4_sq\fg_00ff00_bg_000000.jpg,0.269287109375
16,16,exp_a1/4_sq\fg_ff0000_bg_000000.jpg,0.267822265625
17,9,exp_a1/4_sq\fg_00ffff_bg_888888.jpg,0.26513671875
18,0,exp_a1/4_sq\fg_000000_bg_888888.jpg,0.263916015625
19,3,exp_a1/4_sq\fg_0000ff_bg_888888.jpg,0.263427734375
20,23,exp_a1/4_sq\fg_ffffff_bg_888888.jpg,0.26318359375
21,20,exp_a1/4_sq\fg_ffff00_bg_888888.jpg,0.25634765625
22,17,exp_a1/4_sq\fg_ff0000_bg_888888.jpg,0.249755859375
23,6,exp_a1/4_sq\fg_00ff00_bg_888888.jpg,0.2459716796875
0,15,exp_a1/56_sq\fg_921e3e_bg_ffffff.jpg,0.288818359375
1,10,exp_a1/56_sq\fg_00ffff_bg_ffffff.jpg,0.285888671875
2,18,exp_a1/56_sq\fg_ff0000_bg_ffffff.jpg,0.2841796875
3,1,exp_a1/56_sq\fg_000000_bg_ffffff.jpg,0.28369140625
4,4,exp_a1/56_sq\fg_0000ff_bg_ffffff.jpg,0.28125
5,21,exp_a1/56_sq\fg_ffff00_bg_ffffff.jpg,0.281005859375
6,7,exp_a1/56_sq\fg_00ff00_bg_ffffff.jpg,0.2802734375
7,20,exp_a1/56_sq\fg_ffff00_bg_888888.jpg,0.27783203125
8,8,exp_a1/56_sq\fg_00ffff_bg_000000.jpg,0.275390625
9,22,exp_a1/56_sq\fg_ffffff_bg_000000.jpg,0.275146484375
10,11,exp_a1/56_sq\fg_888888_bg_000000.jpg,0.27294921875
11,17,exp_a1/56_sq\fg_ff0000_bg_888888.jpg,0.27294921875
12,23,exp_a1/56_sq\fg_ffffff_bg_888888.jpg,0.272705078125
13,2,exp_a1/56_sq\fg_0000ff_bg_000000.jpg,0.27197265625
14,3,exp_a1/56_sq\fg_0000ff_bg_888888.jpg,0.27197265625
15,12,exp_a1/56_sq\fg_888888_bg_ffffff.jpg,0.271484375
16,13,exp_a1/56_sq\fg_921e3e_bg_000000.jpg,0.271240234375
17,16,exp_a1/56_sq\fg_ff0000_bg_000000.jpg,0.2705078125
18,19,exp_a1/56_sq\fg_ffff00_bg_000000.jpg,0.26904296875
19,14,exp_a1/56_sq\fg_921e3e_bg_888888.jpg,0.263671875
20,9,exp_a1/56_sq\fg_00ffff_bg_888888.jpg,0.263427734375
21,5,exp_a1/56_sq\fg_00ff00_bg_000000.jpg,0.263427734375
22,0,exp_a1/56_sq\fg_000000_bg_888888.jpg,0.2626953125
23,6,exp_a1/56_sq\fg_00ff00_bg_888888.jpg,0.259521484375
0,0,exp_a1/colors\bg_000000.jpg,0.27978515625
1,8,exp_a1/colors\bg_ffffff.png,0.27734375
2,5,exp_a1/colors\bg_921e3e.jpg,0.27294921875
3,6,exp_a1/colors\bg_ff0000.jpg,0.26953125
4,1,exp_a1/colors\bg_0000ff.jpg,0.269287109375
5,7,exp_a1/colors\bg_ffff00.jpg,0.26220703125
6,3,exp_a1/colors\bg_00ffff.jpg,0.26123046875
7,2,exp_a1/colors\bg_00ff00.jpg,0.25390625
8,4,exp_a1/colors\bg_888888.jpg,0.226806640625
