,model,part,layer,i,0,1,2,3,4,5,6,7,8,9
0,ViT-B/32,visual,class_embedding,0,89,81,87,81,68,83,67,84,69,59
1,ViT-B/32,visual,positional_embedding,1,3974,4392,4131,4123,3871,3762,3675,3639,3503,3330
2,ViT-B/32,visual,proj,2,40402,47470,44940,42429,40607,39075,36886,35526,33557,32324
3,ViT-B/32,visual,conv1.weight,3,243292,279590,264114,253674,241560,232193,222377,214846,206665,200985
4,ViT-B/32,visual,ln_pre.weight,4,75,73,78,89,72,89,71,73,80,68
5,ViT-B/32,visual,ln_pre.bias,5,67,88,105,84,70,83,81,69,69,52
6,ViT-B/32,visual,transformer.resblocks.0.attn.in_proj_weight,6,181132,207458,196506,190206,181217,175393,167985,161477,156219,151879
7,ViT-B/32,visual,transformer.resblocks.0.attn.in_proj_bias,7,224,290,251,240,243,257,226,210,195,168
8,ViT-B/32,visual,transformer.resblocks.0.attn.out_proj.weight,8,60507,69794,65612,63427,60634,58290,55776,53842,51746,50196
9,ViT-B/32,visual,transformer.resblocks.0.attn.out_proj.bias,9,88,93,79,87,83,66,81,56,86,49
10,ViT-B/32,visual,transformer.resblocks.0.ln_1.weight,10,80,78,97,88,90,58,64,67,63,83
11,ViT-B/32,visual,transformer.resblocks.0.ln_1.bias,11,89,90,72,84,67,76,74,68,81,67
12,ViT-B/32,visual,transformer.resblocks.0.mlp.c_fc.weight,12,242316,278080,262100,251766,240382,233001,224329,215530,208470,203322
13,ViT-B/32,visual,transformer.resblocks.0.mlp.c_fc.bias,13,211,328,687,509,329,186,229,175,209,209
14,ViT-B/32,visual,transformer.resblocks.0.mlp.c_proj.weight,14,246161,282583,266007,252693,239906,231170,221806,212205,205923,200842
15,ViT-B/32,visual,transformer.resblocks.0.mlp.c_proj.bias,15,66,93,84,84,92,78,66,77,65,63
16,ViT-B/32,visual,transformer.resblocks.0.ln_2.weight,16,118,97,89,79,71,76,51,64,64,59
17,ViT-B/32,visual,transformer.resblocks.0.ln_2.bias,17,96,97,86,77,77,66,67,60,66,76
18,ViT-B/32,visual,transformer.resblocks.1.attn.in_proj_weight,18,180604,206488,197184,190049,181077,174856,168702,162421,156473,151618
19,ViT-B/32,visual,transformer.resblocks.1.attn.in_proj_bias,19,258,254,252,229,241,245,223,193,204,205
20,ViT-B/32,visual,transformer.resblocks.1.attn.out_proj.weight,20,61138,69966,67009,63689,60329,58454,55258,53048,51101,49832
21,ViT-B/32,visual,transformer.resblocks.1.attn.out_proj.bias,21,68,69,91,78,78,71,79,84,74,76
22,ViT-B/32,visual,transformer.resblocks.1.ln_1.weight,22,102,434,58,24,32,26,27,27,23,15
23,ViT-B/32,visual,transformer.resblocks.1.ln_1.bias,23,74,105,91,81,86,72,65,67,64,63
24,ViT-B/32,visual,transformer.resblocks.1.mlp.c_fc.weight,24,241598,281021,266587,253419,241364,233068,222377,213845,206141,199876
25,ViT-B/32,visual,transformer.resblocks.1.mlp.c_fc.bias,25,307,338,306,315,308,352,326,271,290,259
26,ViT-B/32,visual,transformer.resblocks.1.mlp.c_proj.weight,26,245861,286990,269735,256430,240719,230907,220043,210756,202357,195498
27,ViT-B/32,visual,transformer.resblocks.1.mlp.c_proj.bias,27,74,93,96,84,74,78,76,58,61,74
28,ViT-B/32,visual,transformer.resblocks.1.ln_2.weight,28,20,45,46,39,38,96,352,98,19,15
29,ViT-B/32,visual,transformer.resblocks.1.ln_2.bias,29,85,89,88,76,82,66,86,67,48,81
30,ViT-B/32,visual,transformer.resblocks.2.attn.in_proj_weight,30,180289,208296,198827,190162,182035,175731,168054,161455,155186,149437
31,ViT-B/32,visual,transformer.resblocks.2.attn.in_proj_bias,31,245,257,230,228,250,236,236,230,185,207
32,ViT-B/32,visual,transformer.resblocks.2.attn.out_proj.weight,32,60507,71422,67294,63566,61099,58251,55283,52685,50944,48773
33,ViT-B/32,visual,transformer.resblocks.2.attn.out_proj.bias,33,63,87,76,80,83,74,69,79,84,73
34,ViT-B/32,visual,transformer.resblocks.2.ln_1.weight,34,133,140,57,73,56,63,59,67,58,62
35,ViT-B/32,visual,transformer.resblocks.2.ln_1.bias,35,88,84,71,93,81,66,66,67,71,81
36,ViT-B/32,visual,transformer.resblocks.2.mlp.c_fc.weight,36,241949,281903,266927,255268,242304,232595,223441,213105,204094,197710
37,ViT-B/32,visual,transformer.resblocks.2.mlp.c_fc.bias,37,298,336,304,296,298,320,289,298,313,320
38,ViT-B/32,visual,transformer.resblocks.2.mlp.c_proj.weight,38,244349,286777,270672,256707,242901,232244,220195,209396,201690,194365
39,ViT-B/32,visual,transformer.resblocks.2.mlp.c_proj.bias,39,77,88,72,75,76,85,71,71,85,68
40,ViT-B/32,visual,transformer.resblocks.2.ln_2.weight,40,35,104,138,182,121,79,41,26,18,24
41,ViT-B/32,visual,transformer.resblocks.2.ln_2.bias,41,79,86,106,84,71,73,77,68,70,54
42,ViT-B/32,visual,transformer.resblocks.3.attn.in_proj_weight,42,180288,209321,198629,190577,181661,175293,168184,160612,155435,149472
43,ViT-B/32,visual,transformer.resblocks.3.attn.in_proj_bias,43,220,242,253,233,264,245,225,221,207,194
44,ViT-B/32,visual,transformer.resblocks.3.attn.out_proj.weight,44,60524,71648,67242,63753,61014,58423,55346,52729,50517,48628
45,ViT-B/32,visual,transformer.resblocks.3.attn.out_proj.bias,45,83,80,69,82,77,63,81,82,71,80
46,ViT-B/32,visual,transformer.resblocks.3.ln_1.weight,46,94,406,183,27,7,8,10,9,10,14
47,ViT-B/32,visual,transformer.resblocks.3.ln_1.bias,47,87,100,91,89,77,63,70,54,73,64
48,ViT-B/32,visual,transformer.resblocks.3.mlp.c_fc.weight,48,240573,282331,267896,255393,243671,233611,223188,212933,204004,195696
49,ViT-B/32,visual,transformer.resblocks.3.mlp.c_fc.bias,49,323,296,328,311,302,320,298,312,276,306
50,ViT-B/32,visual,transformer.resblocks.3.mlp.c_proj.weight,50,243790,287243,270625,256799,242370,231299,220121,210606,201991,194452
51,ViT-B/32,visual,transformer.resblocks.3.mlp.c_proj.bias,51,90,73,87,82,71,75,83,75,72,60
52,ViT-B/32,visual,transformer.resblocks.3.ln_2.weight,52,7,31,145,513,58,4,1,3,1,5
53,ViT-B/32,visual,transformer.resblocks.3.ln_2.bias,53,87,89,84,82,70,80,60,70,75,71
54,ViT-B/32,visual,transformer.resblocks.4.attn.in_proj_weight,54,179794,208588,198461,191140,182830,175807,167598,161012,155444,148798
55,ViT-B/32,visual,transformer.resblocks.4.attn.in_proj_bias,55,231,242,250,241,263,223,206,218,214,216
56,ViT-B/32,visual,transformer.resblocks.4.attn.out_proj.weight,56,60785,71289,67751,64444,60668,58145,54977,52567,50490,48708
57,ViT-B/32,visual,transformer.resblocks.4.attn.out_proj.bias,57,80,73,85,84,75,67,79,87,79,59
58,ViT-B/32,visual,transformer.resblocks.4.ln_1.weight,58,17,166,389,158,15,5,5,3,9,1
59,ViT-B/32,visual,transformer.resblocks.4.ln_1.bias,59,79,90,86,94,63,72,83,78,59,64
60,ViT-B/32,visual,transformer.resblocks.4.mlp.c_fc.weight,60,240305,283409,267833,256873,243275,233197,222525,212301,203610,195968
61,ViT-B/32,visual,transformer.resblocks.4.mlp.c_fc.bias,61,309,320,310,315,302,319,339,301,269,288
62,ViT-B/32,visual,transformer.resblocks.4.mlp.c_proj.weight,62,244348,287631,270632,256511,242335,232379,220113,209588,201493,194266
63,ViT-B/32,visual,transformer.resblocks.4.mlp.c_proj.bias,63,87,91,65,71,92,76,77,66,90,53
64,ViT-B/32,visual,transformer.resblocks.4.ln_2.weight,64,6,10,42,490,189,17,8,4,1,1
65,ViT-B/32,visual,transformer.resblocks.4.ln_2.bias,65,90,100,82,74,83,76,68,74,64,57
66,ViT-B/32,visual,transformer.resblocks.5.attn.in_proj_weight,66,180170,208438,198663,191375,182210,176223,168278,160685,154444,148986
67,ViT-B/32,visual,transformer.resblocks.5.attn.in_proj_bias,67,239,226,244,259,252,203,238,243,201,199
68,ViT-B/32,visual,transformer.resblocks.5.attn.out_proj.weight,68,60042,71586,67325,64142,61242,58096,55145,53003,50849,48394
69,ViT-B/32,visual,transformer.resblocks.5.attn.out_proj.bias,69,84,99,77,62,75,86,83,65,73,64
70,ViT-B/32,visual,transformer.resblocks.5.ln_1.weight,70,7,71,367,286,22,5,2,3,3,2
71,ViT-B/32,visual,transformer.resblocks.5.ln_1.bias,71,83,81,99,85,87,71,71,72,48,71
72,ViT-B/32,visual,transformer.resblocks.5.mlp.c_fc.weight,72,240892,280905,267000,256490,243478,234432,222965,212608,204389,196137
73,ViT-B/32,visual,transformer.resblocks.5.mlp.c_fc.bias,73,306,326,349,277,343,298,324,322,265,262
74,ViT-B/32,visual,transformer.resblocks.5.mlp.c_proj.weight,74,242331,286323,270600,256580,243269,232583,221139,210695,202314,193462
75,ViT-B/32,visual,transformer.resblocks.5.mlp.c_proj.bias,75,85,86,72,65,83,87,77,73,73,67
76,ViT-B/32,visual,transformer.resblocks.5.ln_2.weight,76,6,7,7,48,515,165,13,5,1,1
77,ViT-B/32,visual,transformer.resblocks.5.ln_2.bias,77,89,70,81,79,92,75,80,63,76,63
78,ViT-B/32,visual,transformer.resblocks.6.attn.in_proj_weight,78,180006,207617,199087,191606,182173,176168,168960,160697,154478,148680
79,ViT-B/32,visual,transformer.resblocks.6.attn.in_proj_bias,79,219,285,222,243,238,228,235,213,200,221
80,ViT-B/32,visual,transformer.resblocks.6.attn.out_proj.weight,80,60478,71317,67462,64366,60834,58228,55124,53204,50567,48244
81,ViT-B/32,visual,transformer.resblocks.6.attn.out_proj.bias,81,82,80,74,88,90,69,89,66,63,67
82,ViT-B/32,visual,transformer.resblocks.6.ln_1.weight,82,12,83,407,237,17,3,3,4,2,0
83,ViT-B/32,visual,transformer.resblocks.6.ln_1.bias,83,82,92,94,77,89,68,68,69,70,59
84,ViT-B/32,visual,transformer.resblocks.6.mlp.c_fc.weight,84,239877,280516,267312,256039,243481,234123,224120,212417,204280,197131
85,ViT-B/32,visual,transformer.resblocks.6.mlp.c_fc.bias,85,307,306,322,339,317,310,313,260,306,292
86,ViT-B/32,visual,transformer.resblocks.6.mlp.c_proj.weight,86,241590,284785,270063,256911,243492,233198,221610,211135,201703,194809
87,ViT-B/32,visual,transformer.resblocks.6.mlp.c_proj.bias,87,61,83,70,67,83,89,89,70,65,91
88,ViT-B/32,visual,transformer.resblocks.6.ln_2.weight,88,4,5,7,6,20,72,436,209,8,1
89,ViT-B/32,visual,transformer.resblocks.6.ln_2.bias,89,81,90,79,77,87,73,57,61,87,76
90,ViT-B/32,visual,transformer.resblocks.7.attn.in_proj_weight,90,179970,208404,198449,191112,182067,176968,167773,160508,155102,149119
91,ViT-B/32,visual,transformer.resblocks.7.attn.in_proj_bias,91,244,270,262,237,219,218,213,226,212,203
92,ViT-B/32,visual,transformer.resblocks.7.attn.out_proj.weight,92,60415,71259,67110,64524,60637,58221,55444,52795,50576,48843
93,ViT-B/32,visual,transformer.resblocks.7.attn.out_proj.bias,93,96,71,80,75,95,73,56,70,83,69
94,ViT-B/32,visual,transformer.resblocks.7.ln_1.weight,94,3,16,131,400,184,22,5,2,4,1
95,ViT-B/32,visual,transformer.resblocks.7.ln_1.bias,95,90,88,92,88,81,66,74,65,64,60
96,ViT-B/32,visual,transformer.resblocks.7.mlp.c_fc.weight,96,239988,280760,267290,255958,243535,233766,223277,213279,204773,196670
97,ViT-B/32,visual,transformer.resblocks.7.mlp.c_fc.bias,97,280,330,326,309,344,323,291,289,281,299
98,ViT-B/32,visual,transformer.resblocks.7.mlp.c_proj.weight,98,241160,283696,269470,256215,242989,233559,222244,212672,202643,194648
99,ViT-B/32,visual,transformer.resblocks.7.mlp.c_proj.bias,99,80,92,76,76,78,82,73,68,74,69
100,ViT-B/32,visual,transformer.resblocks.7.ln_2.weight,100,133,9,3,3,8,13,11,21,161,406
101,ViT-B/32,visual,transformer.resblocks.7.ln_2.bias,101,63,87,100,69,72,88,73,93,60,63
102,ViT-B/32,visual,transformer.resblocks.8.attn.in_proj_weight,102,178835,208700,198851,191903,182137,175887,168485,160919,154351,149404
103,ViT-B/32,visual,transformer.resblocks.8.attn.in_proj_bias,103,264,260,234,250,216,243,210,225,206,196
104,ViT-B/32,visual,transformer.resblocks.8.attn.out_proj.weight,104,60239,71078,67319,64259,60732,58519,55198,53127,50807,48546
105,ViT-B/32,visual,transformer.resblocks.8.attn.out_proj.bias,105,75,79,78,78,68,93,75,70,84,68
106,ViT-B/32,visual,transformer.resblocks.8.ln_1.weight,106,1,2,9,61,302,348,34,7,3,1
107,ViT-B/32,visual,transformer.resblocks.8.ln_1.bias,107,76,100,90,72,90,80,63,61,65,71
108,ViT-B/32,visual,transformer.resblocks.8.mlp.c_fc.weight,108,240682,282324,267350,256712,242123,232848,223363,212704,203879,197311
109,ViT-B/32,visual,transformer.resblocks.8.mlp.c_fc.bias,109,335,298,317,322,318,304,330,295,285,268
110,ViT-B/32,visual,transformer.resblocks.8.mlp.c_proj.weight,110,240742,281313,267416,256564,243818,234347,222605,212568,203887,196036
111,ViT-B/32,visual,transformer.resblocks.8.mlp.c_proj.bias,111,81,86,83,88,76,73,73,67,64,77
112,ViT-B/32,visual,transformer.resblocks.8.ln_2.weight,112,294,191,50,10,12,6,7,20,36,142
113,ViT-B/32,visual,transformer.resblocks.8.ln_2.bias,113,81,100,77,68,84,75,75,70,71,67
114,ViT-B/32,visual,transformer.resblocks.9.attn.in_proj_weight,114,179986,207939,198736,191351,182300,176176,168191,160421,154868,149504
115,ViT-B/32,visual,transformer.resblocks.9.attn.in_proj_bias,115,229,294,256,236,257,240,211,204,172,205
116,ViT-B/32,visual,transformer.resblocks.9.attn.out_proj.weight,116,60204,70585,67034,64199,60664,58757,55663,52913,51100,48705
117,ViT-B/32,visual,transformer.resblocks.9.attn.out_proj.bias,117,84,93,69,87,70,66,83,75,70,71
118,ViT-B/32,visual,transformer.resblocks.9.ln_1.weight,118,5,2,2,5,3,19,236,427,65,4
119,ViT-B/32,visual,transformer.resblocks.9.ln_1.bias,119,82,89,94,86,72,80,69,60,71,65
120,ViT-B/32,visual,transformer.resblocks.9.mlp.c_fc.weight,120,239623,280291,266730,255877,243523,234291,223137,213075,205415,197334
121,ViT-B/32,visual,transformer.resblocks.9.mlp.c_fc.bias,121,330,327,319,326,299,291,298,279,282,321
122,ViT-B/32,visual,transformer.resblocks.9.mlp.c_proj.weight,122,239575,279605,266333,255449,243542,234300,223564,214076,205308,197544
123,ViT-B/32,visual,transformer.resblocks.9.mlp.c_proj.bias,123,73,103,92,69,76,68,73,70,59,85
124,ViT-B/32,visual,transformer.resblocks.9.ln_2.weight,124,25,28,84,126,161,129,85,61,37,32
125,ViT-B/32,visual,transformer.resblocks.9.ln_2.bias,125,78,92,80,81,86,93,58,74,71,55
126,ViT-B/32,visual,transformer.resblocks.10.attn.in_proj_weight,126,179379,208195,198336,190992,182997,176322,168023,160457,154835,149936
127,ViT-B/32,visual,transformer.resblocks.10.attn.in_proj_bias,127,226,268,260,268,231,223,231,217,183,197
128,ViT-B/32,visual,transformer.resblocks.10.attn.out_proj.weight,128,60407,70629,66669,63779,60835,58366,55866,53079,51255,48939
129,ViT-B/32,visual,transformer.resblocks.10.attn.out_proj.bias,129,66,89,84,79,97,80,78,74,64,57
130,ViT-B/32,visual,transformer.resblocks.10.ln_1.weight,130,193,7,1,6,3,4,13,38,134,369
131,ViT-B/32,visual,transformer.resblocks.10.ln_1.bias,131,78,76,89,82,79,73,71,70,92,58
132,ViT-B/32,visual,transformer.resblocks.10.mlp.c_fc.weight,132,239392,281083,266848,256361,243597,233189,223273,212459,205531,197563
133,ViT-B/32,visual,transformer.resblocks.10.mlp.c_fc.bias,133,286,321,320,322,278,308,315,308,299,315
134,ViT-B/32,visual,transformer.resblocks.10.mlp.c_proj.weight,134,238862,277122,263870,254736,242543,234051,225047,215013,208379,199673
135,ViT-B/32,visual,transformer.resblocks.10.mlp.c_proj.bias,135,69,96,98,86,70,84,62,67,66,70
136,ViT-B/32,visual,transformer.resblocks.10.ln_2.weight,136,162,121,65,32,18,22,23,55,96,174
137,ViT-B/32,visual,transformer.resblocks.10.ln_2.bias,137,82,77,79,79,72,81,83,65,71,79
138,ViT-B/32,visual,transformer.resblocks.11.attn.in_proj_weight,138,179401,209509,198998,192088,182530,175623,167903,161131,154011,148278
139,ViT-B/32,visual,transformer.resblocks.11.attn.in_proj_bias,139,222,295,279,233,222,234,229,213,187,190
140,ViT-B/32,visual,transformer.resblocks.11.attn.out_proj.weight,140,60209,69372,66261,63741,60725,59157,55810,53370,51349,49830
141,ViT-B/32,visual,transformer.resblocks.11.attn.out_proj.bias,141,68,84,89,84,79,88,74,80,71,51
142,ViT-B/32,visual,transformer.resblocks.11.ln_1.weight,142,85,8,4,2,4,6,12,28,226,393
143,ViT-B/32,visual,transformer.resblocks.11.ln_1.bias,143,95,96,87,83,69,56,80,75,67,60
144,ViT-B/32,visual,transformer.resblocks.11.mlp.c_fc.weight,144,240485,281529,266897,256042,242730,234080,222940,213321,203961,197311
145,ViT-B/32,visual,transformer.resblocks.11.mlp.c_fc.bias,145,300,305,318,279,334,304,338,276,303,315
146,ViT-B/32,visual,transformer.resblocks.11.mlp.c_proj.weight,146,241112,282259,267327,255589,243038,233283,222670,212650,204145,197223
147,ViT-B/32,visual,transformer.resblocks.11.mlp.c_proj.bias,147,73,97,103,75,71,77,69,73,66,64
148,ViT-B/32,visual,transformer.resblocks.11.ln_2.weight,148,26,12,1,2,4,2,28,210,361,122
149,ViT-B/32,visual,transformer.resblocks.11.ln_2.bias,149,95,84,67,86,74,79,83,62,73,65
150,ViT-B/32,visual,ln_post.weight,150,111,81,84,83,75,85,71,54,66,58
151,ViT-B/32,visual,ln_post.bias,151,91,75,74,86,76,66,91,68,63,78
152,ViT-B/32,token_embedding,weight,0,2585248,3047996,2897967,2757466,2625334,2497960,2377129,2270008,2165184,2072604
153,ViT-B/32,ln_final,weight,0,79,43,49,59,54,74,52,34,40,28
154,ViT-B/32,ln_final,bias,1,47,65,72,49,54,51,43,49,35,47
