,model,part,layer,i,0,1,2,3,4,5,6,7,8,9
0,ViT-B/32,visual,conv1.weight,0,113,117,125,116,121,106,91,99,104,88
1,ViT-B/32,visual,bn1.weight,1,1,3,2,3,8,4,2,4,4,9
2,ViT-B/32,visual,bn1.bias,2,4,5,2,5,4,6,6,4,2,2
3,ViT-B/32,visual,conv2.weight,3,1486,1671,1583,1555,1457,1387,1339,1349,1321,1252
4,ViT-B/32,visual,bn2.weight,4,6,8,7,5,4,4,2,2,2,0
5,ViT-B/32,visual,bn2.bias,5,4,6,6,5,4,4,2,1,5,3
6,ViT-B/32,visual,conv3.weight,6,3008,3398,3185,3072,2873,2946,2740,2575,2566,2437
7,ViT-B/32,visual,bn3.weight,7,19,12,10,5,6,5,4,4,8,7
8,ViT-B/32,visual,bn3.bias,8,9,8,7,5,13,6,8,9,6,9
9,ViT-B/32,visual,layer1.0.conv1.weight,9,664,724,733,681,641,625,632,620,584,496
10,ViT-B/32,visual,layer1.0.bn1.weight,10,10,13,7,6,9,7,9,6,7,6
11,ViT-B/32,visual,layer1.0.bn1.bias,11,17,8,4,11,10,9,7,4,2,8
12,ViT-B/32,visual,layer1.0.conv2.weight,12,6015,6809,6465,6180,5859,5749,5427,5145,5042,4909
13,ViT-B/32,visual,layer1.0.bn2.weight,13,6,10,7,5,6,9,7,18,6,6
14,ViT-B/32,visual,layer1.0.bn2.bias,14,8,11,9,10,8,7,6,9,3,9
15,ViT-B/32,visual,layer1.0.conv3.weight,15,2632,3041,2921,2794,2691,2453,2423,2312,2164,2169
16,ViT-B/32,visual,layer1.0.bn3.weight,16,33,35,36,25,29,32,27,35,35,33
17,ViT-B/32,visual,layer1.0.bn3.bias,17,33,35,37,32,36,28,35,26,31,27
18,ViT-B/32,visual,layer1.0.downsample.0.weight,18,2659,3046,2858,2735,2571,2483,2385,2343,2278,2242
19,ViT-B/32,visual,layer1.0.downsample.1.weight,19,34,31,23,32,31,30,44,39,27,29
20,ViT-B/32,visual,layer1.0.downsample.1.bias,20,33,35,37,32,36,28,35,26,31,27
21,ViT-B/32,visual,layer1.1.conv1.weight,21,2674,3028,2969,2729,2636,2533,2391,2264,2224,2152
22,ViT-B/32,visual,layer1.1.bn1.weight,22,9,12,5,6,8,5,12,8,8,7
23,ViT-B/32,visual,layer1.1.bn1.bias,23,13,7,6,8,10,8,6,10,3,9
24,ViT-B/32,visual,layer1.1.conv2.weight,24,5996,6881,6466,6100,5853,5738,5385,5211,5098,4872
25,ViT-B/32,visual,layer1.1.bn2.weight,25,15,16,8,11,4,7,3,3,7,6
26,ViT-B/32,visual,layer1.1.bn2.bias,26,8,8,5,10,7,6,10,12,6,8
27,ViT-B/32,visual,layer1.1.conv3.weight,27,2653,3009,2911,2751,2673,2513,2390,2227,2282,2191
28,ViT-B/32,visual,layer1.1.bn3.weight,28,36,40,32,30,39,21,34,30,31,27
29,ViT-B/32,visual,layer1.1.bn3.bias,29,27,41,34,34,35,35,20,31,40,23
30,ViT-B/32,visual,layer1.2.conv1.weight,30,2641,3056,2899,2715,2656,2563,2389,2281,2296,2104
31,ViT-B/32,visual,layer1.2.bn1.weight,31,10,9,6,6,7,13,8,6,10,5
32,ViT-B/32,visual,layer1.2.bn1.bias,32,3,8,8,7,12,9,12,3,11,7
33,ViT-B/32,visual,layer1.2.conv2.weight,33,5903,6917,6716,6241,5946,5646,5398,5139,4875,4819
34,ViT-B/32,visual,layer1.2.bn2.weight,34,14,7,10,9,5,4,9,10,7,5
35,ViT-B/32,visual,layer1.2.bn2.bias,35,8,9,5,9,10,7,8,3,7,14
36,ViT-B/32,visual,layer1.2.conv3.weight,36,2623,2996,2932,2774,2651,2518,2478,2318,2182,2128
37,ViT-B/32,visual,layer1.2.bn3.weight,37,31,38,30,36,29,35,29,34,29,29
38,ViT-B/32,visual,layer1.2.bn3.bias,38,34,51,39,33,35,29,31,17,25,26
39,ViT-B/32,visual,layer1.3.conv1.weight,39,2628,3068,2916,2747,2618,2503,2362,2343,2238,2177
40,ViT-B/32,visual,layer1.3.bn1.weight,40,12,10,6,12,9,3,7,8,6,7
41,ViT-B/32,visual,layer1.3.bn1.bias,41,10,7,11,7,4,6,13,9,9,4
42,ViT-B/32,visual,layer1.3.conv2.weight,42,5891,7014,6622,6265,5818,5630,5264,5266,4902,4928
43,ViT-B/32,visual,layer1.3.bn2.weight,43,11,10,5,3,10,9,5,14,5,8
44,ViT-B/32,visual,layer1.3.bn2.bias,44,10,9,12,4,9,9,6,5,14,2
45,ViT-B/32,visual,layer1.3.conv3.weight,45,2656,3042,2903,2814,2664,2533,2452,2244,2203,2089
46,ViT-B/32,visual,layer1.3.bn3.weight,46,31,46,32,33,31,30,23,38,30,26
47,ViT-B/32,visual,layer1.3.bn3.bias,47,33,27,35,35,39,25,48,21,31,26
48,ViT-B/32,visual,layer2.0.conv1.weight,48,5190,6156,5768,5503,5313,4979,4806,4580,4549,4356
49,ViT-B/32,visual,layer2.0.bn1.weight,49,21,18,20,24,15,9,14,17,8,14
50,ViT-B/32,visual,layer2.0.bn1.bias,50,12,19,17,9,19,11,18,11,21,23
51,ViT-B/32,visual,layer2.0.conv2.weight,51,23722,27820,25853,24677,23636,22749,21505,20829,20258,19351
52,ViT-B/32,visual,layer2.0.bn2.weight,52,16,24,27,19,10,17,10,8,16,13
53,ViT-B/32,visual,layer2.0.bn2.bias,53,20,17,16,20,19,16,11,12,17,12
54,ViT-B/32,visual,layer2.0.conv3.weight,54,10523,12446,11577,10959,10517,9985,9671,9238,8817,8667
55,ViT-B/32,visual,layer2.0.bn3.weight,55,72,71,63,55,57,75,53,69,69,56
56,ViT-B/32,visual,layer2.0.bn3.bias,56,63,81,59,68,80,67,70,59,35,58
57,ViT-B/32,visual,layer2.0.downsample.0.weight,57,21187,24594,22884,22023,20949,20158,19496,18344,17982,17183
58,ViT-B/32,visual,layer2.0.downsample.1.weight,58,62,73,66,67,57,67,61,51,52,84
59,ViT-B/32,visual,layer2.0.downsample.1.bias,59,60,78,68,62,77,78,66,57,46,48
60,ViT-B/32,visual,layer2.1.conv1.weight,60,10541,12245,11567,11032,10607,9934,9666,9339,8829,8640
61,ViT-B/32,visual,layer2.1.bn1.weight,61,22,18,15,13,17,20,18,13,15,9
62,ViT-B/32,visual,layer2.1.bn1.bias,62,15,18,24,12,18,14,17,14,14,14
63,ViT-B/32,visual,layer2.1.conv2.weight,63,23836,27566,25993,24806,23888,22725,21669,20690,19903,19324
64,ViT-B/32,visual,layer2.1.bn2.weight,64,21,19,21,14,10,11,11,18,15,20
65,ViT-B/32,visual,layer2.1.bn2.bias,65,27,22,19,14,10,11,15,11,17,14
66,ViT-B/32,visual,layer2.1.conv3.weight,66,10649,12558,11666,11156,10452,10060,9562,8943,8808,8546
67,ViT-B/32,visual,layer2.1.bn3.weight,67,62,73,73,65,62,60,59,62,65,59
68,ViT-B/32,visual,layer2.1.bn3.bias,68,63,71,65,66,74,62,55,55,65,64
69,ViT-B/32,visual,layer2.2.conv1.weight,69,10768,12345,11495,11024,10405,10049,9637,9259,8913,8505
70,ViT-B/32,visual,layer2.2.bn1.weight,70,16,23,17,21,9,14,11,20,16,13
71,ViT-B/32,visual,layer2.2.bn1.bias,71,17,21,20,20,18,16,13,13,13,9
72,ViT-B/32,visual,layer2.2.conv2.weight,72,23868,27938,26403,24694,23781,22664,21470,20622,19981,18979
73,ViT-B/32,visual,layer2.2.bn2.weight,73,19,25,15,16,17,14,13,13,14,14
74,ViT-B/32,visual,layer2.2.bn2.bias,74,18,12,18,13,27,14,15,10,14,19
75,ViT-B/32,visual,layer2.2.conv3.weight,75,10510,12253,11644,11018,10491,10204,9533,9394,8881,8472
76,ViT-B/32,visual,layer2.2.bn3.weight,76,68,71,62,69,73,72,63,61,56,45
77,ViT-B/32,visual,layer2.2.bn3.bias,77,69,76,61,66,61,55,66,68,67,51
78,ViT-B/32,visual,layer2.3.conv1.weight,78,10616,12105,11687,11078,10490,10027,9701,9051,8867,8778
79,ViT-B/32,visual,layer2.3.bn1.weight,79,27,17,14,16,15,12,19,18,11,11
80,ViT-B/32,visual,layer2.3.bn1.bias,80,17,23,15,19,17,12,16,12,17,12
81,ViT-B/32,visual,layer2.3.conv2.weight,81,23883,27830,26259,24730,23590,22751,21249,20612,19978,19518
82,ViT-B/32,visual,layer2.3.bn2.weight,82,17,9,15,18,16,14,10,19,20,22
83,ViT-B/32,visual,layer2.3.bn2.bias,83,11,21,18,16,17,12,15,22,14,14
84,ViT-B/32,visual,layer2.3.conv3.weight,84,10644,12481,11506,11148,10504,10159,9478,9180,8823,8477
85,ViT-B/32,visual,layer2.3.bn3.weight,85,65,71,64,71,77,78,70,58,42,44
86,ViT-B/32,visual,layer2.3.bn3.bias,86,66,85,55,78,67,70,59,62,47,51
87,ViT-B/32,visual,layer2.4.conv1.weight,87,10454,12289,11704,10983,10567,9950,9512,9251,8975,8715
88,ViT-B/32,visual,layer2.4.bn1.weight,88,22,23,19,24,12,7,16,16,8,13
89,ViT-B/32,visual,layer2.4.bn1.bias,89,17,17,17,24,15,18,10,20,13,9
90,ViT-B/32,visual,layer2.4.conv2.weight,90,23931,28078,25894,25092,23636,22596,21352,20752,19780,19289
91,ViT-B/32,visual,layer2.4.bn2.weight,91,21,26,27,14,12,9,12,12,15,12
92,ViT-B/32,visual,layer2.4.bn2.bias,92,20,26,11,16,16,17,14,9,18,13
93,ViT-B/32,visual,layer2.4.conv3.weight,93,10496,12315,11754,11071,10447,10261,9661,9199,8724,8472
94,ViT-B/32,visual,layer2.4.bn3.weight,94,62,73,72,65,74,61,56,63,57,57
95,ViT-B/32,visual,layer2.4.bn3.bias,95,58,50,63,72,77,61,77,56,65,61
96,ViT-B/32,visual,layer2.5.conv1.weight,96,10607,12228,11471,11112,10472,10121,9683,9270,8868,8568
97,ViT-B/32,visual,layer2.5.bn1.weight,97,19,15,16,14,12,15,20,17,19,13
98,ViT-B/32,visual,layer2.5.bn1.bias,98,13,26,18,17,17,9,15,16,15,14
99,ViT-B/32,visual,layer2.5.conv2.weight,99,23627,27972,26177,25160,23618,22473,21688,20528,19843,19314
100,ViT-B/32,visual,layer2.5.bn2.weight,100,21,20,13,22,9,13,15,17,15,15
101,ViT-B/32,visual,layer2.5.bn2.bias,101,22,18,24,19,15,11,12,8,16,15
102,ViT-B/32,visual,layer2.5.conv3.weight,102,10501,12325,11690,11178,10603,10049,9573,9162,8830,8489
103,ViT-B/32,visual,layer2.5.bn3.weight,103,73,78,81,76,69,64,46,50,55,48
104,ViT-B/32,visual,layer2.5.bn3.bias,104,66,75,70,76,56,75,57,43,69,53
105,ViT-B/32,visual,layer3.0.conv1.weight,105,21028,24450,23157,22182,20896,20204,19365,18355,17777,17386
106,ViT-B/32,visual,layer3.0.bn1.weight,106,38,34,35,40,22,26,34,28,33,30
107,ViT-B/32,visual,layer3.0.bn1.bias,107,27,47,37,35,33,34,23,23,38,23
108,ViT-B/32,visual,layer3.0.conv2.weight,108,95394,111580,105729,99224,94832,90384,86034,82560,79235,76628
109,ViT-B/32,visual,layer3.0.bn2.weight,109,48,56,26,25,16,27,27,26,34,35
110,ViT-B/32,visual,layer3.0.bn2.bias,110,33,48,45,31,25,32,27,24,32,23
111,ViT-B/32,visual,layer3.0.conv3.weight,111,41791,49906,47023,44255,42255,40377,38361,36397,35358,33877
112,ViT-B/32,visual,layer3.0.bn3.weight,112,135,135,127,138,123,126,121,126,130,119
113,ViT-B/32,visual,layer3.0.bn3.bias,113,116,153,172,121,141,121,95,118,117,126
114,ViT-B/32,visual,layer3.0.downsample.0.weight,114,84501,98390,92927,88396,83890,80457,76862,73956,70960,68861
115,ViT-B/32,visual,layer3.0.downsample.1.weight,115,136,148,132,126,114,120,130,122,124,128
116,ViT-B/32,visual,layer3.0.downsample.1.bias,116,119,143,162,135,132,124,109,118,116,122
117,ViT-B/32,visual,layer3.1.conv1.weight,117,42540,49281,46677,44075,41812,40253,38597,36765,35473,34127
118,ViT-B/32,visual,layer3.1.bn1.weight,118,43,55,31,28,35,26,22,30,22,28
119,ViT-B/32,visual,layer3.1.bn1.bias,119,23,38,43,41,30,35,22,32,29,27
120,ViT-B/32,visual,layer3.1.conv2.weight,120,96205,110841,104950,98608,93087,90447,86788,82903,79719,78052
121,ViT-B/32,visual,layer3.1.bn2.weight,121,38,38,42,29,29,31,27,26,21,39
122,ViT-B/32,visual,layer3.1.bn2.bias,122,37,38,36,34,41,35,24,33,28,14
123,ViT-B/32,visual,layer3.1.conv3.weight,123,42182,49476,46189,44409,42019,40491,38435,37093,35138,34168
124,ViT-B/32,visual,layer3.1.bn3.weight,124,156,174,127,154,130,109,109,105,103,113
125,ViT-B/32,visual,layer3.1.bn3.bias,125,128,117,150,159,140,131,136,99,108,112
126,ViT-B/32,visual,layer3.2.conv1.weight,126,42650,49403,46264,44420,41557,40241,38521,36784,35488,34272
127,ViT-B/32,visual,layer3.2.bn1.weight,127,47,45,35,30,35,24,20,31,25,28
128,ViT-B/32,visual,layer3.2.bn1.bias,128,35,36,37,38,29,32,31,32,24,26
129,ViT-B/32,visual,layer3.2.conv2.weight,129,95463,111470,104772,99408,94016,90394,86457,82830,79545,77245
130,ViT-B/32,visual,layer3.2.bn2.weight,130,33,31,26,36,31,32,28,40,24,39
131,ViT-B/32,visual,layer3.2.bn2.bias,131,40,42,33,38,23,32,26,30,27,29
132,ViT-B/32,visual,layer3.2.conv3.weight,132,41883,49594,46721,44745,41861,40606,38654,36670,34906,33960
133,ViT-B/32,visual,layer3.2.bn3.weight,133,106,155,155,144,117,128,136,108,115,116
134,ViT-B/32,visual,layer3.2.bn3.bias,134,130,132,135,142,125,128,137,114,125,112
135,ViT-B/32,visual,layer3.3.conv1.weight,135,42513,48817,46590,44375,41949,40712,38402,36916,35210,34116
136,ViT-B/32,visual,layer3.3.bn1.weight,136,37,46,29,39,22,39,22,34,29,23
137,ViT-B/32,visual,layer3.3.bn1.bias,137,40,40,40,33,33,32,35,22,17,28
138,ViT-B/32,visual,layer3.3.conv2.weight,138,95005,111556,105237,99491,94274,91164,86371,82649,79605,76248
139,ViT-B/32,visual,layer3.3.bn2.weight,139,32,42,37,29,36,33,25,31,23,32
140,ViT-B/32,visual,layer3.3.bn2.bias,140,36,40,38,33,27,27,37,30,26,26
141,ViT-B/32,visual,layer3.3.conv3.weight,141,41967,49720,46870,44298,41946,40036,38366,36904,35066,34427
142,ViT-B/32,visual,layer3.3.bn3.weight,142,117,163,160,130,141,124,117,133,103,92
143,ViT-B/32,visual,layer3.3.bn3.bias,143,113,156,151,130,129,135,99,125,113,129
144,ViT-B/32,visual,layer3.4.conv1.weight,144,42275,49183,46828,44316,41860,40630,38541,36470,35419,34078
145,ViT-B/32,visual,layer3.4.bn1.weight,145,46,43,33,35,24,29,27,30,24,29
146,ViT-B/32,visual,layer3.4.bn1.bias,146,33,45,48,36,28,30,22,25,24,29
147,ViT-B/32,visual,layer3.4.conv2.weight,147,94310,111946,104792,100289,94826,90646,85819,82776,79393,76803
148,ViT-B/32,visual,layer3.4.bn2.weight,148,38,45,25,33,23,30,31,34,27,34
149,ViT-B/32,visual,layer3.4.bn2.bias,149,34,48,29,37,37,32,35,28,17,23
150,ViT-B/32,visual,layer3.4.conv3.weight,150,41776,49396,46527,44657,42083,40545,38416,36828,35542,33830
151,ViT-B/32,visual,layer3.4.bn3.weight,151,130,125,141,161,124,106,122,134,120,117
152,ViT-B/32,visual,layer3.4.bn3.bias,152,119,157,140,145,124,142,117,125,115,96
153,ViT-B/32,visual,layer3.5.conv1.weight,153,42257,49665,45953,43985,42083,40518,38339,36845,35653,34302
154,ViT-B/32,visual,layer3.5.bn1.weight,154,40,43,36,34,27,33,26,26,29,26
155,ViT-B/32,visual,layer3.5.bn1.bias,155,41,36,43,28,32,37,26,26,27,24
156,ViT-B/32,visual,layer3.5.conv2.weight,156,95342,111500,105832,99934,95140,90532,86078,82060,78760,76422
157,ViT-B/32,visual,layer3.5.bn2.weight,157,46,43,32,24,25,24,23,34,36,33
158,ViT-B/32,visual,layer3.5.bn2.bias,158,34,43,36,41,27,29,28,34,18,30
159,ViT-B/32,visual,layer3.5.conv3.weight,159,42051,49609,46422,44359,42495,40339,38262,36849,35175,34039
160,ViT-B/32,visual,layer3.5.bn3.weight,160,128,157,139,123,134,126,108,112,137,116
161,ViT-B/32,visual,layer3.5.bn3.bias,161,111,183,138,125,134,130,117,133,111,98
162,ViT-B/32,visual,layer3.6.conv1.weight,162,42533,49110,46127,44388,41847,40424,38784,36601,35513,34273
163,ViT-B/32,visual,layer3.6.bn1.weight,163,37,33,31,26,29,32,35,29,31,37
164,ViT-B/32,visual,layer3.6.bn1.bias,164,34,40,38,37,20,32,24,32,35,28
165,ViT-B/32,visual,layer3.6.conv2.weight,165,95615,111896,105059,99831,94475,90367,86038,82380,79245,76694
166,ViT-B/32,visual,layer3.6.bn2.weight,166,44,29,42,38,36,24,22,37,28,20
167,ViT-B/32,visual,layer3.6.bn2.bias,167,29,42,51,29,41,29,27,20,32,20
168,ViT-B/32,visual,layer3.6.conv3.weight,168,42066,49563,46821,44431,42378,40413,38468,36585,35088,33787
169,ViT-B/32,visual,layer3.6.bn3.weight,169,144,129,153,111,131,126,119,140,112,115
170,ViT-B/32,visual,layer3.6.bn3.bias,170,145,161,143,133,129,117,132,104,99,117
171,ViT-B/32,visual,layer3.7.conv1.weight,171,41911,49326,46431,44114,42585,40458,38587,36886,35210,34092
172,ViT-B/32,visual,layer3.7.bn1.weight,172,36,50,14,29,33,32,27,31,34,34
173,ViT-B/32,visual,layer3.7.bn1.bias,173,33,32,28,31,32,39,35,30,40,20
174,ViT-B/32,visual,layer3.7.conv2.weight,174,95633,111022,105110,99500,94195,90718,86283,82635,79106,77398
175,ViT-B/32,visual,layer3.7.bn2.weight,175,41,51,40,29,25,34,28,18,27,27
176,ViT-B/32,visual,layer3.7.bn2.bias,176,40,36,44,26,38,21,32,31,27,25
177,ViT-B/32,visual,layer3.7.conv3.weight,177,42296,49568,46727,44549,42330,40073,38586,36561,35101,33809
178,ViT-B/32,visual,layer3.7.bn3.weight,178,131,143,152,128,127,126,127,112,121,113
179,ViT-B/32,visual,layer3.7.bn3.bias,179,139,154,134,152,149,120,108,106,108,110
180,ViT-B/32,visual,layer3.8.conv1.weight,180,42122,49732,46585,44179,42073,39892,38667,36837,35165,34348
181,ViT-B/32,visual,layer3.8.bn1.weight,181,33,42,37,35,31,30,37,22,27,26
182,ViT-B/32,visual,layer3.8.bn1.bias,182,28,40,38,39,29,32,24,24,33,33
183,ViT-B/32,visual,layer3.8.conv2.weight,183,95431,111894,104707,99752,94212,90557,86288,82139,79374,77246
184,ViT-B/32,visual,layer3.8.bn2.weight,184,44,41,39,34,22,24,16,35,26,39
185,ViT-B/32,visual,layer3.8.bn2.bias,185,33,41,32,31,34,29,32,33,26,29
186,ViT-B/32,visual,layer3.8.conv3.weight,186,42029,49643,46967,44551,42256,40017,38498,36969,35136,33534
187,ViT-B/32,visual,layer3.8.bn3.weight,187,141,151,137,125,133,102,133,121,126,111
188,ViT-B/32,visual,layer3.8.bn3.bias,188,124,159,164,116,134,127,128,131,97,100
189,ViT-B/32,visual,layer3.9.conv1.weight,189,42301,49448,46680,44075,41996,40372,38700,36590,35368,34070
190,ViT-B/32,visual,layer3.9.bn1.weight,190,29,29,30,33,22,27,27,45,47,31
191,ViT-B/32,visual,layer3.9.bn1.bias,191,38,52,40,34,30,28,23,30,21,24
192,ViT-B/32,visual,layer3.9.conv2.weight,192,95389,111506,104941,100181,94702,90364,86490,82163,79212,76652
193,ViT-B/32,visual,layer3.9.bn2.weight,193,51,56,36,33,29,30,25,20,17,23
194,ViT-B/32,visual,layer3.9.bn2.bias,194,31,40,30,27,27,36,37,26,32,34
195,ViT-B/32,visual,layer3.9.conv3.weight,195,41817,49354,46735,44454,42446,40176,38512,36935,35040,34131
196,ViT-B/32,visual,layer3.9.bn3.weight,196,139,162,140,115,117,133,121,128,114,111
197,ViT-B/32,visual,layer3.9.bn3.bias,197,140,162,143,127,139,125,120,112,120,92
198,ViT-B/32,visual,layer4.0.conv1.weight,198,83861,98441,93102,88303,83352,80787,77115,74578,70727,68934
199,ViT-B/32,visual,layer4.0.bn1.weight,199,76,71,81,57,60,61,59,61,58,56
200,ViT-B/32,visual,layer4.0.bn1.bias,200,68,114,93,80,59,61,45,31,42,47
201,ViT-B/32,visual,layer4.0.conv2.weight,201,382952,444439,418800,397355,376274,361106,345547,331101,318796,310030
202,ViT-B/32,visual,layer4.0.bn2.weight,202,80,83,80,59,59,61,47,64,53,54
203,ViT-B/32,visual,layer4.0.bn2.bias,203,61,90,70,65,73,56,63,61,48,53
204,ViT-B/32,visual,layer4.0.conv3.weight,204,167862,198028,186324,178005,168483,162049,153351,147373,141115,135810
205,ViT-B/32,visual,layer4.0.bn3.weight,205,287,367,325,296,294,232,183,207,185,184
206,ViT-B/32,visual,layer4.0.bn3.bias,206,297,290,258,270,245,250,257,250,230,213
207,ViT-B/32,visual,layer4.0.downsample.0.weight,207,336509,393929,373085,355228,338022,322461,308080,293016,283053,273417
208,ViT-B/32,visual,layer4.0.downsample.1.weight,208,298,531,483,386,254,179,134,96,99,100
209,ViT-B/32,visual,layer4.0.downsample.1.bias,209,306,284,269,254,250,248,248,251,228,222
210,ViT-B/32,visual,layer4.1.conv1.weight,210,169432,197514,185976,177223,167881,161244,154078,147398,141156,136498
211,ViT-B/32,visual,layer4.1.bn1.weight,211,81,94,73,61,40,64,52,66,54,55
212,ViT-B/32,visual,layer4.1.bn1.bias,212,62,71,69,75,60,70,53,58,68,54
213,ViT-B/32,visual,layer4.1.conv2.weight,213,380198,446456,420416,398740,378644,362611,346392,329994,316965,305984
214,ViT-B/32,visual,layer4.1.bn2.weight,214,75,79,67,56,67,66,59,55,53,63
215,ViT-B/32,visual,layer4.1.bn2.bias,215,64,75,62,65,48,64,72,65,52,73
216,ViT-B/32,visual,layer4.1.conv3.weight,216,168521,197534,187194,177370,168656,160865,154203,146686,141134,136237
217,ViT-B/32,visual,layer4.1.bn3.weight,217,294,283,274,258,260,249,215,249,250,228
218,ViT-B/32,visual,layer4.1.bn3.bias,218,267,281,267,254,266,246,264,224,250,241
219,ViT-B/32,visual,layer4.2.conv1.weight,219,168881,197317,186238,177256,168632,161411,154385,146977,141185,136118
220,ViT-B/32,visual,layer4.2.bn1.weight,220,83,102,73,64,59,48,38,56,60,57
221,ViT-B/32,visual,layer4.2.bn1.bias,221,81,75,67,65,59,53,54,63,51,72
222,ViT-B/32,visual,layer4.2.conv2.weight,222,379771,446811,421049,399493,379094,362704,344529,330440,316906,305603
223,ViT-B/32,visual,layer4.2.bn2.weight,223,98,61,74,66,57,58,61,53,50,62
224,ViT-B/32,visual,layer4.2.bn2.bias,224,63,73,86,59,80,57,72,53,57,40
225,ViT-B/32,visual,layer4.2.conv3.weight,225,168233,197759,186937,177690,168060,162275,153983,147029,140824,135610
226,ViT-B/32,visual,layer4.2.bn3.weight,226,275,272,254,276,253,226,267,249,234,254
227,ViT-B/32,visual,layer4.2.bn3.bias,227,273,296,249,250,267,264,246,246,230,239
228,ViT-B/32,visual,layer4.3.conv1.weight,228,168434,197639,185738,177498,168116,161221,153958,147553,141575,136668
229,ViT-B/32,visual,layer4.3.bn1.weight,229,93,80,70,60,52,67,57,58,43,60
230,ViT-B/32,visual,layer4.3.bn1.bias,230,71,76,66,78,58,56,63,55,59,58
231,ViT-B/32,visual,layer4.3.conv2.weight,231,382182,445131,420138,399647,378092,361847,345700,329217,316462,307984
232,ViT-B/32,visual,layer4.3.bn2.weight,232,79,87,75,42,50,59,63,75,58,52
233,ViT-B/32,visual,layer4.3.bn2.bias,233,82,71,94,59,64,67,48,49,50,56
234,ViT-B/32,visual,layer4.3.conv3.weight,234,168289,197815,186547,178289,168939,162084,153437,146834,140344,135822
235,ViT-B/32,visual,layer4.3.bn3.weight,235,300,356,286,260,250,235,229,224,193,227
236,ViT-B/32,visual,layer4.3.bn3.bias,236,303,323,311,273,267,239,236,196,218,194
237,ViT-B/32,visual,layer4.4.conv1.weight,237,167678,195385,186322,177485,169087,162164,153895,148036,141783,136565
238,ViT-B/32,visual,layer4.4.bn1.weight,238,74,84,74,65,50,56,62,54,65,56
239,ViT-B/32,visual,layer4.4.bn1.bias,239,69,82,71,63,68,68,54,52,50,63
240,ViT-B/32,visual,layer4.4.conv2.weight,240,384357,445923,418292,397189,374648,360651,344300,330946,318926,311168
241,ViT-B/32,visual,layer4.4.bn2.weight,241,87,89,61,67,53,61,52,61,45,64
242,ViT-B/32,visual,layer4.4.bn2.bias,242,65,90,83,82,63,62,56,44,45,50
243,ViT-B/32,visual,layer4.4.conv3.weight,243,168732,197795,186263,178127,168153,161713,153939,147449,140638,135591
244,ViT-B/32,visual,layer4.4.bn3.weight,244,331,361,338,239,228,222,209,187,217,228
245,ViT-B/32,visual,layer4.4.bn3.bias,245,289,298,286,272,256,238,267,222,229,203
246,ViT-B/32,visual,layer4.5.conv1.weight,246,167345,197208,186776,178345,168674,161832,153965,147263,140739,136253
247,ViT-B/32,visual,layer4.5.bn1.weight,247,78,87,69,77,53,59,64,49,58,46
248,ViT-B/32,visual,layer4.5.bn1.bias,248,82,72,59,70,57,67,65,59,62,47
249,ViT-B/32,visual,layer4.5.conv2.weight,249,384584,445256,416448,395289,373938,359886,344808,331879,320308,314004
250,ViT-B/32,visual,layer4.5.bn2.weight,250,72,87,85,63,54,66,48,55,58,52
251,ViT-B/32,visual,layer4.5.bn2.bias,251,62,81,74,76,72,61,51,56,49,58
252,ViT-B/32,visual,layer4.5.conv3.weight,252,168595,198072,187183,178562,168417,161473,153632,146845,140010,135611
253,ViT-B/32,visual,layer4.5.bn3.weight,253,281,346,333,329,270,211,225,216,165,184
254,ViT-B/32,visual,layer4.5.bn3.bias,254,292,336,295,296,253,234,234,240,178,202
255,ViT-B/32,visual,attnpool.positional_embedding,255,20917,22129,22119,21724,21421,21176,20554,20236,20010,19634
256,ViT-B/32,visual,attnpool.k_proj.weight,256,662008,758205,726426,703899,673416,652673,628654,603182,582856,562281
257,ViT-B/32,visual,attnpool.k_proj.bias,257,2560,0,0,0,0,0,0,0,0,0
258,ViT-B/32,visual,attnpool.q_proj.weight,258,664317,764138,730192,703384,674845,652374,626299,600395,578892,558764
259,ViT-B/32,visual,attnpool.q_proj.bias,259,284,294,290,291,261,243,236,238,222,201
260,ViT-B/32,visual,attnpool.v_proj.weight,260,672538,789481,745851,710711,674110,647437,616754,589357,563976,543385
261,ViT-B/32,visual,attnpool.v_proj.bias,261,276,325,284,261,263,250,210,250,222,219
262,ViT-B/32,visual,attnpool.c_proj.weight,262,167542,196711,186730,177712,168982,162253,154150,146993,140831,136496
263,ViT-B/32,visual,attnpool.c_proj.bias,263,62,64,52,76,69,65,59,67,63,63
264,ViT-B/32,token_embedding,weight,0,3228588,3800463,3617894,3446211,3278770,3121603,2981370,2838850,2712323,2595048
265,ViT-B/32,ln_final,weight,0,118,111,85,31,35,14,15,37,83,111
266,ViT-B/32,ln_final,bias,1,48,70,72,63,65,77,62,58,71,54
