,model_name,layer_number,model_part,layer_name,layer_dtype,layer_nonzero,layer_num_elements,layer_sum,layer_mean,layer_std,layer_median,layer_prod,layer_var,layer_max,layer_min,layer_shape,layer_requires_grad,layer_dim
0,ViT-B/32,0,visual,class_embedding,torch.float32,768,768,-4.5997057,-0.0059892004,0.23517068,-0.0046767853,-0.0,0.055305246,1.5451683,-1.8191944,torch.Size([768]),True,1
1,ViT-B/32,1,visual,positional_embedding,torch.float32,38400,38400,-452.0927,-0.011773248,0.040791225,-0.005108066,0.0,0.001663924,0.33687764,-0.3194128,"torch.Size([50, 768])",True,2
2,ViT-B/32,2,visual,proj,torch.float16,393216,393216,-14.305,-3.636e-05,0.012825,1.57e-05,0.0,0.0001645,0.09314,-0.1254,"torch.Size([768, 512])",True,2
3,ViT-B/32,3,visual,conv1.weight,torch.float16,2359289,2359296,18.31,7.75e-06,0.01496,-7e-07,0.0,0.0002239,0.1676,-0.1854,"torch.Size([768, 3, 32, 32])",True,4
4,ViT-B/32,4,visual,ln_pre.weight,torch.float32,768,768,406.34998,0.52910155,0.49283594,0.4847808,-0.0,0.24288726,3.664056,-0.0032718289,torch.Size([768]),True,1
5,ViT-B/32,5,visual,ln_pre.bias,torch.float32,768,768,-0.98268425,-0.0012795369,0.08974116,-0.0072283633,-0.0,0.008053477,0.4155173,-0.4507272,torch.Size([768]),True,1
6,ViT-B/32,6,visual,transformer.resblocks.0.attn.in_proj_weight,torch.float16,1769456,1769472,1.786,1e-06,0.01672,1.3e-06,-0.0,0.0002794,0.2213,-0.1615,"torch.Size([2304, 768])",True,2
7,ViT-B/32,7,visual,transformer.resblocks.0.attn.in_proj_bias,torch.float16,2304,2304,-19.9,-0.00864,0.5186,-0.0003095,0.0,0.2688,2.303,-2.4,torch.Size([2304]),True,1
8,ViT-B/32,8,visual,transformer.resblocks.0.attn.out_proj.weight,torch.float16,589822,589824,-0.2261,-3.6e-07,0.01262,-1.25e-06,0.0,0.0001593,0.1606,-0.2725,"torch.Size([768, 768])",True,2
9,ViT-B/32,9,visual,transformer.resblocks.0.attn.out_proj.bias,torch.float16,768,768,0.1049,0.0001366,0.04346,-0.001108,-0.0,0.00189,0.2356,-0.3154,torch.Size([768]),True,1
10,ViT-B/32,10,visual,transformer.resblocks.0.ln_1.weight,torch.float32,768,768,508.4486,0.6620425,0.26206902,0.7318408,-0.0,0.068680175,1.7939917,-0.00049019407,torch.Size([768]),True,1
11,ViT-B/32,11,visual,transformer.resblocks.0.ln_1.bias,torch.float32,768,768,-6.5012403,-0.008465157,0.19487372,-0.0005065398,-0.0,0.03797577,2.082802,-1.2262821,torch.Size([768]),True,1
12,ViT-B/32,12,visual,transformer.resblocks.0.mlp.c_fc.weight,torch.float16,2359286,2359296,588.5,0.0002494,0.01469,0.000401,-0.0,0.0002156,0.3044,-0.2461,"torch.Size([3072, 768])",True,2
13,ViT-B/32,13,visual,transformer.resblocks.0.mlp.c_fc.bias,torch.float16,3072,3072,-2168.0,-0.706,0.4412,-0.507,-0.0,0.1947,0.2869,-1.475,torch.Size([3072]),True,1
14,ViT-B/32,14,visual,transformer.resblocks.0.mlp.c_proj.weight,torch.float16,2359291,2359296,129.9,5.5e-05,0.00978,9.8e-05,-0.0,9.57e-05,0.2213,-0.2852,"torch.Size([768, 3072])",True,2
15,ViT-B/32,15,visual,transformer.resblocks.0.mlp.c_proj.bias,torch.float16,768,768,3.418,0.00445,0.1008,0.00473,-0.0,0.01017,0.4102,-0.9653,torch.Size([768]),True,1
16,ViT-B/32,16,visual,transformer.resblocks.0.ln_2.weight,torch.float32,768,768,771.3466,1.0043576,0.39981815,0.909052,9.887148e-16,0.15985456,4.5099263,0.47935265,torch.Size([768]),True,1
17,ViT-B/32,17,visual,transformer.resblocks.0.ln_2.bias,torch.float32,768,768,-8.5653305,-0.011152774,0.2189234,-0.010646554,-0.0,0.047927454,0.8306644,-0.96648234,torch.Size([768]),True,1
18,ViT-B/32,18,visual,transformer.resblocks.1.attn.in_proj_weight,torch.float16,1769469,1769472,-4.57,-2.56e-06,0.01758,8.17e-06,0.0,0.000309,0.19,-0.1902,"torch.Size([2304, 768])",True,2
19,ViT-B/32,19,visual,transformer.resblocks.1.attn.in_proj_bias,torch.float16,2304,2304,19.83,0.008606,0.4583,-0.00010633,0.0,0.21,2.342,-2.248,torch.Size([2304]),True,1
20,ViT-B/32,20,visual,transformer.resblocks.1.attn.out_proj.weight,torch.float16,589824,589824,0.02623,6e-08,0.01212,2.27e-05,-0.0,0.000147,0.2318,-0.1646,"torch.Size([768, 768])",True,2
21,ViT-B/32,21,visual,transformer.resblocks.1.attn.out_proj.bias,torch.float16,768,768,1.341,0.001745,0.0855,0.005314,0.0,0.007305,0.4155,-1.19,torch.Size([768]),True,1
22,ViT-B/32,22,visual,transformer.resblocks.1.ln_1.weight,torch.float32,768,768,786.2964,1.0238235,0.20508008,1.0703284,9.409519e-07,0.04205784,2.0220938,7.674696e-05,torch.Size([768]),True,1
23,ViT-B/32,23,visual,transformer.resblocks.1.ln_1.bias,torch.float32,768,768,3.567163,0.0046447436,0.19058925,0.004224031,0.0,0.036324263,2.6925154,-1.0796305,torch.Size([768]),True,1
24,ViT-B/32,24,visual,transformer.resblocks.1.mlp.c_fc.weight,torch.float16,2359291,2359296,292.2,0.0001239,0.01441,5.21e-05,0.0,0.0002078,0.2302,-0.2404,"torch.Size([3072, 768])",True,2
25,ViT-B/32,25,visual,transformer.resblocks.1.mlp.c_fc.bias,torch.float16,3072,3072,-1267.0,-0.4124,0.2756,-0.3242,-0.0,0.07605,0.2095,-1.557,torch.Size([3072]),True,1
26,ViT-B/32,26,visual,transformer.resblocks.1.mlp.c_proj.weight,torch.float16,2359291,2359296,82.4,3.49e-05,0.01038,1.59e-05,0.0,0.0001078,0.3235,-0.2922,"torch.Size([768, 3072])",True,2
27,ViT-B/32,27,visual,transformer.resblocks.1.mlp.c_proj.bias,torch.float16,768,768,4.516,0.00588,0.0901,0.005367,-0.0,0.00812,0.438,-0.8145,torch.Size([768]),True,1
28,ViT-B/32,28,visual,transformer.resblocks.1.ln_2.weight,torch.float32,768,768,1047.2993,1.3636711,0.35585034,1.5581316,inf,0.12662947,2.177807,0.00060953596,torch.Size([768]),True,1
29,ViT-B/32,29,visual,transformer.resblocks.1.ln_2.bias,torch.float32,768,768,-21.429058,-0.02790242,0.161863,-0.0303847,-0.0,0.026199631,1.5936906,-0.88736284,torch.Size([768]),True,1
30,ViT-B/32,30,visual,transformer.resblocks.2.attn.in_proj_weight,torch.float16,1769469,1769472,-13.45,-7.6e-06,0.01672,-4.5e-06,0.0,0.0002797,0.1356,-0.1626,"torch.Size([2304, 768])",True,2
31,ViT-B/32,31,visual,transformer.resblocks.2.attn.in_proj_bias,torch.float16,2304,2304,1.316,0.0005713,0.4194,0.0001248,-0.0,0.1759,2.705,-2.646,torch.Size([2304]),True,1
32,ViT-B/32,32,visual,transformer.resblocks.2.attn.out_proj.weight,torch.float16,589824,589824,-2.201,-3.76e-06,0.01221,8.64e-06,-0.0,0.000149,0.1158,-0.1267,"torch.Size([768, 768])",True,2
33,ViT-B/32,33,visual,transformer.resblocks.2.attn.out_proj.bias,torch.float16,768,768,3.637,0.004734,0.0802,0.00643,0.0,0.00643,0.583,-0.802,torch.Size([768]),True,1
34,ViT-B/32,34,visual,transformer.resblocks.2.ln_1.weight,torch.float32,768,768,709.5829,0.92393607,0.14010894,0.9050757,4.1333945e-31,0.019630516,1.7652596,0.22616363,torch.Size([768]),True,1
35,ViT-B/32,35,visual,transformer.resblocks.2.ln_1.bias,torch.float32,768,768,-8.264547,-0.01076113,0.22462703,-0.009862227,-0.0,0.050457302,4.328784,-1.7050735,torch.Size([768]),True,1
36,ViT-B/32,36,visual,transformer.resblocks.2.mlp.c_fc.weight,torch.float16,2359287,2359296,-225.9,-9.57e-05,0.01418,-0.00011086,-0.0,0.0002011,0.278,-0.2018,"torch.Size([3072, 768])",True,2
37,ViT-B/32,37,visual,transformer.resblocks.2.mlp.c_fc.bias,torch.float16,3072,3072,-936.5,-0.305,0.1885,-0.257,0.0,0.03552,0.1321,-1.3,torch.Size([3072]),True,1
38,ViT-B/32,38,visual,transformer.resblocks.2.mlp.c_proj.weight,torch.float16,2359289,2359296,14.79,6.26e-06,0.01096,-5.4e-07,0.0,0.0001202,0.3176,-0.2878,"torch.Size([768, 3072])",True,2
39,ViT-B/32,39,visual,transformer.resblocks.2.mlp.c_proj.bias,torch.float16,768,768,0.3174,0.0004132,0.0786,-0.00139,-0.0,0.00618,0.4604,-0.682,torch.Size([768]),True,1
40,ViT-B/32,40,visual,transformer.resblocks.2.ln_2.weight,torch.float32,768,768,943.06714,1.227952,0.23870568,1.2550113,inf,0.0569804,2.2080317,0.01624,torch.Size([768]),True,1
41,ViT-B/32,41,visual,transformer.resblocks.2.ln_2.bias,torch.float32,768,768,-12.426925,-0.016180892,0.12073524,-0.016915638,0.0,0.014576999,0.47603437,-1.0065467,torch.Size([768]),True,1
42,ViT-B/32,42,visual,transformer.resblocks.3.attn.in_proj_weight,torch.float16,1769471,1769472,-7.72,-4.35e-06,0.01639,-5.36e-06,0.0,0.0002687,0.1294,-0.12476,"torch.Size([2304, 768])",True,2
43,ViT-B/32,43,visual,transformer.resblocks.3.attn.in_proj_bias,torch.float16,2304,2304,1.575,0.000684,0.3596,-0.0001892,-0.0,0.1294,2.729,-2.564,torch.Size([2304]),True,1
44,ViT-B/32,44,visual,transformer.resblocks.3.attn.out_proj.weight,torch.float16,589824,589824,0.05115,6e-08,0.01207,1.62e-05,0.0,0.0001457,0.1166,-0.1383,"torch.Size([768, 768])",True,2
45,ViT-B/32,45,visual,transformer.resblocks.3.attn.out_proj.bias,torch.float16,768,768,2.057,0.002678,0.0559,0.002289,0.0,0.003126,0.398,-0.508,torch.Size([768]),True,1
46,ViT-B/32,46,visual,transformer.resblocks.3.ln_1.weight,torch.float32,768,768,852.5298,1.1100649,0.11367665,1.1105797,8.567684e+32,0.012922381,1.9521937,0.28986755,torch.Size([768]),True,1
47,ViT-B/32,47,visual,transformer.resblocks.3.ln_1.bias,torch.float32,768,768,-18.923553,-0.024640044,0.20552641,-0.026839469,-0.0,0.042241104,3.681573,-1.6228822,torch.Size([768]),True,1
48,ViT-B/32,48,visual,transformer.resblocks.3.mlp.c_fc.weight,torch.float16,2359290,2359296,-446.8,-0.0001894,0.013885,-0.0001895,0.0,0.0001928,0.2212,-0.172,"torch.Size([3072, 768])",True,2
49,ViT-B/32,49,visual,transformer.resblocks.3.mlp.c_fc.bias,torch.float16,3072,3072,-928.5,-0.3022,0.184,-0.2524,0.0,0.03384,0.1307,-1.143,torch.Size([3072]),True,1
50,ViT-B/32,50,visual,transformer.resblocks.3.mlp.c_proj.weight,torch.float16,2359289,2359296,4.133,1.7e-06,0.01099,2e-07,-0.0,0.00012064,0.39,-0.2935,"torch.Size([768, 3072])",True,2
51,ViT-B/32,51,visual,transformer.resblocks.3.mlp.c_proj.bias,torch.float16,768,768,0.7476,0.000973,0.05295,0.000581,0.0,0.002802,0.3953,-0.2644,torch.Size([768]),True,1
52,ViT-B/32,52,visual,transformer.resblocks.3.ln_2.weight,torch.float32,768,768,979.0554,1.2748117,0.10742096,1.2838206,inf,0.011539262,3.0166197,0.27157345,torch.Size([768]),True,1
53,ViT-B/32,53,visual,transformer.resblocks.3.ln_2.bias,torch.float32,768,768,-6.344436,-0.008260985,0.134945,-0.0056576785,0.0,0.018210154,0.6130664,-0.90172106,torch.Size([768]),True,1
54,ViT-B/32,54,visual,transformer.resblocks.4.attn.in_proj_weight,torch.float16,1769470,1769472,2.088,1.2e-06,0.01634,-1.08e-05,-0.0,0.0002668,0.1504,-0.11096,"torch.Size([2304, 768])",True,2
55,ViT-B/32,55,visual,transformer.resblocks.4.attn.in_proj_bias,torch.float16,2304,2304,24.92,0.01081,0.3672,0.0002166,-0.0,0.1348,2.836,-2.508,torch.Size([2304]),True,1
56,ViT-B/32,56,visual,transformer.resblocks.4.attn.out_proj.weight,torch.float16,589824,589824,1.062,1.8e-06,0.01216,4.5e-06,-0.0,0.0001478,0.08704,-0.08276,"torch.Size([768, 768])",True,2
57,ViT-B/32,57,visual,transformer.resblocks.4.attn.out_proj.bias,torch.float16,768,768,0.44,0.0005727,0.04828,0.001662,0.0,0.002329,0.4045,-0.5635,torch.Size([768]),True,1
58,ViT-B/32,58,visual,transformer.resblocks.4.ln_1.weight,torch.float32,768,768,922.0823,1.200628,0.117952995,1.1969767,inf,0.01391291,2.1366987,0.37527594,torch.Size([768]),True,1
59,ViT-B/32,59,visual,transformer.resblocks.4.ln_1.bias,torch.float32,768,768,-17.898441,-0.023305263,0.23101984,-0.032741677,0.0,0.053370167,4.4547415,-1.5439767,torch.Size([768]),True,1
60,ViT-B/32,60,visual,transformer.resblocks.4.mlp.c_fc.weight,torch.float16,2359290,2359296,-684.0,-0.00029,0.013824,-0.00028,-0.0,0.0001911,0.1503,-0.1562,"torch.Size([3072, 768])",True,2
61,ViT-B/32,61,visual,transformer.resblocks.4.mlp.c_fc.bias,torch.float16,3072,3072,-925.0,-0.301,0.1742,-0.2573,0.0,0.03033,0.1567,-1.088,torch.Size([3072]),True,1
62,ViT-B/32,62,visual,transformer.resblocks.4.mlp.c_proj.weight,torch.float16,2359290,2359296,6.98,3e-06,0.01097,-3.6e-07,-0.0,0.0001203,0.1925,-0.197,"torch.Size([768, 3072])",True,2
63,ViT-B/32,63,visual,transformer.resblocks.4.mlp.c_proj.bias,torch.float16,768,768,0.512,0.000667,0.05045,0.001279,-0.0,0.002544,0.2769,-0.2365,torch.Size([768]),True,1
64,ViT-B/32,64,visual,transformer.resblocks.4.ln_2.weight,torch.float32,768,768,1017.41077,1.3247536,0.12421026,1.3206774,inf,0.015428189,3.7118363,0.33811444,torch.Size([768]),True,1
65,ViT-B/32,65,visual,transformer.resblocks.4.ln_2.bias,torch.float32,768,768,-1.3436017,-0.0017494814,0.15867317,0.0015830802,-0.0,0.025177173,0.94770837,-1.427356,torch.Size([768]),True,1
66,ViT-B/32,66,visual,transformer.resblocks.5.attn.in_proj_weight,torch.float16,1769468,1769472,2.545,1.43e-06,0.01605,-7.87e-06,-0.0,0.0002577,0.1276,-0.126,"torch.Size([2304, 768])",True,2
67,ViT-B/32,67,visual,transformer.resblocks.5.attn.in_proj_bias,torch.float16,2304,2304,-12.54,-0.00544,0.2988,-5.03e-05,-0.0,0.08936,2.71,-2.818,torch.Size([2304]),True,1
68,ViT-B/32,68,visual,transformer.resblocks.5.attn.out_proj.weight,torch.float16,589823,589824,-1.794,-3.04e-06,0.01223,5.7e-06,-0.0,0.0001496,0.07996,-0.0983,"torch.Size([768, 768])",True,2
69,ViT-B/32,69,visual,transformer.resblocks.5.attn.out_proj.bias,torch.float16,768,768,0.6523,0.0008492,0.06366,0.002522,0.0,0.004055,0.7686,-0.714,torch.Size([768]),True,1
70,ViT-B/32,70,visual,transformer.resblocks.5.ln_1.weight,torch.float32,768,768,944.43427,1.2297322,0.091671206,1.2361088,inf,0.0084036095,1.8581386,0.4769385,torch.Size([768]),True,1
71,ViT-B/32,71,visual,transformer.resblocks.5.ln_1.bias,torch.float32,768,768,-11.416614,-0.014865383,0.21200083,-0.025262062,0.0,0.04494435,3.1013267,-1.5550536,torch.Size([768]),True,1
72,ViT-B/32,72,visual,transformer.resblocks.5.mlp.c_fc.weight,torch.float16,2359292,2359296,-421.2,-0.0001786,0.01434,-0.000171,0.0,0.0002056,0.1686,-0.1791,"torch.Size([3072, 768])",True,2
73,ViT-B/32,73,visual,transformer.resblocks.5.mlp.c_fc.bias,torch.float16,3072,3072,-989.5,-0.322,0.1711,-0.3064,0.0,0.0293,0.2856,-1.183,torch.Size([3072]),True,1
74,ViT-B/32,74,visual,transformer.resblocks.5.mlp.c_proj.weight,torch.float16,2359287,2359296,8.484,3.6e-06,0.01161,7.5e-06,0.0,0.000135,0.2012,-0.2612,"torch.Size([768, 3072])",True,2
75,ViT-B/32,75,visual,transformer.resblocks.5.mlp.c_proj.bias,torch.float16,768,768,0.223,0.0002904,0.05533,0.002214,-0.0,0.003061,0.739,-0.2937,torch.Size([768]),True,1
76,ViT-B/32,76,visual,transformer.resblocks.5.ln_2.weight,torch.float32,768,768,1090.9589,1.4205194,0.111175686,1.4193349,inf,0.012360034,2.9040635,0.43543857,torch.Size([768]),True,1
77,ViT-B/32,77,visual,transformer.resblocks.5.ln_2.bias,torch.float32,768,768,-15.514207,-0.02020079,0.26683426,-0.009425865,-0.0,0.07120053,1.4198544,-4.175511,torch.Size([768]),True,1
78,ViT-B/32,78,visual,transformer.resblocks.6.attn.in_proj_weight,torch.float16,1769468,1769472,-11.19,-6.3e-06,0.0162,-1.24e-05,0.0,0.0002625,0.2003,-0.1661,"torch.Size([2304, 768])",True,2
79,ViT-B/32,79,visual,transformer.resblocks.6.attn.in_proj_bias,torch.float16,2304,2304,9.95,0.004322,0.2842,0.0002382,0.0,0.0808,2.916,-2.414,torch.Size([2304]),True,1
80,ViT-B/32,80,visual,transformer.resblocks.6.attn.out_proj.weight,torch.float16,589822,589824,0.2003,3.6e-07,0.012245,1.22e-05,0.0,0.00015,0.0746,-0.0852,"torch.Size([768, 768])",True,2
81,ViT-B/32,81,visual,transformer.resblocks.6.attn.out_proj.bias,torch.float16,768,768,0.1356,0.0001767,0.0979,-0.002243,0.0,0.00959,1.889,-0.703,torch.Size([768]),True,1
82,ViT-B/32,82,visual,transformer.resblocks.6.ln_1.weight,torch.float32,768,768,937.8255,1.221127,0.09236468,1.2219424,inf,0.008531233,1.9539803,0.49969947,torch.Size([768]),True,1
83,ViT-B/32,83,visual,transformer.resblocks.6.ln_1.bias,torch.float32,768,768,-9.180664,-0.01195399,0.22392981,-0.01819529,0.0,0.050144557,3.0427008,-1.8201998,torch.Size([768]),True,1
84,ViT-B/32,84,visual,transformer.resblocks.6.mlp.c_fc.weight,torch.float16,2359294,2359296,120.8,5.12e-05,0.01468,3.356e-05,0.0,0.0002154,0.1768,-0.1544,"torch.Size([3072, 768])",True,2
85,ViT-B/32,85,visual,transformer.resblocks.6.mlp.c_fc.bias,torch.float16,3072,3072,-1080.0,-0.3516,0.179,-0.352,0.0,0.03204,0.172,-1.006,torch.Size([3072]),True,1
86,ViT-B/32,86,visual,transformer.resblocks.6.mlp.c_proj.weight,torch.float16,2359289,2359296,-9.99,-4.23e-06,0.01249,-2.56e-06,-0.0,0.000156,0.1577,-0.175,"torch.Size([768, 3072])",True,2
87,ViT-B/32,87,visual,transformer.resblocks.6.mlp.c_proj.bias,torch.float16,768,768,-0.4102,-0.000534,0.0667,0.0004227,-0.0,0.00445,0.3477,-1.198,torch.Size([768]),True,1
88,ViT-B/32,88,visual,transformer.resblocks.6.ln_2.weight,torch.float32,768,768,1239.0077,1.6132913,0.1131334,1.6234871,inf,0.012799166,2.4170895,0.33129242,torch.Size([768]),True,1
89,ViT-B/32,89,visual,transformer.resblocks.6.ln_2.bias,torch.float32,768,768,-35.203056,-0.045837313,0.40841264,-0.019089233,0.0,0.16680087,2.495005,-7.574238,torch.Size([768]),True,1
90,ViT-B/32,90,visual,transformer.resblocks.7.attn.in_proj_weight,torch.float16,1769468,1769472,13.76,7.75e-06,0.01645,1.21e-05,-0.0,0.0002708,0.1606,-0.1415,"torch.Size([2304, 768])",True,2
91,ViT-B/32,91,visual,transformer.resblocks.7.attn.in_proj_bias,torch.float16,2304,2304,7.75,0.003363,0.3035,0.000239,0.0,0.0921,2.979,-3.244,torch.Size([2304]),True,1
92,ViT-B/32,92,visual,transformer.resblocks.7.attn.out_proj.weight,torch.float16,589823,589824,-0.08826,-2e-07,0.01225,2.55e-05,0.0,0.0001502,0.1076,-0.10223,"torch.Size([768, 768])",True,2
93,ViT-B/32,93,visual,transformer.resblocks.7.attn.out_proj.bias,torch.float16,768,768,-0.1023,-0.0001332,0.1465,-0.004425,-0.0,0.02147,3.164,-0.865,torch.Size([768]),True,1
94,ViT-B/32,94,visual,transformer.resblocks.7.ln_1.weight,torch.float32,768,768,1010.4437,1.3156819,0.11716197,1.3135163,inf,0.013726927,2.349383,0.4283643,torch.Size([768]),True,1
95,ViT-B/32,95,visual,transformer.resblocks.7.ln_1.bias,torch.float32,768,768,-15.791965,-0.020562455,0.24697785,-0.03229384,0.0,0.06099806,3.3482404,-1.9450254,torch.Size([768]),True,1
96,ViT-B/32,96,visual,transformer.resblocks.7.mlp.c_fc.weight,torch.float16,2359294,2359296,431.2,0.0001827,0.01457,0.0001223,-0.0,0.0002123,0.1355,-0.1043,"torch.Size([3072, 768])",True,2
97,ViT-B/32,97,visual,transformer.resblocks.7.mlp.c_fc.bias,torch.float16,3072,3072,-1117.0,-0.3635,0.1744,-0.3787,-0.0,0.03043,0.2876,-0.945,torch.Size([3072]),True,1
98,ViT-B/32,98,visual,transformer.resblocks.7.mlp.c_proj.weight,torch.float16,2359286,2359296,-9.52,-4.05e-06,0.013275,-1.425e-05,-0.0,0.0001763,0.242,-0.187,"torch.Size([768, 3072])",True,2
99,ViT-B/32,99,visual,transformer.resblocks.7.mlp.c_proj.bias,torch.float16,768,768,-0.7583,-0.000987,0.11395,-0.0002491,-0.0,0.01298,0.598,-2.645,torch.Size([768]),True,1
100,ViT-B/32,100,visual,transformer.resblocks.7.ln_2.weight,torch.float32,768,768,1445.6489,1.8823555,0.13107365,1.8917489,inf,0.017180303,2.5573893,0.44401366,torch.Size([768]),True,1
101,ViT-B/32,101,visual,transformer.resblocks.7.ln_2.bias,torch.float32,768,768,-53.507904,-0.06967175,0.41951072,-0.055781446,-0.0,0.17598924,2.412253,-6.9522886,torch.Size([768]),True,1
102,ViT-B/32,102,visual,transformer.resblocks.8.attn.in_proj_weight,torch.float16,1769469,1769472,13.61,7.7e-06,0.01616,1.14e-05,0.0,0.0002613,0.1208,-0.1356,"torch.Size([2304, 768])",True,2
103,ViT-B/32,103,visual,transformer.resblocks.8.attn.in_proj_bias,torch.float16,2304,2304,-6.42,-0.002787,0.2927,-8.947e-05,-0.0,0.0857,3.24,-3.443,torch.Size([2304]),True,1
104,ViT-B/32,104,visual,transformer.resblocks.8.attn.out_proj.weight,torch.float16,589823,589824,-0.641,-1.1e-06,0.01257,2.56e-06,0.0,0.0001581,0.1261,-0.1049,"torch.Size([768, 768])",True,2
105,ViT-B/32,105,visual,transformer.resblocks.8.attn.out_proj.bias,torch.float16,768,768,-0.4575,-0.0005956,0.08075,-0.001591,-0.0,0.00652,1.595,-0.618,torch.Size([768]),True,1
106,ViT-B/32,106,visual,transformer.resblocks.8.ln_1.weight,torch.float32,768,768,1109.4993,1.4446605,0.096017554,1.4511651,inf,0.009219371,2.204531,0.5471625,torch.Size([768]),True,1
107,ViT-B/32,107,visual,transformer.resblocks.8.ln_1.bias,torch.float32,768,768,-17.347557,-0.022587966,0.23360792,-0.035169683,-0.0,0.054572657,3.9065373,-1.7732056,torch.Size([768]),True,1
108,ViT-B/32,108,visual,transformer.resblocks.8.mlp.c_fc.weight,torch.float16,2359290,2359296,1017.0,0.000431,0.01405,0.0003228,-0.0,0.0001975,0.1001,-0.0875,"torch.Size([3072, 768])",True,2
109,ViT-B/32,109,visual,transformer.resblocks.8.mlp.c_fc.bias,torch.float16,3072,3072,-1196.0,-0.3892,0.2107,-0.4243,0.0,0.04437,0.832,-0.999,torch.Size([3072]),True,1
110,ViT-B/32,110,visual,transformer.resblocks.8.mlp.c_proj.weight,torch.float16,2359292,2359296,9.94,4.23e-06,0.014694,1.31e-05,0.0,0.0002159,0.2334,-0.2036,"torch.Size([768, 3072])",True,2
111,ViT-B/32,111,visual,transformer.resblocks.8.mlp.c_proj.bias,torch.float16,768,768,-0.744,-0.0009694,0.1489,0.004017,0.0,0.02219,0.6313,-3.752,torch.Size([768]),True,1
112,ViT-B/32,112,visual,transformer.resblocks.8.ln_2.weight,torch.float32,768,768,2290.6006,2.982553,0.21653832,3.0042326,inf,0.046888843,3.8074336,0.32557073,torch.Size([768]),True,1
113,ViT-B/32,113,visual,transformer.resblocks.8.ln_2.bias,torch.float32,768,768,-116.13544,-0.15121803,0.5278209,-0.14418928,0.0,0.2785949,2.280597,-4.2000914,torch.Size([768]),True,1
114,ViT-B/32,114,visual,transformer.resblocks.9.attn.in_proj_weight,torch.float16,1769470,1769472,-40.44,-2.28e-05,0.01619,-2.29e-05,0.0,0.0002618,0.1199,-0.1254,"torch.Size([2304, 768])",True,2
115,ViT-B/32,115,visual,transformer.resblocks.9.attn.in_proj_bias,torch.float16,2304,2304,12.03,0.005222,0.2874,0.0003438,0.0,0.08264,3.512,-3.014,torch.Size([2304]),True,1
116,ViT-B/32,116,visual,transformer.resblocks.9.attn.out_proj.weight,torch.float16,589823,589824,-0.2142,-3.6e-07,0.013435,1.5e-06,-0.0,0.0001805,0.151,-0.10834,"torch.Size([768, 768])",True,2
117,ViT-B/32,117,visual,transformer.resblocks.9.attn.out_proj.bias,torch.float16,768,768,-0.9185,-0.001196,0.0668,-0.003223,-0.0,0.004456,0.6523,-0.68,torch.Size([768]),True,1
118,ViT-B/32,118,visual,transformer.resblocks.9.ln_1.weight,torch.float32,768,768,1282.2695,1.6696218,0.09597452,1.6742659,inf,0.009211108,2.1832938,0.672131,torch.Size([768]),True,1
119,ViT-B/32,119,visual,transformer.resblocks.9.ln_1.bias,torch.float32,768,768,-36.93301,-0.04808986,0.22715122,-0.05736887,0.0,0.051597673,3.4340544,-1.5036066,torch.Size([768]),True,1
120,ViT-B/32,120,visual,transformer.resblocks.9.mlp.c_fc.weight,torch.float16,2359291,2359296,176.5,7.48e-05,0.0153,4.98e-05,0.0,0.0002341,0.10406,-0.1231,"torch.Size([3072, 768])",True,2
121,ViT-B/32,121,visual,transformer.resblocks.9.mlp.c_fc.bias,torch.float16,3072,3072,-1213.0,-0.3948,0.2087,-0.3938,-0.0,0.04358,0.7705,-1.143,torch.Size([3072]),True,1
122,ViT-B/32,122,visual,transformer.resblocks.9.mlp.c_proj.weight,torch.float16,2359293,2359296,19.25,8.17e-06,0.01566,1.1e-06,-0.0,0.000245,0.11707,-0.2396,"torch.Size([768, 3072])",True,2
123,ViT-B/32,123,visual,transformer.resblocks.9.mlp.c_proj.bias,torch.float16,768,768,0.1023,0.0001333,0.0937,0.00409,0.0,0.00878,0.609,-1.002,torch.Size([768]),True,1
124,ViT-B/32,124,visual,transformer.resblocks.9.ln_2.weight,torch.float32,768,768,4136.945,5.386647,0.44395417,5.413601,inf,0.1970953,6.430211,0.046660427,torch.Size([768]),True,1
125,ViT-B/32,125,visual,transformer.resblocks.9.ln_2.bias,torch.float32,768,768,-78.89469,-0.102727465,0.7876025,-0.10607598,0.0,0.62031764,3.1382172,-4.167494,torch.Size([768]),True,1
126,ViT-B/32,126,visual,transformer.resblocks.10.attn.in_proj_weight,torch.float16,1769469,1769472,29.98,1.69e-05,0.01648,1.06e-05,0.0,0.0002716,0.1143,-0.1316,"torch.Size([2304, 768])",True,2
127,ViT-B/32,127,visual,transformer.resblocks.10.attn.in_proj_bias,torch.float16,2304,2304,8.86,0.003845,0.2795,-0.0001271,-0.0,0.0781,3.414,-3.516,torch.Size([2304]),True,1
128,ViT-B/32,128,visual,transformer.resblocks.10.attn.out_proj.weight,torch.float16,589823,589824,-0.03598,-6e-08,0.01426,1e-06,-0.0,0.0002033,0.1531,-0.08856,"torch.Size([768, 768])",True,2
129,ViT-B/32,129,visual,transformer.resblocks.10.attn.out_proj.bias,torch.float16,768,768,-1.026,-0.001336,0.0987,-0.006218,-0.0,0.009735,1.193,-0.4226,torch.Size([768]),True,1
130,ViT-B/32,130,visual,transformer.resblocks.10.ln_1.weight,torch.float32,768,768,1444.6846,1.8810997,0.13297115,1.9018854,inf,0.017681329,2.361797,0.6582652,torch.Size([768]),True,1
131,ViT-B/32,131,visual,transformer.resblocks.10.ln_1.bias,torch.float32,768,768,-62.436184,-0.081297114,0.27391455,-0.09553941,0.0,0.07502918,3.3770468,-1.3913922,torch.Size([768]),True,1
132,ViT-B/32,132,visual,transformer.resblocks.10.mlp.c_fc.weight,torch.float16,2359290,2359296,-495.5,-0.0002099,0.01514,-0.0002112,-0.0,0.0002291,0.1421,-0.1151,"torch.Size([3072, 768])",True,2
133,ViT-B/32,133,visual,transformer.resblocks.10.mlp.c_fc.bias,torch.float16,3072,3072,-1259.0,-0.4097,0.1599,-0.4075,-0.0,0.02559,1.231,-1.68,torch.Size([3072]),True,1
134,ViT-B/32,134,visual,transformer.resblocks.10.mlp.c_proj.weight,torch.float16,2359291,2359296,-19.83,-8.4e-06,0.01758,1.8e-06,0.0,0.0003088,0.2382,-0.3389,"torch.Size([768, 3072])",True,2
135,ViT-B/32,135,visual,transformer.resblocks.10.mlp.c_proj.bias,torch.float16,768,768,-0.3525,-0.000459,0.105,0.0006995,-0.0,0.011024,0.4563,-1.339,torch.Size([768]),True,1
136,ViT-B/32,136,visual,transformer.resblocks.10.ln_2.weight,torch.float32,768,768,3778.655,4.920124,0.34813648,4.9543705,inf,0.12119902,5.8871202,0.13331397,torch.Size([768]),True,1
137,ViT-B/32,137,visual,transformer.resblocks.10.ln_2.bias,torch.float32,768,768,-36.364395,-0.047349475,0.6063631,-0.030160189,0.0,0.36767623,2.4573214,-3.9062283,torch.Size([768]),True,1
138,ViT-B/32,138,visual,transformer.resblocks.11.attn.in_proj_weight,torch.float16,1769468,1769472,-15.51,-8.76e-06,0.01564,-1.115e-05,0.0,0.0002446,0.10364,-0.1522,"torch.Size([2304, 768])",True,2
139,ViT-B/32,139,visual,transformer.resblocks.11.attn.in_proj_bias,torch.float16,2304,2304,-9.97,-0.004326,0.1783,-0.000123,0.0,0.0318,2.227,-2.334,torch.Size([2304]),True,1
140,ViT-B/32,140,visual,transformer.resblocks.11.attn.out_proj.weight,torch.float16,589823,589824,-2.2,-3.76e-06,0.01613,5.36e-06,0.0,0.00026,0.165,-0.1622,"torch.Size([768, 768])",True,2
141,ViT-B/32,141,visual,transformer.resblocks.11.attn.out_proj.bias,torch.float16,768,768,-2.969,-0.003864,0.2627,-0.014755,0.0,0.06903,6.656,-0.3276,torch.Size([768]),True,1
142,ViT-B/32,142,visual,transformer.resblocks.11.ln_1.weight,torch.float32,768,768,1433.157,1.8660898,0.12919965,1.8744397,inf,0.016692549,2.955199,0.45144135,torch.Size([768]),True,1
143,ViT-B/32,143,visual,transformer.resblocks.11.ln_1.bias,torch.float32,768,768,-18.371706,-0.023921493,0.26782832,-0.03617891,0.0,0.07173201,2.963896,-1.6483016,torch.Size([768]),True,1
144,ViT-B/32,144,visual,transformer.resblocks.11.mlp.c_fc.weight,torch.float16,2359292,2359296,11.6,4.95e-06,0.014336,-5.4e-06,-0.0,0.0002055,0.109,-0.1195,"torch.Size([3072, 768])",True,2
145,ViT-B/32,145,visual,transformer.resblocks.11.mlp.c_fc.bias,torch.float16,3072,3072,-1223.0,-0.398,0.1981,-0.3884,0.0,0.03925,0.8555,-1.158,torch.Size([3072]),True,1
146,ViT-B/32,146,visual,transformer.resblocks.11.mlp.c_proj.weight,torch.float16,2359294,2359296,-9.42,-4e-06,0.0143,8.3e-07,-0.0,0.0002046,0.1121,-0.1357,"torch.Size([768, 3072])",True,2
147,ViT-B/32,147,visual,transformer.resblocks.11.mlp.c_proj.bias,torch.float16,768,768,-0.992,-0.001292,0.1625,-0.000621,-0.0,0.0264,2.941,-0.4365,torch.Size([768]),True,1
148,ViT-B/32,148,visual,transformer.resblocks.11.ln_2.weight,torch.float32,768,768,1383.8752,1.8019209,0.12622735,1.7844144,inf,0.015933342,2.749089,1.1752447,torch.Size([768]),True,1
149,ViT-B/32,149,visual,transformer.resblocks.11.ln_2.bias,torch.float32,768,768,-17.357548,-0.022600975,0.51044095,0.009799878,0.0,0.26054996,1.4772439,-1.7700539,torch.Size([768]),True,1
150,ViT-B/32,150,visual,ln_post.weight,torch.float32,768,768,729.64624,0.95006025,0.09794947,0.93418103,2.9116191e-19,0.009594099,1.7825373,0.5189966,torch.Size([768]),True,1
151,ViT-B/32,151,visual,ln_post.bias,torch.float32,768,768,158.70743,0.2066503,0.2960115,0.20182618,-0.0,0.087622814,2.1633842,-0.75061375,torch.Size([768]),True,1
152,ViT-B/32,0,token_embedding,weight,torch.float32,25296896,25296896,-350.52795,-1.3856559e-05,0.012612448,-8.026742e-12,0.0,0.00015907385,0.67106485,-0.09893066,"torch.Size([49408, 512])",True,2
153,ViT-B/32,0,ln_final,weight,torch.float32,512,512,503.12476,0.98266554,0.10533867,0.9556448,1.247125e-05,0.011096235,1.865914,0.7289108,torch.Size([512]),True,1
154,ViT-B/32,1,ln_final,bias,torch.float32,512,512,57.58544,0.112471566,0.18752386,0.11119002,0.0,0.0351652,0.8394636,-0.89483154,torch.Size([512]),True,1
